CGGTTS     GENERIC DATA FORMAT VERSION = 2E
REV DATE = 2026-01-01                    
RCVR = POLARX5-TR                    R2CGGTTS v8.8    
CH = 99 
IMS = POLARX5-TR                    
LAB = PTB                           
X = +3844059.67 m 
Y =  +709661.67 m 
Z = +5023129.80 m 
FRAME = ITRF
COMMENTS =           IGS RINEX,AUSPOS XYZ          
INT DLY =   31.0 ns (GPS P1),   28.5 ns (GPS P2)     CAL_ID = 1001-2022           
CAB DLY =  205.7 ns 
REF DLY =   56.2 ns
REF = UTC(PTB)                      
CKSUM = 5E

SAT CL  MJD  STTIME TRKL ELV AZTH   REFSV      SRSV     REFSYS    SRSYS  DSG IOE MDTR SMDT MDIO SMDI MSIO SMSI ISG FR HC FRC CK
             hhmmss  s  .1dg .1dg    .1ns     .1ps/s     .1ns    .1ps/s .1ns     .1ns.1ps/s.1ns.1ps/s.1ns.1ps/s.1ns
G01 FF 61053 000600  780 403 1457    -3444885     +3         -59    -32   20 162  125  +20   42  +29   42   29  15  0  0 L3P 0E
G02 FF 61053 000600  780 114 1466     -153517   -155         -29    -72   69  23  402 +227   65  +58   65   58  48  0  0 L3P 3F
G03 FF 61053 000600  780 731  686    -6000861   +116         -60    +16   21  66   84   +3   22   -2   22   -2  14  0  0 L3P C6
G04 FF 61053 000600  780 636 1860     -378026    -18         -49     +6   21 207   90   -6   34  -20   34  -20  14  0  0 L3P E9
G06 FF 61053 000600  780 308 3072    +6017726    +31         -46     -8   30   1  158  -32   26   +1   26    1  23  0  0 L3P BC
G09 FF 61053 000600  780 327 2137    -7701935    -18         -47    -14   25   1  150  -31   57   +4   57    4  18  0  0 L3P E8
G17 FF 61053 000600  780 348 2485     +307519   +150         -46    +33   27  66  141  +17   32   -8   32   -8  19  0  0 L3P 09
G19 FF 61053 000600  780 368 2771    -6852823    -40         -48    -22   29  11  135   +4   18   +1   18    1  20  0  0 L3P E2
G28 FF 61053 000600  780 216  444    +6120405    -53         -45     -2   37  44  217  +28   26  +17   26   17  30  0  0 L3P EB
G31 FF 61053 000600  780 315  780    +1729357    -20         -35     +1   29  76  154   -6   31   -1   31   -1  23  0  0 L3P BD
G01 FF 61053 002200  780 328 1478    -3444843     -7         -51    -42   31 162  148  +30   40  +51   40   51  24  0  0 L3P 08
G03 FF 61053 002200  780 662  786    -6000764    +87         -59    -13   20  66   88   +5   23  +14   23   14  14  0  0 L3P E6
G04 FF 61053 002200  780 711 1792     -378047    -25         -46     -1   23 207   85   -4   25   -5   25   -5  14  0  0 L3P CA
G06 FF 61053 002200  780 375 3058    +6017769    +16         -42    -24   20   1  133  -21   18  +14   18   14  15  0  0 L3P F7
G09 FF 61053 002200  780 401 2160    -7701941    +15         -49    +20   26   1  126  -20   53   -6   53   -6  21  0  0 L3P D7
G17 FF 61053 002200  780 298 2421     +307626    +79         -52    -38   25  66  162  +27   51  +32   51   32  18  0  0 L3P 0C
G19 FF 61053 002200  780 349 2682    -6852851    +12         -59    +30   32  11  141  +10   30  -34   30  -34  23  0  0 L3P 13
G28 FF 61053 002200  780 183  387    +6120370    -74         -31    -22   39  44  255  +53   18  +31   18   31  30  0  0 L3P FF
G31 FF 61053 002200  780 320  695    +1729348    +22         -25    +43   26  76  152   +1   21  -39   21  -39  21  0  0 L3P F7
G01 FF 61053 003800  780 256 1497    -3444800    +65         -42    +30   35 162  186  +50   40  -24   40  -24  28  0  0 L3P 31
G03 FF 61053 003800  780 593  860    -6000668   +133         -59    +33   23  66   94   +7   25  -25   25  -25  18  0  0 L3P 11
G04 FF 61053 003800  780 775 1617     -378066    -33         -43     -9   23 207   83   -2   24   +4   24    4  16  0  0 L3P C7
G06 FF 61053 003800  780 440 3028    +6017803    +53         -45    +13   25   1  116  -14   22  -12   22  -12  17  0  0 L3P F4
G09 FF 61053 003800  780 477 2186    -7701946    +20         -50    +25   30   1  109  -14   45  -26   45  -26  21  0  0 L3P 16
G17 FF 61053 003800  780 243 2368     +307743   +166         -48    +49   27  66  195  +44   51  -28   51  -28  20  0  0 L3P 3E
G19 FF 61053 003800  780 316 2600    -6852862    +10         -53    +28   30  11  154  +17   30  -19   30  -19  21  0  0 L3P 18
G28 FF 61053 003800  780 140  339    +6120306    -64         -46    -13   59  44  328 +105   46  +28   46   28  45  0  0 L3P 25
G31 FF 61053 003800  780 310  613    +1729327     -6         -26    +15   29  76  156   +8   21  -25   21  -25  23  0  0 L3P EA
G01 FF 61053 005400  780 185 1514    -3444775    +32         -51     -3   26 162  252  +93   53  +34   53   34  17  0  0 L3P 17
G03 FF 61053 005400  780 524  921    -6000567    +98         -54     -2   21  66  102  +10   26  +10   26   10  14  0  0 L3P D9
G04 FF 61053 005400  780 803 1229     -378100    -45         -54    -21   22 207   82   +0   30  +15   30   15  16  0  0 L3P D8
G06 FF 61053 005400  780 501 2976    +6017832    +56         -55    +16   25   1  105   -9   26  -13   26  -13  16  0  0 L3P FF
G09 FF 61053 005400  780 554 2212    -7701949    +35         -48    +40   29   1   98  -10   33  -37   33  -37  20  0  0 L3P 0B
G11 FF 61053 005400  780 102 3159    +4762521   -186         -46    -53   32  15  451 -269   88  -17   88  -17  24  0  0 L3P 61
G17 FF 61053 005400  780 185 2322     +307858   +149         -45    +32   35  66  252  +78   60  -22   60  -22  30  0  0 L3P 29
G19 FF 61053 005400  780 272 2529    -6852882    -31         -55    -13   39  11  176  +29   52  +20   52   20  30  0  0 L3P 1F
G31 FF 61053 005400  780 286  538    +1729304    +12         -30    +33   23  76  168  +17   19  -29   19  -29  17  0  0 L3P 21
G01 FF 61053 011000  780 116 1529    -3444731   +103         -41    +68   35 162  394 +225   42  -80   42  -80  26  0  0 L3P 50
G03 FF 61053 011000  780 456  975    -6000461   +142         -44    +42   21  66  113  +13   22  -26   22  -26  14  0  0 L3P 09
G04 FF 61053 011000  780 770  869     -378130     -3         -61    +21   19 207   83   +2   34  -16   34  -16  13  0  0 L3P D5
G06 FF 61053 011000  780 553 2892    +6017892    +36         -33     -4   25   1   98   -6   11   +8   11    8  18  0  0 L3P B2
G09 FF 61053 011000  780 631 2239    -7701964    -12         -59     -8   25   1   91   -7   33   -1   33   -1  18  0  0 L3P BB
G11 FF 61053 011000  780 164 3153    +4762411    -71         -28    +62   42  15  285 -107   38  -53   38  -53  27  0  0 L3P 37
G17 FF 61053 011000  780 126 2282     +307961   +173         -54    +56   40  66  363 +165   70  -22   70  -22  34  0  0 L3P 32
G19 FF 61053 011000  780 222 2468    -6852893    -27         -49     -8   37  11  212  +49   53   +9   53    9  27  0  0 L3P 00
G31 FF 61053 011000  780 250  474    +1729285    +39         -29    +59   35  76  190  +29   17  -45   17  -45  28  0  0 L3P 2C
G03 FF 61053 012600  780 389 1025    -6000381   +124         -60    +24   30  66  128  +19   39   +6   39    6  23  0  0 L3P 00
G04 FF 61053 012600  780 706  721     -378144   -104         -52    -80   26 207   86   +4   28  +50   28   50  17  0  0 L3P F6
G06 FF 61053 012600  780 589 2773    +6017918    +14         -45    -26   27   1   94   -3   19  +21   19   21  18  0  0 L3P F3
G07 FF 61053 012600  780 131 1780    +1344822    -16         -35    -68   35  31  356 -186   68  +50   68   50  28  0  0 L3P 3D
G09 FF 61053 012600  780 710 2266    -7701958    -31         -48    -26   22   1   86   -4   24  +18   24   18  16  0  0 L3P EF
G11 FF 61053 012600  780 225 3137    +4762269   -233         -43   -100   41  15  211  -55   35  +72   35   72  27  0  0 L3P 34
G19 FF 61053 012600  780 168 2415    -6852909    +19         -48    +37   40  11  277  +91   64   -6   64   -6  29  0  0 L3P 25
G31 FF 61053 012600  780 206  422    +1729249    +22         -46    +43   42  76  228  +52   36  -25   36  -25  32  0  0 L3P 12
G03 FF 61053 014200  780 323 1072    -6000281   +123         -56    +23   22  66  151  +28   52   -8   52   -8  17  0  0 L3P FF
G04 FF 61053 014200  780 635  670     -378150    +20         -35    +44   15 207   90   +6   15  -42   15  -42  12  0  0 L3P DE
G06 FF 61053 014200  780 603 2625    +6017950    +25         -51    -15   26   1   93   +0   26  +12   26   12  17  0  0 L3P CD
G07 FF 61053 014200  780 200 1770    +1344879    +84         -28    +32   35  31  236  -82   57  -29   57  -29  24  0  0 L3P 38
G09 FF 61053 014200  780 788 2285    -7701962    -51         -48    -46   16   1   82   -2   25  +38   25   38  11  0  0 L3P FA
G11 FF 61053 014200  780 284 3110    +4762125    -59         -59    +74   33  15  170  -33   37  -56   37  -56  25  0  0 L3P 30
G26 FF 61053 014200  780 117  543    +3103853    +76         -37    +16   44  50  388  -46   29  -16   29  -16  35  0  0 L3P 24
G31 FF 61053 014200  780 155  382    +1729253    +54         -22    +74   39  76  299 +102   24  -53   24  -53  32  0  0 L3P 2C
G03 FF 61053 015800  780 258 1115    -6000184   +163         -56    +63   28  66  185  +44   56  -42   56  -42  19  0  0 L3P 46
G04 FF 61053 015800  780 563  657     -378180     -6         -42    +17   25 207   97   +8   21   -8   21   -8  18  0  0 L3P CF
G06 FF 61053 015800  780 590 2473    +6017979    +38         -60     -2   21   1   94   +3   36   +6   36    6  14  0  0 L3P B9
G07 FF 61053 015800  780 271 1760    +1344914    +45         -43     -8   28  31  177  -45   57   +2   57    2  23  0  0 L3P EE
G09 FF 61053 015800  780 866 2237    -7701972     -7         -53     -2   17   1   81   -1   28   -1   28   -1  10  0  0 L3P B0
G11 FF 61053 015800  780 339 3068    +4762018   -122         -39    +11   36  15  145  -20   22  -13   22  -13  26  0  0 L3P 29
G21 FF 61053 015800  780 139 2916    -3790828    -30         -28    +50   37 182  334 -146   18  -33   18  -33  30  0  0 L3P 5B
G26 FF 61053 015800  780 126  477    +3103927    +69         -21     +9   43  50  362  -11   22   +5   22    5  31  0  0 L3P CA
G03 FF 61053 021400  780 194 1155    -6000077   +101         -42     +1   41  67  240  +76   54  +18   54   18  30  0  0 L3P 03
G04 FF 61053 021400  780 491  664     -378196     -2         -35    +22   25 208  107  +12   17  -13   17  -13  17  0  0 L3P FC
G06 FF 61053 021400  780 553 2345    +6018025    +62         -55    +23   23   6   98   +6   33   -3   33   -3  18  0  0 L3P C5
G07 FF 61053 021400  780 344 1747    +1344974    +26         -34    -27   29  34  143  -28   48  +16   48   16  19  0  0 L3P 30
G09 FF 61053 021400  780 855  685    -7701979     +4         -57     +9   16   2   81   +1   32   -8   32   -8  12  0  0 L3P AB
G11 FF 61053 021400  780 387 3009    +4761893    -88         -33    +45   35  16  129  -13   13  -30   13  -30  25  0  0 L3P 27
G21 FF 61053 021400  780 201 2941    -3790879    -71          -6    +10   32 183  234  -73    8  -19    8  -19  27  0  0 L3P 11
G26 FF 61053 021400  780 125  411    +3103989    +47         -20    -14   40  51  366  +20   27  +16   27   16  29  0  0 L3P FC
G03 FF 61053 023000  780 132 1193    -5999982   +138         -43    +38   45  67  348 +160   58  -22   58  -22  38  0  0 L3P 6B
G04 FF 61053 023000  780 422  682     -378212     +2         -28    +26   25 208  120  +16   14  -21   14  -21  17  0  0 L3P E4
G06 FF 61053 023000  780 499 2249    +6018074    +48         -44     +8   28   6  105   +9   36   +2   36    2  21  0  0 L3P C4
G07 FF 61053 023000  780 418 1730    +1345033    +97         -25    +45   32  34  121  -18   37  -40   37  -40  26  0  0 L3P 19
G09 FF 61053 023000  780 779  665    -7701970    -60         -43    -55   15   2   83   +2   22  +35   22   35  11  0  0 L3P D5
G11 FF 61053 023000  780 425 2932    +4761766   -127         -33     +6   27  16  120   -7   15  -12   15  -12  21  0  0 L3P 03
G16 FF 61053 023000  780 142  684    -1867453   -106         -41    -30   50  10  324  -62   23  +22   23   22  37  0  0 L3P 05
G21 FF 61053 023000  780 265 2961    -3790961    -75         -10     +6   33 183  181  -43   13  -23   13  -23  25  0  0 L3P 22
G26 FF 61053 023000  780 112  348    +3104038    +90         -30    +30   54  51  403  +60   35  -24   35  -24  37  0  0 L3P F7
G30 FF 61053 023000  780 166 1936     -859985   -124         -37     -1   44  68  283 -118   58   -3   58   -3  35  0  0 L3P 26
G04 FF 61053 024600  780 354  706     -378248    -11         -41    +12   30 208  139  +23   25   -4   25   -4  23  0  0 L3P E4
G06 FF 61053 024600  780 436 2180    +6018113    +72         -43    +32   30   6  117  +15   42  -20   42  -20  21  0  0 L3P F1
G07 FF 61053 024600  780 491 1704    +1345072    +36         -37    -17   25  34  107  -12   42  +12   42   12  18  0  0 L3P 0A
G09 FF 61053 024600  780 705  692    -7701972    -54         -41    -49   16   2   86   +4   24  +34   24   34  12  0  0 L3P E0
G11 FF 61053 024600  780 448 2839    +4761628   -160         -44    -27   26  16  115   -3   21  +33   21   33  19  0  0 L3P 1D
G16 FF 61053 024600  780 165  616    -1867530    -70         -45     +6   42  10  282  -29   21   +3   21    3  33  0  0 L3P CA
G21 FF 61053 024600  780 332 2976    -3791033    -92          -5    -11   29 183  148  -28    7   -5    7   -5  20  0  0 L3P EE
G30 FF 61053 024600  780 236 1938     -860115   -109         -49    +14   25  68  202  -59   56  -17   56  -17  20  0  0 L3P 38
G04 FF 61053 030200  780 288  735     -378267     -9         -37    +15   36 208  167  +35   27   -2   27   -2  26  0  0 L3P F2
G05 FF 61053 030200  780 109 3049    +2271846    +20           3    +13   36  28  423 -243   36  -33   36  -33  26  0  0 L3P 0E
G06 FF 61053 030200  780 368 2131    +6018138     +9         -56    -31   27   6  135  +23   56  +23   56   23  19  0  0 L3P F3
G07 FF 61053 030200  780 563 1662    +1345135    +36         -24    -16   16  34   97   -8   25  +12   25   12  11  0  0 L3P E9
G09 FF 61053 030200  780 631  726    -7701984    -19         -48    -14   19   2   91   +6   29  +18   29   18  14  0  0 L3P E9
G11 FF 61053 030200  780 454 2735    +4761508   -110         -36    +23   30  16  113   +1   17  -28   17  -28  19  0  0 L3P 17
G16 FF 61053 030200  780 176  544    -1867584    -46         -26    +30   36  10  264   -9    8  -31    8  -31  29  0  0 L3P EE
G21 FF 61053 030200  780 400 2982    -3791124    -91         -18    -10   26 183  126  -19   11   +0   11    0  19  0  0 L3P F1
G30 FF 61053 030200  780 309 1941     -860217   -100         -33    +22   22  68  158  -35   37  -22   37  -22  16  0  0 L3P 1A
G04 FF 61053 031800  780 225  766     -378275    +16         -22    +40   28 208  210  +57   19  -26   19  -26  22  0  0 L3P 1B
G05 FF 61053 031800  780 174 3063    +2271868    -16          19    -22   38  28  270 -101   11   +8   11    8  27  0  0 L3P FA
G06 FF 61053 031800  780 298 2094    +6018180    -31         -53    -71   39   6  162  +36   57  +70   57   70  27  0  0 L3P 1B
G07 FF 61053 031800  780 629 1590    +1345159    +52         -50     +0   19  34   91   -5   40   +0   40    0  13  0  0 L3P AD
G09 FF 61053 031800  780 559  763    -7701975     -7         -35     -3   22   2   97   +8   24  +14   24   14  15  0  0 L3P C2
G11 FF 61053 031800  780 441 2632    +4761385   -144         -31    -11   29  16  116   +5   10  +15   10   15  22  0  0 L3P FE
G16 FF 61053 031800  780 176  473    -1867633    -82          -2     -6   34  10  264   +9  -15   -2  -15   -2  30  0  0 L3P D6
G21 FF 61053 031800  780 469 2976    -3791205   -101         -22    -20   25 183  111  -13    8  +19    8   19  18  0  0 L3P 20
G30 FF 61053 031800  780 383 1944     -860355   -123         -54     +0   23  68  131  -23   40  -10   40  -10  19  0  0 L3P 03
G04 FF 61053 033400  780 163  800     -378318    +29         -43    +53   47 208  284 +104   37  -25   37  -25  34  0  0 L3P 2E
G05 FF 61053 033400  780 240 3069    +2271847    -52          -9    -59   38  28  199  -54   21  +38   21   38  24  0  0 L3P 21
G06 FF 61053 033400  780 228 2064    +6018223    +13         -48    -26   29   6  207  +61   57  +13   57   13  21  0  0 L3P 00
G07 FF 61053 033400  780 685 1467    +1345214    +42         -45    -10   16  34   87   -3   33   +8   33    8  11  0  0 L3P D0
G09 FF 61053 033400  780 490  802    -7701986    +34         -41    +38   21   2  107  +12   32  -30   32  -30  14  0  0 L3P F1
G11 FF 61053 033400  780 411 2537    +4761241   -132         -48     +1   23  16  123   +9   26   +9   26    9  20  0  0 L3P D4
G16 FF 61053 033400  780 164  405    -1867736   -154         -32    -78   28  10  283  +31    7  +76    7   76  23  0  0 L3P 0C
G21 FF 61053 033400  780 537 2952    -3791289    -83         -28     -2   17 183  100   -9   11   -3   11   -3  13  0  0 L3P F3
G30 FF 61053 033400  780 458 1944     -860468    -98         -49    +25   32  68  113  -15   33  -28   33  -28  25  0  0 L3P 33
G04 FF 61053 035000  780 104  836     -378316   -102         -17    -78   57 208  438 +241   24  +58   24   58  48  0  0 L3P 40
G05 FF 61053 035000  780 307 3066    +2271829    +38         -34    +31   31  28  159  -33   33  -32   33  -32  22  0  0 L3P 1D
G06 FF 61053 035000  780 159 2039    +6018265    +78         -44    +38   52   6  292 +123   70  -16   70  -16  44  0  0 L3P 30
G07 FF 61053 035000  780 719 1271    +1345267    +55         -43     +3   16  34   85   -1   30   -8   30   -8  12  0  0 L3P C5
G09 FF 61053 035000  780 422  841    -7701984    -12         -36     -7   26   2  120  +16   32  +12   32   12  20  0  0 L3P CD
G11 FF 61053 035000  780 369 2456    +4761102   -117         -59    +16   26  16  134  +15   39  -15   39  -15  19  0  0 L3P 40
G16 FF 61053 035000  780 140  342    -1867828    -20         -50    +57   44  10  327  +65   25  -51   25  -51  32  0  0 L3P 0E
G21 FF 61053 035000  780 603 2898    -3791372    -84         -34     -3   27 183   93   -6   17   +9   17    9  19  0  0 L3P F4
G30 FF 61053 035000  780 534 1938     -860592    -87         -55    +35   21  68  101  -10   32  -35   32  -35  16  0  0 L3P 19
G05 FF 61053 040600  780 374 3051    +2271828    +33         -41    +26   23  28  133  -21   30  -31   30  -31  15  0  0 L3P 09
G07 FF 61053 040600  780 719 1036    +1345320    +77         -39    +25   16  34   85   +1   27  -17   27  -17  11  0  0 L3P 02
G09 FF 61053 040600  780 356  881    -7701985    +51         -28    +56   27   4  138  +23   33  -48   33  -48  21  0  0 L3P 1C
G11 FF 61053 040600  780 317 2390    +4760985   -113         -51    +20   29  17  153  +25   34   -8   34   -8  22  0  0 L3P 13
G13 FF 61053 040600  780 152 2649    -6898051    +58         -65    +48   45  69  308 -123   53  -31   53  -31  35  0  0 L3P 54
G16 FF 61053 040600  780 107  286    -1867882   -137         -31    -61   28  10  423 +143   22  +58   22   58  21  0  0 L3P 32
G21 FF 61053 040600  780 660 2795    -3791471    -79         -54     +2   19 184   88   -4   37   +4   37    4  13  0  0 L3P F0
G30 FF 61053 040600  780 611 1919     -860717   -154         -61    -32   15  77   92   -7   35  +14   35   14  12  0  0 L3P FB
G05 FF 61053 042200  780 440 3019    +2271856    +27         -20    +21   36  28  116  -14   17  -14   17  -14  27  0  0 L3P 17
G07 FF 61053 042200  780 686  849    +1345365    +98         -45    +45   18  34   87   +3   30  -25   30  -25  13  0  0 L3P 03
G09 FF 61053 042200  780 291  921    -7701995    +20         -34    +25   16   4  165  +34   42  -14   42  -14  14  0  0 L3P FD
G11 FF 61053 042200  780 259 2334    +4760859   -210         -49    -77   47  17  184  +40   35  +74   35   74  33  0  0 L3P 43
G13 FF 61053 042200  780 213 2689    -6898006    -16         -31    -26   31  69  222  -64   19  +19   19   19  26  0  0 L3P 32
G21 FF 61053 042200  780 699 2621    -3791550    -76         -56     +5   25 184   86   -1   36   -4   36   -4  17  0  0 L3P F7
G30 FF 61053 042200  780 685 1873     -860831   -130         -57     -7   19  77   87   -5   28   +2   28    2  13  0  0 L3P D6
G05 FF 61053 043800  780 501 2964    +2271854     +3         -28     -4   21  28  105   -9   24   -4   24   -4  15  0  0 L3P CA
G07 FF 61053 043800  780 633  737    +1345421    +38         -39    -15   28  34   90   +5   24   +7   24    7  21  0  0 L3P C6
G09 FF 61053 043800  780 228  960    -7701988    +17         -22    +22   30   4  207  +54   32  -21   32  -21  23  0  0 L3P FE
G11 FF 61053 043800  780 199 2288    +4760746    -83         -35    +50   43  17  235  +70   34  -38   34  -38  37  0  0 L3P 45
G13 FF 61053 043800  780 277 2728    -6898026    -28         -60    -38   40  69  174  -39   34  +41   34   41  31  0  0 L3P 3B
G14 FF 61053 043800  780 150 1606    -7284436    -11          -9    +13   28 178  311 -135   33   -8   33   -8  23  0  0 L3P 1A
G21 FF 61053 043800  780 705 2393    -3791629    -93         -58    -12   20 184   86   +1   36  +11   36   11  13  0  0 L3P 12
G30 FF 61053 043800  780 752 1758     -860936   -157         -44    -34   16  77   84   -2   14  +19   14   19  12  0  0 L3P 11
G05 FF 61053 045400  780 552 2877    +2271863    +10         -26     +3   25  28   98   -6   22   +5   22    5  18  0  0 L3P C8
G07 FF 61053 045400  780 572  679    +1345463    +29         -47    -23   17  34   96   +7   30  +14   30   14  11  0  0 L3P EA
G09 FF 61053 045400  780 167  999    -7701994    -64         -24    -59   42   4  278  +99   48  +49   48   49  32  0  0 L3P 40
G11 FF 61053 045400  780 138 2248    +4760597   -142         -56     -9   45  17  332 +143   55  +15   55   15  36  0  0 L3P 3E
G13 FF 61053 045400  780 342 2768    -6897992    -32         -36    -42   25  69  144  -25   13  +26   13   26  18  0  0 L3P 3A
G14 FF 61053 045400  780 216 1582    -7284477    -78         -26    -54   52 178  219  -67   39  +30   39   30  38  0  0 L3P 57
G21 FF 61053 045400  780 674 2190    -3791694   -101         -45    -20   15 184   87   +3   26  +23   26   23  11  0  0 L3P 1C
G30 FF 61053 045400  780 798 1475     -861058   -145         -49    -22   20  77   82   -1   20  +18   20   18  14  0  0 L3P 02
G05 FF 61053 052200  780 599 2642    +2271874    +21         -26    +14   22  28   93   -1   24   -8   24   -8  16  0  0 L3P E5
G07 FF 61053 052200  780 457  646    +1345560    +39         -39    -13   23  34  113  +13   22   +1   22    1  16  0  0 L3P D0
G13 FF 61053 052200  780 461 2835    -6897988     +6         -49     -4   17  69  112  -14   20   +2   20    2  14  0  0 L3P DF
G14 FF 61053 052200  780 335 1530    -7284532     +4         -41    +28   32 178  147  -27   44  -23   44  -23  24  0  0 L3P 25
G15 FF 61053 052200  780 166 2920    -3761657    -71          20    -36   41  45  283 -109   -5   +9   -5    9  34  0  0 L3P 00
G18 FF 61053 052200  780 126 3295    +4523231   -165          -9    -67   44 222  364  -60   24  +35   24   35  31  0  0 L3P 2F
G21 FF 61053 052200  780 568 1994    -3791820    -82         -35     -2   26 184   96   +8   24   -4   24   -4  18  0  0 L3P FA
G22 FF 61053 052200  780 198 1640     +593726     +8         -32    +51   33  57  239  -84   39  -51   39  -51  24  0  0 L3P 18
G30 FF 61053 052200  780 755  870     -861270   -109         -54    +14   19  77   83   +2   24  -12   24  -12  13  0  0 L3P EE
G05 FF 61053 053800  780 590 2488    +2271867    +20         -40    +13   29  28   94   +2   32  -15   32  -15  20  0  0 L3P 03
G07 FF 61053 053800  780 391  649    +1345617    +68         -31    +15   32  34  128  +19   19   -7   19   -7  25  0  0 L3P 07
G08 FF 61053 053800  780 105  496    -5048412    +89         -42    +47   55  71  430  -57   34  -41   34  -41  40  0  0 L3P 23
G13 FF 61053 053800  780 532 2872    -6897980    +26         -51    +16   24  69  101  -10   17   -3   17   -3  18  0  0 L3P 13
G14 FF 61053 053800  780 402 1489    -7284554    -31         -40     -8   24 178  125  -18   41   +3   41    3  19  0  0 L3P 01
G15 FF 61053 053800  780 231 2941    -3761708    +27           2    +62   34  45  206  -58    8  -59    8  -59  23  0  0 L3P FF
G18 FF 61053 053800  780 141 3232    +4523151    -95           5     +3   34 222  325  -24    5   -4    5   -4  24  0  0 L3P B3
G21 FF 61053 053800  780 496 1940    -3791890    -42         -27    +38   30 184  106  +12   18  -36   18  -36  25  0  0 L3P 4F
G22 FF 61053 053800  780 269 1617     +593668    -55         -48    -12   31  57  179  -46   46  +11   46   11  24  0  0 L3P 25
G30 FF 61053 053800  780 691  759     -861380   -145         -47    -22   22  77   86   +4   14  +21   14   21  17  0  0 L3P F1
G05 FF 61053 055400  780 556 2354    +2271875    +32         -38    +25   24  28   98   +5   31  -22   31  -22  17  0  0 L3P 09
G07 FF 61053 055400  780 326  661    +1345680    +88         -19    +36   28  34  149  +27   15  -16   15  -16  24  0  0 L3P 26
G08 FF 61053 055400  780 115  430    -5048363    +45         -33     +3   52  71  397  -14   31   -1   31   -1  37  0  0 L3P D5
G13 FF 61053 055400  780 605 2906    -6897959    -12         -40    -22   16  69   93   -7   11  +15   11   15  11  0  0 L3P 05
G14 FF 61053 055400  780 466 1433    -7284562    +48         -26    +72   21 178  111  -12   26  -49   26  -49  15  0  0 L3P 4D
G15 FF 61053 055400  780 298 2956    -3761747    -81          -3    -45   30  45  163  -35    7  +33    7   33  23  0  0 L3P FE
G18 FF 61053 055400  780 146 3166    +4523016   -150         -36    -52   25 222  315   +2   27  +34   27   34  19  0  0 L3P 27
G21 FF 61053 055400  780 421 1907    -3791977    -61         -37    +20   37 184  120  +18   29  -20   29  -20  27  0  0 L3P 44
G22 FF 61053 055400  780 342 1589     +593617    -86         -57    -43   25  57  144  -28   53  +30   53   30  19  0  0 L3P 22
G30 FF 61053 055400  780 622  721     -861500   -125         -49     -2   21  77   91   +6   18   +1   18    1  14  0  0 L3P A4
G05 FF 61053 061000  780 504 2253    +2271891    +46         -23    +39   20  40  105   +9   21  -29   21  -29  15  0  0 L3P 04
G07 FF 61053 061000  780 262  680    +1345716    +71         -38    +19   37  47  182  +42   33   +5   33    5  28  0  0 L3P E8
G08 FF 61053 061000  780 113  365    -5048314    +58         -29    +16   38  72  401  +23   24  -18   24  -18  26  0  0 L3P 13
G13 FF 61053 061000  780 680 2934    -6897949    -34         -40    -45   18  70   87   -5   12  +33   12   33  12  0  0 L3P 08
G14 FF 61053 061000  780 524 1356    -7284606    +38         -47    +62   23 179  102   -8   36  -48   36  -48  16  0  0 L3P 3E
G15 FF 61053 061000  780 368 2964    -3761785    -37          -9     -2   27  46  135  -23   13  +12   13   12  20  0  0 L3P FA
G18 FF 61053 061000  780 139 3099    +4522931   -182         -33    -85   34 223  329  +28   22  +53   22   53  24  0  0 L3P 46
G21 FF 61053 061000  780 345 1885    -3792054    -45         -41    +36   22 185  142  +28   37  -10   37  -10  17  0  0 L3P 39
G22 FF 61053 061000  780 414 1552     +593574    -81         -58    -38   19  60  122  -18   55  +27   55   27  15  0  0 L3P 17
G30 FF 61053 061000  780 552  715     -861633   -127         -59     -4   21  78   98   +9   30  +17   30   17  16  0  0 L3P DD
G05 FF 61053 062600  780 442 2181    +2271887    +33         -34    +26   25  40  116  +14   34   -8   34   -8  17  0  0 L3P 02
G07 FF 61053 062600  780 200  703    +1345771    +45         -33     -7   36  47  234  +70   46  +25   46   25  31  0  0 L3P F3
G08 FF 61053 062600  780 101  302    -5048285    +12         -40    -30   29  72  445  +72   31  +24   31   24  22  0  0 L3P F1
G13 FF 61053 062600  780 757 2948    -6897931     -8         -32    -18   16  70   83   -3    8  +16    8   16  11  0  0 L3P E5
G14 FF 61053 062600  780 570 1250    -7284624    -73         -41    -49   24 179   96   -4   33  +35   33   35  16  0  0 L3P 1D
G15 FF 61053 062600  780 439 2960    -3761838    -55         -29    -20   20  46  117  -16   24   -4   24   -4  15  0  0 L3P 11
G18 FF 61053 062600  780 122 3034    +4522845    -38         -25    +60   41 223  373  +66   15  -47   15  -47  30  0  0 L3P 3B
G21 FF 61053 062600  780 271 1869    -3792099    -82          -8     -2   27 185  176  +45   24  +12   24   12  23  0  0 L3P 1D
G22 FF 61053 062600  780 484 1500     +593544    -59         -46    -16   21  60  108  -12   43  +11   43   11  14  0  0 L3P FB
G23 FF 61053 062600  780 102 3280    -5987636   +119         -10   +169   64 214  451 -246   15 -119   15 -119  47  0  0 L3P A6
G30 FF 61053 062600  780 483  724     -861745    -71         -52    +52   15  78  108  +12   29  -33   29  -33  10  0  0 L3P 0D
G05 FF 61053 064200  780 374 2128    +2271889    +32         -38    +25   28  40  133  +22   49   -6   49   -6  21  0  0 L3P 0D
G07 FF 61053 064200  780 140  731    +1345818    +93         -36    +41   38  47  330 +139   83  +26   83   26  29  0  0 L3P 29
G13 FF 61053 064200  780 834 2904    -6897911    +46         -22    +36   14  70   81   -1    0  -22    0  -22  10  0  0 L3P D4
G14 FF 61053 064200  780 598 1115    -7284640    -25         -35     -1   24 179   94   -2   33  +12   33   12  19  0  0 L3P FC
G15 FF 61053 064200  780 510 2940    -3761869    -55         -26    -20   16  46  104  -11   19  +12   19   12  12  0  0 L3P 14
G21 FF 61053 064200  780 199 1857    -3792209    -66         -41    +15   38 185  236  +82   70   +0   70    0  29  0  0 L3P 1D
G22 FF 61053 064200  780 548 1425     +593495    -23         -53    +20   21  60   99   -8   49  -12   49  -12  16  0  0 L3P 00
G23 FF 61053 064200  780 157 3250    -5987721    -41         -48     +9   33 214  298 -100   26  -27   26  -27  24  0  0 L3P 4B
G24 FF 61053 064200  780 118 2586    +1648873   -223         -52    -74   32   0  393 -202   56  +61   56   61  22  0  0 L3P 39
G30 FF 61053 064200  780 415  743     -861858   -118         -48     +5   22  78  122  +17   34   +2   34    2  17  0  0 L3P D8
G05 FF 61053 065800  780 304 2090    +2271897    -62         -37    -69   35  40  159  +34   63  +67   63   67  26  0  0 L3P 3D
G13 FF 61053 065800  780 877 1766    -6897913    +21         -34    +10   17  70   81   +0   16   +3   16    3  12  0  0 L3P DC
G14 FF 61053 065800  780 601  966    -7284670    -40         -41    -16   22 179   93   +1   43  +12   43   12  15  0  0 L3P FC
G15 FF 61053 065800  780 579 2893    -3761909    -28         -32     +7   18  46   95   -7   26   +2   26    2  13  0  0 L3P E7
G21 FF 61053 065800  780 129 1845    -3792277   -161         -31    -80   25 185  356 +186   99 +117   99  117  23  0  0 L3P A4
G22 FF 61053 065800  780 600 1315     +593456    -34         -51     +9   21  60   93   -4   51   -1   51   -1  14  0  0 L3P B0
G23 FF 61053 065800  780 207 3210    -5987746    -50         -24     +0   42 214  228  -51    4   -4    4   -4  31  0  0 L3P DC
G24 FF 61053 065800  780 180 2621    +1648752   -183         -30    -35   53   0  261  -91   31  +16   31   16  38  0  0 L3P 1B
G30 FF 61053 065800  780 349  767     -861989   -153         -61    -31   34  78  141  +24   57  +37   57   37  26  0  0 L3P 37
G05 FF 61053 071400  780 234 2059    +2271913    +26         -27    +19   37  40  202  +58   73  -11   73  -11  31  0  0 L3P 1C
G13 FF 61053 071400  780 802 1428    -6897909    -51         -40    -61   19  70   82   +2   27  +51   27   51  13  0  0 L3P 03
G14 FF 61053 071400  780 579  830    -7284667    -16         -16     +8   18 179   95   +3   34   -1   34   -1  13  0  0 L3P E5
G15 FF 61053 071400  780 641 2802    -3761958    -41         -47     -5   20  46   90   -4   39   +5   39    5  13  0  0 L3P D0
G17 FF 61053 071400  780 144 1206     +310521   +110         -25     -6   61   4  323 -126  130   +1  130    1  46  0  0 L3P D9
G22 FF 61053 071400  780 633 1167     +593430    -18         -36    +25   26  60   90   -2   45  -20   45  -20  19  0  0 L3P EC
G23 FF 61053 071400  780 250 3159    -5987793   -135         -23    -85   34 214  190  -29    9  +71    9   71  27  0  0 L3P 3F
G24 FF 61053 071400  780 243 2656    +1648618   -209         -21    -60   36   0  196  -51   31  +66   31   66  24  0  0 L3P 23
G30 FF 61053 071400  780 284  795     -862107   -104         -60    +18   25  78  169  +36   74  +20   74   20  18  0  0 L3P 18
G05 FF 61053 073000  780 165 2034    +2271924    -67         -23    -74   39  40  281 +114   95  +64   95   64  30  0  0 L3P 38
G13 FF 61053 073000  780 723 1415    -6897897    -23         -37    -33   17  70   85   +4   30  +34   30   34  11  0  0 L3P 00
G14 FF 61053 073000  780 538  725    -7284720     +4         -46    +28   26 179  100   +6   62  -11   62  -11  18  0  0 L3P 05
G15 FF 61053 073000  780 687 2643    -3761998    -48         -53    -12   19  46   87   -2   46  +16   46   16  14  0  0 L3P 1E
G17 FF 61053 073000  780 199 1158     +310621   +164         -35    +48   33   4  236  -64  125  -61  125  -61  28  0  0 L3P 3C
G22 FF 61053 073000  780 639  996     +593411    -37         -14     +6   20  60   90   +1   34   +4   34    4  15  0  0 L3P 98
G23 FF 61053 073000  780 285 3095    -5987854    -56         -37     -6   27 214  169  -16   31   +0   31    0  20  0  0 L3P 05
G24 FF 61053 073000  780 309 2692    +1648467   -154         -30     -5   30   0  157  -32   41  +10   41   10  24  0  0 L3P F6
G30 FF 61053 073000  780 221  826     -862224    -92         -60    +30   39  78  213  +58   96   +9   96    9  33  0  0 L3P EA
G13 FF 61053 074600  780 643 1429    -6897920    -24         -70    -35   14  70   90   +6   61  +37   61   37   9  0  0 L3P 00
G14 FF 61053 074600  780 485  654    -7284739    -28         -42     -4   25 179  108  +10   63  +13   63   13  19  0  0 L3P 22
G15 FF 61053 074600  780 701 2421    -3762020    -48         -41    -13   24  46   86   +0   44  +13   44   13  17  0  0 L3P E9
G17 FF 61053 074600  780 252 1102     +310729   +148         -39    +32   29   4  190  -37  105  -29  105  -29  22  0  0 L3P 38
G19 FF 61053 074600  780 145 1328    -6853314    -22         -40     -4   39  25  322 -131  172  -37  172  -37  27  0  0 L3P 58
G22 FF 61053 074600  780 617  841     +593333    -69         -50    -26   24  60   92   +3   64  +29   64   29  17  0  0 L3P EA
G23 FF 61053 074600  780 307 3021    -5987912    -44         -47     +6   31 214  158   -8   43   +6   43    6  25  0  0 L3P F4
G24 FF 61053 074600  780 377 2727    +1648308   -196         -45    -47   26   0  132  -21   56  +25   56   25  20  0  0 L3P 2D
G30 FF 61053 074600  780 160  859     -862329   -150         -48    -27   32  78  289 +107  123  +65  123   65  25  0  0 L3P 5C
G10 FF 61053 080200  780 132 3312    +5821617    -65         -30    -93   37  60  350 -110   42  +67   42   67  30  0  0 L3P 1F
G13 FF 61053 080200  780 563 1450    -6897918     +8         -74     -2   21  72   97   +9   72  +13   72   13  14  0  0 L3P E7
G14 FF 61053 080200  780 424  609    -7284751    -50         -31    -26   31 180  120  +15   66  +29   66   29  23  0  0 L3P 1E
G15 FF 61053 080200  780 677 2207    -3762053    -53         -43    -18   16  47   87   +3   49  +17   49   17  12  0  0 L3P 0C
G17 FF 61053 080200  780 299 1038     +310831   +104         -53    -12   28  39  162  -22  113  +23  113   23  20  0  0 L3P 23
G19 FF 61053 080200  780 203 1288    -6853320    -65         -29    -47   30  26  232  -66  122  +30  122   30  24  0  0 L3P 38
G22 FF 61053 080200  780 574  728     +593301    -42         -44     +1   16  61   96   +6   60   +9   60    9  12  0  0 L3P 9D
G23 FF 61053 080200  780 316 2939    -5987936    -61         -20    -11   33 215  154   -1   36   +6   36    6  25  0  0 L3P 04
G24 FF 61053 080200  780 447 2761    +1648187   -200         -24    -51   24   0  115  -15   44  +44   44   44  18  0  0 L3P 16
G10 FF 61053 081800  780 170 3262    +5821613    +50         -62    +22   30  60  274  -54   72   -6   72   -6  22  0  0 L3P F8
G12 FF 61053 081800  780 158 2163    +6064788    -17         -47    -22   40  81  297 -127  142  -28  142  -28  35  0  0 L3P 78
G13 FF 61053 081800  780 485 1472    -6897896     +8         -62     -2   18  72  108  +13   75  +17   75   17  15  0  0 L3P 20
G14 FF 61053 081800  780 360  585    -7284778    -19         -34     +5   35 180  137  +22   80  +13   80   13  26  0  0 L3P 1A
G15 FF 61053 081800  780 625 2060    -3762090    -33         -46     +2   19  47   91   +5   59   -2   59   -2  14  0  0 L3P D9
G17 FF 61053 081800  780 337  964     +310965   +182         -30    +66   28  39  145  -13   94  -63   94  -63  21  0  0 L3P 33
G19 FF 61053 081800  780 261 1242    -6853346    +24         -38    +42   29  26  183  -38  127  -23  127  -23  19  0  0 L3P 60
G22 FF 61053 081800  780 518  654     +593271    -81         -33    -38   25  61  103   +9   61  +30   61   30  19  0  0 L3P E8
G23 FF 61053 081800  780 310 2856    -5988025    +36         -61    +86   34 215  157   +6   74  -45   74  -45  25  0  0 L3P 48
G24 FF 61053 081800  780 519 2793    +1648024   -180         -44    -31   19   0  103  -11   58  +20   58   20  14  0  0 L3P 16
G10 FF 61053 083400  780 199 3203    +5821659    +45         -43    +16   36  60  236  -28   67   +2   67    2  27  0  0 L3P 07
G12 FF 61053 083400  780 226 2185    +6064784     -3         -55     -7   39  81  210  -63  130   +9  130    9  31  0  0 L3P FC
G13 FF 61053 083400  780 408 1493    -6897900    +36         -76    +26   24  72  123  +20  112   +5  112    5  21  0  0 L3P 17
G14 FF 61053 083400  780 295  575    -7284781     -1         -14    +23   40 180  163  +34   80  +18   80   18  30  0  0 L3P 10
G15 FF 61053 083400  780 558 1971    -3762131    -40         -53     -4   22  47   98   +8   73  +14   73   14  16  0  0 L3P F7
G17 FF 61053 083400  780 364  882     +311068    +99         -39    -17   22  39  136   -7   95   +3   95    3  16  0  0 L3P E1
G19 FF 61053 083400  780 316 1187    -6853360    -16         -35     +3   24  26  154  -24  111  -11  111  -11  19  0  0 L3P 30
G22 FF 61053 083400  780 456  612     +593220    -19         -42    +24   23  61  113  +13   76   +5   76    5  15  0  0 L3P CB
G23 FF 61053 083400  780 289 2775    -5988062    -38         -50    +12   29 215  166  +14   78   +9   78    9  22  0  0 L3P 36
G24 FF 61053 083400  780 593 2821    +1647876   -172         -49    -23   24   0   94   -8   64  +25   64   25  17  0  0 L3P 15
G10 FF 61053 085000  780 217 3136    +5821700    +65         -29    +36   31  60  217  -12   67  -14   67  -14  25  0  0 L3P 22
G12 FF 61053 085000  780 297 2210    +6064775     +1         -69     -4   26  81  163  -37  128   -8  128   -8  21  0  0 L3P 13
G13 FF 61053 085000  780 333 1514    -6897879    +35         -64    +25   23  72  147  +30  125  +11  125   11  18  0  0 L3P 44
G14 FF 61053 085000  780 230  575    -7284828    -23         -38     +1   35 180  206  +56  122  +31  122   31  29  0  0 L3P 29
G15 FF 61053 085000  780 485 1919    -3762171    -21         -59    +14   24  47  108  +13   92   +9   92    9  19  0  0 L3P 11
G17 FF 61053 085000  780 377  793     +311175   +168         -43    +52   27  39  132   -2   96  -38   96  -38  21  0  0 L3P 21
G19 FF 61053 085000  780 365 1120    -6853390    +17         -47    +36   28  26  136  -15  109  -52  109  -52  20  0  0 L3P 54
G22 FF 61053 085000  780 392  590     +593186    -74         -35    -30   31  61  127  +18   86  +41   86   41  22  0  0 L3P 03
G23 FF 61053 085000  780 257 2701    -5988093    -55         -33     -5   42 215  185  +26   83  +23   83   23  32  0  0 L3P 2C
G24 FF 61053 085000  780 669 2840    +1647738   -144         -44     +5   24   0   88   -5   66   -1   66   -1  16  0  0 L3P E3
G10 FF 61053 090600  780 223 3065    +5821717     +1         -40    -27   28  60  211   +0   86  +28   86   28  22  0  0 L3P F0
G12 FF 61053 090600  780 369 2238    +6064787    -66         -61    -71   22  81  135  -24  111  +41  111   41  15  0  0 L3P 40
G13 FF 61053 090600  780 260 1532    -6897880    +48         -76    +38   30  72  183  +48  166  +27  166   27  23  0  0 L3P 63
G14 FF 61053 090600  780 166  583    -7284817   +107          -5   +131   48 180  280 +105  133  -47  133  -47  37  0  0 L3P 80
G15 FF 61053 090600  780 411 1886    -3762189    -15         -44    +20   26  47  123  +19   98  +13   98   13  20  0  0 L3P 2D
G17 FF 61053 090600  780 375  705     +311273   +104         -56    -12   30  39  132   +3  109   +2  109    2  22  0  0 L3P E0
G19 FF 61053 090600  780 405 1041    -6853408     -8         -47    +10   28  26  124   -9  105  -11  105  -11  20  0  0 L3P 1B
G22 FF 61053 090600  780 327  584     +593140    -62         -39    -19   34  61  149  +27  106  +39  106   39  26  0  0 L3P 2F
G23 FF 61053 090600  780 215 2634    -5988145    -22         -36    +28   37 215  218  +45  101  -14  101  -14  28  0  0 L3P 5F
G24 FF 61053 090600  780 746 2840    +1647608   -169         -31    -20   19   0   84   -3   62  +20   62   20  14  0  0 L3P F6
G10 FF 61053 092200  780 217 2992    +5821748    +75         -36    +47   42  60  217  +12   95  -21   95  -21  33  0  0 L3P 35
G12 FF 61053 092200  780 443 2269    +6064793     +5         -60     +0   23  81  116  -16  105  -15  105  -15  17  0  0 L3P 1E
G13 FF 61053 092200  780 189 1549    -6897876     +2         -81     -8   43  72  247  +90  218  +66  218   66  33  0  0 L3P 4E
G15 FF 61053 092200  780 336 1865    -3762212    +30         -33    +65   22  47  145  +29  117  -33  117  -33  22  0  0 L3P 49
G17 FF 61053 092200  780 358  622     +311398   +162         -43    +46   29  39  138   +8  104  -17  104  -17  21  0  0 L3P 2D
G19 FF 61053 092200  780 432  949    -6853427    -23         -49     -5   32  26  118   -5  104   -3  104   -3  24  0  0 L3P FD
G22 FF 61053 092200  780 263  587     +593112     -9         -26    +35   23  61  181  +41  119  -17  119  -17  19  0  0 L3P 1E
G23 FF 61053 092200  780 167 2576    -5988184    -72         -27    -22   39 215  277  +82  115  +56  115   56  29  0  0 L3P 7C
G24 FF 61053 092200  780 822 2762    +1647475   -141         -21     +8   14   0   82   -2   59   -3   59   -3  10  0  0 L3P CE
G10 FF 61053 093800  780 198 2921    +5821764    +54         -47    +26   44  60  236  +28  118   -3  118   -3  31  0  0 L3P 36
G12 FF 61053 093800  780 518 2302    +6064817     +7         -40     +2   25  81  103  -11   84   +0   84    0  19  0  0 L3P C7
G13 FF 61053 093800  780 120 1562    -6897838    +57         -54    +46   52  72  381 +210  249  +10  249   10  36  0  0 L3P 67
G15 FF 61053 093800  780 263 1849    -3762255    -44         -42     -8   31  47  181  +47  148  +33  148   33  26  0  0 L3P 4B
G17 FF 61053 093800  780 327  551     +311503   +112         -49     -4   37  39  149  +15  113  +27  113   27  27  0  0 L3P 1A
G19 FF 61053 093800  780 443  848    -6853443     -1         -47    +18   27  26  116   -1   98  -14   98  -14  22  0  0 L3P 16
G22 FF 61053 093800  780 201  599     +593098    -80           2    -37   31  61  233  +70  133  +86  133   86  25  0  0 L3P 0E
G23 FF 61053 093800  780 115 2524    -5988262    -88         -57    -38   46 215  396 +179  164  +79  164   79  37  0  0 L3P AB
G24 FF 61053 093800  780 869 1983    +1647312   -146         -41     +3   19   0   81   +0   77   +5   77    5  14  0  0 L3P D5
G25 FF 61053 093800  780 134 2404    -4502735    +89         -39    +65   45  86  347 -163  173  -82  173  -82  32  0  0 L3P 84
G32 FF 61053 093800  780 154 3195    +1651942   -143         -53    +27   44  37  303 -114  119   -5  119   -5  30  0  0 L3P 52
G10 FF 61053 095400  780 169 2854    +5821816    +16         -22    -12   45  60  274  +53  114  +27  114   27  32  0  0 L3P 40
G12 FF 61053 095400  780 595 2339    +6064825    +11         -37     +7   18  81   94   -8   80  -14   80  -14  14  0  0 L3P 06
G15 FF 61053 095400  780 192 1837    -3762300    -23         -54    +12   27  47  243  +86  201  +44  201   44  21  0  0 L3P 39
G17 FF 61053 095400  780 287  494     +311611    +95         -53    -21   18  39  168  +25  127  +37  127   37  15  0  0 L3P 31
G19 FF 61053 095400  780 436  748    -6853457    -24         -44     -6   27  26  117   +3   94   +4   94    4  22  0  0 L3P E3
G22 FF 61053 095400  780 140  616     +593024    -64         -31    -20   59  61  329 +139  205  +53  205   53  42  0  0 L3P 2B
G24 FF 61053 095400  780 807 1452    +1647173   -196         -37    -47   21   0   82   +2   77  +39   77   39  14  0  0 L3P 15
G25 FF 61053 095400  780 198 2437    -4502681    +62          -7    +39   41  86  238  -77  129  -57  129  -57  32  0  0 L3P 6A
G32 FF 61053 095400  780 211 3171    +1651796   -184         -37    -14   32  37  224  -58  111  +19  111   19  22  0  0 L3P 52
G10 FF 61053 101000  780 132 2792    +5821806    +58         -60    +29   42  62  347 +105  161  +13  161   13  32  0  0 L3P 3C
G12 FF 61053 101000  780 672 2380    +6064822    -19         -44    -24   23  83   88   -5   82  +14   82   14  16  0  0 L3P F9
G15 FF 61053 101000  780 124 1826    -3762346    +69         -68   +105   38  60  368 +193  272   +5  272    5  31  0  0 L3P 4B
G17 FF 61053 101000  780 238  449     +311732   +136         -46    +20   30  42  199  +41  139   +4  139    4  25  0  0 L3P FD
G19 FF 61053 101000  780 412  658    -6853498     -8         -68    +10   24  74  122   +8  119   +4  119    4  19  0  0 L3P F6
G24 FF 61053 101000  780 729 1397    +1647031   -152         -32     -2   18   2   85   +4   85  +10   85   10  12  0  0 L3P D6
G25 FF 61053 101000  780 264 2473    -4502703    -28         -48    -52   43  89  182  -44  150   +0  150    0  28  0  0 L3P 14
G32 FF 61053 101000  780 264 3135    +1651632   -170         -33     -1   28  38  181  -34  108   -2  108   -2  20  0  0 L3P 0D
G06 FF 61053 102600  780 150  906    +6019208    +59         -47    +19   39  78  309  -92  230  -51  230  -51  30  0  0 L3P 41
G12 FF 61053 102600  780 750 2429    +6064821    -11         -49    -16   15  83   84   -3   87  +13   87   13  10  0  0 L3P FB
G17 FF 61053 102600  780 185  418     +311838   +119         -51     +3   35  42  252  +74  166  +29  166   29  25  0  0 L3P 25
G19 FF 61053 102600  780 374  583    -6853499    -26         -52     -8   33  74  133  +14  121  +15  121   15  24  0  0 L3P 25
G24 FF 61053 102600  780 650 1396    +1646882   -130         -37    +20   15   2   89   +6   97   +4   97    4  12  0  0 L3P E0
G25 FF 61053 102600  780 331 2510    -4502689    -22         -58    -46   27  89  148  -28  135  +23  135   23  20  0  0 L3P 47
G32 FF 61053 102600  780 312 3086    +1651456   -223         -45    -53   35  38  156  -21  117  +38  117   38  27  0  0 L3P 56
G06 FF 61053 104200  780 192  845    +6019260    +15         -34    -25   30  78  245  -48  182   -9  182   -9  22  0  0 L3P 22
G12 FF 61053 104200  780 827 2510    +6064831    +61         -43    +57   15  83   82   -1   86  -44   86  -44  12  0  0 L3P 09
G17 FF 61053 104200  780 129  396     +311958    +59         -43    -57   40  42  357 +156  192  +84  192   84  33  0  0 L3P 4A
G19 FF 61053 104200  780 326  526    -6853512    +10         -47    +28   29  74  150  +22  120  -14  120  -14  23  0  0 L3P 27
G24 FF 61053 104200  780 572 1409    +1646739   -143         -36     +7   23   2   96   +9  109   +7  109    7  18  0  0 L3P F5
G25 FF 61053 104200  780 399 2550    -4502640    +68         -31    +44   23  89  126  -19  113  -36  113  -36  16  0  0 L3P 51
G32 FF 61053 104200  780 351 3023    +1651309   -189         -31    -20   26  38  140  -12  111  +25  111   25  17  0  0 L3P 2F
G06 FF 61053 105800  780 226  778    +6019293    +59         -39    +19   34  78  209  -27  172  -30  172  -30  25  0  0 L3P 56
G11 FF 61053 105800  780 119 1199    +4757742   -292           3   -159   48  21  388 -179  247  +98  247   98  35  0  0 L3P 96
G12 FF 61053 105800  780 888   17    +6064850    +32         -29    +27   19  83   81   +0   75  -20   75  -20  14  0  0 L3P E9
G19 FF 61053 105800  780 270  485    -6853552     +0         -70    +18   33  74  177  +36  154  +15  154   15  26  0  0 L3P 2B
G24 FF 61053 105800  780 495 1427    +1646601   -146         -29     +4   23   2  106  +12  111   +0  111    0  17  0  0 L3P EB
G25 FF 61053 105800  780 469 2592    -4502632    +67         -46    +43   19  89  111  -13  116  -44  116  -44  15  0  0 L3P 5D
G32 FF 61053 105800  780 378 2945    +1651149   -145         -28    +24   24  38  132   -6  109  -23  109  -23  19  0  0 L3P 5A
G06 FF 61053 111400  780 250  705    +6019327    +35         -43     -5   38  78  191  -13  157   -1  157   -1  28  0  0 L3P 06
G11 FF 61053 111400  780 174 1152    +4757575   -116         -36    +17   24  21  269  -83  219  -21  219  -21  22  0  0 L3P 5D
G12 FF 61053 111400  780 817  627    +6064860    +31         -23    +27   15  83   82   +2   71  -16   71  -16  11  0  0 L3P E9
G19 FF 61053 111400  780 210  457    -6853560    +65         -60    +83   37  74  224  +64  171  -32  171  -32  28  0  0 L3P 43
G24 FF 61053 111400  780 420 1447    +1646469   -110         -18    +40   23   2  121  +18  112  -25  112  -25  17  0  0 L3P 2D
G25 FF 61053 111400  780 541 2637    -4502591    +60         -28    +36   27  89  100   -9   95  -49   95  -49  19  0  0 L3P 38
G29 FF 61053 111400  780 168 2000    +3937333     -3          -6    +61   27  85  279 -116  210 -122  210 -122  23  0  0 L3P 4E
G32 FF 61053 111400  780 391 2858    +1650982   -150         -32    +19   27  38  128   -2  112   -9  112   -9  22  0  0 L3P 2A
G06 FF 61053 113000  780 262  628    +6019375    +40         -33     +0   43  78  182   -4  153   +2  153    2  29  0  0 L3P DA
G11 FF 61053 113000  780 227 1100    +4757464   -112         -19    +21   20  21  209  -46  172  -69  172  -69  17  0  0 L3P 55
G12 FF 61053 113000  780 742  703    +6064849    +64         -38    +59   13  83   84   +3   86  -45   86  -45   8  0  0 L3P FE
G19 FF 61053 113000  780 148  441    -6853543   -148         -26   -130   43  74  312 +130  178 +123  178  123  39  0  0 L3P 8E
G24 FF 61053 113000  780 346 1466    +1646303    -32         -39   +118   34   2  142  +27  148  -56  148  -56  26  0  0 L3P 51
G25 FF 61053 113000  780 613 2686    -4502562    +21         -22     -3   20  89   92   -7   81   -3   81   -3  13  0  0 L3P C8
G28 FF 61053 113000  780 200 3058    +6118302    -19         -40    +32   41  50  236  -75  135  -45  135  -45  30  0  0 L3P 38
G29 FF 61053 113000  780 239 2010    +3937250   -106         -28    -43   42  85  199  -59  196   -9  196   -9  31  0  0 L3P 59
G32 FF 61053 113000  780 388 2765    +1650827   -128         -24    +41   26  38  129   +3  103  -33  103  -33  18  0  0 L3P 48
G06 FF 61053 114600  780 260  551    +6019409   +134         -37    +94   31  78  183   +5  152  -74  152  -74  21  0  0 L3P 41
G11 FF 61053 114600  780 275 1039    +4757315   -144         -41    -10   35  21  175  -27  168  +10  168   10  28  0  0 L3P 4D
G12 FF 61053 114600  780 668  756    +6064858    +37         -33    +32   15  83   88   +5   85  -18   85  -18  11  0  0 L3P 16
G24 FF 61053 114600  780 275 1484    +1646179    -81         -19    +69   30   2  174  +42  162  -25  162  -25  22  0  0 L3P 45
G25 FF 61053 114600  780 687 2742    -4502546    +75         -29    +51   17  89   87   -5   83  -36   83  -36  11  0  0 L3P 2C
G28 FF 61053 114600  780 265 3059    +6118247    -43         -46     +9   33  50  181  -43  129   -9  129   -9  23  0  0 L3P 2D
G29 FF 61053 114600  780 313 2022    +3937213    -65          -4     -1   28  85  156  -35  140  -33  140  -33  19  0  0 L3P 24
G32 FF 61053 114600  780 369 2676    +1650679   -145         -10    +25   24  38  134   +8   97   -5   97   -5  18  0  0 L3P 25
G06 FF 61053 120200  780 245  479    +6019447    +59         -38    +20   27  78  194  +16  158   -7  158   -7  21  0  0 L3P 31
G11 FF 61053 120200  780 315  969    +4757207   -128         -21     +5   28  21  154  -16  136  -26  136  -26  21  0  0 L3P 37
G12 FF 61053 120200  780 595  803    +6064855     +3         -41     -2   17  83   94   +7   97   +7   97    7  12  0  0 L3P B0
G24 FF 61053 120200  780 205 1501    +1646031    -35         -26   +115   26   5  228  +74  199  -66  199  -66  22  0  0 L3P 50
G25 FF 61053 120200  780 761 2816    -4502526     -1         -32    -25   21  89   83   -3   83  +15   83   15  15  0  0 L3P E6
G28 FF 61053 120200  780 331 3050    +6118205    -68         -39    -17   27  50  148  -27  115   +3  115    3  20  0  0 L3P 0B
G29 FF 61053 120200  780 388 2035    +3937126    -36         -30    +28   34  85  129  -22  127  -41  127  -41  24  0  0 L3P 51
G32 FF 61053 120200  780 337 2594    +1650485   -167         -41     +2   36  38  145  +15  128   -6  128   -6  27  0  0 L3P 31
G06 FF 61053 121800  780 218  413    +6019468    +57         -55    +17   37  78  216  +31  176  -14  176  -14  29  0  0 L3P 4F
G11 FF 61053 121800  780 346  890    +4757079    -83         -22    +50   28  21  142   -9  132  -48  132  -48  21  0  0 L3P 32
G12 FF 61053 121800  780 524  847    +6064854    +12         -46     +7   23  83  102  +10  113  +10  113   10  18  0  0 L3P FF
G24 FF 61053 121800  780 138 1515    +1645891   -222         -22    -72   35   5  333 +156  243 +110  243  110  26  0  0 L3P 67
G25 FF 61053 121800  780 834 2965    -4502503    +26         -32     +2   14  89   81   -1   82   +2   82    2  10  0  0 L3P BB
G28 FF 61053 121800  780 395 3027    +6118162    -33         -33    +18   32  50  127  -18  104  -12  104  -12  23  0  0 L3P 3A
G29 FF 61053 121800  780 465 2048    +3937066    -79         -29    -15   39  85  112  -15  115   +8  115    8  30  0  0 L3P 35
G31 FF 61053 121800  780 101 3119    +1728491     +7           5    +27   40  83  455 -284  186  -18  186  -18  28  0  0 L3P 42
G32 FF 61053 121800  780 294 2523    +1650331   -204         -33    -35   28  38  164  +25  133  +28  133   28  21  0  0 L3P 47
G06 FF 61053 123400  780 181  358    +6019526   +177         -35   +137   41  78  257  +58  161  -96  161  -96  28  0  0 L3P 83
G11 FF 61053 123400  780 363  804    +4756940   -154         -33    -21   26  21  136   -3  134   -6  134   -6  21  0  0 L3P 0A
G12 FF 61053 123400  780 455  890    +6064866    +40         -39    +35   17  83  113  +14  114  -17  114  -17  13  0  0 L3P 38
G25 FF 61053 123400  780 873  419    -4502478    +16         -29     -8   18  89   81   +0   83   +9   83    9  12  0  0 L3P CF
G28 FF 61053 123400  780 457 2986    +6118092    -84         -54    -33   32  50  113  -12  117  +21  117   21  22  0  0 L3P 3B
G29 FF 61053 123400  780 543 2059    +3936988   -112         -46    -48   23  85  100  -10  116  +17  116   17  17  0  0 L3P 5F
G31 FF 61053 123400  780 166 3118    +1728489    +16          23    +37   25  83  283 -110  166  -32  166  -32  20  0  0 L3P 54
G32 FF 61053 123400  780 243 2462    +1650161   -205         -40    -35   27  38  195  +41  169  +53  169   53  21  0  0 L3P 50
G06 FF 61053 125000  780 136  312    +6019565    +81         -34    +41   30  78  337 +117  157  -47  157  -47  23  0  0 L3P 53
G11 FF 61053 125000  780 365  715    +4756803   -162         -42    -29   33  21  136   +2  128  +18  128   18  26  0  0 L3P 2D
G12 FF 61053 125000  780 387  933    +6064870    +32         -39    +28   22  83  129  +19  122  -23  122  -23  16  0  0 L3P 39
G25 FF 61053 125000  780 807  898    -4502458     -6         -32    -30   14  89   82   +2   93  +23   93   23  10  0  0 L3P E0
G28 FF 61053 125000  780 512 2919    +6118057    -55         -39     -4   19  50  104   -8  105   +6  105    6  13  0  0 L3P F7
G29 FF 61053 125000  780 622 2064    +3936941    -34         -32    +29   21  85   91   -7  103  -23  103  -23  13  0  0 L3P 21
G31 FF 61053 125000  780 230 3107    +1728461    -14          14     +6   36  83  207  -56  156   +8  156    8  28  0  0 L3P FE
G32 FF 61053 125000  780 188 2410    +1650009   -194         -29    -24   50  38  248  +73  183  +51  183   51  37  0  0 L3P 57
G11 FF 61053 130600  780 352  631    +4756691   -134         -26     -1   30  21  140   +7  110  -13  110  -13  22  0  0 L3P 00
G12 FF 61053 130600  780 321  974    +6064858    -30         -55    -35   25  83  151  +28  146  +41  146   41  18  0  0 L3P 35
G25 FF 61053 130600  780 733 1001    -4502434    -55         -31    -79   18  89   84   +3   93  +61   93   61  12  0  0 L3P 00
G28 FF 61053 130600  780 556 2821    +6117995    -31         -53    +20   21  50   98   -4  112  -30  112  -30  15  0  0 L3P 1D
G29 FF 61053 130600  780 701 2053    +3936872    -56         -39     +7   16  85   86   -4  104  -15  104  -15  12  0  0 L3P 21
G31 FF 61053 130600  780 294 3086    +1728441    -38          14    -18   28  83  165  -33  134  -12  134  -12  22  0  0 L3P 3F
G32 FF 61053 130600  780 131 2363    +1649843   -243         -33    -73   71  38  349 +150  228  +90  228   90  52  0  0 L3P 70
G11 FF 61053 132200  780 324  556    +4756543    -56         -47    +77   31  21  150  +14  121  -64  121  -64  24  0  0 L3P 32
G12 FF 61053 132200  780 257 1014    +6064866    -48         -52    -53   36  83  185  +44  157  +73  157   73  28  0  0 L3P 58
G25 FF 61053 132200  780 658 1064    -4502413    +41         -33    +17   15  89   88   +5   94  -16   94  -16  11  0  0 L3P 0E
G26 FF 61053 132200  780 183 2888    +3106407    +72         -24    +11   40   4  257  -89  179  -61  179  -61  30  0  0 L3P 4B
G28 FF 61053 132200  780 581 2693    +6117948     -3         -50    +48   24  50   95   -1  103  -46  103  -46  17  0  0 L3P 21
G29 FF 61053 132200  780 778 1993    +3936819    -27         -31    +36   16  85   83   -2   97  -35   97  -35  11  0  0 L3P 36
G31 FF 61053 132200  780 354 3049    +1728411    -73           4    -53   26  83  140  -21  122  +17  122   17  20  0  0 L3P 0A
G11 FF 61053 133800  780 285  493    +4756416   -125         -45     +8   28  21  168  +24  114  +16  114   16  21  0  0 L3P 2F
G12 FF 61053 133800  780 194 1052    +6064881     +8         -42     +3   32  83  240  +75  166  +30  166   30  26  0  0 L3P 18
G18 FF 61053 133800  780 127 1804    +4520320   -161         -12    -63   33 226  365 -197  249  -14  249  -14  27  0  0 L3P 8C
G25 FF 61053 133800  780 585 1114    -4502401    -16         -44    -39   24  89   95   +8  100   +7  100    7  17  0  0 L3P F9
G26 FF 61053 133800  780 248 2909    +3106474    +10         -15    -51   45   4  193  -50  138  +18  138   18  33  0  0 L3P 36
G28 FF 61053 133800  780 581 2549    +6117900    -93         -49    -42   27  50   95   +1   98  +27   98   27  19  0  0 L3P 25
G29 FF 61053 133800  780 843 1694    +3936754    -74         -35    -11   16  85   81   -1   90   +0   90    0  11  0  0 L3P E3
G31 FF 61053 133800  780 409 2994    +1728392    -12           5     +8   19  83  124  -13  105  -27  105  -27  14  0  0 L3P 25
G11 FF 61053 135400  780 238  445    +4756299   -129         -35     +4   30  21  199  +41  107   +2  107    2  26  0  0 L3P 0B
G18 FF 61053 135400  780 198 1798    +4520234    -84          -4    +14   41 226  239  -86  201  -67  201  -67  28  0  0 L3P 66
G21 FF 61053 135400  780 117  670    -3794284   -121         -36    -41   34 189  392  -99  149   -4  149   -4  25  0  0 L3P 5C
G25 FF 61053 135400  780 512 1157    -4502385    -25         -51    -49   20  89  104  +11  104  +27  104   27  15  0  0 L3P 35
G26 FF 61053 135400  780 314 2926    +3106520   +142         -27    +81   32   4  155  -31  117  -90  117  -90  24  0  0 L3P 41
G28 FF 61053 135400  780 558 2413    +6117853    -31         -48    +20   34  50   98   +4   95   -8   95   -8  27  0  0 L3P FF
G29 FF 61053 135400  780 833  935    +3936704    -59         -24     +5   18  85   81   +1   66  -21   66  -21  12  0  0 L3P F6
G31 FF 61053 135400  780 454 2919    +1728358    -43         -10    -23   24  83  114   -8  102   +4  102    4  17  0  0 L3P 01
G04 FF 61053 141000  780 110 3287     -379204    -17         -19     +7   53 214  413  -27  149  -11  149  -11  37  0  0 L3P 35
G05 FF 61053 141000  780 148  910    +2272059    +39         -37    +33   49  48  314  -93  155  -65  155  -65  38  0  0 L3P 52
G11 FF 61053 141000  780 184  409    +4756169   -122         -39    +11   42  23  253  +75  107  -12  107  -12  34  0  0 L3P 3E
G18 FF 61053 141000  780 270 1792    +4520132   -148         -14    -50   30 228  178  -47  163  -38  163  -38  22  0  0 L3P 74
G21 FF 61053 141000  780 142  607    -3794341    -85         -17     -6   37 189  324  -48  106  -12  106  -12  28  0  0 L3P 41
G25 FF 61053 141000  780 440 1197    -4502357    +85         -43    +61   21  91  116  +15   99  -43   99  -43  16  0  0 L3P 35
G26 FF 61053 141000  780 383 2935    +3106582    +66         -22     +6   22   4  131  -21   94  -20   94  -20  17  0  0 L3P F9
G28 FF 61053 141000  780 514 2304    +6117810    -35         -41    +16   28  50  103   +8   92   -6   92   -6  20  0  0 L3P E3
G29 FF 61053 141000  780 765  727    +3936630    -99         -32    -36   14  87   83   +3   71  +33   71   33  10  0  0 L3P F8
G31 FF 61053 141000  780 484 2822    +1728350    -48         -27    -28   18  26  108   -4   82  +12   82   12  14  0  0 L3P 08
G04 FF 61053 142600  780 112 3222     -379250    +49         -42    +73   52 214  406  +12  161  -43  161  -43  38  0  0 L3P 3E
G05 FF 61053 142600  780 189  849    +2272077    +14         -26     +7   40  48  248  -49  111  -47  111  -47  35  0  0 L3P 3C
G11 FF 61053 142600  780 127  384    +4756059    -77         -22    +56   43  23  360 +162  104  -35  104  -35  36  0  0 L3P 4F
G16 FF 61053 142600  780 110 2940    -1870724   -130         -31    -54   43  25  418 -237  179  -14  179  -14  30  0  0 L3P 74
G18 FF 61053 142600  780 345 1784    +4520053    -64           1    +34   42 228  143  -29  107  -55  107  -55  28  0  0 L3P 48
G21 FF 61053 142600  780 158  540    -3794422   -100         -21    -21   41 189  292  -20   96  +15   96   15  34  0  0 L3P 30
G25 FF 61053 142600  780 370 1234    -4502330    +41         -38    +17   25  91  134  +22   95   -8   95   -8  18  0  0 L3P 08
G26 FF 61053 142600  780 452 2933    +3106621    +43         -41    -17   25   4  114  -14   93   -3   93   -3  17  0  0 L3P EB
G28 FF 61053 142600  780 458 2222    +6117765    -42         -30     +9   22  52  113  +12   90   -5   90   -5  14  0  0 L3P EC
G29 FF 61053 142600  780 691  689    +3936580   -105         -21    -41   15  87   86   +4   60  +22   60   22  11  0  0 L3P 04
G31 FF 61053 142600  780 496 2710    +1728319    +38         -38    +59   33  26  106   +0   89  -54   89  -54  21  0  0 L3P 30
G04 FF 61053 144200  780 103 3158     -379260    -17         -30     +7   48 214  438  +57  159  -15  159  -15  34  0  0 L3P 47
G05 FF 61053 144200  780 223  782    +2272094     +8         -15     +1   40  48  212  -27   92   +4   92    4  32  0  0 L3P B8
G16 FF 61053 144200  780 175 2963    -1870769     -8          -2    +68   44  25  269 -100  120  -68  120  -68  34  0  0 L3P 54
G18 FF 61053 144200  780 421 1772    +4519941    -36         -18    +62   41 228  121  -19   94  -72   94  -72  26  0  0 L3P 51
G21 FF 61053 144200  780 164  473    -3794504    -49         -27    +31   40 189  283   +0   96  -36   96  -36  30  0  0 L3P 2E
G25 FF 61053 144200  780 301 1267    -4502302    +60         -33    +37   28  91  160  +34  105  -20  105  -20  21  0  0 L3P 26
G26 FF 61053 144200  780 522 2916    +3106684    +63         -37     +3   19   4  102  -10   78   -5   78   -5  12  0  0 L3P E2
G28 FF 61053 144200  780 394 2162    +6117721    -93         -25    -42   31  52  127  +18   95  +39   95   39  23  0  0 L3P 31
G29 FF 61053 144200  780 618  692    +3936497    -50         -43    +14   20  87   92   +6   73   -6   73   -6  14  0  0 L3P EC
G31 FF 61053 144200  780 487 2595    +1728308    -56         -29    -35   19  26  107   +3   80  +22   80   22  14  0  0 L3P 14
G05 FF 61053 145800  780 246  708    +2272105    -11         -11    -18   28  48  193  -14   85  +16   85   16  23  0  0 L3P 11
G16 FF 61053 145800  780 241 2981    -1870845    -23          -5    +53   36  25  198  -54   98  -80   98  -80  27  0  0 L3P 46
G18 FF 61053 145800  780 498 1752    +4519822   -128         -43    -30   17 228  106  -13   97   +5   97    5  12  0  0 L3P 39
G21 FF 61053 145800  780 158  406    -3794587   -126         -34    -47   33 189  293  +21   86  +23   86   23  27  0  0 L3P 55
G25 FF 61053 145800  780 234 1298    -4502277    +63         -31    +39   38  91  202  +55  113  -25  113  -25  27  0  0 L3P 53
G26 FF 61053 145800  780 590 2873    +3106752    +81         -26    +21   18   4   94   -7   69  -12   69  -12  12  0  0 L3P 05
G28 FF 61053 145800  780 326 2117    +6117657    -85         -40    -33   36  52  149  +29  116  +25  116   25  25  0  0 L3P 50
G29 FF 61053 145800  780 545  711    +3936440    -73         -38     -9   15  87   99   +9   69  +12   69   12   9  0  0 L3P F4
G31 FF 61053 145800  780 460 2490    +1728290   -106         -28    -85   23  26  112   +7   77  +65   77   65  18  0  0 L3P 35
G05 FF 61053 151400  780 258  631    +2272104    -32         -18    -38   36  48  185   -3   78  +12   78   12  29  0  0 L3P 03
G16 FF 61053 151400  780 310 2992    -1870939    -77         -26     -1   29  25  157  -33   86  -22   86  -22  23  0  0 L3P 31
G18 FF 61053 151400  780 574 1715    +4519729    -83         -42    +15   34 228   96   -8   82  -26   82  -26  23  0  0 L3P 38
G21 FF 61053 151400  780 141  343    -3794673    -81         -44     -1   37 189  326  +51   90   -9   90   -9  26  0  0 L3P 09
G25 FF 61053 151400  780 168 1327    -4502251    -18         -28    -42   32  91  276 +105  121  +46  121   46  25  0  0 L3P 4B
G26 FF 61053 151400  780 651 2787    +3106799    +15         -37    -46   21   4   89   -4   71  +26   71   26  14  0  0 L3P FD
G28 FF 61053 151400  780 258 2082    +6117602    -71         -46    -20   42  52  185  +47  131  +42  131   42  31  0  0 L3P 33
G29 FF 61053 151400  780 475  738    +3936379    -21         -38    +42   24  87  109  +13   66  -33   66  -33  17  0  0 L3P 38
G31 FF 61053 151400  780 417 2402    +1728261     +8         -38    +29   26  26  121  +12   93  -10   93  -10  17  0  0 L3P 08
G05 FF 61053 153000  780 256  554    +2272100    -10         -28    -17   35  48  186   +6   78   -3   78   -3  27  0  0 L3P E7
G16 FF 61053 153000  780 380 2994    -1871023    -70         -37     +6   19  25  131  -22   79  -20   79  -20  14  0  0 L3P 1C
G18 FF 61053 153000  780 646 1647    +4519635   -120         -42    -22   24 228   90   -5   71   -4   71   -4  17  0  0 L3P 0B
G21 FF 61053 153000  780 113  286    -3794722   -108         -16    -28   37 189  400 +109   69  +29   69   29  27  0  0 L3P 5E
G25 FF 61053 153000  780 104 1352    -4502227    +23         -27     -1   53  91  436 +257  136   -2  136   -2  44  0  0 L3P 19
G26 FF 61053 153000  780 697 2633    +3106849    +46         -44    -15   16   4   86   -2   71   +5   71    5  12  0  0 L3P CC
G27 FF 61053 153000  780 102 2649     +179023    -18         -26    -93   43  93  451 -262  188  +10  188   10  31  0  0 L3P 46
G28 FF 61053 153000  780 190 2053    +6117557    -84         -41    -33   47  52  246  +86  156  +50  156   50  39  0  0 L3P 50
G29 FF 61053 153000  780 407  769    +3936315   -125         -41    -61   24  87  124  +17   72  +40   72   40  18  0  0 L3P 26
G31 FF 61053 153000  780 365 2331    +1728250     +8         -28    +29   29  26  135  +18   92   -4   92   -4  24  0  0 L3P F6
G05 FF 61053 154600  780 240  481    +2272105    +13         -30     +6   28  48  197  +17   76  -21   76  -21  21  0  0 L3P FD
G16 FF 61053 154600  780 451 2983    -1871117    -29         -58    +47   24  25  114  -15   76  -44   76  -44  15  0  0 L3P 46
G18 FF 61053 154600  780 708 1516    +4519552    -77         -31    +21   19 228   86   -3   60  -18   60  -18  12  0  0 L3P 28
G23 FF 61053 154600  780 137 1464    -5989370    -45         -47     +5   61 219  339 -160  132  -32  132  -32  44  0  0 L3P 71
G26 FF 61053 154600  780 714 2410    +3106925    +39         -27    -21   20   4   85   +0   54   +1   54    1  14  0  0 L3P AF
G27 FF 61053 154600  780 163 2685     +179101   +163         -20    +88   42  93  287 -108  129 -129  129 -129  33  0  0 L3P 9E
G28 FF 61053 154600  780 123 2027    +6117517   -120         -33    -69   50  52  372 +192  168  +41  168   41  39  0  0 L3P 6F
G29 FF 61053 154600  780 340  803    +3936262    -84         -33    -20   26  87  144  +25   67  +24   67   24  20  0  0 L3P 17
G31 FF 61053 154600  780 307 2275    +1728240    -20         -20     +0   39  26  158  +29   97  +10   97   10  32  0  0 L3P 04
G05 FF 61053 160200  780 212  416    +2272093     -3         -46    -10   40  49  221  +33   78   +5   78    5  30  0  0 L3P C4
G16 FF 61053 160200  780 521 2953    -1871174    -39         -41    +37   24  26  102  -10   55  -28   55  -28  16  0  0 L3P 2D
G18 FF 61053 160200  780 746 1283    +4519473    -96         -21     +2   17 229   84   -1   41   -9   41   -9  12  0  0 L3P EE
G23 FF 61053 160200  780 203 1433    -5989408    +21         -34    +71   33 220  233  -75   99  -86   99  -86  24  0  0 L3P 56
G26 FF 61053 160200  780 693 2189    +3106972    +28         -41    -32   21   5   86   +2   60  +20   60   20  15  0  0 L3P DB
G27 FF 61053 160200  780 226 2722     +179153    +80         -45     +5   30  95  210  -58  106  -40  106  -40  25  0  0 L3P 1C
G29 FF 61053 160200  780 276  839    +3936213    -76         -18    -12   32  93  173  +38   61   +3   61    3  23  0  0 L3P F3
G31 FF 61053 160200  780 245 2229    +1728238    +14          -2    +35   42  26  193  +47   94   -9   94   -9  35  0  0 L3P 02
G05 FF 61053 161800  780 175  359    +2272132    -66         -14    -73   31  49  266  +63   48  +46   48   46  24  0  0 L3P 23
G16 FF 61053 161800  780 587 2892    -1871240    -81         -34     -5   28  26   95   -6   52   -5   52   -5  18  0  0 L3P EE
G18 FF 61053 161800  780 740  996    +4519358    -66         -43    +31   22 229   84   +1   47  -28   47  -28  16  0  0 L3P 2A
G23 FF 61053 161800  780 269 1397    -5989465   -111         -42    -61   30 220  179  -42   80  +17   80   17  22  0  0 L3P 56
G26 FF 61053 161800  780 644 2035    +3107033    +18         -39    -42   20   5   90   +5   60  +32   60   32  14  0  0 L3P D2
G27 FF 61053 161800  780 291 2757     +179244   +112         -26    +37   32  95  166  -36   73  -34   73  -34  21  0  0 L3P 3E
G29 FF 61053 161800  780 213  875    +3936143    -13         -27    +50   30  93  220  +62   67  -47   67  -47  21  0  0 L3P 27
G31 FF 61053 161800  780 183 2191    +1728213     +0          -7    +21   41  26  255  +85  103   -7  103   -7  33  0  0 L3P F4
G05 FF 61053 163400  780 129  314    +2272133     -7         -20    -14   40  49  355 +132   45  -17   45  -17  31  0  0 L3P 0A
G16 FF 61053 163400  780 642 2783    -1871321    -97         -41    -21   18  26   90   -4   51  +10   51   10  12  0  0 L3P EF
G18 FF 61053 163400  780 697  795    +4519263     +6         -44   +104   22 229   86   +3   45  -80   45  -80  14  0  0 L3P 1F
G23 FF 61053 163400  780 334 1354    -5989518     -1         -47    +49   33 220  147  -26   64  -56   64  -56  24  0  0 L3P 47
G26 FF 61053 163400  780 580 1944    +3107094    +31         -35    -29   19   5   95   +7   54  +23   54   23  14  0  0 L3P EF
G27 FF 61053 163400  780 358 2792     +179301    +98         -41    +23   25  95  138  -24   68  -42   68  -42  17  0  0 L3P 37
G29 FF 61053 163400  780 153  912    +3936094    -44         -15    +20   39  93  303 +117   57   -9   57   -9  34  0  0 L3P 1D
G31 FF 61053 163400  780 121 2158    +1728167   -153         -33   -132   41  26  377 +184  139 +121  139  121  35  0  0 L3P 98
G10 FF 61053 165000  780 157 1641    +5822504    +41         -27    +14   37   0  298 -131  105  -60  105  -60  30  0  0 L3P 35
G16 FF 61053 165000  780 676 2613    -1871409    -94         -56    -18   18  26   87   -1   51   +7   51    7  12  0  0 L3P EB
G18 FF 61053 165000  780 635  692    +4519179    -90         -34     +8   30 229   90   +5   34   -7   34   -7  22  0  0 L3P E3
G23 FF 61053 165000  780 396 1298    -5989566    -72         -48    -22   29 220  127  -17   55  +13   55   13  23  0  0 L3P 4E
G26 FF 61053 165000  780 509 1891    +3107144    +30         -43    -30   21   5  104  +11   63  +25   63   25  17  0  0 L3P F3
G27 FF 61053 165000  780 427 2825     +179373    +71         -42     -4   28  95  119  -16   53  -23   53  -23  21  0  0 L3P 11
G07 FF 61053 170600  780 114 3298    +1347774    +98         -42    +46   53  62  398  -77   72  -18   72  -18  42  0  0 L3P 54
G08 FF 61053 170600  780 182 2851    -5046626   +125         -10    +83   46  80  258  -89   73  -86   73  -86  33  0  0 L3P 61
G10 FF 61053 170600  780 228 1623    +5822542    -13         -15    -40   25   0  209  -64   66   +6   66    6  19  0  0 L3P E5
G15 FF 61053 170600  780 100  689    -3763178    -96         -22    -61   58  81  454 -136   36  +32   36   32  45  0  0 L3P 37
G16 FF 61053 170600  780 679 2405    -1871466    -49         -40    +28   17  26   87   +1   37  -17   37  -17  11  0  0 L3P 1F
G18 FF 61053 170600  780 566  646    +4519085    -68         -34    +30   22 229   97   +8   35  -11   35  -11  15  0  0 L3P 18
G23 FF 61053 170600  780 453 1226    -5989610    -29         -44    +21   29 220  114  -11   50  -17   50  -17  20  0  0 L3P 32
G26 FF 61053 170600  780 436 1859    +3107203    +93         -41    +32   32   5  117  +16   64  -20   64  -20  24  0  0 L3P 0B
G27 FF 61053 170600  780 498 2854     +179438    +68         -48     -7   21  95  106  -12   44   -9   44   -9  15  0  0 L3P 0A
G07 FF 61053 172200  780 132 3241    +1347851    +86         -15    +34   38  62  347  -34   50  -30   50  -30  29  0  0 L3P 23
G08 FF 61053 172200  780 246 2878    -5046573     +1           3    -41   48  80  194  -50   47   +4   47    4  37  0  0 L3P DC
G10 FF 61053 172200  780 300 1602    +5822573    +51         -10    +23   36   0  162  -37   57  -34   57  -34  26  0  0 L3P 04
G15 FF 61053 172200  780 126  625    -3763218    -83         -29    -48   44  81  363  -63   33  +23   33   23  35  0  0 L3P 18
G16 FF 61053 172200  780 647 2224    -1871548    -46         -49    +30   19  26   89   +3   40  -23   40  -23  12  0  0 L3P 0C
G18 FF 61053 172200  780 496  630    +4518972   -114         -53    -17   32 229  106  +12   43  +12   43   12  22  0  0 L3P 27
G23 FF 61053 172200  780 498 1133    -5989651    -56         -37     -6   23 220  106   -6   37  -11   37  -11  16  0  0 L3P 24
G26 FF 61053 172200  780 363 1838    +3107251    +92         -52    +32   21   5  136  +24   76  -21   76  -21  19  0  0 L3P 13
G27 FF 61053 172200  780 572 2879     +179505    +49         -53    -26   21  95   96   -8   38  +10   38   10  14  0  0 L3P 02
G07 FF 61053 173800  780 140 3180    +1347897    +47         -19     -5   38  62  328   -7   53   +4   53    4  28  0  0 L3P ED
G08 FF 61053 173800  780 313 2901    -5046565    +74         -29    +32   26  80  156  -31   55  -35   55  -35  18  0  0 L3P 3C
G10 FF 61053 173800  780 373 1576    +5822592    -16         -16    -43   17   0  134  -23   51  +14   51   14  12  0  0 L3P 02
G15 FF 61053 173800  780 144  558    -3763246    -16         -22    +19   41  81  321  -27   21  -27   21  -27  33  0  0 L3P 1C
G16 FF 61053 173800  780 593 2099    -1871617    -30         -45    +47   24  26   94   +6   38  -29   38  -29  17  0  0 L3P 31
G18 FF 61053 173800  780 425  631    +4518892    -62         -40    +35   20 229  119  +16   30  -33   30  -33  16  0  0 L3P 29
G23 FF 61053 173800  780 528 1020    -5989708    -18         -45    +32   17 220  101   -3   37  -34   37  -34  13  0  0 L3P 2F
G26 FF 61053 173800  780 291 1824    +3107345    +52         -16     -9   31   5  165  +38   57  +19   57   19  21  0  0 L3P 09
G27 FF 61053 173800  780 647 2893     +179574    +95         -57    +20   16  95   89   -6   34  -15   34  -15  10  0  0 L3P 1C
G02 FF 61053 175400  780 105 2478     -158834   -133         -54    -50   47 103  439 -258  105   -6  105   -6  35  0  0 L3P 59
G07 FF 61053 175400  780 138 3117    +1347928    +55         -38     +3   31  62  333  +18   59   -1   59   -1  23  0  0 L3P FE
G08 FF 61053 175400  780 381 2919    -5046515    -51         -20    -93   29  80  131  -21   33  +60   33   60  20  0  0 L3P 19
G10 FF 61053 175400  780 445 1539    +5822602    +42         -34    +15   24   0  115  -15   51  -34   51  -34  17  0  0 L3P 07
G15 FF 61053 175400  780 150  488    -3763294    -59         -36    -24   30  81  307   -2   28  +14   28   14  23  0  0 L3P 07
G16 FF 61053 175400  780 527 2022    -1871690   -132         -45    -56   25  26  101  +10   39  +49   39   49  20  0  0 L3P 36
G18 FF 61053 175400  780 357  643    +4518802    -65         -36    +33   40 229  138  +24   27  -30   27  -30  29  0  0 L3P 37
G23 FF 61053 175400  780 537  893    -5989748    -63         -38    -13   19 220  100   +0   24   +1   24    1  13  0  0 L3P EE
G26 FF 61053 175400  780 221 1813    +3107396    +53         -22     -7   30   5  213  +65   81  +26   81   26  25  0  0 L3P F3
G27 FF 61053 175400  780 723 2884     +179661    +82         -41     +7   16  95   85   -4   23   -6   23   -6  10  0  0 L3P D2
G02 FF 61053 181000  780 167 2515     -158906   -165         -52    -82   49 104  280 -105   86  +35   86   35  39  0  0 L3P 57
G07 FF 61053 181000  780 125 3053    +1347981    +32         -36    -20   44  63  364  +49   62  +11   62   11  33  0  0 L3P 10
G08 FF 61053 181000  780 452 2929    -5046483     +1         -33    -41   30  81  114  -15   37  +13   37   13  23  0  0 L3P 00
G10 FF 61053 181000  780 515 1486    +5822628    +75         -37    +47   23  38  103  -10   40  -37   40  -37  17  0  0 L3P 29
G15 FF 61053 181000  780 145  420    -3763322    -97         -28    -62   40   4  317  +22   22  +40   22   40  31  0  0 L3P E1
G16 FF 61053 181000  780 456 1973    -1871769    -88         -50    -12   31  27  113  +14   43  +10   43   10  26  0  0 L3P 1C
G18 FF 61053 181000  780 290  663    +4518709    -78         -36    +20   29 230  166  +35   28  -16   28  -16  24  0  0 L3P 3B
G23 FF 61053 181000  780 523  771    -5989792    -90         -36    -40   26 221  102   +3   17  +30   17   30  19  0  0 L3P 0C
G26 FF 61053 181000  780 153 1804    +3107453    +16         -25    -44   36  29  303 +130   85  +80   85   80  24  0  0 L3P 29
G27 FF 61053 181000  780 797 2804     +179726    +96         -48    +21   15 100   82   -2   23  -25   23  -25  10  0  0 L3P 07
G02 FF 61053 182600  780 231 2553     -158980   -106         -46    -23   23 104  206  -56   65   +6   65    6  18  0  0 L3P 11
G07 FF 61053 182600  780 103 2992    +1348034    +10         -34    -42   38  63  436 +106   59  +29   59   29  29  0  0 L3P 42
G08 FF 61053 182600  780 523 2926    -5046452    +29         -42    -13   25  81  102  -10   33   +6   33    6  16  0  0 L3P F2
G10 FF 61053 182600  780 579 1405    +5822654    +62         -37    +35   16  38   95   -6   36  -40   36  -40  12  0  0 L3P 13
G15 FF 61053 182600  780 129  355    -3763326     -9           2    +26   32   4  354  +58   -5  -31   -5  -31  28  0  0 L3P D3
G16 FF 61053 182600  780 383 1941    -1871834    -21         -41    +56   26  27  130  +22   40  -33   40  -33  19  0  0 L3P 26
G18 FF 61053 182600  780 225  688    +4518634   -122         -17    -25   40 230  210  +58   14   +7   14    7  30  0  0 L3P 08
G23 FF 61053 182600  780 490  669    -5989839    -41         -35    +10   22 221  107   +7   16   -5   16   -5  15  0  0 L3P 06
G27 FF 61053 182600  780 852 2345     +179786    +71         -60     -4   16 100   81   +0   30   -1   30   -1  11  0  0 L3P BF
G02 FF 61053 184200  780 295 2593     -159053   -111         -39    -28   34 104  164  -34   44  +12   44   12  26  0  0 L3P 2C
G08 FF 61053 184200  780 594 2904    -5046408     +1         -39    -41   21  81   94   -7   26  +25   26   25  13  0  0 L3P F1
G10 FF 61053 184200  780 629 1283    +5822681    +55         -37    +28   18  38   91   -4   33  -29   33  -29  14  0  0 L3P 1B
G15 FF 61053 184200  780 103  296    -3763387    -56         -25    -21   31   4  439 +129   18  +26   18   26  26  0  0 L3P 1C
G16 FF 61053 184200  780 310 1919    -1871903   -119         -37    -43   32  27  156  +34   44  +38   44   38  26  0  0 L3P 40
G18 FF 61053 184200  780 162  716    +4518528    -63         -29    +35   43 230  286 +107   22  -38   22  -38  32  0  0 L3P 48
G23 FF 61053 184200  780 442  592    -5989901    -73         -48    -23   27 221  116  +11   23  +17   23   17  19  0  0 L3P 28
G27 FF 61053 184200  780 817 1674     +179873    +80         -46     +5   16 100   82   +1   21   -4   21   -4  12  0  0 L3P CB
G02 FF 61053 185800  780 360 2635     -159138    -12         -45    +71   26 104  138  -22   37  -63   37  -63  20  0  0 L3P 2E
G08 FF 61053 185800  780 662 2844    -5046383    +68         -54    +26   20  81   88   -5   32  -21   32  -21  13  0  0 L3P 15
G10 FF 61053 185800  780 658 1116    +5822714    +20         -30     -7   16  38   89   -1   24   -6   24   -6  11  0  0 L3P D1
G16 FF 61053 185800  780 239 1902    -1871990    -28         -51    +48   48  27  198  +56   63  -22   63  -22  36  0  0 L3P 52
G23 FF 61053 185800  780 385  540    -5989953    -64         -53    -14   25 221  129  +18   24   +2   24    2  16  0  0 L3P 0D
G27 FF 61053 185800  780 742 1541     +179936   +120         -55    +45   15 100   84   +3   30  -28   30  -28  10  0  0 L3P 14
G01 FF 61053 191400  780 110 2573    -3442427   -115         -43   -152   36 173  418 -222   73  +81   73   81  25  0  0 L3P 63
G02 FF 61053 191400  780 426 2677     -159222    -82         -49     +1   24 104  119  -16   32   -4   32   -4  16  0  0 L3P EF
G08 FF 61053 191400  780 721 2712    -5046338    +16         -50    -26   17  81   85   -2   28  +16   28   16  11  0  0 L3P FC
G10 FF 61053 191400  780 656  931    +5822739    +31         -31     +3   18  38   89   +1   21   -4   21   -4  13  0  0 L3P B8
G16 FF 61053 191400  780 170 1888    -1872052    -98         -40    -22   53  27  274 +108   67  +11   67   11  37  0  0 L3P 42
G23 FF 61053 191400  780 323  506    -5990002    -72         -54    -22   25 221  150  +27   25  +15   25   15  17  0  0 L3P 0D
G27 FF 61053 191400  780 664 1513     +180017   +115         -45    +40   21 100   88   +5   26  -17   26  -17  15  0  0 L3P 09
G32 FF 61053 191400  780 152 1288    +1646101   -123         -16    +47   37   2  307 -119   51  -45   51  -45  30  0  0 L3P 33
G01 FF 61053 193000  780 170 2610    -3442355   +116          -6    +79   45 173  275  -97   25  -76   25  -76  33  0  0 L3P 4E
G02 FF 61053 193000  780 493 2721     -159293   -126         -41    -43   34 104  107  -11   23  +31   23   31  25  0  0 L3P 18
G08 FF 61053 193000  780 755 2466    -5046292    +66         -44    +24   19  81   83   -1   25  -17   25  -17  13  0  0 L3P 16
G10 FF 61053 193000  780 625  775    +5822756    -14         -41    -41   21  38   91   +4   29  +27   29   27  15  0  0 L3P F2
G16 FF 61053 193000  780 103 1874    -1872114    -27         -28    +50   41  27  441 +269   71  -35   71  -35  30  0  0 L3P 3E
G23 FF 61053 193000  780 259  488    -5990037    -27         -40    +23   28 221  184  +44   14   -5   14   -5  20  0  0 L3P 0A
G27 FF 61053 193000  780 585 1513     +180085    +99         -49    +24   16 100   95   +8   33  -17   33  -17  12  0  0 L3P 0D
G32 FF 61053 193000  780 210 1245    +1645941   -194         -14    -25   37   2  225  -61   44   +6   44    6  30  0  0 L3P EE
G01 FF 61053 194600  780 231 2648    -3442351     +6         -37    -30   39 173  205  -54   31  +15   31   15  32  0  0 L3P 12
G02 FF 61053 194600  780 560 2767     -159387    -87         -55     -4   19 104   98   -8   30   +2   30    2  15  0  0 L3P D9
G08 FF 61053 194600  780 744 2169    -5046260    +13         -52    -29   17  81   84   +1   28  +26   28   26  12  0  0 L3P 07
G10 FF 61053 194600  780 575  670    +5822787    +30         -35     +3   20  38   96   +6   22   -3   22   -3  14  0  0 L3P C0
G14 FF 61053 194600  780 124 3268    -7285724    -13          12    +11   51 186  373 -124   -5  -18   -5  -18  35  0  0 L3P 42
G23 FF 61053 194600  780 194  482    -5990076    -48         -31     +2   38 221  241  +79   12   -3   12   -3  30  0  0 L3P F8
G27 FF 61053 194600  780 507 1523     +180155    +95         -52    +20   24 100  104  +12   40   -9   40   -9  19  0  0 L3P F5
G32 FF 61053 194600  780 267 1195    +1645758   -197         -34    -28   32   2  179  -36   49  +10   49   10  25  0  0 L3P 3C
G01 FF 61053 200200  780 294 2686    -3442307    +39         -22     +3   29 174  165  -33   24  -10   24  -10  22  0  0 L3P 16
G02 FF 61053 200200  780 629 2815     -159453   -109         -42    -26   18  52   91   -6   26  +13   26   13  12  0  0 L3P F1
G08 FF 61053 200200  780 696 1971    -5046224    +34         -61     -8   24  84   86   +3   32   -6   32   -6  17  0  0 L3P D8
G10 FF 61053 200200  780 514  607    +5822809    +37         -39     +9   21  38  103  +10   20  -13   20  -13  15  0  0 L3P E5
G14 FF 61053 200200  780 161 3219    -7285756     -7           3    +17   40 187  288  -61   -1  -30   -1  -30  29  0  0 L3P 00
G23 FF 61053 200200  780 129  484    -5990116    -41         -20     +9   38 222  355 +172    3   -1    3   -1  27  0  0 L3P D4
G27 FF 61053 200200  780 430 1536     +180222   +107         -61    +32   19 101  118  +17   48   -3   48   -3  15  0  0 L3P FB
G32 FF 61053 200200  780 320 1136    +1645604   -149         -26    +20   26   2  152  -22   32  -25   32  -25  23  0  0 L3P 05
G01 FF 61053 201800  780 358 2725    -3442288    +18         -38    -18   35 174  138  -23   31  +11   31   11  24  0  0 L3P 29
G02 FF 61053 201800  780 698 2868     -159530    -55         -38    +28   19  52   86   -4   21  -18   21  -18  13  0  0 L3P 0A
G08 FF 61053 201800  780 629 1868    -5046183    +31         -60    -11   18  84   91   +6   34  +10   34   10  12  0  0 L3P F2
G10 FF 61053 201800  780 448  573    +5822828    +14         -47    -13   25  38  114  +14   27  +19   27   19  18  0  0 L3P 14
G14 FF 61053 201800  780 191 3162    -7285796     +9         -15    +33   45 187  245  -32   11  -29   11  -29  32  0  0 L3P 37
G22 FF 61053 201800  780 117 3297     +591422   -124         -29    -81   43  73  391 -133   21  +35   21   35  29  0  0 L3P 2F
G27 FF 61053 201800  780 356 1550     +180317    +38         -38    -37   21 101  139  +26   40  +34   40   34  17  0  0 L3P 0F
G32 FF 61053 201800  780 366 1066    +1645423   -144         -43    +26   27   2  135  -14   41  -25   41  -25  21  0  0 L3P 18
G01 FF 61053 203400  780 424 2763    -3442259    -13         -44    -50   28 174  120  -16   29  +34   29   34  18  0  0 L3P 2D
G02 FF 61053 203400  780 767 2932     -159601    -57         -30    +26   19  52   83   -2   17  -14   17  -14  12  0  0 L3P F0
G03 FF 61053 203400  780 118 2243    -5993481    -16         -19   -116   53  44  392 -217   59  +64   59   64  46  0  0 L3P 5F
G08 FF 61053 203400  780 556 1816    -5046144    +67         -62    +25   26  84   98   +9   39  -23   39  -23  19  0  0 L3P 24
G10 FF 61053 203400  780 381  559    +5822857    +39         -44    +12   21  38  131  +20   26   -6   26   -6  16  0  0 L3P F0
G14 FF 61053 203400  780 210 3097    -7285835    -26         -30     -2   39 187  224  -15   20   -4   20   -4  28  0  0 L3P 02
G22 FF 61053 203400  780 154 3247     +591383    +35         -26    +79   34  73  302  -63   10  -49   10  -49  24  0  0 L3P 1A
G27 FF 61053 203400  780 283 1564     +180366   +125         -61    +50   31 101  170  +41   66  -39   66  -39  23  0  0 L3P 36
G32 FF 61053 203400  780 402  983    +1645256   -169         -48     +0   26   2  125   -8   36  -20   36  -20  21  0  0 L3P EB
G01 FF 61053 205000  780 492 2801    -3442232    +11         -51    -25   22 174  107  -11   30  +15   30   15  17  0  0 L3P 03
G02 FF 61053 205000  780 837 3049     -159683    -67         -32    +16   15  52   81   -1   20   -4   20   -4  10  0  0 L3P C1
G03 FF 61053 205000  780 185 2273    -5993392   +135         -26    +35   44  44  254  -92   44  -44   44  -44  31  0  0 L3P 48
G08 FF 61053 205000  780 481 1789    -5046101    +35         -59     -7   21  84  108  +13   43  +11   43   11  16  0  0 L3P 00
G10 FF 61053 205000  780 313  558    +5822885     -1         -42    -28   26  38  155  +31   26  +20   26   20  21  0  0 L3P E9
G14 FF 61053 205000  780 218 3027    -7285866    -23         -39     +1   33 187  216   -2   23  +17   23   17  27  0  0 L3P 0D
G22 FF 61053 205000  780 181 3191     +591357    +36         -10    +79   34  73  257  -32    2  -57    2  -57  24  0  0 L3P F6
G27 FF 61053 205000  780 212 1576     +180460   +142         -39    +67   43 101  222  +71   51  -43   51  -43  32  0  0 L3P 24
G32 FF 61053 205000  780 424  890    +1645092   -158         -50    +11   31   2  120   -3   30  -14   30  -14  24  0  0 L3P E0
G01 FF 61053 210600  780 561 2837    -3442204     +8         -59    -28   30 174   97   -8   36  +20   36   20  19  0  0 L3P FE
G02 FF 61053 210600  780 881  586     -159755   -113         -25    -30   17  52   81   +0   17  +29   17   29  12  0  0 L3P E9
G03 FF 61053 210600  780 253 2306    -5993298   +167         -28    +67   29  44  189  -50   45  -55   45  -55  22  0  0 L3P 5E
G08 FF 61053 210600  780 405 1774    -5046059    +54         -57    +12   23  84  124  +20   47   +6   47    6  16  0  0 L3P FB
G10 FF 61053 210600  780 247  567    +5822898    +32         -55     +5   30  38  192  +49   40   +4   40    4  26  0  0 L3P DA
G14 FF 61053 210600  780 214 2956    -7285870    -74         -20    -50   35 187  220  +10   15  +44   15   44  26  0  0 L3P 2D
G17 FF 61053 210600  780 110 3168     +316330   +115         -29     -1   42  49  420 -230   23  +13   23   13  32  0  0 L3P F5
G22 FF 61053 210600  780 199 3128     +591285    -63         -41    -19   45  73  236  -14   23  +24   23   24  33  0  0 L3P 0D
G27 FF 61053 210600  780 143 1587     +180528   +111         -43    +36   36 101  322 +149   65  -21   65  -21  27  0  0 L3P 42
G32 FF 61053 210600  780 429  793    +1644937   -153         -42    +17   36   2  119   +1   26  -10   26  -10  28  0  0 L3P 01
G01 FF 61053 212200  780 632 2870    -3442155    +29         -45     -7   28 174   91   -6   27   +4   27    4  19  0  0 L3P DB
G02 FF 61053 212200  780 816 1076     -159828   -121         -18    -38   15  52   82   +2   12  +29   12   29  10  0  0 L3P EF
G03 FF 61053 212200  780 322 2342    -5993209    +97         -35     -3   33  44  152  -30   41  -11   41  -11  24  0  0 L3P 02
G08 FF 61053 212200  780 331 1766    -5046026   +108         -65    +66   35  84  147  +30   57  -33   57  -33  26  0  0 L3P 45
G10 FF 61053 212200  780 182  584    +5822983   +132           4   +105   41  38  256  +88   -6  -66   -6  -66  32  0  0 L3P 1F
G14 FF 61053 212200  780 199 2885    -7285927     +6         -53    +30   53 187  236  +24   34  -23   34  -23  41  0  0 L3P 3A
G17 FF 61053 212200  780 170 3159     +316472    +75           2    -41   41  49  275  -96  -11  +19  -11   19  31  0  0 L3P 03
G22 FF 61053 212200  780 205 3061     +591269   -101         -16    -58   42  73  229   -1    7  +42    7   42  27  0  0 L3P DD
G32 FF 61053 212200  780 418  699    +1644764   -135         -53    +35   24   2  121   +5   32  -20   32  -20  17  0  0 L3P F6
G01 FF 61053 213800  780 705 2897    -3442117    +36         -41     +0   17 174   86   -4   22   +5   22    5  12  0  0 L3P CC
G02 FF 61053 213800  780 745 1163     -159916    -85         -27     -2   17  52   84   +3   17   +4   17    4  11  0  0 L3P B4
G03 FF 61053 213800  780 393 2383    -5993126   +109         -49     +9   21  44  128  -20   42  -12   42  -12  14  0  0 L3P 29
G08 FF 61053 213800  780 259 1761    -5045981    -18         -60    -60   28  84  184  +49   61  +40   61   40  23  0  0 L3P 2F
G10 FF 61053 213800  780 119  605    +5822981    +38         -24    +11   59  38  383 +194   19   +0   19    0  47  0  0 L3P 03
G14 FF 61053 213800  780 173 2818    -7285935    -29         -38     -5   47 187  269  +46   27   +3   27    3  35  0  0 L3P 23
G17 FF 61053 213800  780 229 3140     +316554   +159         -28    +43   26  49  207  -51   17  -29   17  -29  22  0  0 L3P 36
G22 FF 61053 213800  780 200 2992     +591200    -37         -43     +6   36  73  234  +12   28   -2   28   -2  26  0  0 L3P D6
G32 FF 61053 213800  780 390  616    +1644611   -149         -42    +20   23   2  128  +10   20   -7   20   -7  19  0  0 L3P DD
G01 FF 61053 215400  780 779 2907    -3442077    +24         -36    -13   12 174   83   -2   19   +7   19    7   7  0  0 L3P E3
G02 FF 61053 215400  780 673 1218     -160004    -78         -34     +5   15  52   88   +5   24   -7   24   -7  10  0  0 L3P B4
G03 FF 61053 215400  780 464 2428    -5993039    +50         -57    -50   26  44  112  -14   45  +30   45   30  18  0  0 L3P 1D
G08 FF 61053 215400  780 188 1757    -5045934    +32         -54    -10   35  84  248  +89   60   +6   60    6  26  0  0 L3P 11
G14 FF 61053 215400  780 139 2756    -7285955    -60         -35    -36   36 187  331  +88   32  +42   32   42  25  0  0 L3P 49
G17 FF 61053 215400  780 285 3109     +316686    +95          -6    -21   25  49  169  -30    0  +19    0   19  18  0  0 L3P E1
G22 FF 61053 215400  780 184 2925     +591162    -21         -40    +22   45  73  254  +29   21  -15   21  -15  34  0  0 L3P 09
G32 FF 61053 215400  780 351  548    +1644440   -232         -51    -62   33   2  140  +16   23  +38   23   38  24  0  0 L3P F9
G01 FF 61053 221000  780 854 2823    -3442045    +32         -38     -4   17 175   81   -1   21   +3   21    3  12  0  0 L3P B8
G02 FF 61053 221000  780 601 1262     -160099    -38         -56    +45   18  65   93   +7   39  -21   39  -21  13  0  0 L3P F1
G03 FF 61053 221000  780 537 2480    -5992930   +120         -41    +19   21  81  100  -10   33  -10   33  -10  15  0  0 L3P 15
G04 FF 61053 221000  780 108 1894     -379838    -45          26    -21   66 219  430 -272   17  -16   17  -16  54  0  0 L3P 41
G08 FF 61053 221000  780 120 1753    -5045892    +41         -53     -1   49   7  380 +205   71  -27   71  -27  31  0  0 L3P 12
G17 FF 61053 221000  780 336 3064     +316773   +112         -34     -4   26  50  146  -19   17   -8   17   -8  18  0  0 L3P F2
G19 FF 61053 221000  780 135 3206    -6854218    +48           8    +66   36   6  343 -147   -6  -53   -6  -53  26  0  0 L3P 12
G22 FF 61053 221000  780 158 2861     +591132    -99         -32    -55   51  76  293  +55   21  +36   21   36  36  0  0 L3P 12
G32 FF 61053 221000  780 302  497    +1644284   -169         -38     +2   26  19  160  +26   21   -1   21   -1  19  0  0 L3P E5
G01 FF 61053 222600  780 863 1504    -3441997    +47         -25    +11   20 175   81   +1   13   -5   13   -5  13  0  0 L3P E5
G02 FF 61053 222600  780 529 1301     -160167    -87         -45     -4   28  65  101  +10   39  +17   39   17  22  0  0 L3P F2
G03 FF 61053 222600  780 609 2540    -5992831   +114         -39    +14   25  81   93   -7   33  -14   33  -14  18  0  0 L3P 1E
G04 FF 61053 222600  780 178 1895     -379907     +7         -20    +31   44 219  265 -106   56  -29   56  -29  34  0  0 L3P 49
G17 FF 61053 222600  780 380 3004     +316901    +61         -17    -55   24  50  131  -12    4  +49    4   49  20  0  0 L3P D2
G19 FF 61053 222600  780 192 3180    -6854262    -23         -18     -5   33   6  245  -70   12  +21   12   21  23  0  0 L3P ED
G22 FF 61053 222600  780 124 2802     +591058   -109         -65    -66   76  76  368 +107   41  +69   41   69  49  0  0 L3P 50
G28 FF 61053 222600  780 176  867    +6116289    -14         -27    +38   37  56  265  -57   29  -43   29  -43  29  0  0 L3P 47
G32 FF 61053 222600  780 247  460    +1644135   -185         -23    -15   27  19  192  +42   14  +20   14   20  19  0  0 L3P 0E
G01 FF 61053 224200  780 788 1369    -3441978    +75         -41    +38   18 175   82   +2   23  -31   23  -31  12  0  0 L3P 21
G02 FF 61053 224200  780 457 1336     -160247   -113         -44    -30   20  65  113  +14   44  +28   44   28  15  0  0 L3P 08
G03 FF 61053 224200  780 682 2617    -5992728   +124         -32    +24   17  81   87   -5   29  -19   29  -19  13  0  0 L3P 33
G04 FF 61053 224200  780 250 1897     -379935    -54         -25    -30   41 219  191  -55   45  +21   45   21  31  0  0 L3P 23
G17 FF 61053 224200  780 413 2928     +316988   +117         -41     +1   21  50  122   -7   21   +0   21    0  17  0  0 L3P B9
G19 FF 61053 224200  780 246 3143    -6854292    -48         -30    -29   37   6  194  -39   15  +18   15   18  26  0  0 L3P 25
G28 FF 61053 224200  780 211  803    +6116238    -30         -27    +22   39  56  224  -32   21  -27   21  -27  30  0  0 L3P 04
G31 FF 61053 224200  780 125 1118    +1727745    -78           3    -58   58  49  368 -153   48  +37   48   37  42  0  0 L3P 34
G32 FF 61053 224200  780 189  436    +1643994    -89          -1    +81   48  19  247  +77   -8  -74   -8  -74  39  0  0 L3P 2F
G01 FF 61053 225800  780 710 1370    -3441935    +28         -32     -8   19 175   85   +4   21   +2   21    2  12  0  0 L3P C6
G02 FF 61053 225800  780 387 1368     -160325    -46         -44    +36   27  65  129  +20   51  -32   51  -32  22  0  0 L3P 16
G03 FF 61053 225800  780 753 2732    -5992624   +157         -23    +57   15  81   84   -3   24  -40   24  -40  11  0  0 L3P 1F
G04 FF 61053 225800  780 325 1899     -379942    -68          -9    -44   29 219  151  -33   30  +24   30   24  22  0  0 L3P 21
G17 FF 61053 225800  780 431 2839     +317100   +188         -41    +72   19  50  118   -2   19  -54   19  -54  15  0  0 L3P 1E
G19 FF 61053 225800  780 293 3093    -6854310     +1         -31    +19   36   6  165  -23   18  -22   18  -22  28  0  0 L3P 0D
G28 FF 61053 225800  780 236  732    +6116190     -7         -25    +46   33  56  201  -17   17  -31   17  -31  25  0  0 L3P 04
G31 FF 61053 225800  780 177 1065    +1727696    -56         -26    -36   30  49  265  -74   60  +23   60   23  25  0  0 L3P 31
G32 FF 61053 225800  780 128  423    +1643804   -221         -27    -51   46  19  357 +166   11  +24   11   24  43  0  0 L3P 27
G01 FF 61053 231400  780 632 1388    -3441905    +25         -38    -11   15 175   90   +6   28  +10   28   10  11  0  0 L3P FA
G02 FF 61053 231400  780 317 1397     -160401    -58         -40    +25   26  65  153  +31   56  -12   56  -12  21  0  0 L3P 05
G03 FF 61053 231400  780 817 2972    -5992511    +91          -7     -9   17  81   82   -1   16   +3   16    3  12  0  0 L3P B8
G04 FF 61053 231400  780 401 1900     -379961    +28          -5    +52   28 219  126  -21   24  -49   24  -49  21  0  0 L3P 18
G06 FF 61053 231400  780 113 3052    +6021076    +31           7     -8   36   2  408 -225  -10   -7  -10   -7  24  0  0 L3P D2
G09 FF 61053 231400  780 116 2081    -7702287   -138         -14   -133   37  98  399 -232   39 +106   39  106  28  0  0 L3P 92
G17 FF 61053 231400  780 433 2742     +317201   +130         -51    +14   30  50  118   +1   29  -15   29  -15  21  0  0 L3P F3
G19 FF 61053 231400  780 332 3028    -6854349    -17         -53     +1   40   6  147  -14   28   +2   28    2  29  0  0 L3P D9
G28 FF 61053 231400  780 250  658    +6116141    -70         -24    -17   29  56  190   -6   12   +5   12    5  23  0  0 L3P CC
G31 FF 61053 231400  780 224 1006    +1727682     -9         -21    +12   40  49  212  -41   48  -10   48  -10  33  0  0 L3P FF
G01 FF 61053 233000  780 554 1411    -3441857    +51         -25    +15   25 175   98   +9   22   -8   22   -8  18  0  0 L3P F5
G02 FF 61053 233000  780 248 1423     -160473    -74         -32     +9   33  65  192  +51   54   +6   54    6  25  0  0 L3P D0
G03 FF 61053 233000  780 843   22    -5992421   +115         -12    +15   17  81   81   +0   24   -5   24   -5  12  0  0 L3P B6
G04 FF 61053 233000  780 479 1898     -380004    -43         -25    -19   25 219  109  -14   37   -3   37   -3  20  0  0 L3P 0A
G06 FF 61053 233000  780 177 3066    +6021095    -35         -11    -74   33   2  265  -96    4  +50    4   50  23  0  0 L3P DD
G09 FF 61053 233000  780 185 2097    -7702330    +70         -52    +75   43  98  255  -95   64  -59   64  -59  33  0  0 L3P 50
G17 FF 61053 233000  780 418 2647     +317309    +92         -55    -24   23  50  121   +5   34  +28   34   28  17  0  0 L3P F5
G19 FF 61053 233000  780 359 2950    -6854356    -29         -43    -11   29   6  138   -7   26  +19   26   19  21  0  0 L3P 13
G28 FF 61053 233000  780 251  583    +6116078    -67         -37    -15   28  56  189   +3   24  +17   24   17  22  0  0 L3P 06
G31 FF 61053 233000  780 264  938    +1727667    -28         -16     -7   32  49  181  -24   38   -5   38   -5  25  0  0 L3P FA
G01 FF 61053 234600  780 478 1434    -3441836    +62         -39    +26   22 175  109  +14   35   -4   35   -4  17  0  0 L3P 1D
G02 FF 61053 234600  780 180 1446     -160573   -124         -52    -41   43  65  259  +95   78  +22   78   22  33  0  0 L3P 28
G03 FF 61053 234600  780 797  508    -5992317    +83          -4    -17   18  81   82   +2   20  +11   20   11  13  0  0 L3P D3
G04 FF 61053 234600  780 558 1888     -380028     -4         -26    +20   26 219   98  -10   31  -28   31  -28  18  0  0 L3P 15
G06 FF 61053 234600  780 243 3073    +6021086   +103         -57    +65   34   2  197  -52   33  -38   33  -38  25  0  0 L3P 2C
G09 FF 61053 234600  780 255 2116    -7702328     -6         -46     -1   48  98  188  -51   48   +5   48    5  38  0  0 L3P F9
G17 FF 61053 234600  780 389 2560     +317426    +87         -49    -29   22  50  128  +10   32  +17   32   17  17  0  0 L3P 13
G19 FF 61053 234600  780 372 2862    -6854372    +11         -41    +29   22   6  134   -1   24   +0   24    0  17  0  0 L3P CB
G28 FF 61053 234600  780 240  510    +6116015   -119         -50    -67   42  56  197  +14   31  +48   31   48  29  0  0 L3P 20
G31 FF 61053 234600  780 296  863    +1727649     -6         -14    +15   37  49  163  -13   24  -29   24  -29  31  0  0 L3P 1C
