CGGTTS     GENERIC DATA FORMAT VERSION = 2E
REV DATE = 2026-01-01                    
RCVR = POLARX5-TR                    R2CGGTTS v8.8    
CH = 99 
IMS = POLARX5-TR                    
LAB = PTB                           
X = +3844059.67 m 
Y =  +709661.67 m 
Z = +5023129.80 m 
FRAME = ITRF
COMMENTS =           IGS RINEX,AUSPOS XYZ          
INT DLY =   31.0 ns (GPS P1),   28.5 ns (GPS P2)     CAL_ID = 1001-2022           
CAB DLY =  205.7 ns 
REF DLY =   56.2 ns
REF = UTC(PTB)                      
CKSUM = 5E

SAT CL  MJD  STTIME TRKL ELV AZTH   REFSV      SRSV     REFSYS    SRSYS  DSG IOE MDTR SMDT MDIO SMDI MSIO SMSI ISG FR HC FRC CK
             hhmmss  s  .1dg .1dg    .1ns     .1ps/s     .1ns    .1ps/s .1ns     .1ns.1ps/s.1ns.1ps/s.1ns.1ps/s.1ns
G01 FF 61044 001000  780 561 1410    -3470626    +32         -11     +1   18  48   97   +9   34   +2   34    2  13  0  0 L3P A2
G02 FF 61044 001000  780 254 1422      -89210   -154          -2    -71   24  21  187  +48   79  +63   79   63  20  0  0 L3P F2
G03 FF 61044 001000  780 844 3570    -6077272    +92         -19     -5   16  99   81   +0   32   +8   32    8  11  0  0 L3P C2
G04 FF 61044 001000  780 478 1895     -359176     -5         -31    +20   29  91  109  -14   65  -23   65  -23  21  0  0 L3P 09
G06 FF 61044 001000  780 171 3066    +5984489    +98         -21    +52   46   4  275 -103   38  -53   38  -53  32  0  0 L3P 39
G09 FF 61044 001000  780 177 2098    -7696806    +69         -10    +77   35   0  266 -104   94  -62   94  -62  27  0  0 L3P 49
G17 FF 61044 001000  780 419 2660     +215890   +182         -25    +63   20  36  121   +5   40  -42   40  -42  15  0  0 L3P FA
G19 FF 61044 001000  780 359 2953    -6838463    -48          16    -30   26  20  138   -7   16  +26   16   26  19  0  0 L3P 0F
G28 FF 61044 001000  780 250  583    +6158761    -61         -17    -13   24 168  190   +3   28  +13   28   13  19  0  0 L3P 07
G31 FF 61044 001000  780 263  938    +1745319    -41         -18    -21   21  21  182  -24   56   +0   56    0  17  0  0 L3P D2
G01 FF 61044 002600  780 484 1433    -3470605    -11         -20    -41   26  48  108  +13   46  +46   46   46  17  0  0 L3P 11
G02 FF 61044 002600  780 186 1445      -89281   -110           6    -27   26  21  251  +89   89  +39   89   39  20  0  0 L3P 01
G03 FF 61044 002600  780 801  491    -6077175    +78         -16    -20   15  99   82   +2   30  +15   30   15  10  0  0 L3P DA
G04 FF 61044 002600  780 557 1885     -359186    -41         -17    -16   28  91   98  -10   46   +4   46    4  19  0  0 L3P EF
G06 FF 61044 002600  780 236 3074    +5984525    -48         -28    -93   39   4  202  -55   40  +56   40   56  26  0  0 L3P 1D
G09 FF 61044 002600  780 247 2116    -7696803    +13           1    +21   43   0  193  -54   81  -30   81  -30  34  0  0 L3P ED
G17 FF 61044 002600  780 391 2571     +216013    +98         -16    -21   27  36  128  +10   44  +13   44   13  21  0  0 L3P F3
G19 FF 61044 002600  780 372 2866    -6838502    +42          -6    +60   20  20  133   -2   30  -35   30  -35  17  0  0 L3P F8
G28 FF 61044 002600  780 239  510    +6158715     +7         -17    +54   31 168  198  +14   19  -33   19  -33  22  0  0 L3P 20
G31 FF 61044 002600  780 294  862    +1745297    -47         -20    -26   25  21  164  -14   45   +1   45    1  20  0  0 L3P DD
G01 FF 61044 004200  780 408 1456    -3470587    +13         -31    -18   28  48  123  +19   67  +30   67   30  20  0  0 L3P 16
G02 FF 61044 004200  780 119 1465      -89364    -26           3    +57   49  21  384 +208   96  -49   96  -49  40  0  0 L3P 17
G03 FF 61044 004200  780 736  679    -6077079   +134         -15    +37   19  99   84   +3   32  -24   32  -24  13  0  0 L3P 15
G04 FF 61044 004200  780 635 1857     -359228    -51         -35    -26   18  91   90   -6   49  +11   49   11  12  0  0 L3P EF
G06 FF 61044 004200  780 302 3073    +5984591    +45          -6     +0   31   4  161  -33   27   -4   27   -4  23  0  0 L3P C0
G09 FF 61044 004200  780 320 2137    -7696811    +60           1    +68   23   0  153  -32   71  -68   71  -68  18  0  0 L3P FE
G17 FF 61044 004200  780 351 2495     +216125    +84         -19    -36   28  36  140  +16   45  +36   45   36  22  0  0 L3P 08
G19 FF 61044 004200  780 369 2774    -6838504    -21           9     -3   26  20  134   +4   23   +7   23    7  21  0  0 L3P B5
G28 FF 61044 004200  780 216  444    +6158673    -23         -14    +25   36 168  218  +28   19  -13   19  -13  27  0  0 L3P 31
G31 FF 61044 004200  780 313  780    +1745283    -57         -14    -37   19  21  155   -6   34  +24   34   24  13  0  0 L3P EF
G01 FF 61044 005800  780 334 1477    -3470527     +0           0    -30   22  48  146  +29   55  +44   55   44  17  0  0 L3P E7
G03 FF 61044 005800  780 666  782    -6076981    +59         -10    -39   17  99   88   +5   32  +39   32   39  10  0  0 L3P 0D
G04 FF 61044 005800  780 710 1788     -359256    -46         -40    -21   18  91   86   -4   47   +5   47    5  11  0  0 L3P D3
G06 FF 61044 005800  780 369 3060    +5984629    +74         -11    +29   22   4  135  -22   32  -19   32  -19  15  0  0 L3P 1F
G09 FF 61044 005800  780 394 2160    -7696830    -28         -10    -20   24   0  128  -21   67   +7   67    7  19  0  0 L3P F5
G17 FF 61044 005800  780 302 2430     +216234   +172         -24    +53   26  36  160  +26   55  -27   55  -27  21  0  0 L3P 19
G19 FF 61044 005800  780 350 2684    -6838533    -37          -3    -19   25  20  140   +9   36  +21   36   21  19  0  0 L3P 01
G28 FF 61044 005800  780 182  387    +6158646     +1           6    +49   42 168  255  +53    3  -27    3  -27  34  0  0 L3P EA
G31 FF 61044 005800  780 319  695    +1745249     +2         -28    +22   22  21  153   +1   42  -28   42  -28  18  0  0 L3P EF
G01 FF 61044 011400  780 261 1497    -3470497    -53           0    -84   33  48  183  +48   66  +55   66   55  22  0  0 L3P 12
G03 FF 61044 011400  780 597  856    -6076887   +121         -10    +23   17  99   93   +7   35  -23   35  -23  11  0  0 L3P 13
G04 FF 61044 011400  780 774 1614     -359258    -28         -17     -3   10  91   83   -2   28   -2   28   -2   7  0  0 L3P AF
G06 FF 61044 011400  780 434 3032    +5984676    +21          -8    -24   28   4  118  -14   27  +19   27   19  20  0  0 L3P FA
G09 FF 61044 011400  780 469 2186    -7696831     -1          -4     +7   25   0  111  -14   48  -18   48  -18  18  0  0 L3P F2
G17 FF 61044 011400  780 248 2375     +216354    +89         -19    -30   26  36  192  +42   58  +23   58   23  21  0  0 L3P 10
G19 FF 61044 011400  780 318 2602    -6838553     -8          -5    +10   18  20  153  +17   45   +3   45    3  14  0  0 L3P CB
G28 FF 61044 011400  780 140  339    +6158555   -112         -40    -64   44 168  328 +105   36  +50   36   50  33  0  0 L3P 3D
G31 FF 61044 011400  780 309  613    +1745234     -1         -24    +19   23  21  157   +8   35  -20   35  -20  17  0  0 L3P D9
G01 FF 61044 013000  780 190 1514    -3470466    +36           2     +5   36  48  246  +89   69   +8   69    8  28  0  0 L3P DB
G03 FF 61044 013000  780 528  918    -6076790    +45          -7    -53   18  99  101  +10   38  +40   38   40  14  0  0 L3P FC
G04 FF 61044 013000  780 802 1230     -359298    -24         -33     +1   18  91   82   +0   39   -3   39   -3  12  0  0 L3P AE
G06 FF 61044 013000  780 495 2981    +5984712    +84         -17    +38   27   4  106  -10   34  -31   34  -31  19  0  0 L3P 1D
G09 FF 61044 013000  780 546 2212    -7696857    -16         -23     -8   28   0   99  -10   50   -2   50   -2  21  0  0 L3P D0
G11 FF 61044 013000  780 103 3158    +4865928   -244          -4   -111   36 139  448 -266   23 +106   23  106  26  0  0 L3P 74
G17 FF 61044 013000  780 190 2329     +216455   +101         -32    -18   27  36  246  +74   80  +17   80   17  21  0  0 L3P 0F
G19 FF 61044 013000  780 275 2531    -6838584     +0         -18    +18   20  20  174  +28   67   -1   67   -1  16  0  0 L3P F5
G31 FF 61044 013000  780 285  538    +1745210    -17         -28     +3   27  21  168  +17   37  -13   37  -13  21  0  0 L3P F7
G01 FF 61044 014600  780 121 1529    -3470452    +98         -14    +67   38  48  379 +208   85  -73   85  -73  30  0  0 L3P 57
G03 FF 61044 014600  780 460  973    -6076701    +74         -12    -24   19  99  112  +13   46  +20   46   20  13  0  0 L3P 02
G04 FF 61044 014600  780 769  871     -359306    -24         -17     +1   19  91   83   +2   30  +11   30   11  13  0  0 L3P B5
G06 FF 61044 014600  780 548 2901    +5984759    +36         -13     -9   23   4   99   -6   28   +8   28    8  17  0  0 L3P D8
G09 FF 61044 014600  780 623 2240    -7696867     +2         -25    +10   20   0   91   -7   47   -8   47   -8  13  0  0 L3P C6
G11 FF 61044 014600  780 165 3152    +4865826   -213          22    -80   35 139  284 -106    0  +63    0   63  31  0  0 L3P 1A
G17 FF 61044 014600  780 131 2288     +216581    +95         -21    -25   38  36  349 +153   80  +33   80   33  28  0  0 L3P 24
G19 FF 61044 014600  780 224 2469    -6838597    -11         -14     +7   32  20  210  +48   75   +4   75    4  25  0  0 L3P F3
G31 FF 61044 014600  780 250  474    +1745205    -24         -14     -4   26  21  190  +29   30   +2   30    2  21  0  0 L3P B1
G03 FF 61044 020200  780 393 1023    -6076605   +184          -9    +86   17 100  127  +19   55  -54   55  -54  12  0  0 L3P 39
G04 FF 61044 020200  780 706  722     -359343    -62         -34    -37   16  92   86   +4   35   +7   35    7  10  0  0 L3P B1
G06 FF 61044 020200  780 586 2785    +5984816    +98           0    +52   19   4   95   -3   21  -42   21  -42  13  0  0 L3P E1
G07 FF 61044 020200  780 126 1781    +1303963   +133          -1    +81   40  14  369 -198   84  -50   84  -50  30  0  0 L3P 36
G09 FF 61044 020200  780 701 2267    -7696861     -9         -11     -1   19   0   86   -4   36   +5   36    5  13  0  0 L3P A5
G11 FF 61044 020200  780 226 3136    +4865662   -185          -7    -52   33 140  210  -55   35  +15   35   15  22  0  0 L3P 20
G19 FF 61044 020200  780 170 2416    -6838611    +19          -3    +37   39  49  273  +88   74  -24   74  -24  31  0  0 L3P 2B
G31 FF 61044 020200  780 205  422    +1745180    +11         -22    +31   36  23  228  +52   28  -23   28  -23  28  0  0 L3P F7
G03 FF 61044 021800  780 327 1069    -6076490    +71          12    -26   20 100  149  +27   48  +36   48   36  15  0  0 L3P 22
G04 FF 61044 021800  780 635  670     -359369    +47         -35    +72   25  92   90   +6   34  -55   34  -55  16  0  0 L3P F8
G06 FF 61044 021800  780 602 2638    +5984841    +49         -18     +4   13   4   93   +0   35   -4   35   -4   9  0  0 L3P B5
G07 FF 61044 021800  780 195 1772    +1304015    +42           0    -10   25  14  242  -86   83  +15   83   15  20  0  0 L3P E8
G09 FF 61044 021800  780 780 2289    -7696856    +18           2    +26   19   0   83   -3   26  -10   26  -10  13  0  0 L3P E2
G11 FF 61044 021800  780 285 3109    +4865538   -160          -3    -27   32 140  169  -33   28  +20   28   20  23  0  0 L3P 2A
G20 FF 61044 021800  780 100 2967    -3618213    -67          10    -68   63  75  459 -272   30  +57   30   57  40  0  0 L3P 2D
G26 FF 61044 021800  780 116  546    +3056358    +38          -4    -23   51  56  391  -48   35   +4   35    4  38  0  0 L3P E1
G31 FF 61044 021800  780 154  382    +1745164    -28         -19     -7   31  23  299 +102   21   +1   21    1  26  0  0 L3P D5
G03 FF 61044 023400  780 262 1113    -6076391   +142          17    +44   31 100  182  +43   50  -37   50  -37  23  0  0 L3P 25
G04 FF 61044 023400  780 563  657     -359375    +29         -17    +54   22  92   97   +8   28  -34   28  -34  14  0  0 L3P FC
G06 FF 61044 023400  780 591 2487    +5984890    +41         -13     -5   28   4   94   +2   36  +13   36   13  22  0  0 L3P DD
G07 FF 61044 023400  780 267 1761    +1304061    +82          -4    +29   27  14  180  -47   81  -30   81  -30  22  0  0 L3P 09
G09 FF 61044 023400  780 858 2269    -7696868    -16          -2     -8   11   0   81   -1   31  +10   31   10   9  0  0 L3P B8
G11 FF 61044 023400  780 340 3067    +4865424   -125          10     +8   34 140  144  -20   15  -10   15  -10  25  0  0 L3P 0A
G20 FF 61044 023400  780 161 2988    -3618203    -27          19    -28   41  75  290 -111   19  +31   19   31  35  0  0 L3P 24
G21 FF 61044 023400  780 139 2915    -3725553   -132           6    -44   31  66  336 -147   23  +38   23   38  23  0  0 L3P 28
G26 FF 61044 023400  780 126  480    +3056418    +64          -3     +3   50  56  363  -13   32   -1   32   -1  37  0  0 L3P BC
G03 FF 61044 025000  780 198 1153    -6076304    +96          11     -2   35 100  236  +73   63   +9   63    9  26  0  0 L3P E8
G04 FF 61044 025000  780 491  664     -359400     +7         -18    +32   23  92  107  +12   33  -13   33  -13  16  0  0 L3P DE
G06 FF 61044 025000  780 556 2356    +5984923    +20         -24    -25   24   4   98   +5   49  +28   49   28  17  0  0 L3P 00
G07 FF 61044 025000  780 339 1749    +1304109    +39          -6    -13   28  14  145  -29   68   -9   68   -9  20  0  0 L3P 05
G09 FF 61044 025000  780 864  693    -7696877    -15          -5     -7   16   0   81   +1   31   +7   31    7  10  0  0 L3P 9A
G11 FF 61044 025000  780 389 3009    +4865290   -103           4    +30   28 140  129  -13   23  -24   23  -24  17  0  0 L3P 1D
G20 FF 61044 025000  780 224 3004    -3618209    +46          12    +44   25  75  211  -59   27  -31   27  -31  18  0  0 L3P 0C
G21 FF 61044 025000  780 201 2940    -3725649    -27          -6    +60   40  66  235  -73   28  -55   28  -55  32  0  0 L3P 1F
G26 FF 61044 025000  780 125  414    +3056481    +20           1    -41   38  56  365  +18   27  +46   27   46  27  0  0 L3P E8
G03 FF 61044 030600  780 136 1191    -6076195    +16          25    -82   50 100  339 +152   60  +79   60   79  44  0  0 L3P 38
G04 FF 61044 030600  780 421  681     -359413    -88          -7    -63   26  92  120  +16   28  +51   28   51  18  0  0 L3P EC
G06 FF 61044 030600  780 503 2258    +5984977    +68         -13    +22   15   4  105   +9   51   -8   51   -8  10  0  0 L3P E8
G07 FF 61044 030600  780 413 1733    +1304163    +69          -3    +17   27  14  123  -19   53  -19   53  -19  20  0  0 L3P 0B
G09 FF 61044 030600  780 788  663    -7696885    -40          -4    -32   12   0   82   +2   25  +18   25   18   8  0  0 L3P C7
G11 FF 61044 030600  780 426 2932    +4865148   -182         -10    -49   26 140  119   -7   34  +47   34   47  20  0  0 L3P 33
G16 FF 61044 030600  780 141  690    -1808016   -136           6    -58   43  22  328  -65   36  +48   36   48  32  0  0 L3P 0B
G20 FF 61044 030600  780 289 3013    -3618193    +16          26    +15   26  75  167  -36   14   -8   14   -8  21  0  0 L3P FB
G21 FF 61044 030600  780 265 2960    -3725731    -86          -4     +1   26  66  181  -43   28  -12   28  -12  20  0  0 L3P 03
G26 FF 61044 030600  780 113  351    +3056549   +131          10    +70   37  56  400  +58   17  -61   17  -61  22  0  0 L3P 0A
G30 FF 61044 030600  780 166 1933     -764821   -129          28     -8   42  22  282 -117   48   -2   48   -2  34  0  0 L3P 03
G04 FF 61044 032200  780 354  705     -359431    +10          -2    +35   25  92  139  +24   31  -27   31  -27  19  0  0 L3P E5
G06 FF 61044 032200  780 441 2187    +5985030    -11          -4    -56   23   4  116  +14   54  +58   54   58  18  0  0 L3P FA
G07 FF 61044 032200  780 486 1708    +1304206    +38          -9    -15   24  14  108  -13   49   -3   49   -3  18  0  0 L3P F2
G09 FF 61044 032200  780 713  689    -7696896     +1          -8     +9   18   0   85   +4   28  -13   28  -13  13  0  0 L3P C6
G11 FF 61044 032200  780 450 2838    +4865025   -118          -6    +15   26 140  114   -3   27  -11   27  -11  20  0  0 L3P 10
G16 FF 61044 032200  780 164  622    -1808107    -31         -11    +46   46  22  283  -31   37  -48   37  -48  34  0  0 L3P 17
G20 FF 61044 032200  780 355 3014    -3618197    -33          21    -34   24  75  139  -24   17  +26   17   26  18  0  0 L3P 0E
G21 FF 61044 032200  780 331 2975    -3725818    -91          -7     -3   29  66  148  -28   25   +4   25    4  21  0  0 L3P E1
G30 FF 61044 032200  780 237 1936     -764980   -116         -15     +5   37  22  202  -59   81  -12   81  -12  29  0  0 L3P 1A
G04 FF 61044 033800  780 288  733     -359471    -32         -17     -7   41  92  167  +35   46   +8   46    8  29  0  0 L3P E1
G05 FF 61044 033800  780 106 3048    +2266738    +17          12    +10   46  27  434 -256   28   -3   28   -3  34  0  0 L3P 0B
G06 FF 61044 033800  780 373 2136    +5985074    +99          -3    +53   33   4  133  +22   61  -40   61  -40  25  0  0 L3P 05
G07 FF 61044 033800  780 558 1667    +1304254    +48         -12     -5   21  14   98   -8   45   -6   45   -6  14  0  0 L3P DD
G09 FF 61044 033800  780 639  723    -7696910    -10         -14     -2   24   0   90   +6   36   +3   36    3  16  0  0 L3P A1
G11 FF 61044 033800  780 455 2734    +4864891   -119         -13    +14   21 140  113   +1   32  -10   32  -10  15  0  0 L3P 1F
G16 FF 61044 033800  780 176  551    -1808161   -122           9    -45   28  22  264  -10   18  +37   18   37  21  0  0 L3P 01
G20 FF 61044 033800  780 422 3003    -3618212    -44           5    -45   28  75  120  -16   29  +31   29   31  20  0  0 L3P EA
G21 FF 61044 033800  780 399 2981    -3725908   -129         -13    -41   31  66  126  -19   22  +33   22   33  23  0  0 L3P 39
G30 FF 61044 033800  780 309 1939     -765095   -113         -13     +8   28  22  158  -35   65  -20   65  -20  21  0  0 L3P 1E
G04 FF 61044 035400  780 224  765     -359488    -58         -10    -33   35  92  210  +57   48  +32   48   32  28  0  0 L3P 0B
G05 FF 61044 035400  780 170 3062    +2266761    +39          28    +32   38  27  275 -105   19  -36   19  -36  28  0  0 L3P 3D
G06 FF 61044 035400  780 303 2098    +5985116     +7          -5    -38   33   4  160  +34   62  +21   62   21  25  0  0 L3P E0
G07 FF 61044 035400  780 625 1598    +1304289    +78         -27    +26   17  14   91   -5   55  -19   55  -19  13  0  0 L3P 1F
G09 FF 61044 035400  780 567  760    -7696894    +24           9    +32   20   0   97   +8   33   +8   33    8  14  0  0 L3P AD
G11 FF 61044 035400  780 442 2630    +4864750   -122         -26    +11   25 140  116   +5   46   -1   46   -1  19  0  0 L3P 02
G16 FF 61044 035400  780 177  479    -1808245   -101           0    -23   36  22  263   +8   22  +19   22   19  29  0  0 L3P ED
G20 FF 61044 035400  780 488 2974    -3618219    +16          -3    +15   23  75  108  -11   34  -17   34  -17  16  0  0 L3P 1E
G21 FF 61044 035400  780 468 2976    -3726002   -111         -23    -23   16  66  111  -13   32  +20   32   20  12  0  0 L3P 11
G30 FF 61044 035400  780 383 1941     -765216   -134         -17    -12   27  22  131  -22   61   -1   61   -1  21  0  0 L3P EE
G04 FF 61044 041000  780 163  799     -359511     -5         -12    +20   36  93  284 +104   55   -8   55   -8  27  0  0 L3P EA
G05 FF 61044 041000  780 236 3069    +2266744    +25           3    +18   36  33  202  -55   32   -5   32   -5  26  0  0 L3P DA
G06 FF 61044 041000  780 233 2068    +5985165   +131          -3    +85   39   5  203  +59   79  -48   79  -48  29  0  0 L3P 39
G07 FF 61044 041000  780 682 1479    +1304339    +18         -32    -34   14  33   87   -3   52  +22   52   22  11  0  0 L3P EA
G09 FF 61044 041000  780 497  799    -7696917    -39          -8    -31   18  22  106  +11   34  +27   34   27  14  0  0 L3P 15
G11 FF 61044 041000  780 413 2535    +4864634   -175         -12    -42   29 141  122   +9   42  +30   42   30  20  0  0 L3P 12
G16 FF 61044 041000  780 166  410    -1808310   -147           6    -70   26  23  280  +28   11  +57   11   57  21  0  0 L3P E9
G20 FF 61044 041000  780 549 2920    -3618213    -29           1    -30   20  76   99   -7   30  +20   30   20  14  0  0 L3P C3
G21 FF 61044 041000  780 536 2952    -3726085    -85         -24     +3   18  67  100   -9   29   -9   29   -9  12  0  0 L3P F1
G30 FF 61044 041000  780 458 1941     -765330    -86         -10    +36   19  50  113  -15   52  -42   52  -42  15  0  0 L3P 0B
G04 FF 61044 042600  780 103  834     -359522   -101           1    -76   57  93  439 +242   41  +66   41   66  44  0  0 L3P 04
G05 FF 61044 042600  780 303 3066    +2266746    +39          -1    +33   31  33  160  -33   38  -29   38  -29  23  0  0 L3P 17
G06 FF 61044 042600  780 164 2042    +5985205   +103          -7    +57   47   5  283 +116   89  -42   89  -42  40  0  0 L3P 38
G07 FF 61044 042600  780 718 1288    +1304389    +32         -33    -20   20  33   85   -1   49  +15   49   15  14  0  0 L3P F8
G09 FF 61044 042600  780 429  839    -7696932    -40         -14    -32   19  22  118  +15   42  +28   42   28  15  0  0 L3P 1E
G11 FF 61044 042600  780 370 2454    +4864499   -125         -20     +8   24 141  134  +15   51   +2   51    2  17  0  0 L3P FD
G16 FF 61044 042600  780 143  347    -1808457    -93         -66    -15   53  23  322  +62   59   -6   59   -6  35  0  0 L3P 0D
G20 FF 61044 042600  780 602 2828    -3618236    -43         -23    -44   24  76   93   -5   47  +35   47   35  16  0  0 L3P 08
G21 FF 61044 042600  780 602 2899    -3726180    -95         -35     -8   27  67   93   -6   38   +3   38    3  18  0  0 L3P E5
G30 FF 61044 042600  780 535 1934     -765449   -155         -12    -33   21  50  101  -10   45  +21   45   21  16  0  0 L3P 0A
G05 FF 61044 044200  780 371 3052    +2266744    -13         -10    -20   26  33  134  -22   42   +6   42    6  18  0  0 L3P DF
G07 FF 61044 044200  780 721 1052    +1304452   +105         -20    +53   17  33   85   +1   37  -38   37  -38  13  0  0 L3P 03
G09 FF 61044 044200  780 363  879    -7696936    -28         -11    -20   26  22  136  +22   46  +26   46   26  19  0  0 L3P 25
G11 FF 61044 044200  780 318 2388    +4864385   -142          -6     -9   34 141  153  +24   51  +10   51   10  24  0  0 L3P 11
G13 FF 61044 044200  780 149 2648    -6905738    -25         -17    -35   43  14  314 -128   69  +30   69   30  36  0  0 L3P 45
G16 FF 61044 044200  780 110  291    -1808478    -95         -13    -18   33  23  411 +133   18   +6   18    6  27  0  0 L3P F7
G20 FF 61044 044200  780 639 2690    -3618209     +5           2     +3   18  76   90   -2   33   +5   33    5  11  0  0 L3P 8A
G21 FF 61044 044200  780 660 2797    -3726272    -75         -42    +12   20  67   88   -4   44   +1   44    1  14  0  0 L3P D8
G30 FF 61044 044200  780 611 1915     -765567   -117         -13     +4   18  50   92   -7   41   -7   41   -7  13  0  0 L3P CF
G05 FF 61044 045800  780 436 3021    +2266766     +8           6     +1   29  33  117  -14   29   +4   29    4  23  0  0 L3P B6
G07 FF 61044 045800  780 689  860    +1304515    +69          -7    +17   14  33   87   +3   30   -4   30   -4  10  0  0 L3P BD
G09 FF 61044 045800  780 298  919    -7696929    -26           4    -18   27  22  162  +32   49  +17   49   17  22  0  0 L3P 1B
G11 FF 61044 045800  780 261 2332    +4864245   -190         -18    -57   38 141  183  +40   71  +62   71   62  31  0  0 L3P 43
G13 FF 61044 045800  780 210 2687    -6905703    -39           8    -49   25  14  225  -66   45  +14   45   14  21  0  0 L3P 0D
G20 FF 61044 045800  780 650 2515    -3618211    -26           0    -27   15  76   89   +0   38  +36   38   36  10  0  0 L3P DC
G21 FF 61044 045800  780 699 2624    -3726351    -92         -37     -4   20  67   86   -1   44   +9   44    9  13  0  0 L3P DE
G30 FF 61044 045800  780 685 1867     -765685   -108         -15    +13   21  50   87   -4   39  -10   39  -10  15  0  0 L3P 19
G05 FF 61044 051400  780 498 2967    +2266759    -12          -8    -19   23  33  106   -9   36   +7   36    7  16  0  0 L3P F2
G07 FF 61044 051400  780 638  743    +1304544    +45         -28     -7   20  33   90   +5   43   -4   43   -4  12  0  0 L3P B3
G09 FF 61044 051400  780 235  958    -7696932    -88           8    -80   30  22  201  +51   56  +69   56   69  24  0  0 L3P 14
G11 FF 61044 051400  780 200 2286    +4864123    -89         -12    +44   26 141  234  +69   75  -24   75  -24  21  0  0 L3P 3A
G13 FF 61044 051400  780 273 2727    -6905715     +3         -13     -7   31  14  176  -40   51   -1   51   -1  24  0  0 L3P D3
G14 FF 61044 051400  780 146 1608    -7265325    -64          21    -39   29  61  321 -143   57  +26   57   26  24  0  0 L3P 2D
G20 FF 61044 051400  780 630 2344    -3618199    +16          10    +15   19  76   91   +3   34  -12   34  -12  15  0  0 L3P EB
G21 FF 61044 051400  780 706 2395    -3726424   -102         -27    -14   15  67   86   +1   38  +18   38   18  10  0  0 L3P 0F
G30 FF 61044 051400  780 752 1750     -765792   -105          -5    +17   13  50   84   -2   30  -13   30  -13   9  0  0 L3P D6
G05 FF 61044 053000  780 550 2882    +2266765    -20          -9    -26   19  33   99   -6   34  +21   34   21  14  0  0 L3P EB
G07 FF 61044 053000  780 576  682    +1304607    +90         -16    +38   19  33   96   +7   35  -26   35  -26  13  0  0 L3P FE
G09 FF 61044 053000  780 174  997    -7696930   -110          18   -102   43  22  268  +92   62 +109   62  109  31  0  0 L3P 57
G11 FF 61044 053000  780 139 2246    +4864003   -114          -5    +19   43 141  330 +142   77   +4   77    4  33  0  0 L3P 0D
G13 FF 61044 053000  780 338 2766    -6905695     -5          -3    -16   24  14  145  -26   37   +6   37    6  19  0  0 L3P E9
G14 FF 61044 053000  780 212 1584    -7265375     +8          -4    +33   31  61  224  -70   71  -44   71  -44  25  0  0 L3P 01
G20 FF 61044 053000  780 586 2210    -3618210    +28          -2    +27   29  76   95   +6   43  -12   43  -12  21  0  0 L3P E4
G21 FF 61044 053000  780 676 2191    -3726504    -73         -22    +15   18  67   87   +3   35   +1   35    1  12  0  0 L3P CF
G30 FF 61044 053000  780 797 1466     -765912   -120          -8     +2   13  50   82   -1   29   -5   29   -5   9  0  0 L3P B4
G05 FF 61044 055800  780 599 2649    +2266783    +16          -2    +10   22  33   93   -1   34   -5   34   -5  14  0  0 L3P D8
G07 FF 61044 055800  780 462  646    +1304704    +34          -6    -18   17  33  112  +13   30  +32   30   32  12  0  0 L3P DD
G13 FF 61044 055800  780 457 2834    -6905673    +35           2    +25   18  14  113  -14   24  -25   24  -25  14  0  0 L3P 0D
G14 FF 61044 055800  780 330 1533    -7265403    -20          10     +5   31  61  148  -28   48  -17   48  -17  22  0  0 L3P 06
G15 FF 61044 055800  780 162 2919    -3734405    -14           4    +21   36  17  289 -113   28  -27   28  -27  31  0  0 L3P 2B
G18 FF 61044 055800  780 124 3299    +4598808   -236          -2   -138   44 106  368  -63   25  +99   25   99  32  0  0 L3P 76
G20 FF 61044 055800  780 476 2070    -3618213     +9          -6     +8   25  76  109  +12   50   -4   50   -4  21  0  0 L3P C8
G21 FF 61044 055800  780 570 1993    -3726639    -81         -11     +7   24  67   96   +8   28   +1   28    1  17  0  0 L3P DD
G22 FF 61044 055800  780 193 1642     +626209    -27         -19    +14   33  69  245  -89   86  -32   86  -32  26  0  0 L3P 37
G30 FF 61044 055800  780 754  869     -766108   -150           1    -28   13  50   83   +2   24  +21   24   21   9  0  0 L3P B7
G05 FF 61044 061400  780 591 2495    +2266790    +10          -2     +3   19  33   94   +2   39   +7   39    7  15  0  0 L3P B8
G07 FF 61044 061400  780 396  649    +1304741    +80         -20    +28   23  33  126  +18   45  -11   45  -11  20  0  0 L3P 07
G08 FF 61044 061400  780 105  499    -5080354   +165          -9   +125   45  23  432  -60   80  -79   80  -79  32  0  0 L3P 3E
G13 FF 61044 061400  780 528 2870    -6905677    -23          -8    -33   21  32  101  -10   27  +23   27   23  16  0  0 L3P 04
G14 FF 61044 061400  780 398 1493    -7265434    -41           5    -16   29  62  126  -18   49   +1   49    1  22  0  0 L3P E9
G15 FF 61044 061400  780 227 2940    -3734445    -89           0    -54   35  19  209  -60   24  +36   24   36  26  0  0 L3P 0B
G18 FF 61044 061400  780 141 3236    +4598734    -99          17     -1   36 107  327  -25   17   +3   17    3  26  0  0 L3P FA
G20 FF 61044 061400  780 405 2023    -3618218     -6         -14     -7   25  77  124  +19   65  +24   65   24  17  0  0 L3P F6
G21 FF 61044 061400  780 498 1939    -3726724   -127          -9    -40   24  68  106  +12   34  +43   34   43  19  0  0 L3P 2D
G22 FF 61044 061400  780 264 1620     +626188    -24           2    +17   34  70  182  -48   69  -19   69  -19  26  0  0 L3P 0C
G30 FF 61044 061400  780 690  759     -766232    -63          -3    +59   17  51   87   +4   30  -24   30  -24  12  0  0 L3P D3
G05 FF 61044 063000  780 558 2360    +2266787     +9         -12     +2   24  33   98   +5   50  +15   50   15  17  0  0 L3P D3
G07 FF 61044 063000  780 331  660    +1304816    +44           5     -9   26  33  148  +26   40  +39   40   39  22  0  0 L3P D0
G08 FF 61044 063000  780 114  434    -5080303    +48           5     +8   58  23  397  -16   70   -7   70   -7  41  0  0 L3P C5
G13 FF 61044 063000  780 601 2904    -6905667    +63          -8    +53   17  32   93   -7   31  -34   31  -34  12  0  0 L3P F3
G14 FF 61044 063000  780 462 1438    -7265473    -76         -11    -51   27  62  112  -12   62  +39   62   39  20  0  0 L3P 1F
G15 FF 61044 063000  780 294 2955    -3734475   -100           3    -65   42  19  164  -36   28  +47   28   47  30  0  0 L3P 23
G18 FF 61044 063000  780 146 3171    +4598607   -138         -16    -41   31 107  316   +0   36  +24   36   24  22  0  0 L3P 28
G20 FF 61044 063000  780 332 1991    -3618212    +27          -9    +26   32  77  147  +29   77   +2   77    2  27  0  0 L3P F1
G21 FF 61044 063000  780 423 1905    -3726809    -85         -10     +2   25  68  120  +18   47   +0   47    0  18  0  0 L3P DF
G22 FF 61044 063000  780 337 1592     +626151    -56           5    -15   27  70  146  -29   63   +9   63    9  20  0  0 L3P CF
G30 FF 61044 063000  780 620  721     -766361    -51         -14    +71   18  51   91   +6   43  -38   43  -38  12  0  0 L3P DB
G05 FF 61044 064600  780 507 2257    +2266792    +57         -13    +51   19  33  104   +9   61  -23   61  -23  14  0  0 L3P 17
G07 FF 61044 064600  780 267  679    +1304854    +33          -7    -19   32  33  179  +40   80  +65   80   65  26  0  0 L3P 10
G08 FF 61044 064600  780 114  369    -5080276    +71          -7    +32   46  23  399  +21   82  -40   82  -40  33  0  0 L3P 0E
G13 FF 61044 064600  780 676 2933    -6905650    +44          -1    +34   18  32   87   -5   32   -8   32   -8  11  0  0 L3P DC
G14 FF 61044 064600  780 521 1363    -7265495    -72          -8    -47   21  62  103   -8   62  +49   62   49  16  0  0 L3P 10
G15 FF 61044 064600  780 364 2963    -3734506    -21           6    +14   24  19  136  -24   26   -9   26   -9  18  0  0 L3P F8
G18 FF 61044 064600  780 140 3104    +4598520   -165          -9    -67   30 107  328  +26   32  +48   32   48  23  0  0 L3P 38
G20 FF 61044 064600  780 260 1966    -3618207    +57          -5    +56   35  77  183  +48   98  -16   98  -16  29  0  0 L3P 45
G21 FF 61044 064600  780 347 1883    -3726891    -50          -7    +37   18  68  141  +28   65  -11   65  -11  13  0  0 L3P 2B
G22 FF 61044 064600  780 409 1556     +626090    -25         -17    +16   21  70  124  -19   81  -12   81  -12  16  0  0 L3P 10
G30 FF 61044 064600  780 550  714     -766473   -146         -10    -24   17  51   98   +9   51  +36   51   36  12  0  0 L3P EF
G05 FF 61044 070200  780 445 2183    +2266815    +13           3     +6   27  33  115  +14   64  +24   64   24  20  0  0 L3P D8
G07 FF 61044 070200  780 205  702    +1304901   +143         -10    +91   35  33  229  +67  144   +6  144    6  29  0  0 L3P 0A
G08 FF 61044 070200  780 102  306    -5080255    -29         -24    -69   59  23  440  +69   92  +47   92   47  41  0  0 L3P 1B
G13 FF 61044 070200  780 753 2948    -6905611    -15          28    -25   19  32   84   -3   26  +33   26   33  14  0  0 L3P F4
G14 FF 61044 070200  780 568 1259    -7265527     +3         -17    +28   25  62   97   -5   77  -12   77  -12  17  0  0 L3P 0E
G15 FF 61044 070200  780 435 2961    -3734541    -56           5    -21   21  19  117  -16   37  +32   37   32  17  0  0 L3P FD
G18 FF 61044 070200  780 123 3038    +4598443    -64           8    +34   30 107  370  +63   17  -30   17  -30  23  0  0 L3P 15
G20 FF 61044 070200  780 189 1945    -3618195    +35           6    +34   37  77  247  +90  125  +20  125   20  31  0  0 L3P 25
G21 FF 61044 070200  780 273 1868    -3726983    -73         -15    +15   27  68  175  +45  101  +22  101   22  21  0  0 L3P 3F
G22 FF 61044 070200  780 479 1506     +626057    -72         -11    -31   20  70  109  -12   80  +22   80   22  16  0  0 L3P F5
G23 FF 61044 070200  780 100 3280    -5948545    +32           5    +83   54 101  459 -256    7  -49    7  -49  46  0  0 L3P 1F
G30 FF 61044 070200  780 481  723     -766594   -107         -14    +15   23  51  108  +12   70   +9   70    9  15  0  0 L3P E2
G05 FF 61044 071800  780 377 2130    +2266825    +27           7    +20   29  33  132  +21   86  +24   86   24  21  0  0 L3P F9
G07 FF 61044 071800  780 144  729    +1304946    -37         -15    -89   48  33  320 +131  210 +118  210  118  37  0  0 L3P 66
G13 FF 61044 071800  780 830 2910    -6905618    +20          11    +10   17  32   81   -1   48  +15   48   15  12  0  0 L3P DC
G14 FF 61044 071800  780 597 1126    -7265543    -51          -8    -26   21  62   94   -2   78  +33   78   33  15  0  0 L3P 00
G15 FF 61044 071800  780 506 2942    -3734582    -70          -1    -35   25  19  105  -11   52  +36   52   36  18  0  0 L3P 10
G20 FF 61044 071800  780 120 1926    -3618207   -116          -7   -117   41  77  381 +208  182 +163  182  163  34  0  0 L3P 8E
G21 FF 61044 071800  780 200 1855    -3727076   -129         -24    -42   43  68  234  +81  143  +75  143   75  36  0  0 L3P 62
G22 FF 61044 071800  780 544 1433     +626008    -18         -21    +22   18  70  100   -8   91  -13   91  -13  13  0  0 L3P F2
G23 FF 61044 071800  780 155 3251    -5948605    -10          -6    +42   39 101  301 -103   23  -26   23  -26  28  0  0 L3P 30
G24 FF 61044 071800  780 114 2584    +1763758   -243           3    -96   34  60  406 -216   71  +85   71   85  28  0  0 L3P 40
G30 FF 61044 071800  780 413  742     -766715   -122         -18     -1   23  51  122  +17   92  +24   92   24  18  0  0 L3P F4
G05 FF 61044 073400  780 307 2091    +2266832    +12           7     +5   36  33  157  +33  120  +39  120   39  29  0  0 L3P 07
G13 FF 61044 073400  780 879 1845    -6905587    +33          33    +22   13  32   81   +0   46   -1   46   -1   9  0  0 L3P CD
G14 FF 61044 073400  780 602  977    -7265565    -29          -7     -4   19  62   93   +1   86   +4   86    4  13  0  0 L3P BD
G15 FF 61044 073400  780 576 2897    -3734624    -50         -10    -15   16  19   96   -7   70  +25   70   25  11  0  0 L3P 0A
G21 FF 61044 073400  780 131 1844    -3727152   -128         -16    -40   38  68  352 +181  194  +97  194   97  31  0  0 L3P 7F
G22 FF 61044 073400  780 597 1326     +625973    -75         -17    -34   17  70   94   -5   91  +21   91   21  13  0  0 L3P F7
G23 FF 61044 073400  780 205 3212    -5948658    -73         -10    -22   31 101  230  -53   44  +52   44   52  23  0  0 L3P 20
G24 FF 61044 073400  780 176 2619    +1763619   -206           5    -59   33  60  267  -95   79  +56   79   56  28  0  0 L3P 46
G30 FF 61044 073400  780 347  766     -766825   -135         -12    -14   17  51  141  +24  120  +49  120   49  13  0  0 L3P 2D
G05 FF 61044 075000  780 237 2060    +2266830    +43          -1    +36   29  33  200  +57  171  +36  171   36  24  0  0 L3P 1E
G13 FF 61044 075000  780 806 1430    -6905605    +28           5    +18   21  32   82   +2   74   -1   74   -1  13  0  0 L3P B5
G14 FF 61044 075000  780 582  839    -7265591    -23          -9     +2   21  62   95   +3   95  +12   95   12  15  0  0 L3P D3
G15 FF 61044 075000  780 638 2808    -3734658    -32         -10     +3   14  19   90   -5   82   +5   82    5  10  0  0 L3P C8
G17 FF 61044 075000  780 139 1213     +219177   +242         -12   +122   48  41  333 -135  307 -140  307 -140  40  0  0 L3P 7D
G22 FF 61044 075000  780 632 1181     +625925     -4         -25    +37   16  70   91   -2  105  -15  105  -15  11  0  0 L3P F3
G23 FF 61044 075000  780 249 3160    -5948691    -71           6    -20   38 101  191  -30   61  +36   61   36  31  0  0 L3P 12
G24 FF 61044 075000  780 239 2654    +1763452   -155         -21     -9   31  60  199  -52  110  +14  110   14  23  0  0 L3P 35
G30 FF 61044 075000  780 283  794     -766939   -132          -9    -10   29  51  170  +36  162  +59  162   59  21  0  0 L3P 35
G05 FF 61044 080600  780 168 2035    +2266858    +73          25    +66   45  35  276 +109  206   +8  206    8  34  0  0 L3P 36
G13 FF 61044 080600  780 727 1415    -6905587    -73          13    -83   16  33   85   +4   82  +79   82   79  11  0  0 L3P 0F
G14 FF 61044 080600  780 542  732    -7265615   -100          -7    -75   22  63  100   +6  105  +52  105   52  16  0  0 L3P 0D
G15 FF 61044 080600  780 685 2653    -3734693    -38         -13     -3   17  75   87   -2   92  +18   92   18  11  0  0 L3P 07
G17 FF 61044 080600  780 195 1165     +219288   +106         -16    -13   37  41  241  -67  261  -33  261  -33  27  0  0 L3P 53
G22 FF 61044 080600  780 640 1010     +625897    -81         -14    -40   27  71   90   +0   98  +34   98   34  19  0  0 L3P F1
G23 FF 61044 080600  780 284 3097    -5948756    -54         -15     -3   34 102  170  -17   90   +5   90    5  25  0  0 L3P 0B
G24 FF 61044 080600  780 305 2690    +1763335   -139           3     +7   30  63  159  -33  104  +17  104   17  24  0  0 L3P 1C
G30 FF 61044 080600  780 220  825     -767069   -115         -11     +7   27  18  214  +58  222  +47  222   47  21  0  0 L3P 1A
G05 FF 61044 082200  780 102 2011    +2266857     +8          18     +1   34  35  447 +278  268  +29  268   29  31  0  0 L3P 2E
G13 FF 61044 082200  780 647 1428    -6905587     +8           2     -2   18  33   89   +6  106  +25  106   25  13  0  0 L3P E5
G14 FF 61044 082200  780 489  658    -7265644     +6         -12    +31   23  63  107  +10  118  -21  118  -21  15  0  0 L3P 24
G15 FF 61044 082200  780 701 2433    -3734726    -25         -12    +10   18  75   86   +0  104   +6  104    6  12  0  0 L3P E5
G17 FF 61044 082200  780 248 1110     +219421   +103           3    -16   32  41  192  -38  213  -18  213  -18  26  0  0 L3P 17
G19 FF 61044 082200  780 142 1328    -6839034    -56           1    -38   43  55  327 -135  319  -68  319  -68  32  0  0 L3P 62
G22 FF 61044 082200  780 620  852     +625849    -69         -23    -28   17  71   91   +3  112  +27  112   27  12  0  0 L3P F9
G23 FF 61044 082200  780 307 3023    -5948812    -33         -22    +19   32 102  158   -8  105  +12  105   12  21  0  0 L3P 29
G24 FF 61044 082200  780 372 2725    +1763182    -93          -9    +54   33  63  134  -22  118  -34  118  -34  25  0  0 L3P 43
G30 FF 61044 082200  780 159  857     -767187   -170         -13    -49   34  18  291 +108  266  +91  266   91  26  0  0 L3P 66
G10 FF 61044 083800  780 129 3315    +5798489    +10           9    -22   48  76  357 -116  104  +38  104   38  37  0  0 L3P 51
G13 FF 61044 083800  780 567 1449    -6905596     +6         -16     -5   18  33   97   +9  136  +24  136   24  12  0  0 L3P 18
G14 FF 61044 083800  780 429  612    -7265654    +16           2    +41   25  63  118  +14  113  -21  113  -21  19  0  0 L3P 12
G15 FF 61044 083800  780 679 2216    -3734746    -59           1    -24   18  75   87   +2  101  +18  101   18  13  0  0 L3P 0E
G17 FF 61044 083800  780 296 1047     +219521   +129         -12    +10   32  41  164  -23  219  -33  219  -33  23  0  0 L3P 44
G19 FF 61044 083800  780 201 1289    -6839046    +36           6    +54   29  55  235  -68  265  -44  265  -44  23  0  0 L3P 56
G22 FF 61044 083800  780 578  735     +625805    -18         -28    +22   14  71   95   +5  115  -18  115  -18  10  0  0 L3P 11
G23 FF 61044 083800  780 316 2942    -5948831    +20           8    +72   30 102  154   -1   96  -40   96  -40  22  0  0 L3P 11
G24 FF 61044 083800  780 442 2759    +1763039   -176         -11    -29   27  63  116  -15  115  +28  115   28  21  0  0 L3P 61
G10 FF 61044 085400  780 168 3265    +5798496    +51         -15    +19   28  76  278  -57  139   -9  139   -9  21  0  0 L3P 5F
G12 FF 61044 085400  780 150 2163    +6061203    +95         -24    +90   31  70  312 -140  292  -99  292  -99  28  0  0 L3P 68
G13 FF 61044 085400  780 489 1471    -6905602     -3         -32    -13   17  33  107  +13  159  +23  159   23  12  0  0 L3P 2E
G14 FF 61044 085400  780 365  586    -7265673    -44           7    -19   38  63  135  +21  122  +38  122   38  29  0  0 L3P 2C
G15 FF 61044 085400  780 628 2066    -3734781    -40           0     -4   19  75   91   +5  108  +14  108   14  14  0  0 L3P F1
G17 FF 61044 085400  780 335  974     +219653   +167           6    +48   24  41  146  -14  170  -60  170  -60  18  0  0 L3P 2A
G19 FF 61044 085400  780 259 1243    -6839068    -43           2    -25   32  55  185  -39  248   -8  248   -8  22  0  0 L3P 34
G22 FF 61044 085400  780 523  659     +625771     -8         -22    +33   26  71  102   +8  114  -15  114  -15  19  0  0 L3P 03
G23 FF 61044 085400  780 310 2859    -5948893     -3          -5    +48   25 102  156   +6  127   +2  127    2  17  0  0 L3P 08
G24 FF 61044 085400  780 514 2791    +1762901   -184          -8    -37   18  63  103  -11  108  +26  108   26  13  0  0 L3P 45
G10 FF 61044 091000  780 197 3207    +5798531     +0         -11    -32   41  76  238  -29  150  +44  150   44  30  0  0 L3P 26
G12 FF 61044 091000  780 218 2185    +6061213    -28         -18    -32   42  70  217  -68  241  -20  241  -20  36  0  0 L3P 3C
G13 FF 61044 091000  780 412 1492    -6905575    +40         -15    +29   21  33  122  +19  164  +11  164   11  17  0  0 L3P 2F
G14 FF 61044 091000  780 300  575    -7265708    -36          -4    -11   32  63  161  +33  163  +55  163   55  24  0  0 L3P 19
G15 FF 61044 091000  780 562 1975    -3734812    -62           3    -27   22  75   97   +8  114  +43  114   43  17  0  0 L3P 0A
G17 FF 61044 091000  780 364  892     +219766   +146           4    +27   26  41  136   -7  150  -34  150  -34  20  0  0 L3P 0B
G19 FF 61044 091000  780 314 1188    -6839072     +6          16    +24   24  55  155  -24  191  -39  191  -39  17  0  0 L3P 45
G22 FF 61044 091000  780 462  615     +625736    -67         -18    -27   21  71  112  +12  128  +51  128   51  13  0  0 L3P 12
G23 FF 61044 091000  780 291 2778    -5948946   -109          -9    -58   32 102  166  +14  151  +58  151   58  24  0  0 L3P 72
G24 FF 61044 091000  780 588 2819    +1762765   -181          -4    -35   17  63   95   -8  105  +22  105   22  10  0  0 L3P 27
G10 FF 61044 092600  780 216 3141    +5798570    +37          -1     +6   34  76  218  -13  159   +8  159    8  23  0  0 L3P 0A
G12 FF 61044 092600  780 289 2210    +6061204    +69         -32    +65   28  70  167  -39  213  -89  213  -89  23  0  0 L3P 61
G13 FF 61044 092600  780 337 1513    -6905563    +51         -13    +40   25  33  145  +29  194   -5  194   -5  19  0  0 L3P 33
G14 FF 61044 092600  780 234  575    -7265734    -65          -6    -40   41  63  202  +54  210  +75  210   75  31  0  0 L3P 1E
G15 FF 61044 092600  780 489 1921    -3734851    -42          -3     -6   28  75  107  +12  138  +29  138   29  25  0  0 L3P 37
G17 FF 61044 092600  780 378  804     +219873    +97          -4    -22   39  41  131   -2  169  +37  169   37  27  0  0 L3P 1A
G19 FF 61044 092600  780 363 1122    -6839092    +29          13    +47   24  55  136  -15  170  -52  170  -52  18  0  0 L3P 4D
G22 FF 61044 092600  780 397  592     +625713    -53          -2    -12   28  71  126  +18  139  +31  139   31  21  0  0 L3P 0E
G23 FF 61044 092600  780 259 2703    -5948991    -43          -5     +8   44 102  184  +25  167  +23  167   23  36  0  0 L3P 49
G24 FF 61044 092600  780 664 2839    +1762625   -169          -2    -22   13  63   88   -5  107  +25  107   25   9  0  0 L3P 23
G10 FF 61044 094200  780 223 3070    +5798583   +135         -20   +103   33  76  212   -1  188  -73  188  -73  24  0  0 L3P 67
G12 FF 61044 094200  780 361 2238    +6061210     +9         -30     +4   24  70  137  -25  185   -7  185   -7  18  0  0 L3P 02
G13 FF 61044 094200  780 264 1532    -6905563    +13         -22     +3   26  33  181  +47  238  +60  238   60  21  0  0 L3P 29
G14 FF 61044 094200  780 170  583    -7265711    +75          41   +100   51  63  273 +100  225  +11  225   11  45  0  0 L3P 2F
G15 FF 61044 094200  780 415 1887    -3734882     +3           0    +38   27  75  122  +19  166   +2  166    2  22  0  0 L3P F7
G17 FF 61044 094200  780 378  715     +219982   +116          -9     -4   24  41  132   +3  179  +10  179   10  18  0  0 L3P 01
G19 FF 61044 094200  780 403 1043    -6839132    -16         -10     +2   21  55  125   -9  178   -2  178   -2  15  0  0 L3P 03
G22 FF 61044 094200  780 333  584     +625668    -77          -8    -37   30  71  147  +26  173  +52  173   52  23  0  0 L3P 1E
G23 FF 61044 094200  780 217 2636    -5949040    -32          -4    +19   36 102  216  +44  190   +5  190    5  28  0  0 L3P 1E
G24 FF 61044 094200  780 740 2841    +1762488   -157           1    -10   16  63   84   -3  107   +2  107    2  11  0  0 L3P E4
G10 FF 61044 095800  780 217 2997    +5798637    +16           4    -16   37  76  217  +11  182  +21  182   21  28  0  0 L3P 3D
G12 FF 61044 095800  780 434 2268    +6061215    -46         -29    -50   15  70  118  -17  169  +17  169   17  12  0  0 L3P 51
G13 FF 61044 095800  780 193 1548    -6905537    +19          -7     +9   34  33  243  +87  283  +58  283   58  27  0  0 L3P 4E
G15 FF 61044 095800  780 340 1866    -3734906    -30          10     +5   37  75  144  +28  190  +19  190   19  32  0  0 L3P 32
G17 FF 61044 095800  780 362  632     +220081   +109         -25    -10   26  41  136   +8  182  -20  182  -20  18  0  0 L3P 1A
G19 FF 61044 095800  780 431  952    -6839139    -25           1     -7   22  55  118   -5  177  +14  177   14  17  0  0 L3P 0A
G22 FF 61044 095800  780 269  587     +625608    -21         -29    +20   28  71  178  +40  211  +22  211   22  22  0  0 L3P 1A
G23 FF 61044 095800  780 170 2577    -5949077    -31           7    +20   33 102  274  +80  219  +34  219   34  25  0  0 L3P 44
G24 FF 61044 095800  780 817 2772    +1762345   -108          -1    +39   15  63   82   -2  114  -20  114  -20  11  0  0 L3P 24
G10 FF 61044 101400  780 199 2925    +5798651    -29         -12    -61   37  77  235  +27  201  +64  201   64  24  0  0 L3P 4D
G12 FF 61044 101400  780 509 2302    +6061212     +3         -37     -2   20  82  104  -12  162   +2  162    2  14  0  0 L3P C6
G13 FF 61044 101400  780 123 1562    -6905529     -1          -4    -11   58  34  371 +200  358  +91  358   91  43  0  0 L3P 2F
G15 FF 61044 101400  780 267 1850    -3734945    +19           8    +54   29  77  179  +46  232  +16  232   16  24  0  0 L3P 36
G17 FF 61044 101400  780 333  559     +220220    +77           2    -42   32  56  147  +14  176  +50  176   50  24  0  0 L3P EE
G19 FF 61044 101400  780 443  852    -6839155    +33           6    +52   26  56  116   -1  168  -61  168  -61  22  0  0 L3P 18
G22 FF 61044 101400  780 206  598     +625582   -103         -17    -62   32  72  228  +67  230  +79  230   79  24  0  0 L3P 37
G23 FF 61044 101400  780 117 2525    -5949134    -99           5    -48   32 103  388 +172  276  +84  276   84  25  0  0 L3P 68
G24 FF 61044 101400  780 869 2077    +1762199   -109          -5    +38   13  67   81   +0  124  -20  124  -20   9  0  0 L3P 1A
G25 FF 61044 101400  780 134 2402    -4520718    +70          15    +48   49  44  348 -165  282  -92  282  -92  37  0  0 L3P 63
G32 FF 61044 101400  780 152 3195    +1782592   -155         -23    +12   39  49  307 -117  197  -26  197  -26  28  0  0 L3P 89
G10 FF 61044 103000  780 171 2858    +5798692    +10          -1    -22   39  77  271  +51  219  +42  219   42  30  0  0 L3P 30
G12 FF 61044 103000  780 586 2338    +6061231    +50         -22    +45   24  82   95   -8  152  -30  152  -30  18  0  0 L3P 19
G15 FF 61044 103000  780 196 1838    -3734990     +2          -4    +37   35  77  239  +83  289  +38  289   38  27  0  0 L3P 4B
G17 FF 61044 103000  780 293  500     +220314   +108         -18    -12   32  56  165  +23  223  +38  223   38  22  0  0 L3P 0F
G19 FF 61044 103000  780 437  752    -6839166    -46          13    -27   22  56  117   +3  167  +36  167   36  17  0  0 L3P 26
G22 FF 61044 103000  780 145  615     +625530     -5         -30    +36   36  72  318 +130  293  +45  293   45  31  0  0 L3P 0E
G24 FF 61044 103000  780 812 1462    +1762070   -189           6    -43   17  67   82   +2  123  +39  123   39  12  0  0 L3P 0B
G25 FF 61044 103000  780 198 2435    -4520702    +23          10     +0   39  44  239  -77  244  -29  244  -29  27  0  0 L3P 32
G32 FF 61044 103000  780 209 3172    +1782442   -125         -12    +42   33  49  226  -59  191  -23  191  -23  22  0  0 L3P 54
G10 FF 61044 104600  780 134 2796    +5798725    +35           1     +3   37  77  342 +101  245  +51  245   51  30  0  0 L3P 22
G12 FF 61044 104600  780 663 2379    +6061237     -1         -20     -6   19  82   88   -5  152   +6  152    6  13  0  0 L3P D7
G15 FF 61044 104600  780 128 1826    -3735017    -88           3    -52   35  77  358 +183  325  +98  325   98  28  0  0 L3P 60
G17 FF 61044 104600  780 245  454     +220448   +101           1    -19   33  56  194  +39  225  +28  225   28  25  0  0 L3P 0D
G19 FF 61044 104600  780 413  661    -6839200     -2          -4    +17   25  56  122   +8  191   -1  191   -1  21  0  0 L3P D5
G24 FF 61044 104600  780 734 1399    +1761921   -233          -2    -86   15  67   84   +4  143  +73  143   73  10  0  0 L3P 28
G25 FF 61044 104600  780 263 2471    -4520683    +34           7    +11   33  44  182  -44  224  -28  224  -28  24  0  0 L3P 2C
G32 FF 61044 104600  780 263 3137    +1782293   -151          -1    +16   31  49  182  -34  186   -5  186   -5  23  0  0 L3P 2F
G06 FF 61044 110200  780 147  911    +5986315    -61          25   -106   43  43  315  -96  336   -7  336   -7  30  0  0 L3P 26
G12 FF 61044 110200  780 740 2428    +6061256    +24          -5    +20   20  82   84   -3  134  -21  134  -21  13  0  0 L3P F3
G17 FF 61044 110200  780 192  421     +220561   +148          -1    +29   31  56  244  +68  248   +7  248    7  22  0  0 L3P F1
G19 FF 61044 110200  780 376  585    -6839203     +4          11    +22   33  56  132  +13  186  -12  186  -12  27  0  0 L3P 19
G24 FF 61044 110200  780 655 1396    +1761773   -124          -9    +22   17  67   89   +6  155   -8  155   -8  13  0  0 L3P 1C
G25 FF 61044 110200  780 330 2508    -4520674     +4          -6    -18   31  44  148  -28  202  -17  202  -17  21  0  0 L3P 16
G32 FF 61044 110200  780 311 3088    +1782149   -170          15     -3   29  49  156  -21  172  -12  172  -12  23  0  0 L3P 34
G06 FF 61044 111800  780 190  851    +5986322     +8         -12    -37   30  43  247  -50  321   -6  321   -6  25  0  0 L3P 03
G12 FF 61044 111800  780 817 2503    +6061273    +21           7    +16   19  82   82   -2  121  -12  121  -12  13  0  0 L3P EC
G17 FF 61044 111800  780 136  399     +220691   +116          14     -4   42  56  339 +141  271  +87  271   87  33  0  0 L3P 2E
G19 FF 61044 111800  780 327  527    -6839227    -32           4    -14   30  56  149  +22  201  +15  201   15  24  0  0 L3P 07
G24 FF 61044 111800  780 577 1409    +1761632   -119          -9    +27   18  67   95   +8  166   -1  166   -1  12  0  0 L3P 19
G25 FF 61044 111800  780 399 2548    -4520644    +18           2     -4   23  44  126  -19  168  -32  168  -32  19  0  0 L3P 30
G32 FF 61044 111800  780 350 3025    +1781988   -146          15    +21   27  49  141  -13  169  -13  169  -13  19  0  0 L3P 5C
G06 FF 61044 113400  780 224  784    +5986368    +31          -9    -14   25  43  211  -28  271  -35  271  -35  18  0  0 L3P 39
G12 FF 61044 113400  780 888 3156    +6061279    +12           9     +8   17  82   81   +0  120   +0  120    0  12  0  0 L3P B1
G19 FF 61044 113400  780 272  485    -6839251    -46          -2    -28   33  56  176  +36  218  +45  218   45  22  0  0 L3P 35
G24 FF 61044 113400  780 500 1427    +1761499   -150          -1     -4   23  67  105  +12  173  +21  173   21  16  0  0 L3P 18
G25 FF 61044 113400  780 469 2590    -4520622    -14           2    -37   20  44  111  -13  152  +19  152   19  14  0  0 L3P 12
G29 FF 61044 113400  780 100 1990    +3986922    +30          52    +93   40  10  463 -310  333  -86  333  -86  33  0  0 L3P 57
G32 FF 61044 113400  780 378 2948    +1781830   -212          18    -45   32  49  132   -7  168  +46  168   46  23  0  0 L3P 4D
G06 FF 61044 115000  780 249  712    +5986416    +42          -5     -3   30  43  191  -14  237  -26  237  -26  23  0  0 L3P 19
G11 FF 61044 115000  780 173 1151    +4860982   -106          21    +27   27 145  271  -84  340 -148  340 -148  22  0  0 L3P 83
G12 FF 61044 115000  780 827  611    +6061294    +36          19    +32   20  82   81   +1  119  -25  119  -25  14  0  0 L3P FC
G19 FF 61044 115000  780 212  457    -6839247    -71          20    -53   40  56  222  +62  227  +60  227   60  32  0  0 L3P 20
G24 FF 61044 115000  780 424 1446    +1761357    -85          -3    +61   27  67  119  +18  189  -14  189  -14  21  0  0 L3P 4B
G25 FF 61044 115000  780 540 2635    -4520607    +33          -4    +10   19  44  100  -10  150   -2  150   -2  14  0  0 L3P EA
G28 FF 61044 115000  780 137 3049    +6156793   -118          15    -70   37 174  340 -156  239  +46  239   46  26  0  0 L3P 86
G29 FF 61044 115000  780 169 1998    +3986842    -25          33    +39   29  10  278 -115  317  -92  317  -92  21  0  0 L3P 7B
G32 FF 61044 115000  780 392 2860    +1781659   -140           7    +27   29  49  128   -2  175  -18  175  -18  23  0  0 L3P 44
G06 FF 61044 120600  780 262  635    +5986462    -29          -1    -74   35  44  182   -4  209  +38  209   38  28  0  0 L3P 25
G11 FF 61044 120600  780 225 1098    +4860834   -136           7     -3   25 146  210  -46  273  -55  273  -55  19  0  0 L3P 4C
G12 FF 61044 120600  780 751  696    +6061284     -2           1     -7   15  89   84   +3  130  +11  130   11  11  0  0 L3P B2
G19 FF 61044 120600  780 150  441    -6839287    -78           1    -60   48  58  308 +127  269  +85  269   85  39  0  0 L3P 56
G24 FF 61044 120600  780 351 1465    +1761202    -77         -15    +70   26  68  140  +26  223  -32  223  -32  18  0  0 L3P 3F
G25 FF 61044 120600  780 613 2684    -4520583    +50          -7    +27   25  49   92   -7  143  -26  143  -26  16  0  0 L3P 22
G28 FF 61044 120600  780 201 3058    +6156755   -105          23    -57   42 174  235  -75  216  +15  216   15  33  0  0 L3P 59
G29 FF 61044 120600  780 240 2008    +3986767    -23          17    +41   30  11  199  -58  254  -79  254  -79  21  0  0 L3P 5C
G32 FF 61044 120600  780 389 2768    +1781524   -102          31    +65   26  50  128   +3  161  -39  161  -39  19  0  0 L3P 4C
G06 FF 61044 122200  780 261  558    +5986491    +74         -16    +28   34  44  182   +5  201  -30  201  -30  23  0  0 L3P 21
G11 FF 61044 122200  780 273 1038    +4860707   -173           7    -40   22 146  176  -28  228  -16  228  -16  16  0  0 L3P 57
G12 FF 61044 122200  780 677  751    +6061286    +42          -2    +37   23  89   87   +5  129  -22  129  -22  16  0  0 L3P 0E
G24 FF 61044 122200  780 279 1484    +1761070   -142          -7     +4   23  68  172  +41  256  +38  256   38  14  0  0 L3P 35
G25 FF 61044 122200  780 686 2740    -4520556    +49          -2    +26   25  49   87   -5  127  -30  127  -30  16  0  0 L3P 21
G28 FF 61044 122200  780 266 3059    +6156691    -30           5    +18   34 174  181  -43  200  -55  200  -55  25  0  0 L3P 40
G29 FF 61044 122200  780 313 2020    +3986717    -92          29    -28   20  11  156  -34  212   +8  212    8  16  0  0 L3P 0B
G32 FF 61044 122200  780 371 2678    +1781361    -94          28    +73   23  50  134   +8  170  -48  170  -48  17  0  0 L3P 3C
G06 FF 61044 123800  780 248  485    +5986548    +50          -2     +4   24  44  192  +15  195   -1  195   -1  20  0  0 L3P 00
G11 FF 61044 123800  780 314  968    +4860561   -104         -11    +29   33 146  155  -17  207  -81  207  -81  24  0  0 L3P 64
G12 FF 61044 123800  780 604  799    +6061278    -45         -14    -49   23  89   93   +7  137  +44  137   44  16  0  0 L3P 2B
G24 FF 61044 123800  780 210 1500    +1760936    -89           0    +57   28  68  224  +71  294   +3  294    3  24  0  0 L3P 05
G25 FF 61044 123800  780 760 2813    -4520532    +19           1     -3   19  49   83   -3  115  -11  115  -11  12  0  0 L3P E9
G28 FF 61044 123800  780 331 3050    +6156653    -83          13    -35   25 174  148  -27  165   +0  165    0  18  0  0 L3P 25
G29 FF 61044 123800  780 389 2032    +3986630    -79           3    -16   27  11  129  -22  208  -55  208  -55  20  0  0 L3P 42
G32 FF 61044 123800  780 339 2596    +1781187   -169          14     -2   24  50  145  +15  190  +17  190   17  18  0  0 L3P 43
G06 FF 61044 125400  780 221  419    +5986569    +68         -25    +22   37  44  213  +29  212   +7  212    7  26  0  0 L3P 15
G11 FF 61044 125400  780 344  889    +4860442   -134          -2     -1   25 146  143   -9  177  -37  177  -37  20  0  0 L3P 39
G12 FF 61044 125400  780 533  844    +6061296     -3          -1     -8   21  89  101  +10  127  +13  127   13  15  0  0 L3P E5
G24 FF 61044 125400  780 143 1515    +1760785   -216         -10    -69   28  68  323 +147  347 +101  347  101  22  0  0 L3P 89
G25 FF 61044 125400  780 834 2962    -4520516    +44          -5    +21   15  49   81   -1  117  -16  117  -16  11  0  0 L3P 12
G28 FF 61044 125400  780 396 3027    +6156620     -9          26    +38   38 174  127  -18  139  -58  139  -58  26  0  0 L3P 6A
G29 FF 61044 125400  780 466 2045    +3986590   -101          23    -37   24  11  111  -15  145   -3  145   -3  19  0  0 L3P 2C
G31 FF 61044 125400  780 101 3118    +1744382    -13          -6     +8   39  24  454 -283  265  -28  265  -28  27  0  0 L3P 48
G32 FF 61044 125400  780 296 2525    +1781015   -127           2    +40   22  50  163  +24  210  -10  210  -10  18  0  0 L3P 19
G06 FF 61044 131000  780 185  363    +5986635    +26          -3    -19   37  44  252  +54  203  +12  203   12  24  0  0 L3P 14
G11 FF 61044 131000  780 362  803    +4860303   -190         -14    -57   29 146  137   -3  162  +34  162   34  19  0  0 L3P 38
G12 FF 61044 131000  780 463  888    +6061299     +8          -2     +3   28  89  111  +13  138   +8  138    8  20  0  0 L3P DB
G25 FF 61044 131000  780 873  406    -4520483    +33           6    +10   12  49   81   +0  112   -2  112   -2   8  0  0 L3P A4
G28 FF 61044 131000  780 457 2986    +6156551    -19           2    +28   26 174  113  -12  140  -25  140  -25  18  0  0 L3P 42
G29 FF 61044 131000  780 544 2055    +3986539    -61          34     +3   32  11   99  -10  120  -17  120  -17  25  0  0 L3P 16
G31 FF 61044 131000  780 166 3117    +1744374    +44           5    +64   39  24  282 -110  223  -80  223  -80  28  0  0 L3P 37
G32 FF 61044 131000  780 246 2463    +1780858   -196           7    -29   29  50  193  +40  224  +66  224   66  24  0  0 L3P 46
G06 FF 61044 132600  780 141  316    +5986684    +92           2    +47   47  44  327 +109  177  -47  177  -47  35  0  0 L3P 53
G11 FF 61044 132600  780 364  714    +4860187   -129          -2     +4   30 146  136   +2  152   -4  152   -4  21  0  0 L3P F5
G12 FF 61044 132600  780 396  930    +6061298    +41          -8    +36   25  89  127  +18  159  -15  159  -15  18  0  0 L3P 44
G25 FF 61044 132600  780 808  894    -4520457    +56          10    +33   15  49   82   +2  105  -34  105  -34  10  0  0 L3P 07
G28 FF 61044 132600  780 513 2919    +6156512    -60           9    -12   23 174  104   -8  123   +1  123    1  17  0  0 L3P F1
G29 FF 61044 132600  780 623 2059    +3986440    -88          -4    -25   21  11   91   -7  135   +9  135    9  16  0  0 L3P FA
G31 FF 61044 132600  780 230 3107    +1744339   -107         -10    -87   43  24  206  -56  202  +31  202   31  31  0  0 L3P 35
G32 FF 61044 132600  780 191 2410    +1780702   -264          10    -97   32  50  245  +71  253 +107  253  107  26  0  0 L3P 5D
G11 FF 61044 134200  780 351  630    +4860054   -146          -8    -13   30 146  140   +7  144  -10  144  -10  24  0  0 L3P 1B
G12 FF 61044 134200  780 330  971    +6061305    -97          -4   -102   31  89  148  +27  161  +91  161   91  27  0  0 L3P 30
G25 FF 61044 134200  780 733  998    -4520441    +13           4    -10   16  49   84   +3  103   +4  103    4  11  0  0 L3P B5
G28 FF 61044 134200  780 556 2822    +6156454    -28          -3    +20   18 174   98   -4  122  -28  122  -28  13  0  0 L3P 33
G29 FF 61044 134200  780 702 2047    +3986393    -74          11    -10   20  11   86   -4  114   -3  114   -3  13  0  0 L3P EA
G31 FF 61044 134200  780 294 3085    +1744316     +0         -14    +20   34  24  165  -33  173  -59  173  -59  23  0  0 L3P 39
G32 FF 61044 134200  780 134 2364    +1780554     -3          23   +164   51  50  344 +146  301  -48  301  -48  33  0  0 L3P 46
G11 FF 61044 135800  780 323  555    +4859943   -143           9    -10   30 146  151  +14  120   +0  120    0  21  0  0 L3P F4
G12 FF 61044 135800  780 265 1011    +6061304    +10         -10     +5   22  89  180  +41  185   +0  185    0  17  0  0 L3P EA
G25 FF 61044 135800  780 659 1061    -4520413    +39          10    +16   21  49   88   +5   94  -26   94  -26  14  0  0 L3P 07
G26 FF 61044 135800  780 180 2887    +3058979     +3          31    -58   50   1  261  -92  209   +9  209    9  40  0  0 L3P 09
G28 FF 61044 135800  780 582 2693    +6156401    -51         -10     -3   18 174   95   -2  121   -8  121   -8  12  0  0 L3P 08
G29 FF 61044 135800  780 779 1983    +3986309    -43         -12    +21   16  11   83   -2  111  -28  111  -28  10  0  0 L3P 33
G31 FF 61044 135800  780 354 3049    +1744281    -47         -29    -26   35  24  139  -21  153   -6  153   -6  26  0  0 L3P 37
G11 FF 61044 141400  780 284  493    +4859796   -137          -8     -4   30 147  169  +24  137  +13  137   13  22  0  0 L3P 40
G12 FF 61044 141400  780 202 1050    +6061303    -32         -11    -36   24   0  232  +70  187  +36  187   36  19  0  0 L3P 12
G18 FF 61044 141400  780 123 1805    +4595930    +55          21   +153   43 111  377 -210  284 -269  284 -269  30  0  0 L3P A7
G20 FF 61044 141400  780 163  716    -3618161    -42           2    -43   39  81  285  -49  166  -17  166  -17  33  0  0 L3P 2C
G25 FF 61044 141400  780 585 1111    -4520409     +5          -6    -18   22  50   95   +8  103  +10  103   10  15  0  0 L3P DA
G26 FF 61044 141400  780 244 2908    +3059025     -8          18    -69   36   1  195  -51  167   +8  167    8  26  0  0 L3P 07
G28 FF 61044 141400  780 583 2548    +6156351    -68         -14    -21   33 174   95   +1  114   +0  114    0  23  0  0 L3P 02
G29 FF 61044 141400  780 843 1674    +3986288    -52          25    +11   18  12   81   -1   74  -14   74  -14  12  0  0 L3P 05
G31 FF 61044 141400  780 409 2994    +1744267    -15         -23     +5   17  24  123  -13  124  -28  124  -28  12  0  0 L3P 36
G11 FF 61044 143000  780 237  444    +4859684   -131           8     +2   37 147  200  +41  130   +7  130    7  28  0  0 L3P F3
G18 FF 61044 143000  780 193 1799    +4595830   -105          15     -7   32 111  244  -89  207  -45  207  -45  25  0  0 L3P 67
G20 FF 61044 143000  780 186  650    -3618163     -3          -2     -4   34  81  251  -25  150  -16  150  -16  28  0  0 L3P F7
G21 FF 61044 143000  780 115  671    -3729336    -65           2    +22   42  72  396 -102  170  -45  170  -45  35  0  0 L3P 2C
G25 FF 61044 143000  780 512 1155    -4520394    +12         -13    -10   24  50  103  +11  111  +15  111   15  17  0  0 L3P 09
G26 FF 61044 143000  780 311 2925    +3059104    +27          38    -34   26   1  156  -32  110  -27  110  -27  19  0  0 L3P 1C
G28 FF 61044 143000  780 559 2412    +6156312    -54         -10     -6   33 176   98   +4   97   +2   97    2  22  0  0 L3P DF
G29 FF 61044 143000  780 831  930    +3986220    -74          19    -10   15  12   81   +1   69   -4   69   -4  11  0  0 L3P C4
G31 FF 61044 143000  780 454 2919    +1744239    -21         -31     -1   30  24  113   -8  109  -21  109  -21  25  0  0 L3P 14
G04 FF 61044 144600  780 110 3287     -360405    -81          37    -56   50  98  411  -28  144  +30  144   30  35  0  0 L3P 1E
G05 FF 61044 144600  780 146  913    +2267000    -51           6    -58   44  38  318  -97  167   -1  167   -1  33  0  0 L3P 05
G11 FF 61044 144600  780 184  408    +4859548   -123           0    +10   48 147  254  +75  132  -16  132  -16  36  0  0 L3P 46
G18 FF 61044 144600  780 266 1793    +4595742   -126          20    -28   26 111  181  -48  157  -42  157  -42  20  0  0 L3P 78
G20 FF 61044 144600  780 199  580    -3618164    +31          -4    +30   46  81  235   -9  132  -37  132  -37  35  0  0 L3P 1E
G21 FF 61044 144600  780 141  607    -3729414    -81           8     +7   47  72  326  -49  136  -46  136  -46  33  0  0 L3P 21
G25 FF 61044 144600  780 441 1195    -4520374    +30         -15     +8   28  50  116  +15  124  +12  124   12  22  0  0 L3P 14
G26 FF 61044 144600  780 379 2934    +3059151    +48          27    -14   26   1  131  -21   99  -14   99  -14  18  0  0 L3P 20
G28 FF 61044 144600  780 516 2302    +6156267    -39          -9     +9   23 176  103   +8   90   -4   90   -4  17  0  0 L3P F1
G29 FF 61044 144600  780 763  727    +3986135    -88          -6    -24   18  12   83   +3   79  +19   79   19  14  0  0 L3P 04
G31 FF 61044 144600  780 485 2822    +1744236     +0         -15    +20   27  24  108   -4   88  -24   88  -24  19  0  0 L3P 0C
G04 FF 61044 150200  780 112 3222     -360454    -79          12    -54   58  98  404  +11  159  +33  159   33  38  0  0 L3P 25
G05 FF 61044 150200  780 187  852    +2266994    -51          -6    -58   35  38  250  -51  153   +4  153    4  26  0  0 L3P 07
G11 FF 61044 150200  780 127  383    +4859417   -178          -4    -45   52 147  362 +164  121  +25  121   25  43  0  0 L3P 53
G16 FF 61044 150200  780 105 2939    -1811320    +14           0    +91   61  61  439 -261  212 -144  212 -144  39  0  0 L3P 54
G18 FF 61044 150200  780 340 1785    +4595635    -72           8    +26   34 111  145  -29  129  -58  129  -58  25  0  0 L3P 5D
G20 FF 61044 150200  780 201  511    -3618151    -18           8    -19   34  81  233   +5  110   -8  110   -8  25  0  0 L3P CC
G21 FF 61044 150200  780 158  541    -3729510   -126          -4    -38   36  72  294  -21  120  +12  120   12  29  0  0 L3P 1D
G25 FF 61044 150200  780 371 1231    -4520346     +3          -9    -20   24  50  134  +22  132  +34  132   34  18  0  0 L3P F9
G26 FF 61044 150200  780 449 2933    +3059198    +59          15     -3   29   1  115  -15   94   -7   94   -7  20  0  0 L3P E9
G28 FF 61044 150200  780 459 2220    +6156224    -27          -7    +20   32 176  112  +12   95   -2   95   -2  23  0  0 L3P FA
G29 FF 61044 150200  780 689  689    +3986066    -63         -13     +0   23  12   87   +4   81  +11   81   11  17  0  0 L3P E3
G31 FF 61044 150200  780 497 2710    +1744202    -54         -29    -33   27  24  106   +0   99  +24   99   24  18  0  0 L3P 0F
G04 FF 61044 151800  780 104 3158     -360504    -95         -14    -70   46  98  435  +55  168  +46  168   46  32  0  0 L3P 47
G05 FF 61044 151800  780 221  785    +2266995     +0         -11     -7   33  38  214  -28  128  -23  128  -23  25  0  0 L3P 1D
G16 FF 61044 151800  780 169 2962    -1811393    +37           1   +114   41  61  277 -107  149 -129  149 -129  31  0  0 L3P 8A
G18 FF 61044 151800  780 417 1774    +4595537   -195           4    -98   26 111  122  -19  106  +60  106   60  18  0  0 L3P 5B
G20 FF 61044 151800  780 190  443    -3618168     +7         -10     +5   30  81  245  +20  102  -13  102  -13  21  0  0 L3P F3
G21 FF 61044 151800  780 163  473    -3729599    -60          -9    +27   45  72  284   +0  108  -39  108  -39  32  0  0 L3P 34
G25 FF 61044 151800  780 302 1265    -4520324    +25          -9     +2   35  50  160  +34  139  +12  139   12  26  0  0 L3P 08
G26 FF 61044 151800  780 519 2917    +3059252    +60          10     -1   17   1  103  -10   89   -5   89   -5  14  0  0 L3P D4
G28 FF 61044 151800  780 395 2160    +6156175    -23         -10    +24   23 176  127  +18  108   -6  108   -6  18  0  0 L3P 40
G29 FF 61044 151800  780 616  692    +3986003    -19         -15    +44   22  12   92   +7   78  -30   78  -30  15  0  0 L3P 05
G31 FF 61044 151800  780 489 2594    +1744182    -87         -30    -66   26  24  107   +3   98  +52   98   52  19  0  0 L3P 30
G05 FF 61044 153400  780 245  712    +2267014    +17           1    +10   30  38  194  -14   94  -22   94  -22  23  0  0 L3P E7
G16 FF 61044 153400  780 236 2980    -1811450    -16          18    +61   38  61  202  -57  116  -75  116  -75  28  0  0 L3P 4D
G18 FF 61044 153400  780 493 1754    +4595451   -132          11    -34   28 111  107  -13   97   +7   97    7  19  0  0 L3P 25
G20 FF 61044 153400  780 169  381    -3618164    +43          -7    +42   24  81  275  +43   93  -43   93  -43  18  0  0 L3P 14
G21 FF 61044 153400  780 157  407    -3729675   -110           0    -22   37  72  293  +21   86   -3   86   -3  26  0  0 L3P EF
G25 FF 61044 153400  780 235 1296    -4520293    +58           1    +36   30  50  202  +55  140  -16  140  -16  23  0  0 L3P 1B
G26 FF 61044 153400  780 587 2875    +3059302    +59           1     -3   20   1   95   -7   87   -8   87   -8  13  0  0 L3P BB
G28 FF 61044 153400  780 327 2115    +6156130    -47          -9     +1   23 176  149  +28  122  +18  122   18  19  0  0 L3P 2E
G29 FF 61044 153400  780 544  710    +3985934    -69         -23     -6   24  12   99   +9   81   +2   81    2  18  0  0 L3P CB
G31 FF 61044 153400  780 461 2489    +1744159    +12         -33    +33   20  24  112   +7  102  -21  102  -21  13  0  0 L3P 17
G05 FF 61044 155000  780 257  635    +2267014     +1          -5     -6   33  38  185   -4   80  -21   80  -21  24  0  0 L3P C4
G16 FF 61044 155000  780 304 2992    -1811539    -67           3    +11   32  61  160  -34  105  -30  105  -30  24  0  0 L3P 1B
G18 FF 61044 155000  780 570 1719    +4595350    -55           4    +43   24 111   96   -9   85  -45   85  -45  17  0  0 L3P 15
G20 FF 61044 155000  780 137  326    -3618152    +66           4    +65   34  81  334  +86   61  -64   61  -64  27  0  0 L3P 03
G21 FF 61044 155000  780 141  344    -3729775    -83         -16     +4   32  72  326  +50   79  -17   79  -17  23  0  0 L3P 17
G25 FF 61044 155000  780 169 1325    -4520278    -20          -6    -42   27  50  275 +104  144  +39  144   39  20  0  0 L3P 3E
G26 FF 61044 155000  780 648 2792    +3059365    +42           5    -20   21   1   89   -4   73   +3   73    3  14  0  0 L3P A8
G28 FF 61044 155000  780 259 2080    +6156097    -34           4    +14   35 176  184  +47  132   +1  132    1  28  0  0 L3P 10
G29 FF 61044 155000  780 473  737    +3985890    -23          -5    +41   27  12  110  +13   61  -36   61  -36  20  0  0 L3P 07
G31 FF 61044 155000  780 419 2401    +1744156    +34         -17    +55   26  24  121  +12   94  -39   94  -39  18  0  0 L3P 2C
G05 FF 61044 160600  780 256  558    +2267020    -20          -8    -27   34  43  186   +6   68   +9   68    9  25  0  0 L3P D7
G16 FF 61044 160600  780 374 2995    -1811607    -73           8     +4   25  69  133  -22   80  -10   80  -10  18  0  0 L3P 01
G18 FF 61044 160600  780 642 1654    +4595258   -104           5     -6   17 112   90   -5   65  -14   65  -14  12  0  0 L3P 01
G21 FF 61044 160600  780 114  287    -3729831   -108          11    -20   42  72  399 +107   49  +12   49   12  33  0  0 L3P 24
G25 FF 61044 160600  780 105 1351    -4520282   -102         -37   -125   65  51  434 +254  169  +94  169   94  48  0  0 L3P 87
G26 FF 61044 160600  780 695 2642    +3059405    +89         -19    +28   22  14   86   -2   75  -22   75  -22  15  0  0 L3P 1A
G28 FF 61044 160600  780 191 2051    +6156042    -68         -10    -20   31 177  245  +85  150  +34  150   34  26  0  0 L3P 48
G29 FF 61044 160600  780 405  768    +3985795    -80         -37    -16   17  13  124  +18   74   -7   74   -7  14  0  0 L3P 19
G31 FF 61044 160600  780 366 2330    +1744124     -8         -13    +13   32  53  135  +18  106  -15  106  -15  23  0  0 L3P 22
G05 FF 61044 162200  780 241  485    +2267026    +47          -9    +40   29  43  197  +17   62  -43   62  -43  21  0  0 L3P 08
G16 FF 61044 162200  780 445 2985    -1811686    -90           3    -13   20  69  115  -15   71   -2   71   -2  14  0  0 L3P EB
G18 FF 61044 162200  780 705 1528    +4595158    -95          -1     +2   19 112   86   -3   60  -16   60  -16  13  0  0 L3P FA
G23 FF 61044 162200  780 135 1465    -5950266    +23          -5    +74   59 106  346 -166  134 -116  134 -116  45  0  0 L3P 8E
G26 FF 61044 162200  780 714 2421    +3059485    +37           2    -24   16  14   85   +0   59  +12   59   12  11  0  0 L3P D2
G27 FF 61044 162200  780 160 2683     +122781    +42          27    -29   40  41  293 -113  129  -26  129  -26  31  0  0 L3P 3F
G28 FF 61044 162200  780 124 2026    +6155979    -90         -26    -42   41 177  369 +189  177  +60  177   60  37  0  0 L3P 8B
G29 FF 61044 162200  780 339  801    +3985737    -40         -34    +24   21  13  144  +25   67  -17   67  -17  16  0  0 L3P 26
G31 FF 61044 162200  780 308 2274    +1744111     -4          -6    +16   29  53  157  +29  102  -20  102  -20  23  0  0 L3P 0C
G05 FF 61044 163800  780 214  418    +2267028    +23         -13    +16   33  43  220  +33   59  -14   59  -14  26  0  0 L3P 0E
G16 FF 61044 163800  780 515 2956    -1811765    -66          -2    +12   25  69  103  -10   60  -20   60  -20  18  0  0 L3P 15
G18 FF 61044 163800  780 745 1301    +4595085    -92          20     +6   24 112   84   -1   34  -18   34  -18  17  0  0 L3P 00
G23 FF 61044 163800  780 200 1434    -5950312    -21          -2    +30   38 106  236  -77  105  -71  105  -71  29  0  0 L3P 41
G26 FF 61044 163800  780 695 2198    +3059539    +80          -3    +18   16  14   86   +2   59  -27   59  -27  10  0  0 L3P 16
G27 FF 61044 163800  780 222 2720     +122830    +59           9    -11   42  41  213  -60  108  -15  108  -15  31  0  0 L3P 08
G29 FF 61044 163800  780 274  837    +3985674    -83         -36    -20   22  13  174  +38   72  +23   72   23  15  0  0 L3P 25
G31 FF 61044 163800  780 247 2228    +1744093     -1          -5    +19   29  53  192  +47  109  -24  109  -24  25  0  0 L3P 33
G05 FF 61044 165400  780 177  362    +2267020    +14         -28     +8   45  43  263  +61   53  -16   53  -16  36  0  0 L3P 05
G16 FF 61044 165400  780 581 2898    -1811835    -85           2     -7   22  69   95   -7   49   -5   49   -5  15  0  0 L3P E1
G18 FF 61044 165400  780 742 1013    +4594970   -120          -1    -22   21 112   84   +1   40   +4   40    4  15  0  0 L3P CB
G23 FF 61044 165400  780 266 1398    -5950361    -56          -2     -4   38 106  181  -43   80   +3   80    3  28  0  0 L3P F5
G26 FF 61044 165400  780 647 2041    +3059599    +10          -2    -51   23  14   89   +4   56  +34   56   34  16  0  0 L3P F1
G27 FF 61044 165400  780 287 2756     +122912    +40          22    -30   28  41  168  -37   71   +7   71    7  20  0  0 L3P DD
G29 FF 61044 165400  780 212  874    +3985630    -42         -19    +22   30  13  222  +63   59  -18   59  -18  24  0  0 L3P 28
G31 FF 61044 165400  780 184 2190    +1744076     -7          -2    +14   33  53  253  +84  115  -24  115  -24  27  0  0 L3P 24
G05 FF 61044 171000  780 131  316    +2267074    -39          19    -45   44  43  350 +127   18  +36   18   36  36  0  0 L3P 11
G16 FF 61044 171000  780 637 2794    -1811926    -73         -14     +5   19  69   90   -4   49  -15   49  -15  12  0  0 L3P 0E
G18 FF 61044 171000  780 701  804    +4594862    -27         -16    +70   20 112   86   +3   43  -55   43  -55  13  0  0 L3P 05
G23 FF 61044 171000  780 331 1355    -5950397    +31          12    +82   27 106  148  -26   62  -67   62  -67  19  0  0 L3P 3D
G26 FF 61044 171000  780 584 1947    +3059671    +24          11    -37   20  14   95   +7   43  +25   43   25  15  0  0 L3P EF
G27 FF 61044 171000  780 354 2790     +122976    +97          19    +27   24  41  140  -24   56  -34   56  -34  22  0  0 L3P 14
G29 FF 61044 171000  780 151  911    +3985543    -79         -45    -15   41  13  305 +119   80  +29   80   29  30  0  0 L3P 27
G31 FF 61044 171000  780 123 2157    +1744040    -74         -18    -53   39  53  373 +181  135  +67  135   67  34  0  0 L3P 58
G10 FF 61044 172600  780 153 1642    +5799491    -78          15   -110   42  25  306 -138   81  +63   81   63  32  0  0 L3P 42
G16 FF 61044 172600  780 674 2629    -1811988    -97          -2    -20   19  69   88   -2   37   +6   37    6  14  0  0 L3P EF
G18 FF 61044 172600  780 639  697    +4594772   -135         -11    -37   22 112   90   +5   36  +14   36   14  15  0  0 L3P 1C
G23 FF 61044 172600  780 394 1300    -5950456    -57           1     -6   30 106  127  -17   58   -7   58   -7  23  0  0 L3P F5
G26 FF 61044 172600  780 513 1893    +3059714    +84          -5    +22   20  14  103  +11   57   -9   57   -9  16  0  0 L3P F9
G27 FF 61044 172600  780 423 2823     +123034    +57           9    -13   26  41  120  -17   47  -16   47  -16  17  0  0 L3P F5
G07 FF 61044 174200  780 113 3302    +1306928   +140          -8    +88   43  61  404  -82   72  -55   72  -55  35  0  0 L3P 2F
G08 FF 61044 174200  780 178 2849    -5078662   +141          34   +101   45  67  263  -93   75 -105   75 -105  32  0  0 L3P 7E
G10 FF 61044 174200  780 223 1625    +5799524    -21          17    -53   39  25  213  -67   74  +29   74   29  28  0  0 L3P 29
G16 FF 61044 174200  780 679 2423    -1812062    -69          -3     +8   19  69   87   +1   34   -7   34   -7  13  0  0 L3P D4
G18 FF 61044 174200  780 571  648    +4594672    -67         -18    +30   30 112   96   +8   39  -22   39  -22  21  0  0 L3P 1A
G23 FF 61044 174200  780 450 1229    -5950506    -41           1    +10   29 106  114  -11   48  -18   48  -18  23  0  0 L3P 14
G26 FF 61044 174200  780 440 1860    +3059776    +63          -2     +2   22  14  116  +16   63   +5   63    5  16  0  0 L3P CE
G27 FF 61044 174200  780 494 2853     +123105    +85          13    +14   22  41  106  -12   32  -23   32  -23  15  0  0 L3P F1
G07 FF 61044 175800  780 131 3245    +1306980    +86          -7    +34   31  61  350  -36   68  -27   68  -27  22  0  0 L3P 29
G08 FF 61044 175800  780 243 2877    -5078614    +41          44     +2   52  67  197  -51   45  -18   45  -18  37  0  0 L3P 2F
G10 FF 61044 175800  780 296 1604    +5799553    +40          16     +9   38  25  164  -38   63  -13   63  -13  29  0  0 L3P 26
G15 FF 61044 175800  780 125  628    -3735955    -29         -24     +7   47  80  366  -66   47   -8   47   -8  36  0  0 L3P 16
G16 FF 61044 175800  780 650 2238    -1812143    -60          -9    +17   23  69   89   +3   39  -11   39  -11  16  0  0 L3P 03
G18 FF 61044 175800  780 500  630    +4594581   -105         -15     -7   25 112  105  +11   30   +7   30    7  18  0  0 L3P EB
G23 FF 61044 175800  780 496 1137    -5950554    -55           2     -4   31 106  106   -6   37  -14   37  -14  24  0  0 L3P 04
G26 FF 61044 175800  780 367 1839    +3059839     +2           3    -59   28  14  135  +24   68  +57   68   57  24  0  0 L3P 1B
G27 FF 61044 175800  780 567 2878     +123158    +68          -1     -2   31  41   97   -9   36   -2   36   -2  22  0  0 L3P C1
G07 FF 61044 181400  780 140 3184    +1307031    +98          -6    +45   38  68  329   -8   70  -31   70  -31  25  0  0 L3P 0A
G08 FF 61044 181400  780 309 2900    -5078576   +113          42    +73   42 102  157  -32   37  -55   37  -55  25  0  0 L3P 4C
G10 FF 61044 181400  780 369 1578    +5799588    +59          22    +27   27  26  135  -24   44  -38   44  -38  19  0  0 L3P 4C
G15 FF 61044 181400  780 143  561    -3735971    -83           2    -48   39   0  322  -29   23  +21   23   21  30  0  0 L3P D4
G16 FF 61044 181400  780 598 2109    -1812227    -98         -21    -21   26  74   93   +6   43  +15   43   15  20  0  0 L3P 00
G18 FF 61044 181400  780 430  631    +4594479   -115         -23    -18   26 113  118  +16   38   +4   38    4  17  0  0 L3P 13
G23 FF 61044 181400  780 527 1024    -5950598    -12           2    +39   19 107  102   -3   30  -31   30  -31  13  0  0 L3P F8
G26 FF 61044 181400  780 295 1825    +3059913    -10          13    -71   26  17  163  +37   56  +52   56   52  18  0  0 L3P 1D
G27 FF 61044 181400  780 642 2893     +123221    +59          -7    -12   23  44   90   -6   38   +6   38    6  15  0  0 L3P B8
G02 FF 61044 183000  780 100 2477      -94682   -162          -8    -79   42 103  462 -284  132  +11  132   11  33  0  0 L3P 37
G07 FF 61044 183000  780 138 3121    +1307085    +24          -2    -28   48  68  333  +16   61  +24   61   24  33  0  0 L3P 00
G08 FF 61044 183000  780 377 2918    -5078556    -13          23    -53   26 102  132  -21   36  +36   36   36  18  0  0 L3P 2E
G10 FF 61044 183000  780 441 1542    +5799599    +42           2    +10   21  26  116  -16   51  -14   51  -14  14  0  0 L3P FD
G15 FF 61044 183000  780 150  492    -3736014    -96          -7    -60   57   0  307   -4   31  +51   31   51  39  0  0 L3P D1
G16 FF 61044 183000  780 532 2028    -1812283   -134          -3    -57   24  74  101   +9   33  +41   33   41  20  0  0 L3P F7
G18 FF 61044 183000  780 361  643    +4594373   -114         -36    -16   37 113  137  +23   44  +11   44   11  29  0  0 L3P 2B
G23 FF 61044 183000  780 536  898    -5950631    -71          18    -19   21 107  100   +0   15   +8   15    8  15  0  0 L3P DB
G26 FF 61044 183000  780 224 1814    +3059962    +80           3    +19   32  17  210  +63   73  -11   73  -11  25  0  0 L3P FF
G27 FF 61044 183000  780 718 2886     +123300    +87           5    +17   18  44   85   -4   26  -18   26  -18  12  0  0 L3P E1
G02 FF 61044 184600  780 162 2513      -94761    -74          -8     +9   47 103  289 -112   94  -38   94  -38  35  0  0 L3P 27
G07 FF 61044 184600  780 126 3058    +1307152    +72          14    +20   35  68  362  +47   45  -21   45  -21  26  0  0 L3P 18
G08 FF 61044 184600  780 447 2929    -5078532    +24          10    -16   25 102  115  -15   33   -3   33   -3  19  0  0 L3P 0B
G10 FF 61044 184600  780 511 1490    +5799637    +72           9    +40   23  26  104  -10   42  -24   42  -24  17  0  0 L3P 08
G15 FF 61044 184600  780 146  424    -3736035    -86           5    -50   39   0  316  +21   24  +33   24   33  31  0  0 L3P D3
G16 FF 61044 184600  780 461 1978    -1812373   -112         -19    -35   28  74  112  +14   51  +35   51   35  22  0  0 L3P 35
G18 FF 61044 184600  780 294  662    +4594298    -69         -17    +29   35 113  164  +34   27  -26   27  -26  27  0  0 L3P 53
G23 FF 61044 184600  780 524  775    -5950704    -82          -6    -30   24 107  102   +3   28  +22   28   22  16  0  0 L3P F8
G26 FF 61044 184600  780 156 1804    +3060021    -63           3   -125   25  17  296 +125   78 +119   78  119  19  0  0 L3P 55
G27 FF 61044 184600  780 793 2814     +123354    +67          -9     -3   16  44   82   -2   34   +6   34    6  11  0  0 L3P A8
G02 FF 61044 190200  780 225 2551      -94854   -119         -21    -36   26 103  211  -58   78  +15   78   15  19  0  0 L3P 26
G07 FF 61044 190200  780 105 2996    +1307198    +42          10    -10   39  68  431 +102   45   +1   45    1  30  0  0 L3P ED
G08 FF 61044 190200  780 519 2927    -5078509    +34          -5     -5   18 102  103  -11   35  -11   35  -11  13  0  0 L3P 0D
G10 FF 61044 190200  780 575 1412    +5799663    +51           4    +20   29  26   96   -7   39  -17   39  -17  20  0  0 L3P FA
G15 FF 61044 190200  780 130  358    -3736049    -47          25    -12   30   0  351  +55    4   +1    4    1  24  0  0 L3P 8E
G16 FF 61044 190200  780 388 1945    -1812442    -58         -14    +19   33  74  129  +21   48   -9   48   -9  25  0  0 L3P 23
G18 FF 61044 190200  780 229  686    +4594208   -148         -13    -51   44 113  206  +56   24  +44   24   44  34  0  0 L3P 38
G23 FF 61044 190200  780 491  672    -5950746     +4           1    +55   23 107  107   +7   21  -34   21  -34  14  0  0 L3P DE
G27 FF 61044 190200  780 851 2398     +123430    +67          -1     -4   16  44   81   +0   30   +0   30    0  10  0  0 L3P 7D
G02 FF 61044 191800  780 289 2591      -94933    -56         -20    +27   34 103  167  -35   54  -29   54  -29  26  0  0 L3P 35
G08 FF 61044 191800  780 590 2906    -5078473    +55          -8    +16   20 102   94   -7   31  -16   31  -16  13  0  0 L3P 0F
G10 FF 61044 191800  780 627 1293    +5799682    +55          -7    +23   18  26   91   -4   41  -14   41  -14  15  0  0 L3P 04
G15 FF 61044 191800  780 104  299    -3736106     -1           3    +34   39   0  433 +123   24  -11   24  -11  33  0  0 L3P D3
G16 FF 61044 191800  780 315 1922    -1812522    -76         -19     +2   32  74  154  +33   58   +2   58    2  25  0  0 L3P EC
G18 FF 61044 191800  780 166  715    +4594109    -78         -18    +20   46 113  279 +102   31  -11   31  -11  34  0  0 L3P 3C
G23 FF 61044 191800  780 444  595    -5950823    -84         -27    -33   28 107  115  +11   41  +26   41   26  18  0  0 L3P 2A
G27 FF 61044 191800  780 821 1692     +123509    +35          11    -35   17  44   82   +1   16  +20   16   20  13  0  0 L3P C9
G02 FF 61044 193400  780 354 2632      -95001    -88          -9     -5   27 103  139  -23   30   -4   30   -4  20  0  0 L3P C3
G08 FF 61044 193400  780 659 2849    -5078432    +50          -5    +10   22 102   89   -5   26   -8   26   -8  15  0  0 L3P F6
G10 FF 61044 193400  780 657 1128    +5799715    +28          -5     -4   21  26   89   -1   33   -4   33   -4  15  0  0 L3P CC
G16 FF 61044 193400  780 244 1904    -1812609   -156         -32    -79   39  74  194  +54   75  +60   75   60  28  0  0 L3P 52
G23 FF 61044 193400  780 387  541    -5950853    -65          -7    -14   17 107  129  +17   25   +3   25    3  14  0  0 L3P F3
G27 FF 61044 193400  780 747 1544     +123556    +59          -9    -12   15  44   84   +3   31   +9   31    9   9  0  0 L3P B0
G01 FF 61044 195000  780 106 2571    -3468415    -77          13   -108   48  58  434 -240   66  +62   66   62  36  0  0 L3P 4A
G02 FF 61044 195000  780 420 2675      -95090   -152         -18    -69   27 103  121  -16   40  +61   40   61  20  0  0 L3P 0E
G08 FF 61044 195000  780 718 2723    -5078403    +38         -14     -2   19 102   85   -3   35   -2   35   -2  14  0  0 L3P E1
G10 FF 61044 195000  780 657  942    +5799737     +9         -13    -22   14  26   89   +1   36  +13   36   13  10  0  0 L3P E1
G16 FF 61044 195000  780 175 1890    -1812677    -69         -26     +8   34  74  266 +102   78   -4   78   -4  29  0  0 L3P 2F
G27 FF 61044 195000  780 669 1514     +123618    +65         -16     -5   17  44   88   +5   35  +10   35   10  11  0  0 L3P D3
G32 FF 61044 195000  780 149 1289    +1776838   -183           4    -16   31  14  312 -123   64   +5   64    5  25  0  0 L3P 0C
G01 FF 61044 200600  780 166 2608    -3468382    +81           9    +50   31  59  282 -102   46  -37   46  -37  23  0  0 L3P 27
G02 FF 61044 200600  780 487 2719      -95157   -115           0    -32   19  12  108  -12   34  +21   34   21  11  0  0 L3P D5
G08 FF 61044 200600  780 754 2484    -5078357    +20         -13    -20   21 105   84   -1   28  +13   28   13  14  0  0 L3P FE
G10 FF 61044 200600  780 628  783    +5799766    +45         -14    +13   18  26   91   +3   33   -5   33   -5  13  0  0 L3P D9
G16 FF 61044 200600  780 108 1876    -1812741    -16         -19    +61   42  79  421 +247   76  -64   76  -64  33  0  0 L3P 53
G23 FF 61044 200600  780 261  489    -5950924    -28          14    +23   39 108  183  +43    5  -25    5  -25  32  0  0 L3P 00
G27 FF 61044 200600  780 590 1513     +123686    +81         -15    +10   20  45   94   +8   36   +1   36    1  15  0  0 L3P B1
G32 FF 61044 200600  780 208 1246    +1776686   -215          11    -48   43  14  227  -63   54  +20   54   20  35  0  0 L3P 1E
G01 FF 61044 202200  780 227 2646    -3468338    -50          24    -81   33  59  209  -56   29  +55   29   55  25  0  0 L3P 25
G02 FF 61044 202200  780 554 2764      -95239    -87          -3     -4   18  12   98   -8   31   +5   31    5  14  0  0 L3P 93
G08 FF 61044 202200  780 746 2185    -5078326    +27         -21    -13   15 105   84   +1   30  +17   30   17  11  0  0 L3P F7
G10 FF 61044 202200  780 578  675    +5799795    +25         -16     -7   28  26   95   +6   35   +1   35    1  19  0  0 L3P CD
G14 FF 61044 202200  780 120 3271    -7266693     -9          29    +16   41  70  382 -132   18  -10   18  -10  31  0  0 L3P 10
G23 FF 61044 202200  780 196  482    -5951006    -38         -18    +13   29 108  239  +77   27   -9   27   -9  21  0  0 L3P 19
G27 FF 61044 202200  780 512 1522     +123754    +68         -15     -3   26  45  104  +12   41   +7   41    7  20  0  0 L3P B7
G32 FF 61044 202200  780 265 1196    +1776510   -181          -4    -13   32  14  181  -36   61  +11   61   11  23  0  0 L3P 04
G01 FF 61044 203800  780 289 2684    -3468327    +42           6    +11   29  59  167  -35   33  -32   33  -32  23  0  0 L3P 18
G02 FF 61044 203800  780 622 2812      -95325    -54          -9    +29   23  12   91   -6   34  -24   34  -24  15  0  0 L3P CC
G08 FF 61044 203800  780 699 1980    -5078288    +23         -21    -17   20 105   86   +3   36  +16   36   16  13  0  0 L3P 1A
G10 FF 61044 203800  780 518  610    +5799831    +27         -10     -5   26  26  103   +9   29   +9   29    9  18  0  0 L3P D0
G14 FF 61044 203800  780 159 3223    -7266725    +53          20    +78   34  70  292  -63   17  -72   17  -72  27  0  0 L3P 30
G23 FF 61044 203800  780 132  484    -5951057    -35         -20    +16   46 108  349 +167   26   +2   26    2  36  0  0 L3P 0F
G27 FF 61044 203800  780 435 1535     +123826    +54         -10    -17   22  45  117  +17   43  +19   43   19  18  0  0 L3P 07
G32 FF 61044 203800  780 318 1137    +1776347   -188          -7    -21   25  14  153  -22   58  +11   58   11  21  0  0 L3P 1C
G01 FF 61044 205400  780 353 2723    -3468299    +57           4    +26   25  59  140  -23   26  -22   26  -22  17  0  0 L3P 0F
G02 FF 61044 205400  780 691 2864      -95394    -61           1    +22   21  12   87   -4   31   -8   31   -8  15  0  0 L3P 9E
G08 FF 61044 205400  780 633 1873    -5078250    +22         -21    -18   20 105   90   +6   36  +18   36   18  15  0  0 L3P 06
G10 FF 61044 205400  780 452  575    +5799852     +6         -21    -26   18  26  114  +14   41  +27   41   27  14  0  0 L3P F9
G14 FF 61044 205400  780 189 3166    -7266762    -59           8    -34   26  70  248  -33   25  +30   25   30  19  0  0 L3P 13
G22 FF 61044 205400  780 114 3300     +624024   -122          11    -81   49  25  402 -141   23  +50   23   50  33  0  0 L3P F4
G27 FF 61044 205400  780 360 1549     +123896    +78          -8     +7   28  45  137  +25   45   +5   45    5  22  0  0 L3P D4
G32 FF 61044 205400  780 364 1068    +1776187   -127          -6    +40   28  14  136  -14   48  -40   48  -40  20  0  0 L3P 2C
G01 FF 61044 211000  780 419 2761    -3468267    -51           6    -82   31  59  121  -16   18  +36   18   36  22  0  0 L3P 01
G02 FF 61044 211000  780 761 2926      -95472    -98           3    -15   20  12   83   -3   32   +9   32    9  15  0  0 L3P 90
G03 FF 61044 211000  780 115 2242    -6069822    +38           4    -61   44  36  405 -231   66  +40   66   40  33  0  0 L3P 02
G08 FF 61044 211000  780 560 1819    -5078213    +52         -22    +12   19 105   97   +9   40   -6   40   -6  13  0  0 L3P E8
G10 FF 61044 211000  780 385  560    +5799887    -22         -16    -53   27  26  129  +20   41  +33   41   33  20  0  0 L3P 07
G14 FF 61044 211000  780 209 3102    -7266788    +38           6    +63   47  70  225  -16   29  -28   29  -28  33  0  0 L3P 1C
G22 FF 61044 211000  780 151 3252     +623977    -31           4    +10   31  25  307  -67   20   +0   20    0  23  0  0 L3P 9C
G27 FF 61044 211000  780 287 1563     +123955     +6         -17    -64   32  45  168  +40   57  +50   57   50  23  0  0 L3P FC
G32 FF 61044 211000  780 400  986    +1776028   -191          -4    -24   27  14  126   -8   43  +12   43   12  21  0  0 L3P E8
G01 FF 61044 212600  780 486 2799    -3468242    -42           2    -73   17  59  108  -12   13  +48   13   48  12  0  0 L3P 0C
G02 FF 61044 212600  780 831 3032      -95552    -59           3    +24   16  12   81   -1   31  -19   31  -19  12  0  0 L3P B1
G03 FF 61044 212600  780 181 2271    -6069724    +34           6    -65   52  36  260  -96   56  +37   56   37  35  0  0 L3P 14
G08 FF 61044 212600  780 485 1790    -5078182    +62         -29    +22   30 105  108  +13   50  -13   50  -13  22  0  0 L3P 2C
G10 FF 61044 212600  780 317  558    +5799938    +27           5     -5   20  26  153  +30   24   +3   24    3  17  0  0 L3P B7
G14 FF 61044 212600  780 218 3033    -7266804    -15          14    +10   33  70  216   -3   20   +4   20    4  25  0  0 L3P BA
G22 FF 61044 212600  780 179 3196     +623960   -107          26    -66   38  25  260  -34   -3  +40   -3   40  30  0  0 L3P 02
G27 FF 61044 212600  780 216 1576     +124037   +127          -3    +56   25  45  218  +69   50  -37   50  -37  18  0  0 L3P 1D
G32 FF 61044 212600  780 423  893    +1775858   -156         -14    +11   30  14  120   -4   45  -15   45  -15  21  0  0 L3P 10
G01 FF 61044 214200  780 556 2835    -3468231    +74         -17    +43   21  59   98   -9   30  -34   30  -34  13  0  0 L3P 0B
G02 FF 61044 214200  780 884  393      -95614    -53          20    +30   20  12   81   +0   20  -23   20  -23  13  0  0 L3P 9E
G03 FF 61044 214200  780 249 2304    -6069643   +101          -8     +2   24  36  192  -51   57   +1   57    1  18  0  0 L3P DE
G08 FF 61044 214200  780 410 1775    -5078131    +57         -17    +17   25 105  123  +19   46   +1   46    1  18  0  0 L3P 01
G10 FF 61044 214200  780 251  567    +5799931    +48         -33    +16   38  26  189  +47   48   +4   48    4  29  0  0 L3P 07
G14 FF 61044 214200  780 214 2961    -7266824    -35          18    -10   37  70  219   +9   16  +11   16   11  26  0  0 L3P F9
G17 FF 61044 214200  780 103 3170     +225141   +128           9     +9   28  63  448 -261   30   -6   30   -6  20  0  0 L3P D4
G22 FF 61044 214200  780 197 3133     +623855    -44         -41     -3   53  25  237  -15   43   +7   43    7  39  0  0 L3P D8
G27 FF 61044 214200  780 147 1587     +124082   +109         -25    +38   37  45  314 +142   82   -7   82   -7  29  0  0 L3P 22
G32 FF 61044 214200  780 429  796    +1775693   -193         -19    -26   42  14  119   +1   44  +10   44   10  30  0  0 L3P 0C
G01 FF 61044 215800  780 627 2868    -3468192    +70          -7    +39   24  59   91   -6   25  -30   25  -30  18  0  0 L3P 0B
G02 FF 61044 215800  780 823 1068      -95696   -124          18    -41   17  12   82   +1   20  +24   20   24  12  0  0 L3P CC
G03 FF 61044 215800  780 318 2341    -6069561    +32         -20    -67   28  36  153  -31   55  +29   55   29  21  0  0 L3P 25
G08 FF 61044 215800  780 335 1767    -5078120    +63         -44    +23   30 105  146  +29   71   -8   71   -8  23  0  0 L3P 1E
G10 FF 61044 215800  780 186  583    +5799998   +135           4   +103   43  26  251  +84   12  -87   12  -87  32  0  0 L3P 3B
G14 FF 61044 215800  780 200 2890    -7266854    +33          12    +58   37  70  234  +23   24  -35   24  -35  30  0  0 L3P 1C
G17 FF 61044 215800  780 163 3161     +225279    +61          32    -59   39  63  287 -105   13  +16   13   16  30  0  0 L3P 12
G22 FF 61044 215800  780 205 3066     +623825    -85         -31    -44   40  25  229   -2   40  +29   40   29  28  0  0 L3P F9
G32 FF 61044 215800  780 418  701    +1775499   -222         -52    -54   24  14  121   +5   49  +22   49   22  18  0  0 L3P 11
G01 FF 61044 221400  780 699 2895    -3468167    +38          -7     +6   15  60   86   -4   24  -13   24  -13  10  0  0 L3P EF
G02 FF 61044 221400  780 751 1161      -95768   -180          24    -97   22  13   84   +3   16  +64   16   64  14  0  0 L3P DE
G03 FF 61044 221400  780 389 2381    -6069478   +117         -28    +18   25  72  129  -21   52  -33   52  -33  19  0  0 L3P 4C
G08 FF 61044 221400  780 263 1762    -5078061    +23         -22    -17   31   6  182  +47   78  +27   78   27  25  0  0 L3P 17
G10 FF 61044 221400  780 123  604    +5800026    +36           9     +4   47  28  372 +183   23   -7   23   -7  35  0  0 L3P C8
G14 FF 61044 221400  780 174 2823    -7266899    -66          -8    -41   60  71  266  +44   41  +39   41   39  44  0  0 L3P 29
G17 FF 61044 221400  780 222 3143     +225367   +176          12    +57   33  66  213  -55   31  -47   31  -47  21  0  0 L3P 13
G22 FF 61044 221400  780 200 2998     +623810    -46          -1     -5   40  46  234  +11   21  +10   21   10  31  0  0 L3P BC
G32 FF 61044 221400  780 391  618    +1775379   -161          -9     +6   28  15  128   +9   37   -5   37   -5  20  0  0 L3P E1
G01 FF 61044 223000  780 774 2907    -3468145    +24         -15     -7   15  60   83   -3   31   +3   31    3  11  0  0 L3P B2
G02 FF 61044 223000  780 679 1216      -95860    -48          12    +35   16  13   87   +5   29  -28   29  -28  11  0  0 L3P E1
G03 FF 61044 223000  780 460 2426    -6069372    +55         -17    -44   21  72  112  -14   32  +29   32   29  18  0  0 L3P 15
G08 FF 61044 223000  780 192 1757    -5077988   +103          13    +64   32   6  243  +86   59  -56   59  -56  23  0  0 L3P 3E
G14 FF 61044 223000  780 141 2760    -7266922     -1          -7    +24   34  71  326  +84   45  -21   45  -21  25  0  0 L3P FD
G17 FF 61044 223000  780 279 3114     +225497   +130          28    +10   32  66  173  -32   12   -6   12   -6  21  0  0 L3P E4
G22 FF 61044 223000  780 185 2931     +623774   -132           3    -91   31  46  252  +27   20  +70   20   70  23  0  0 L3P EA
G32 FF 61044 223000  780 352  550    +1775221   -208          -7    -40   29  15  140  +16   34  +28   34   28  22  0  0 L3P F9
G01 FF 61044 224600  780 848 2839    -3468109    +45         -10    +13   15  60   81   -1   28   -9   28   -9  10  0  0 L3P EA
G02 FF 61044 224600  780 607 1261      -95952    -85           0     -2   22  13   93   +7   39   +8   39    8  15  0  0 L3P 8A
G03 FF 61044 224600  780 532 2477    -6069280    +93         -21     -5   26  72  101  -10   32   -3   32   -3  19  0  0 L3P E9
G04 FF 61044 224600  780 107 1893     -361123    +86          27   +111   41 103  433 -276   54  -99   54  -99  30  0  0 L3P 4E
G08 FF 61044 224600  780 124 1753    -5077964   +130           0    +90   48   6  369 +194   74  -96   74  -96  30  0  0 L3P 41
G14 FF 61044 224600  780 101 2703    -7266941    -36          -2    -11   40  71  447 +181   53  +23   53   23  32  0  0 L3P 0F
G17 FF 61044 224600  780 330 3071     +225600    +90          17    -29   21  66  148  -20   18  +11   18   11  16  0  0 L3P E8
G19 FF 61044 224600  780 133 3206    -6839983    +35          20    +54   34  11  348 -151   35  -51   35  -51  22  0  0 L3P 34
G22 FF 61044 224600  780 159 2867     +623727    +35          -5    +76   40  46  290  +53   31  -57   31  -57  29  0  0 L3P 1C
G32 FF 61044 224600  780 303  498    +1775068   -131           1    +36   33  15  159  +25   28  -18   28  -18  23  0  0 L3P 14
G01 FF 61044 230200  780 868 1551    -3468056    +54          12    +22   15  60   81   +1   12  -13   12  -13  10  0  0 L3P D7
G02 FF 61044 230200  780 535 1300      -96039    -62          -8    +21   19  13  100  +10   44  -25   44  -25  13  0  0 L3P D1
G03 FF 61044 230200  780 605 2536    -6069192    +85         -27    -14   18  72   93   -7   34   +4   34    4  12  0  0 L3P D9
G04 FF 61044 230200  780 177 1893     -361168    -25           5     +0   34 103  266 -107   66  +12   66   12  26  0  0 L3P F8
G17 FF 61044 230200  780 375 3013     +225703   +147           5    +28   23  66  133  -13   28  -24   28  -24  17  0  0 L3P FF
G19 FF 61044 230200  780 191 3181    -6839988    -71          32    -53   38  11  247  -72   17  +40   17   40  25  0  0 L3P 22
G22 FF 61044 230200  780 126 2807     +623685    -39          -8     +1   53  46  362 +102   39   +7   39    7  35  0  0 L3P DC
G28 FF 61044 230200  780 175  867    +6154876     +9          15    +57   36 180  267  -58   37  -62   37  -62  26  0  0 L3P 35
G32 FF 61044 230200  780 249  461    +1774901   -220          -6    -53   37  15  191  +42   29  +36   29   36  27  0  0 L3P 0F
G01 FF 61044 231800  780 793 1373    -3468044    +78          -6    +46   13  60   82   +2   26  -42   26  -42  10  0  0 L3P F4
G02 FF 61044 231800  780 464 1335      -96121   -127         -10    -44   24  13  111  +14   50  +43   50   43  17  0  0 L3P EC
G03 FF 61044 231800  780 678 2612    -6069104    +76         -34    -23   14  72   87   -5   34  +16   34   16  10  0  0 L3P FD
G04 FF 61044 231800  780 249 1895     -361182    -82          16    -57   41 103  192  -55   49  +22   49   22  31  0  0 L3P 1E
G17 FF 61044 231800  780 409 2938     +225828    +85          16    -34   24  66  123   -7   19  +34   19   34  18  0  0 L3P 04
G19 FF 61044 231800  780 244 3145    -6840030    -26           8     -7   31  11  195  -40   24   +7   24    7  23  0  0 L3P C2
G28 FF 61044 231800  780 209  802    +6154813    -87          -3    -39   32 180  225  -32   39  +24   39   24  25  0  0 L3P 18
G31 FF 61044 231800  780 124 1117    +1743608    -86          -1    -65   66 109  373 -156   68  +48   68   48  53  0  0 L3P 4F
G32 FF 61044 231800  780 190  436    +1774755   -107           9    +60   34  15  245  +75    9  -64    9  -64  29  0  0 L3P 02
G01 FF 61044 233400  780 716 1371    -3468020    +35         -13     +4   16  60   85   +4   34   -5   34   -5  11  0  0 L3P BB
G02 FF 61044 233400  780 393 1367      -96194   -126          -4    -43   25  13  127  +20   54  +41   54   41  19  0  0 L3P F6
G03 FF 61044 233400  780 749 2723    -6069002    +95         -27     -4   13  72   84   -3   26   +1   26    1   9  0  0 L3P B4
G04 FF 61044 233400  780 324 1897     -361215    -24           7     +1   32 103  151  -33   46   +2   46    2  22  0  0 L3P B1
G17 FF 61044 233400  780 429 2850     +225934   +143           7    +23   30  66  119   -3   26  -24   26  -24  25  0  0 L3P F7
G19 FF 61044 233400  780 292 3095    -6840029    +26          26    +44   30  11  165  -24   14  -28   14  -28  21  0  0 L3P 1B
G28 FF 61044 233400  780 235  732    +6154760    -25         -11    +23   37 180  202  -17   39  -23   39  -23  29  0  0 L3P 2A
G31 FF 61044 233400  780 175 1064    +1743573    -84         -17    -64   35 109  267  -75   79  +40   79   40  28  0  0 L3P 4D
G32 FF 61044 233400  780 130  422    +1774575   -138         -11    +29   49  15  353 +162   34  -26   34  -26  45  0  0 L3P 3D
G01 FF 61044 235000  780 638 1388    -3467989     +2         -12    -30   17  60   90   +6   30  +17   30   17  11  0  0 L3P E3
G02 FF 61044 235000  780 323 1396      -96284    -61         -13    +22   28  13  151  +30   67  -13   67  -13  22  0  0 L3P F8
G03 FF 61044 235000  780 814 2949    -6068921    +90         -41     -9   13  72   82   -1   35   +5   35    5   9  0  0 L3P BE
G04 FF 61044 235000  780 400 1898     -361253    -76          -7    -51   27 103  126  -21   45  +12   45   12  20  0  0 L3P F9
G06 FF 61044 235000  780 108 3052    +5988386    +58          19    +13   37  70  428 -247   17  -20   17  -20  28  0  0 L3P 3F
G09 FF 61044 235000  780 109 2082    -7697480     +4           2    +12   39  81  424 -260   75  -15   75  -15  34  0  0 L3P 17
G17 FF 61044 235000  780 432 2754     +226036   +124          -6     +4   23  66  118   +1   34  -10   34  -10  16  0  0 L3P D7
G19 FF 61044 235000  780 331 3031    -6840067    -64           5    -46   33  11  148  -14   20  +32   20   32  24  0  0 L3P E7
G28 FF 61044 235000  780 249  658    +6154709    -73         -15    -25   33 180  191   -6   33   +4   33    4  25  0  0 L3P F2
G31 FF 61044 235000  780 222 1005    +1743553     -3         -17    +17   35 109  213  -42   72  -11   72  -11  29  0  0 L3P 0F
