CGGTTS     GENERIC DATA FORMAT VERSION = 2E
REV DATE = 2026-01-01                    
RCVR = POLARX5-TR                    R2CGGTTS v8.8    
CH = 99 
IMS = POLARX5-TR                    
LAB = PTB                           
X = +3844059.67 m 
Y =  +709661.67 m 
Z = +5023129.80 m 
FRAME = ITRF
COMMENTS =           IGS RINEX,AUSPOS XYZ          
INT DLY =   31.0 ns (GPS P1),   28.5 ns (GPS P2)     CAL_ID = 1001-2022           
CAB DLY =  205.7 ns 
REF DLY =   56.2 ns
REF = UTC(PTB)                      
CKSUM = 5E

SAT CL  MJD  STTIME TRKL ELV AZTH   REFSV      SRSV     REFSYS    SRSYS  DSG IOE MDTR SMDT MDIO SMDI MSIO SMSI ISG FR HC FRC CK
             hhmmss  s  .1dg .1dg    .1ns     .1ps/s     .1ns    .1ps/s .1ns     .1ns.1ps/s.1ns.1ps/s.1ns.1ps/s.1ns
G01 FF 61048 001000  780 481 1434    -3459629    +12         -18    -21   22  99  108  +13   42  +31   42   31  15  0  0 L3P 09
G02 FF 61048 001000  780 184 1445     -117827   -128         -20    -45   37   5  254  +91  102  +36  102   36  31  0  0 L3P 1C
G03 FF 61048 001000  780 800  498    -6043432    +85         -18    -13   15   2   82   +2   32   +8   32    8  11  0  0 L3P 9D
G04 FF 61048 001000  780 557 1886     -367618    -37         -24    -13   25 142   98  -10   52   +5   52    5  18  0  0 L3P F1
G06 FF 61048 001000  780 239 3074    +5999804    +88         -26    +44   36   0  200  -54   58  -42   58  -42  22  0  0 L3P 26
G09 FF 61048 001000  780 250 2116    -7699418    +16         -16    +23   32   8  191  -53   93  -50   93  -50  24  0  0 L3P 1D
G17 FF 61048 001000  780 390 2567     +256869   +155         -14    +37   24   0  128  +10   59   -8   59   -8  18  0  0 L3P 05
G19 FF 61048 001000  780 372 2864    -6844911    +25           3    +43   25   7  133   -2   28  -29   28  -29  21  0  0 L3P EF
G28 FF 61048 001000  780 240  510    +6142073    -27         -36    +22   28 219  198  +14   46  -12   46  -12  21  0  0 L3P 17
G01 FF 61048 002600  780 406 1456    -3459613    +28         -33     -5   23  99  124  +20   64  +20   64   20  20  0  0 L3P FD
G02 FF 61048 002600  780 117 1465     -117909    -18         -22    +65   49   5  392 +216  113  -34  113  -34  38  0  0 L3P 3D
G03 FF 61048 002600  780 734  682    -6043340   +118         -19    +20   23   2   84   +3   35  -11   35  -11  16  0  0 L3P DD
G04 FF 61048 002600  780 636 1858     -367643    -70         -26    -47   22 142   90   -6   47  +23   47   23  15  0  0 L3P 08
G06 FF 61048 002600  780 305 3072    +5999877    +42           5     -1   38   0  159  -33   36  -10   36  -10  25  0  0 L3P ED
G09 FF 61048 002600  780 323 2137    -7699434    -46         -26    -39   31   8  151  -32   88   +8   88    8  24  0  0 L3P 0C
G17 FF 61048 002600  780 350 2490     +256982   +137         -15    +18   24   0  141  +16   72   +8   72    8  20  0  0 L3P E0
G19 FF 61048 002600  780 368 2772    -6844932    -90           0    -72   28   7  134   +4   36  +73   36   73  23  0  0 L3P F4
G28 FF 61048 002600  780 216  444    +6142053    -28          -9    +21   29 219  217  +28   31  -13   31  -13  23  0  0 L3P 0B
G01 FF 61048 004200  780 331 1478    -3459555     -5          -7    -38   34  99  147  +30   53  +35   53   35  26  0  0 L3P 0B
G03 FF 61048 004200  780 665  784    -6043244     +9         -18    -89   21   2   88   +5   35  +67   35   67  13  0  0 L3P DB
G04 FF 61048 004200  780 711 1790     -367686    -19         -46     +4   22 142   85   -4   53   -5   53   -5  14  0  0 L3P D8
G06 FF 61048 004200  780 372 3059    +5999879    +22         -34    -21   28   0  134  -21   54   +8   54    8  19  0  0 L3P FC
G09 FF 61048 004200  780 397 2160    -7699439    -20         -24    -13   23   8  127  -21   74   +0   74    0  17  0  0 L3P EE
G17 FF 61048 004200  780 300 2426     +257094   +155         -16    +37   22   0  161  +26   85  -23   85  -23  16  0  0 L3P 0C
G19 FF 61048 004200  780 349 2683    -6844960    -68         -11    -50   26   7  141   +9   51  +55   51   55  20  0  0 L3P 0B
G28 FF 61048 004200  780 182  387    +6142007     -6          -9    +42   46 219  255  +52   30  -26   30  -26  35  0  0 L3P 06
G01 FF 61048 005800  780 259 1497    -3459531     +8         -15    -25   31  99  184  +49   65  +14   65   14  24  0  0 L3P 28
G03 FF 61048 005800  780 595  858    -6043159   +106         -27     +8   17   2   94   +7   41  -17   41  -17  13  0  0 L3P F1
G04 FF 61048 005800  780 775 1616     -367687    -15         -24     +9   18 142   83   -2   31  -12   31  -12  13  0  0 L3P F8
G06 FF 61048 005800  780 437 3030    +5999934    -21         -20    -64   31   0  117  -14   36  +51   36   51  23  0  0 L3P 09
G09 FF 61048 005800  780 472 2186    -7699438    -28         -17    -21   24   8  110  -14   55   +0   55    0  16  0  0 L3P F7
G17 FF 61048 005800  780 246 2372     +257214   +171         -10    +53   29   0  193  +43   98  -14   98  -14  23  0  0 L3P 1D
G19 FF 61048 005800  780 317 2601    -6844971    +51          -5    +70   32   7  153  +17   62  -40   62  -40  22  0  0 L3P 06
G28 FF 61048 005800  780 140  339    +6141932    -87         -37    -38   52 219  328 +104   58  +49   58   49  41  0  0 L3P 53
G01 FF 61048 011400  780 188 1514    -3459499    -10         -14    -43   34  99  249  +91   75  +57   75   57  27  0  0 L3P 44
G03 FF 61048 011400  780 526  919    -6043078    +62        -161    -37   21 126  102  +10   42  +31   42   31  16  0  0 L3P 16
G04 FF 61048 011400  780 802 1230     -367746    -41         -60    -17   16 142   82   +0   51  +10   51   10  11  0  0 L3P D4
G06 FF 61048 011400  780 498 2979    +5999967    +93         -29    +49   27   0  106   -9   41  -41   41  -41  20  0  0 L3P 2E
G09 FF 61048 011400  780 549 2212    -7699463     -4         -35     +2   26   8   99  -10   58  -17   58  -17  18  0  0 L3P 05
G11 FF 61048 011400  780 103 3159    +4819924   -288         -15   -155   33 190  449 -267   71  +94   71   94  25  0  0 L3P 85
G17 FF 61048 011400  780 188 2326     +257328   +118          -9     +0   34   0  248  +76  103   +9  103    9  22  0  0 L3P E2
G19 FF 61048 011400  780 274 2530    -6844998    -12         -14     +6   30   7  175  +29   82   +1   82    1  24  0  0 L3P DF
G31 FF 61048 011400  780 286  538    +1738174     -4          18    +16   29 182  168  +17   40  -22   40  -22  23  0  0 L3P 0B
G01 FF 61048 013000  780 119 1529    -3459491   +128         -28    +95   40 100  385 +215  103  -76  103  -76  33  0  0 L3P 85
G03 FF 61048 013000  780 458  974    -6042991    +59        -169    -40   24 126  112  +13   48  +25   48   25  16  0  0 L3P 3D
G04 FF 61048 013000  780 770  871     -367750     -7         -42    +17   18 142   83   +2   39   -3   39   -3  13  0  0 L3P C1
G06 FF 61048 013000  780 550 2897    +6000022    +75         -15    +32   18   0   99   -6   29  -14   29  -14  14  0  0 L3P EE
G09 FF 61048 013000  780 627 2240    -7699467    +34         -32    +40   17   8   91   -7   45  -35   45  -35  13  0  0 L3P 06
G11 FF 61048 013000  780 164 3152    +4819831   -241          19   -108   40 190  285 -107   28  +62   28   62  28  0  0 L3P 5C
G17 FF 61048 013000  780 129 2285     +257467    +55          17    -64   43   0  355 +158  109  +75  109   75  34  0  0 L3P 36
G19 FF 61048 013000  780 223 2469    -6845024    -44         -23    -25   36   7  211  +48   99  +22   99   22  29  0  0 L3P 20
G31 FF 61048 013000  780 250  474    +1738167    -26          31     -5   28 182  190  +29   40  +13   40   13  22  0  0 L3P ED
G03 FF 61048 014600  780 391 1024    -6042895   +166        -168    +67   18 126  128  +19   53  -41   53  -41  13  0  0 L3P 6B
G04 FF 61048 014600  780 706  722     -367770    -25         -38     -1   19 142   86   +4   35   -5   35   -5  12  0  0 L3P C5
G06 FF 61048 014600  780 587 2780    +6000070    +73          -9    +30   19   0   95   -3   28  -22   28  -22  14  0  0 L3P DE
G07 FF 61048 014600  780 128 1781    +1322176    +81          -1    +29   37   1  363 -193   89  -38   89  -38  28  0  0 L3P 38
G09 FF 61048 014600  780 705 2267    -7699468     +0         -27     +7   14   8   86   -4   37   -8   37   -8  11  0  0 L3P D2
G11 FF 61048 014600  780 226 3137    +4819660   -117         -25    +16   28 190  210  -55   55  -30   55  -30  19  0  0 L3P 4E
G19 FF 61048 014600  780 169 2415    -6845031    -41         -12    -23   36   7  275  +89   95  +36   95   36  27  0  0 L3P 2D
G31 FF 61048 014600  780 206  422    +1738136    +20          20    +40   32 182  228  +52   51  -22   51  -22  26  0  0 L3P FD
G03 FF 61048 020200  780 325 1070    -6042779    +73         -21    -25   25   3  150  +28   56  +24   56   24  19  0  0 L3P 02
G04 FF 61048 020200  780 635  670     -367802    -27         -42     -4   29 143   90   +6   39   -5   39   -5  19  0  0 L3P CB
G06 FF 61048 020200  780 602 2632    +6000098    +52         -24     +8   26   3   93   +0   38  -17   38  -17  19  0  0 L3P D9
G07 FF 61048 020200  780 197 1771    +1322199   +126         -28    +74   37   1  239  -84   92  -64   92  -64  28  0  0 L3P 47
G09 FF 61048 020200  780 783 2287    -7699459     -6         -11     +1   15   8   83   -2   21   +2   21    2  11  0  0 L3P A1
G11 FF 61048 020200  780 285 3109    +4819531   -101         -24    +32   29 191  169  -33   48  -26   48  -26  21  0  0 L3P 50
G20 FF 61048 020200  780 102 2967    -3617762    -92          10    -93   49 126  452 -264   31  +76   31   76  32  0  0 L3P 40
G26 FF 61048 020200  780 117  544    +3077560   +126         -25    +64   42   6  390  -47   48  -23   48  -23  35  0  0 L3P 1E
G31 FF 61048 020200  780 155  382    +1738136    -45          39    -24   42 182  299 +102   45  +44   45   44  33  0  0 L3P 27
G03 FF 61048 021800  780 260 1114    -6042665   +157          -1    +60   29   3  183  +43   50  -34   50  -34  22  0  0 L3P 04
G04 FF 61048 021800  780 563  657     -367820    -14         -37     +9   25 143   97   +8   35   -6   35   -6  17  0  0 L3P D7
G06 FF 61048 021800  780 590 2481    +6000146    +41         -17     -3   21   3   94   +3   34   +7   34    7  14  0  0 L3P A0
G07 FF 61048 021800  780 269 1761    +1322252   +105         -25    +53   21   1  179  -46   74  -59   74  -59  16  0  0 L3P 39
G09 FF 61048 021800  780 861 2257    -7699481    -32         -26    -25   16   8   81   -1   34  +23   34   23  11  0  0 L3P F6
G11 FF 61048 021800  780 340 3067    +4819412   -184         -16    -51   41 191  145  -20   32  +21   32   21  29  0  0 L3P 30
G20 FF 61048 021800  780 163 2988    -3617793    +42         -21    +41   27 126  287 -109   46  -32   46  -32  23  0  0 L3P 5F
G21 FF 61048 021800  780 139 2916    -3755252    -69          31    +15   33 117  335 -147   24   +6   24    6  30  0  0 L3P 15
G26 FF 61048 021800  780 126  478    +3077630   +109         -13    +47   40   6  362  -12   52  -17   52  -17  31  0  0 L3P 15
G03 FF 61048 023400  780 197 1154    -6042582   +107         -11     +9   35   3  238  +75   68   -1   68   -1  26  0  0 L3P F9
G04 FF 61048 023400  780 491  664     -367843    +32         -37    +55   20 143  107  +12   37  -35   37  -35  14  0  0 L3P 1A
G06 FF 61048 023400  780 554 2351    +6000176    +27         -28    -16   24   3   98   +6   45  +17   45   17  17  0  0 L3P EA
G07 FF 61048 023400  780 341 1749    +1322292    +46         -36     -6   24   1  144  -28   73  -11   73  -11  17  0  0 L3P 00
G09 FF 61048 023400  780 860  690    -7699483    +17         -23    +24   14   8   81   +1   33   -8   33   -8   9  0  0 L3P C5
G11 FF 61048 023400  780 388 3009    +4819271   -117         -29    +16   24 191  129  -13   35  -22   35  -22  15  0  0 L3P 4F
G20 FF 61048 023400  780 226 3004    -3617778    -45          -8    -47   34 126  210  -58   38  +29   38   29  24  0  0 L3P 31
G21 FF 61048 023400  780 201 2940    -3755364    -33           0    +51   30 117  235  -73   46  -34   46  -34  25  0  0 L3P 14
G26 FF 61048 023400  780 125  412    +3077700    -13          -2    -75   48   6  366  +19   53  +64   53   64  33  0  0 L3P EB
G03 FF 61048 025000  780 134 1192    -6042490    +49         -13    -49   56   3  343 +156   74  +48   74   48  48  0  0 L3P 30
G04 FF 61048 025000  780 422  681     -367852    -79         -23    -55   22 143  120  +16   29  +52   29   52  15  0  0 L3P 0E
G06 FF 61048 025000  780 502 2254    +6000226    +61         -20    +18   20   3  105   +9   46   -2   46   -2  14  0  0 L3P BB
G07 FF 61048 025000  780 415 1732    +1322366    +60         -11     +8   27   1  122  -18   47   -4   47   -4  21  0  0 L3P CE
G09 FF 61048 025000  780 784  664    -7699488    -67         -21    -60   15   8   82   +2   30  +42   30   42  11  0  0 L3P E8
G11 FF 61048 025000  780 426 2932    +4819129   -187         -43    -54   22 191  119   -7   42  +39   42   39  16  0  0 L3P 41
G16 FF 61048 025000  780 142  687    -1834503   -189         -26   -113   39  16  326  -63   57  +69   57   69  28  0  0 L3P 58
G20 FF 61048 025000  780 291 3013    -3617771    +38          -2    +37   29 126  166  -35   37   -3   37   -3  23  0  0 L3P 06
G21 FF 61048 025000  780 265 2961    -3755440     +0           4    +84   27 117  181  -43   41  -60   41  -60  22  0  0 L3P 00
G26 FF 61048 025000  780 113  349    +3077748    +95         -14    +33   47   6  402  +59   75   +6   75    6  34  0  0 L3P E9
G30 FF 61048 025000  780 166 1934     -807034   -173           1    -50   35   4  283 -117   70  +18   70   18  27  0  0 L3P FD
G04 FF 61048 030600  780 354  705     -367873    +61         -22    +85   29 143  139  +23   35  -64   35  -64  20  0  0 L3P 23
G06 FF 61048 030600  780 439 2184    +6000264    +41         -23     -3   24   3  116  +14   57  +17   57   17  17  0  0 L3P ED
G07 FF 61048 030600  780 489 1706    +1322414    +63         -14    +11   26   1  107  -12   49  -21   49  -21  19  0  0 L3P 0B
G09 FF 61048 030600  780 709  690    -7699490     -6         -16     +1   12   8   85   +4   29   -4   29   -4  10  0  0 L3P B1
G11 FF 61048 030600  780 449 2838    +4819011   -101         -33    +32   26 191  114   -3   32  -11   32  -11  19  0  0 L3P 25
G16 FF 61048 030600  780 164  619    -1834556    -36          -5    +40   39  16  283  -30   30  -32   30  -32  30  0  0 L3P 00
G20 FF 61048 030600  780 357 3014    -3617755    -38          13    -39   27 126  138  -23   33  +47   33   47  20  0  0 L3P 29
G21 FF 61048 030600  780 331 2975    -3755516    -87           9     -2   26 117  148  -28   33   -3   33   -3  18  0  0 L3P F9
G30 FF 61048 030600  780 236 1937     -807180    -77         -27    +46   34   4  202  -59   82  -50   82  -50  26  0  0 L3P 14
G04 FF 61048 032200  780 288  734     -367907    -53         -33    -30   29 143  167  +35   46  +31   46   31  22  0  0 L3P 13
G05 FF 61048 032200  780 108 3049    +2269015    +76           0    +69   30   8  429 -250   78  -65   78  -65  23  0  0 L3P 20
G06 FF 61048 032200  780 371 2134    +6000307    +95         -22    +52   21   3  134  +22   66  -30   66  -30  17  0  0 L3P FA
G07 FF 61048 032200  780 560 1665    +1322473    +50          -5     -2   17   1   98   -8   41   -8   41   -8  11  0  0 L3P A6
G09 FF 61048 032200  780 636  724    -7699512     -2         -32     +5   26   8   90   +6   42  -12   42  -12  19  0  0 L3P C5
G11 FF 61048 032200  780 455 2735    +4818876   -108         -41    +25   29 191  113   +1   35  -25   35  -25  19  0  0 L3P 44
G16 FF 61048 032200  780 176  548    -1834632    -61          -9    +15   43  16  264   -9   27  -20   27  -20  33  0  0 L3P FA
G20 FF 61048 032200  780 424 3002    -3617736    -47          31    -48   21 126  120  -16   27  +45   27   45  17  0  0 L3P 19
G21 FF 61048 032200  780 399 2982    -3755600    -99           5    -15   30 117  126  -19   26  +11   26   11  21  0  0 L3P 14
G30 FF 61048 032200  780 309 1940     -807293    -95         -23    +28   28   4  158  -35   64  -40   64  -40  21  0  0 L3P 0E
G04 FF 61048 033800  780 225  766     -367915    -17         -18     +7   35 143  210  +57   44   +8   44    8  30  0  0 L3P E3
G05 FF 61048 033800  780 172 3062    +2269053    +30          31    +23   31   8  273 -103   36  -33   36  -33  22  0  0 L3P 09
G06 FF 61048 033800  780 301 2096    +6000358    +40         -12     -3   33   3  161  +35   65   +3   65    3  25  0  0 L3P BF
G07 FF 61048 033800  780 627 1594    +1322510    +33         -19    -20   21   1   91   -5   45   +1   45    1  15  0  0 L3P B0
G09 FF 61048 033800  780 564  762    -7699506    +23         -19    +30   20   8   97   +8   35  -15   35  -15  15  0  0 L3P FE
G11 FF 61048 033800  780 442 2631    +4818747   -140         -42     -7   29 191  116   +5   39  +10   39   10  21  0  0 L3P 1B
G16 FF 61048 033800  780 177  476    -1834699    -24          -3    +53   41  16  263   +8   17  -36   17  -36  33  0  0 L3P 10
G20 FF 61048 033800  780 489 2973    -3617746    +28          20    +27   21 126  107  -11   40  -31   40  -31  16  0  0 L3P 2C
G21 FF 61048 033800  780 468 2976    -3755702    -98         -15    -14   26 117  111  -13   37  +11   37   11  18  0  0 L3P 3D
G30 FF 61048 033800  780 383 1942     -807419    -91         -30    +32   28   4  131  -23   58  -35   58  -35  21  0  0 L3P 10
G04 FF 61048 035400  780 163  799     -367938    +19          -5    +43   39 144  284 +104   53  -25   53  -25  31  0  0 L3P 30
G05 FF 61048 035400  780 238 3069    +2269024    +24          -4    +17   26   8  200  -55   50  -11   50  -11  18  0  0 L3P F7
G06 FF 61048 035400  780 230 2066    +6000392    +31         -20    -12   35   3  205  +60   85   +6   85    6  24  0  0 L3P D0
G07 FF 61048 035400  780 684 1474    +1322536    +33         -43    -19   17   1   87   -3   45   -7   45   -7  12  0  0 L3P DB
G09 FF 61048 035400  780 494  800    -7699508    -37         -15    -30   20   8  106  +11   33  +31   33   31  14  0  0 L3P F7
G11 FF 61048 035400  780 412 2536    +4818620   -185         -41    -52   32 191  122   +9   41  +34   41   34  24  0  0 L3P 24
G16 FF 61048 035400  780 165  408    -1834759    -91          11    -15   40  16  281  +29   15  +40   15   40  30  0  0 L3P FB
G20 FF 61048 035400  780 551 2918    -3617737     -8          28     -9   24 126   99   -7   30   -2   30   -2  16  0  0 L3P D5
G21 FF 61048 035400  780 537 2952    -3755787    -88         -20     -4   23 117  100   -9   34   -4   34   -4  16  0  0 L3P 04
G30 FF 61048 035400  780 458 1942     -807528    -62         -22    +61   27   4  113  -15   43  -67   43  -67  22  0  0 L3P 12
G05 FF 61048 041000  780 305 3066    +2269025    +40         -10    +33   31   8  159  -33   49  -36   49  -36  22  0  0 L3P 10
G06 FF 61048 041000  780 162 2041    +6000434    +57         -20    +14   39   3  287 +119   91   +4   91    4  34  0  0 L3P E5
G07 FF 61048 041000  780 719 1281    +1322596    +26         -38    -26   14  10   85   -1   39  +12   39   12  10  0  0 L3P EF
G09 FF 61048 041000  780 426  840    -7699513    -44         -18    -37   28  27  119  +16   38  +37   38   37  21  0  0 L3P 29
G11 FF 61048 041000  780 369 2455    +4818490   -114         -16    +20   19 192  134  +15   51   -5   51   -5  13  0  0 L3P 21
G16 FF 61048 041000  780 142  344    -1834881    -81         -32     -5   59  30  324  +63   79  +39   79   39  37  0  0 L3P 15
G20 FF 61048 041000  780 604 2825    -3617788    -38         -25    -39   18  22   93   -4   38  +24   38   24  12  0  0 L3P 0A
G21 FF 61048 041000  780 603 2898    -3755878    -65         -30    +19   21 118   93   -6   38  -18   38  -18  15  0  0 L3P 39
G30 FF 61048 041000  780 535 1936     -807642   -184         -17    -61   18   5  101  -10   30  +33   30   33  14  0  0 L3P F7
G05 FF 61048 042600  780 372 3052    +2269035     +1          -6     -5   29   8  134  -21   41   +2   41    2  20  0  0 L3P 98
G07 FF 61048 042600  780 720 1045    +1322643    +97         -41    +45   14  10   85   +1   39  -24   39  -24  10  0  0 L3P F9
G09 FF 61048 042600  780 360  880    -7699513    +19         -11    +25   30  27  137  +22   38   -8   38   -8  24  0  0 L3P 09
G11 FF 61048 042600  780 318 2388    +4818386    -96           7    +38   32 192  153  +24   45  -15   45  -15  25  0  0 L3P 37
G13 FF 61048 042600  780 150 2648    -6902360     -3         -24    -13   46   9  311 -126   72   -8   72   -8  35  0  0 L3P FB
G16 FF 61048 042600  780 109  288    -1834946    -88         -25    -12   39  30  416 +138  100  +18  100   18  30  0  0 L3P 47
G20 FF 61048 042600  780 640 2686    -3617782    +10         -21     +8   23  22   90   -2   33   -5   33   -5  15  0  0 L3P C7
G21 FF 61048 042600  780 660 2796    -3755960    -84         -31     +0   20 118   88   -4   37   +5   37    5  14  0  0 L3P E7
G30 FF 61048 042600  780 611 1917     -807765   -136         -22    -13   19   5   92   -7   28   +9   28    9  14  0  0 L3P D8
G05 FF 61048 044200  780 438 3020    +2269045    +20          -3    +13   24   8  117  -14   35   -7   35   -7  21  0  0 L3P CE
G07 FF 61048 044200  780 688  855    +1322725   +110          -9    +57   11  10   87   +3   25  -31   25  -31   9  0  0 L3P E1
G09 FF 61048 044200  780 295  920    -7699511    +11          -3    +18   26  27  163  +33   42   -5   42   -5  18  0  0 L3P EB
G11 FF 61048 044200  780 260 2333    +4818251   -166          -1    -33   36 192  183  +40   62  +49   62   49  26  0  0 L3P 33
G13 FF 61048 044200  780 211 2688    -6902346    +53         -20    +42   31   9  224  -65   49  -33   49  -33  27  0  0 L3P 22
G20 FF 61048 044200  780 650 2510    -3617774    -34         -14    -35   19  22   89   +0   31  +24   31   24  11  0  0 L3P E9
G21 FF 61048 044200  780 699 2622    -3756059   -101         -31    -16   21 119   86   -1   43  +15   43   15  13  0  0 L3P 1C
G30 FF 61048 044200  780 685 1870     -807883   -148         -23    -25   18   5   87   -5   32  +18   32   18  14  0  0 L3P FE
G05 FF 61048 045800  780 499 2965    +2269039     +4         -15     -3   27   8  106   -9   39   -7   39   -7  19  0  0 L3P EA
G07 FF 61048 045800  780 636  740    +1322768    +68         -17    +16   20  10   90   +5   34  -11   34  -11  14  0  0 L3P EB
G09 FF 61048 045800  780 232  959    -7699519    -30          -5    -23   38  27  203  +53   54  +33   54   33  29  0  0 L3P 1B
G11 FF 61048 045800  780 200 2287    +4818108   -199         -16    -66   42 192  234  +70   76  +43   76   43  29  0  0 L3P 5D
G13 FF 61048 045800  780 275 2727    -6902340    +32         -24    +22   32   9  175  -39   41  -18   41  -18  26  0  0 L3P 22
G14 FF 61048 045800  780 148 1607    -7273937    -67           2    -42   30 111  316 -139   52  +23   52   23  26  0  0 L3P 2C
G20 FF 61048 045800  780 629 2339    -3617766    +59          -7    +58   22  22   91   +3   26  -36   26  -36  16  0  0 L3P 12
G21 FF 61048 045800  780 705 2394    -3756133    -46         -25    +38   15 119   86   +1   40  -16   40  -16  10  0  0 L3P 1C
G30 FF 61048 045800  780 752 1754     -807998   -104         -19    +18   14   5   84   -2   34  -10   34  -10  10  0  0 L3P FA
G05 FF 61048 051400  780 551 2879    +2269043    +14         -18     +7   22   8   99   -6   32   -3   32   -3  17  0  0 L3P C8
G07 FF 61048 051400  780 574  680    +1322818    +55         -17     +3   15  10   96   +7   37   -5   37   -5  12  0  0 L3P C2
G09 FF 61048 051400  780 171  998    -7699547    -46         -26    -40   29  27  272  +95   88  +58   88   58  20  0  0 L3P 52
G11 FF 61048 051400  780 139 2247    +4817989   -195          -7    -62   47 192  331 +142   76  +44   76   44  38  0  0 L3P 6A
G13 FF 61048 051400  780 340 2767    -6902325    -82         -18    -92   27   9  145  -26   29  +57   29   57  22  0  0 L3P 2A
G14 FF 61048 051400  780 214 1583    -7273962   -139           1   -114   37 111  222  -68   51  +60   51   60  29  0  0 L3P 36
G20 FF 61048 051400  780 584 2207    -3617778    -32         -20    -33   26  22   95   +6   36  +22   36   22  20  0  0 L3P F6
G21 FF 61048 051400  780 675 2191    -3756209    -96         -20    -11   20 119   87   +3   36  +12   36   12  15  0  0 L3P 0A
G30 FF 61048 051400  780 798 1470     -808112   -120         -16     +2   20   5   82   -1   31   +4   31    4  14  0  0 L3P 96
G05 FF 61048 054200  780 599 2646    +2269062    +22         -10    +15   23   8   93   -1   28  -14   28  -14  17  0  0 L3P F8
G07 FF 61048 054200  780 460  646    +1322915    +40          -8    -13   17  10  112  +13   29  +14   29   14  12  0  0 L3P E1
G13 FF 61048 054200  780 459 2834    -6902315    +21         -26    +11   15   9  113  -14   25  -21   25  -21  11  0  0 L3P 03
G14 FF 61048 054200  780 332 1531    -7274021    -33         -17     -8   26 113  148  -28   57   -8   57   -8  19  0  0 L3P 14
G15 FF 61048 054200  780 164 2919    -3746556    +56          15    +91   33   9  286 -111   25  -77   25  -77  29  0  0 L3P 45
G18 FF 61048 054200  780 125 3297    +4565184   -124          -1    -27   39 157  366  -62   62   +1   62    1  28  0  0 L3P 1D
G20 FF 61048 054200  780 474 2068    -3617778    +34         -23    +33   33  22  110  +13   44  -27   44  -27  27  0  0 L3P 29
G21 FF 61048 054200  780 569 1994    -3756329    -94           1    -10   26 119   96   +8   22  +14   22   14  19  0  0 L3P 02
G22 FF 61048 054200  780 195 1641     +611961     -3           3    +39   32   1  242  -87   54  -43   54  -43  23  0  0 L3P D4
G30 FF 61048 054200  780 755  869     -808308   -133          -6    -11   10   5   83   +2   26   +7   26    7   7  0  0 L3P 96
G05 FF 61048 055800  780 591 2492    +2269069     +6         -10     -1   19   8   94   +2   33  +16   33   16  13  0  0 L3P CA
G07 FF 61048 055800  780 394  648    +1322943    +50         -30     -2   34  10  127  +18   40   +7   40    7  26  0  0 L3P D0
G08 FF 61048 055800  780 105  498    -5066384    +49         -10     +8   41  11  431  -59   74  -13   74  -13  29  0  0 L3P 1C
G13 FF 61048 055800  780 530 2871    -6902297    -29         -17    -40   25   9  101  -10   16  +39   16   39  18  0  0 L3P 1C
G14 FF 61048 055800  780 400 1491    -7274048    +68         -21    +93   20 113  126  -18   53  -78   53  -78  15  0  0 L3P 4F
G15 FF 61048 055800  780 229 2940    -3746593    -74          12    -39   36   9  208  -59   17  +24   17   24  27  0  0 L3P 25
G18 FF 61048 055800  780 141 3235    +4565076    -47         -16    +50   36 157  326  -25   55  -47   55  -47  25  0  0 L3P 5A
G20 FF 61048 055800  780 403 2022    -3617785    -26         -30    -27   24  22  125  +19   50  +15   50   15  17  0  0 L3P 12
G21 FF 61048 055800  780 497 1939    -3756412   -108          -1    -24   17 119  106  +12   26  +27   26   27  15  0  0 L3P 3E
G22 FF 61048 055800  780 267 1618     +611905    -34         -12     +8   33   1  180  -47   60   -7   60   -7  22  0  0 L3P D1
G30 FF 61048 055800  780 691  759     -808433    -79         -12    +44   15   5   86   +4   27  -23   27  -23  10  0  0 L3P E4
G05 FF 61048 061400  780 557 2357    +2269064     +8         -21     +1   26  64   98   +5   40   +5   40    5  18  0  0 L3P B6
G07 FF 61048 061400  780 329  661    +1323040    +45          12     -7   23  16  148  +27   26  +27   26   27  18  0  0 L3P E7
G08 FF 61048 061400  780 114  432    -5066339    +64          -8    +23   59  20  397  -15   71  -20   71  -20  41  0  0 L3P 06
G13 FF 61048 061400  780 603 2905    -6902291    +48         -21    +38   15   9   93   -7   22  -25   22  -25  10  0  0 L3P F3
G14 FF 61048 061400  780 464 1436    -7274074     -1         -25    +24   30 114  112  -12   52  -28   52  -28  20  0  0 L3P 1A
G15 FF 61048 061400  780 296 2956    -3746635   -104           6    -69   32  10  164  -36   20  +49   20   49  25  0  0 L3P 26
G18 FF 61048 061400  780 146 3169    +4564969   -114         -30    -16   35 158  315   +1   52   -3   52   -3  26  0  0 L3P 24
G20 FF 61048 061400  780 330 1990    -3617782     -1         -30     -3   22  23  148  +30   57  +23   57   23  19  0  0 L3P F2
G21 FF 61048 061400  780 422 1906    -3756478    -96          14    -11   27 119  120  +18   18  +11   18   11  23  0  0 L3P 20
G22 FF 61048 061400  780 339 1590     +611865    -15         -12    +27   19   1  145  -28   60  -21   60  -21  15  0  0 L3P FC
G30 FF 61048 061400  780 621  721     -808567    -62         -28    +61   19   5   91   +6   38  -43   38  -43  13  0  0 L3P DE
G05 FF 61048 063000  780 506 2255    +2269071    +14         -21     +8   28  64  104   +9   41   -4   41   -4  19  0  0 L3P D7
G07 FF 61048 063000  780 265  679    +1323064    +64         -15    +12   26  16  180  +41   69  +24   69   24  22  0  0 L3P 0C
G08 FF 61048 063000  780 113  367    -5066309    +74         -17    +33   45  20  400  +22   88  -17   88  -17  34  0  0 L3P 1F
G13 FF 61048 063000  780 678 2933    -6902277    +33         -17    +23   14   9   87   -5   22  -12   22  -12   9  0  0 L3P EB
G14 FF 61048 063000  780 522 1359    -7274104    -67         -32    -42   23 114  102   -8   55  +35   55   35  16  0  0 L3P 1B
G15 FF 61048 063000  780 366 2963    -3746666     -6           9    +30   24  10  136  -23   19  -21   19  -21  19  0  0 L3P 04
G18 FF 61048 063000  780 140 3102    +4564889   -172         -16    -74   40 158  329  +27   36  +39   36   39  28  0  0 L3P 5E
G20 FF 61048 063000  780 258 1965    -3617763    +53         -11    +52   34  23  185  +49   55  -25   55  -25  29  0  0 L3P 3E
G21 FF 61048 063000  780 346 1884    -3756566    -83           6     +1   26 119  142  +28   39  +14   39   14  20  0  0 L3P 0D
G22 FF 61048 063000  780 411 1554     +611814    -54         -22    -12   16   1  123  -18   69   +9   69    9  13  0  0 L3P D0
G30 FF 61048 063000  780 551  714     -808681   -158         -25    -36   18   5   98   +9   42  +45   42   45  13  0  0 L3P E8
G05 FF 61048 064600  780 444 2182    +2269086     -4         -12    -11   27  64  115  +14   42  +22   42   22  20  0  0 L3P F9
G07 FF 61048 064600  780 203  703    +1323116    +80         -13    +27   40  16  231  +68  112  +34  112   34  34  0  0 L3P 10
G08 FF 61048 064600  780 102  304    -5066276    +77         -23    +36   33  20  443  +70  101  -11  101  -11  26  0  0 L3P 21
G13 FF 61048 064600  780 754 2948    -6902253    -26          -3    -36   18   9   84   -3   19  +35   19   35  13  0  0 L3P F3
G14 FF 61048 064600  780 569 1255    -7274110    +14         -14    +39   18 114   97   -4   49  -19   49  -19  13  0  0 L3P 32
G15 FF 61048 064600  780 437 2960    -3746707    -88           1    -53   22  10  117  -16   27  +48   27   48  17  0  0 L3P 1A
G18 FF 61048 064600  780 123 3036    +4564805    -84          -6    +14   31 158  371  +64   23  -24   23  -24  23  0  0 L3P 2D
G20 FF 61048 064600  780 187 1944    -3617746     -4           4     -5   34  23  250  +91   64  +40   64   40  31  0  0 L3P E1
G21 FF 61048 064600  780 272 1868    -3756656    -93          -2     -9   31 119  176  +45   62  +26   62   26  25  0  0 L3P 2D
G22 FF 61048 064600  780 481 1503     +611778    -40         -18     +2   21   1  109  -12   66   -1   66   -1  15  0  0 L3P C3
G23 FF 61048 064600  780 101 3280    -5965981    +94           0   +144   56 152  455 -251   47 -127   47 -127  41  0  0 L3P 7B
G30 FF 61048 064600  780 482  724     -808790    -85         -16    +38   21   5  108  +12   49   -7   49   -7  14  0  0 L3P E9
G05 FF 61048 070200  780 376 2129    +2269093    +33         -11    +27   23  64  132  +21   59  +12   59   12  17  0  0 L3P 16
G07 FF 61048 070200  780 142  730    +1323156    +76         -23    +23   59  16  324 +134  185  +53  185   53  43  0  0 L3P 3E
G13 FF 61048 070200  780 832 2907    -6902252    +27         -11    +17   21   9   81   -1   31   +7   31    7  15  0  0 L3P B7
G14 FF 61048 070200  780 597 1121    -7274141    -53         -21    -28   18 114   94   -2   61  +28   61   28  12  0  0 L3P 0A
G15 FF 61048 070200  780 508 2941    -3746753    -70         -11    -35   22  10  104  -11   39  +27   39   27  17  0  0 L3P 1E
G20 FF 61048 070200  780 119 1926    -3617768    -59         -18    -60   42  23  386 +214  122 +112  122  112  37  0  0 L3P 78
G21 FF 61048 070200  780 200 1856    -3756724    -56          10    +28   29 119  235  +82   78  +18   78   18  21  0  0 L3P 36
G22 FF 61048 070200  780 545 1429     +611732    -16         -24    +26   21   1   99   -8   76   -1   76   -1  13  0  0 L3P BD
G23 FF 61048 070200  780 156 3251    -5966067    +24         -38    +74   38 152  299 -102   50  -87   50  -87  29  0  0 L3P 70
G24 FF 61048 070200  780 115 2585    +1712939   -176         -26    -28   29  17  400 -210   48  +20   48   20  23  0  0 L3P 43
G30 FF 61048 070200  780 414  742     -808904   -107         -12    +16   25   5  122  +17   76  +32   76   32  20  0  0 L3P EC
G05 FF 61048 071800  780 306 2090    +2269098    -31         -13    -38   33  64  158  +34   82  +61   82   61  27  0  0 L3P 2C
G13 FF 61048 071800  780 878 1811    -6902231    +36           0    +26   16   9   81   +0   37   +5   37    5  11  0  0 L3P A4
G14 FF 61048 071800  780 601  972    -7274154     -2          -9    +23   22 114   93   +1   64   -2   64   -2  15  0  0 L3P BC
G15 FF 61048 071800  780 577 2895    -3746792    -12         -16    +23   21  10   96   -7   52   +6   52    6  16  0  0 L3P EF
G21 FF 61048 071800  780 130 1844    -3756815   -118          -1    -34   29 119  354 +183  135  +91  135   91  25  0  0 L3P 76
G22 FF 61048 071800  780 598 1321     +611700    -77         -15    -35   20   1   94   -4   74  +26   74   26  14  0  0 L3P D9
G23 FF 61048 071800  780 206 3211    -5966089   -102         -12    -52   40 152  229  -52   32  +55   32   55  30  0  0 L3P 3D
G24 FF 61048 071800  780 177 2620    +1712826   -205           2    -57   25  17  265  -93   31  +55   31   55  23  0  0 L3P 19
G30 FF 61048 071800  780 348  766     -809021   -140         -11    -17   20   5  141  +24  118  +54  118   54  17  0  0 L3P 17
G05 FF 61048 073400  780 236 2060    +2269116    +10          -2     +3   44  64  201  +57  109  +40  109   40  33  0  0 L3P 02
G13 FF 61048 073400  780 805 1430    -6902230    -12          -9    -22   21   9   82   +2   59  +31   59   31  14  0  0 L3P CC
G14 FF 61048 073400  780 581  835    -7274186    -36         -18    -11   23 114   95   +3   87  +30   87   30  16  0  0 L3P 0D
G15 FF 61048 073400  780 640 2805    -3746828    -47         -18    -11   18  10   90   -5   66  +15   66   15  11  0  0 L3P 07
G17 FF 61048 073400  780 141 1210     +260024   +103          -5    -15   50   8  329 -131  246  +15  246   15  35  0  0 L3P 15
G22 FF 61048 073400  780 632 1174     +611657    -12         -18    +30   22   1   91   -2   91   +0   91    0  15  0  0 L3P 9A
G23 FF 61048 073400  780 250 3160    -5966126    -92          -1    -42   40 152  191  -29   39  +44   39   44  31  0  0 L3P 27
G24 FF 61048 073400  780 241 2655    +1712650   -138         -31    +10   37  17  198  -52   73  +18   73   18  28  0  0 L3P 3B
G30 FF 61048 073400  780 283  795     -809145   -110         -17    +13   32   5  169  +36  169  +55  169   55  27  0  0 L3P 38
G05 FF 61048 075000  780 167 2034    +2269127    -45           3    -52   33  64  278 +111  144  +72  144   72  27  0  0 L3P 38
G13 FF 61048 075000  780 725 1415    -6902216    -49          -5    -59   15   9   85   +4   77  +64   77   64  11  0  0 L3P F3
G14 FF 61048 075000  780 540  729    -7274214    -25         -21     +0   21 114  100   +6  106   -8  106   -8  17  0  0 L3P F2
G15 FF 61048 075000  780 686 2649    -3746863    -15         -19    +20   19  10   87   -2   79  +12   79   12  13  0  0 L3P 16
G17 FF 61048 075000  780 197 1162     +260131   +158         -12    +40   32   8  239  -65  245   -8  245   -8  24  0  0 L3P 1C
G22 FF 61048 075000  780 639 1004     +611626    -80          -9    -37   18   1   90   +1   93  +42   93   42  14  0  0 L3P C1
G23 FF 61048 075000  780 284 3096    -5966184    -56         -11     -6   25 152  169  -17   72  +28   72   28  18  0  0 L3P 41
G24 FF 61048 075000  780 307 2691    +1712525   -152         -14     -4   31  17  158  -32   76  +19   76   19  23  0  0 L3P 26
G30 FF 61048 075000  780 221  825     -809274   -178         -29    -55   35   5  213  +58  241 +109  241  109  26  0  0 L3P 4E
G05 FF 61048 080600  780 100 2011    +2269131    -33           3    -40   41  65  453 +285  206  +88  206   88  35  0  0 L3P 2F
G13 FF 61048 080600  780 645 1429    -6902224    -19         -19    -29   20  17   89   +6  104  +45  104   45  14  0  0 L3P 29
G14 FF 61048 080600  780 487  656    -7274236    +16         -23    +41   22 115  107  +10  128   -4  128   -4  15  0  0 L3P 28
G15 FF 61048 080600  780 701 2428    -3746891     +3         -15    +38   22  11   86   +0   92   -1   92   -1  14  0  0 L3P D0
G17 FF 61048 080600  780 250 1107     +260265   +116          13     -2   25  15  191  -37  240  -19  240  -19  18  0  0 L3P 22
G19 FF 61048 080600  780 143 1328    -6845444    -31          -5    -13   40  15  325 -133  293  +35  293   35  33  0  0 L3P 4B
G22 FF 61048 080600  780 618  847     +611578    -58         -22    -16   17  16   92   +3  114  +20  114   20  12  0  0 L3P F4
G23 FF 61048 080600  780 307 3022    -5966236    -25         -12    +25   28 153  158   -8   90   +0   90    0  19  0  0 L3P FD
G24 FF 61048 080600  780 374 2726    +1712380   -140         -16     +8   27  18  133  -22   91   +1   91    1  20  0  0 L3P EE
G30 FF 61048 080600  780 160  858     -809375   -201         -16    -78   24   7  290 +107  321 +143  321  143  23  0  0 L3P 55
G10 FF 61048 082200  780 130 3314    +5809112     +3         -20    -27   42   2  354 -113  120  +47  120   47  33  0  0 L3P 0B
G13 FF 61048 082200  780 566 1449    -6902219    -13         -24    -23   19  17   97   +9  132  +43  132   43  14  0  0 L3P 27
G14 FF 61048 082200  780 426  611    -7274247    -16          -9     +9   29 115  119  +15  140   +7  140    7  21  0  0 L3P F9
G15 FF 61048 082200  780 678 2212    -3746919    -53         -10    -18   20  11   87   +3   97  +19   97   19  14  0  0 L3P 14
G17 FF 61048 082200  780 297 1043     +260362   +125          -4     +6   30  15  163  -23  226  -33  226  -33  28  0  0 L3P 1E
G19 FF 61048 082200  780 202 1288    -6845464    -57          -7    -39   42  15  234  -67  292  +24  292   24  35  0  0 L3P 51
G22 FF 61048 082200  780 576  731     +611537    +16         -23    +58   21  16   96   +5  124  -28  124  -28  15  0  0 L3P 0A
G23 FF 61048 082200  780 316 2941    -5966264    -74           9    -24   32 153  154   -1   85  +21   85   21  25  0  0 L3P 0E
G24 FF 61048 082200  780 444 2760    +1712228   -184         -26    -36   30  18  116  -15  102  +40  102   40  21  0  0 L3P 3B
G10 FF 61048 083800  780 169 3264    +5809139    +68         -22    +38   34   2  276  -56  149  -19  149  -19  25  0  0 L3P 66
G12 FF 61048 083800  780 154 2163    +6062865   -109          -6   -114   58  39  305 -134  228  +42  228   42  49  0  0 L3P 7B
G13 FF 61048 083800  780 487 1471    -6902237    -11         -52    -21   22  17  107  +13  170  +45  170   45  16  0  0 L3P 3F
G14 FF 61048 083800  780 362  586    -7274287    -78         -26    -53   23 115  136  +22  174  +72  174   72  20  0  0 L3P 5E
G15 FF 61048 083800  780 627 2063    -3746955    -36         -12     -1   24  11   91   +5  109   +9  109    9  18  0  0 L3P FB
G17 FF 61048 083800  780 336  970     +260483   +144           4    +26   26  15  146  -14  193  -53  193  -53  22  0  0 L3P 2B
G19 FF 61048 083800  780 260 1242    -6845496    -44         -22    -26   31  15  184  -39  248  +25  248   25  24  0  0 L3P 5F
G22 FF 61048 083800  780 521  657     +611487    -34         -33     +9   27  16  102   +8  147  +15  147   15  20  0  0 L3P FD
G23 FF 61048 083800  780 310 2857    -5966343    +19         -22    +69   29 153  156   +6  127   -7  127   -7  22  0  0 L3P 48
G24 FF 61048 083800  780 516 2792    +1712087   -192         -25    -44   18  18  103  -11  110  +45  110   45  12  0  0 L3P 4D
G10 FF 61048 085400  780 198 3205    +5809179    +34         -12     +3   29   2  237  -29  161   +9  161    9  21  0  0 L3P 05
G12 FF 61048 085400  780 222 2185    +6062845    +28         -30    +24   34  39  214  -66  202  -29  202  -29  24  0  0 L3P 4F
G13 FF 61048 085400  780 410 1493    -6902217    +21         -42    +11   21  17  123  +19  189  +16  189   16  15  0  0 L3P 3E
G14 FF 61048 085400  780 297  575    -7274319    -35         -33    -10   28 115  162  +33  222  +61  222   61  21  0  0 L3P 44
G15 FF 61048 085400  780 560 1973    -3746985    -26          -8     +9   20  11   97   +8  119  +25  119   25  17  0  0 L3P 1D
G17 FF 61048 085400  780 364  887     +260595   +122           3     +3   23  15  136   -7  186  +12  186   12  19  0  0 L3P FA
G19 FF 61048 085400  780 315 1187    -6845497    -74          -5    -56   27  15  155  -24  214  -19  214  -19  20  0  0 L3P 5E
G22 FF 61048 085400  780 459  613     +611447    -30         -32    +12   26  16  112  +12  170  +20  170   20  18  0  0 L3P 00
G23 FF 61048 085400  780 290 2776    -5966390    +26         -22    +76   28 153  166  +14  147  -31  147  -31  21  0  0 L3P 77
G24 FF 61048 085400  780 590 2820    +1711966   -155          -4     -8   18  18   94   -8  114  +13  114   13  11  0  0 L3P 12
G10 FF 61048 091000  780 216 3139    +5809181    +19         -39    -11   38   2  218  -13  203  +28  203   28  27  0  0 L3P 2B
G12 FF 61048 091000  780 292 2210    +6062866    +27         -13    +23   28  39  166  -38  181  -19  181  -19  21  0  0 L3P 55
G13 FF 61048 091000  780 335 1513    -6902196    +78         -30    +68   20  17  146  +29  215   -6  215   -6  14  0  0 L3P 2E
G14 FF 61048 091000  780 232  575    -7274342    +28         -32    +53   27 115  204  +55  279  +12  279   12  20  0  0 L3P 41
G15 FF 61048 091000  780 488 1920    -3747030    -21         -19    +14   29  11  107  +13  148  +24  148   24  26  0  0 L3P 3D
G17 FF 61048 091000  780 378  799     +260692    +94         -14    -24   29  15  132   -2  210  +19  210   19  23  0  0 L3P 12
G19 FF 61048 091000  780 364 1121    -6845510    -32          -1    -14   20  15  136  -15  203   -1  203   -1  14  0  0 L3P F6
G22 FF 61048 091000  780 395  591     +611429    -19          -9    +23   36  16  127  +18  185  +19  185   19  25  0  0 L3P 21
G23 FF 61048 091000  780 258 2702    -5966428    -53         -12     -3   49 153  185  +25  165  +46  165   46  38  0  0 L3P 5F
G24 FF 61048 091000  780 666 2840    +1711810   -150         -18     -2   17  18   88   -5  134  +16  134   16  12  0  0 L3P 19
G10 FF 61048 092600  780 223 3068    +5809221   +148         -29   +117   30   2  212   +0  216  -60  216  -60  18  0  0 L3P 3E
G12 FF 61048 092600  780 365 2238    +6062868    -15         -16    -19   32  39  136  -24  191  +16  191   16  22  0  0 L3P 53
G13 FF 61048 092600  780 262 1532    -6902181     -1         -25    -11   29  17  182  +48  268  +89  268   89  24  0  0 L3P 4F
G14 FF 61048 092600  780 168  583    -7274305    +52          29    +77   45 115  276 +102  300  +55  300   55  39  0  0 L3P 56
G15 FF 61048 092600  780 413 1887    -3747054     +1         -10    +36   23  11  122  +19  176  +10  176   10  20  0  0 L3P 20
G17 FF 61048 092600  780 377  710     +260799    +94         -20    -24   26  15  132   +3  225  +42  225   42  21  0  0 L3P 0A
G19 FF 61048 092600  780 404 1042    -6845539    -29         -13    -11   26  15  125   -9  209   +1  209    1  19  0  0 L3P 14
G22 FF 61048 092600  780 330  584     +611379    -95         -19    -53   36  16  148  +26  237  +81  237   81  27  0  0 L3P 3B
G23 FF 61048 092600  780 217 2635    -5966500    -86         -35    -36   38 153  217  +44  216  +55  216   55  28  0  0 L3P 72
G24 FF 61048 092600  780 743 2841    +1711673   -165         -13    -17   17  18   84   -3  139  +18  139   18  12  0  0 L3P 43
G10 FF 61048 094200  780 217 2995    +5809263    +60         -15    +29   46   2  217  +12  233   +4  233    4  33  0  0 L3P 0A
G12 FF 61048 094200  780 438 2269    +6062860     -7         -28    -12   19  39  117  -16  194   +1  194    1  13  0  0 L3P 1A
G13 FF 61048 094200  780 191 1548    -6902174    +18         -29     +7   32  17  245  +88  336  +56  336   56  23  0  0 L3P 4D
G15 FF 61048 094200  780 338 1865    -3747085    -29          -7     +6   35  11  145  +29  211  +37  211   37  32  0  0 L3P 2D
G17 FF 61048 094200  780 360  627     +260931    +98          -2    -20   23  15  137   +8  233  +25  233   25  15  0  0 L3P F5
G19 FF 61048 094200  780 432  950    -6845559    -45         -15    -27   31  15  118   -5  215  +25  215   25  23  0  0 L3P 2E
G22 FF 61048 094200  780 266  587     +611333     -6         -25    +36   34  16  179  +41  294  +29  294   29  24  0  0 L3P 24
G23 FF 61048 094200  780 169 2577    -5966506    +25           7    +75   37 153  275  +81  238  +16  238   16  29  0  0 L3P 62
G24 FF 61048 094200  780 819 2768    +1711525   -156         -19     -8   14  18   82   -2  153  +17  153   17  10  0  0 L3P 2D
G10 FF 61048 095800  780 199 2924    +5809287    +61         -22    +30   39   2  235  +27  262   +4  262    4  27  0  0 L3P 1E
G12 FF 61048 095800  780 514 2302    +6062855     +3         -38     -2   38  39  104  -11  201   -8  201   -8  27  0  0 L3P 02
G13 FF 61048 095800  780 122 1562    -6902149    +46         -13    +36   43  17  375 +204  397  +48  397   48  33  0  0 L3P 75
G15 FF 61048 095800  780 265 1850    -3747132    -17         -20    +18   26  11  180  +46  279  +53  279   53  20  0  0 L3P 54
G17 FF 61048 095800  780 330  556     +261051   +119           5     +1   35  15  148  +15  248  +25  248   25  26  0  0 L3P 02
G19 FF 61048 095800  780 443  850    -6845567    +22          -6    +40   20  15  116   -1  220  -33  220  -33  16  0  0 L3P 16
G22 FF 61048 095800  780 204  598     +611321   -140           4    -98   33  16  230  +68  336 +116  336  116  24  0  0 L3P 3B
G23 FF 61048 095800  780 116 2525    -5966576    -80         -16    -30   51 153  392 +175  317  +84  317   84  35  0  0 L3P 8D
G24 FF 61048 095800  780 869 2037    +1711394   -113          -8    +34   15  18   81   +0  154   -9  154   -9  10  0  0 L3P 15
G25 FF 61048 095800  780 134 2403    -4512757   +136           2   +113   57  47  347 -164  308  -97  308  -97  42  0  0 L3P 88
G32 FF 61048 095800  780 153 3195    +1724756   -146         -47    +23   38   7  305 -116  300  -21  300  -21  25  0  0 L3P 61
G10 FF 61048 101400  780 170 2856    +5809345    +24          10     -6   49   4  273  +52  259  +18  259   18  36  0  0 L3P 1F
G12 FF 61048 101400  780 590 2338    +6062884    +83         -17    +79   27  42   94   -8  176  -55  176  -55  19  0  0 L3P 53
G15 FF 61048 101400  780 195 1837    -3747161    -14         -13    +21   30  25  240  +84  348  +75  348   75  24  0  0 L3P 4B
G17 FF 61048 101400  780 290  497     +261146   +123         -10     +5   39  16  166  +24  282  +24  282   24  30  0  0 L3P 12
G19 FF 61048 101400  780 436  750    -6845585    -16          -2     +2   26  23  117   +3  214   +0  214    0  18  0  0 L3P C9
G22 FF 61048 101400  780 142  616     +611244   -105         -37    -63   44  17  323 +134  416  +92  416   92  35  0  0 L3P 39
G24 FF 61048 101400  780 810 1457    +1711265   -167           2    -20   18  19   82   +2  152  +16  152   16  11  0  0 L3P FD
G25 FF 61048 101400  780 198 2436    -4512718    +56          15    +33   44  53  238  -77  275  -44  275  -44  29  0  0 L3P 61
G32 FF 61048 101400  780 210 3172    +1724617   -141         -20    +27   42   8  225  -59  271  -38  271  -38  30  0  0 L3P 45
G10 FF 61048 103000  780 133 2794    +5809332    +15         -32    -14   51   4  344 +103  303  +26  303   26  36  0  0 L3P 28
G12 FF 61048 103000  780 667 2379    +6062880    +24         -26    +20   20  42   88   -5  181  -24  181  -24  14  0  0 L3P 28
G15 FF 61048 103000  780 127 1826    -3747198    -36         -16     -1   30  25  363 +187  421  +74  421   74  23  0  0 L3P 4A
G17 FF 61048 103000  780 242  452     +261267    +47          -2    -71   29  16  196  +40  306  +80  306   80  23  0  0 L3P 03
G19 FF 61048 103000  780 413  660    -6845632     -7         -31    +11   26  23  122   +8  240  -13  240  -13  20  0  0 L3P FC
G24 FF 61048 103000  780 732 1398    +1711106   -208         -15    -60   12  19   84   +4  175  +58  175   58   9  0  0 L3P 28
G25 FF 61048 103000  780 263 2472    -4512730    -37         -18    -60   42  53  182  -44  259   +0  259    0  30  0  0 L3P 18
G32 FF 61048 103000  780 263 3136    +1724460   -204         -16    -35   40   8  182  -34  243   +7  243    7  27  0  0 L3P 13
G06 FF 61048 104600  780 149  909    +6001463     +9          -6    -34   46  32  313  -94  437  -41  437  -41  34  0  0 L3P 26
G12 FF 61048 104600  780 744 2429    +6062899    +17         -11    +13   16  42   84   -3  165  -12  165  -12  11  0  0 L3P 29
G17 FF 61048 104600  780 189  420     +261374   +154          -9    +36   42  16  247  +71  332   -1  332   -1  33  0  0 L3P FF
G19 FF 61048 104600  780 375  584    -6845632    +20         -14    +38   31  23  132  +14  248   -4  248   -4  24  0  0 L3P 20
G24 FF 61048 104600  780 653 1396    +1710968   -127         -11    +21   17  19   89   +6  182   -3  182   -3  11  0  0 L3P 21
G25 FF 61048 104600  780 330 2509    -4512731    +24         -42     +2   31  53  148  -28  256  -28  256  -28  22  0  0 L3P 3D
G32 FF 61048 104600  780 311 3087    +1724305   -186          -9    -18   25   8  156  -21  228   -4  228   -4  19  0  0 L3P 23
G06 FF 61048 110200  780 191  849    +6001504    +11          -6    -32   35  32  246  -49  368  -47  368  -47  26  0  0 L3P 38
G12 FF 61048 110200  780 822 2506    +6062906    -26          -8    -30   17  42   82   -2  158  +14  158   14  11  0  0 L3P 00
G17 FF 61048 110200  780 132  398     +261510   +122          14     +3   40  16  347 +147  342  +31  342   31  31  0  0 L3P 00
G19 FF 61048 110200  780 327  527    -6845650    +17         -15    +35   32  23  149  +22  252  -26  252  -26  23  0  0 L3P 3C
G24 FF 61048 110200  780 575 1409    +1710820   -123         -17    +24   15  19   96   +9  204   +9  204    9  10  0  0 L3P 01
G25 FF 61048 110200  780 399 2549    -4512669    +46          -1    +23   30  53  126  -19  201  -29  201  -29  21  0  0 L3P 3D
G32 FF 61048 110200  780 350 3024    +1724139   -124         -14    +44   25   8  141  -12  223  -39  223  -39  17  0  0 L3P 3A
G06 FF 61048 111800  780 225  781    +6001545    +37          -7     -6   40  32  210  -27  315  -44  315  -44  30  0  0 L3P 0B
G12 FF 61048 111800  780 889 3364    +6062903     -1         -16     -5   16  42   81   +0  158   -3  158   -3  11  0  0 L3P E3
G19 FF 61048 111800  780 271  485    -6845666    -18         -13     +0   33  23  176  +36  281  +25  281   25  25  0  0 L3P 2F
G24 FF 61048 111800  780 498 1427    +1710689   -139          -7     +9   21  19  106  +12  209  +17  209   17  16  0  0 L3P 3F
G25 FF 61048 111800  780 469 2591    -4512661    +56         -15    +33   26  53  111  -13  191  -50  191  -50  19  0  0 L3P 52
G29 FF 61048 111800  780 100 1991    +3964941    -24           8    +40   40  30  464 -312  396 -138  396 -138  38  0  0 L3P 81
G32 FF 61048 111800  780 378 2947    +1723991   -175           0     -7   31   8  132   -6  201   -6  201   -6  23  0  0 L3P EB
G06 FF 61048 113400  780 249  709    +6001576    +22         -17    -21   25  32  191  -14  286  -35  286  -35  19  0  0 L3P 47
G11 FF 61048 113400  780 173 1152    +4814968   -117          12    +16   32 195  270  -84  369 -101  369 -101  18  0  0 L3P 92
G12 FF 61048 113400  780 822  619    +6062925    +45           2    +41   17  42   82   +1  142  -37  142  -37  11  0  0 L3P ED
G19 FF 61048 113400  780 211  457    -6845671     -2          -1    +16   32  23  223  +63  285   +4  285    4  26  0  0 L3P EA
G24 FF 61048 113400  780 422 1446    +1710545   -149          -8     -1   22  19  120  +18  236  +32  236   32  18  0  0 L3P 23
G25 FF 61048 113400  780 540 2636    -4512626    +40          -2    +17   19  53  100   -9  163  -27  163  -27  13  0  0 L3P 23
G28 FF 61048 113400  780 137 3049    +6140068    -86         -21    -37   35 225  340 -157  341  -12  341  -12  27  0  0 L3P 73
G29 FF 61048 113400  780 169 1999    +3964872   -128           0    -64   26  30  279 -116  341  -78  341  -78  27  0  0 L3P 88
G32 FF 61048 113400  780 391 2859    +1723825   -150          -5    +19   28   8  128   -2  197  -16  197  -16  20  0  0 L3P 40
G06 FF 61048 115000  780 262  632    +6001623    +21         -12    -22   44  32  182   -4  259   -9  259   -9  34  0  0 L3P FE
G11 FF 61048 115000  780 226 1099    +4814826   -137          -3     -4   33 195  210  -46  313  -69  313  -69  24  0  0 L3P 5A
G12 FF 61048 115000  780 747  699    +6062911    +38         -16    +33   16  42   84   +3  151  -15  151  -15  12  0  0 L3P 15
G19 FF 61048 115000  780 149  441    -6845682    -69           6    -51   39  23  310 +128  297  +56  297   56  32  0  0 L3P 4A
G24 FF 61048 115000  780 349 1466    +1710406   -129          -6    +19   28  19  141  +26  263  +12  263   12  22  0  0 L3P 39
G25 FF 61048 115000  780 613 2685    -4512607    +59          -5    +36   20  53   92   -7  155  -43  155  -43  14  0  0 L3P 22
G28 FF 61048 115000  780 200 3058    +6140044    -18           2    +31   40 225  235  -75  270  -67  270  -67  31  0  0 L3P 36
G29 FF 61048 115000  780 240 2009    +3964815    +15           4    +79   44  30  199  -58  300 -103  300 -103  35  0  0 L3P 4E
G32 FF 61048 115000  780 389 2767    +1723676   -141           8    +27   33   8  129   +3  183  -29  183  -29  27  0  0 L3P 3D
G06 FF 61048 120600  780 261  555    +6001670    +50          -3     +7   35  33  183   +5  244  -18  244  -18  25  0  0 L3P FD
G11 FF 61048 120600  780 274 1038    +4814707   -163           8    -29   27 196  175  -28  255  -31  255  -31  21  0  0 L3P 63
G12 FF 61048 120600  780 673  753    +6062918    +15         -14    +11   21  43   88   +5  150   -1  150   -1  14  0  0 L3P E1
G24 FF 61048 120600  780 277 1484    +1710244   -175         -26    -27   24  10  173  +41  301  +34  301   34  17  0  0 L3P 42
G25 FF 61048 120600  780 687 2741    -4512582    +48          -6    +25   21  54   87   -5  144  -20  144  -20  15  0  0 L3P 1E
G28 FF 61048 120600  780 265 3059    +6139981    -11         -12    +38   31 226  181  -43  243  -69  243  -69  21  0  0 L3P 73
G29 FF 61048 120600  780 313 2021    +3964766    -68          14     -4   32  33  156  -35  245  -47  245  -47  25  0  0 L3P 42
G32 FF 61048 120600  780 370 2677    +1723513   -118           6    +50   35   9  134   +8  191  -32  191  -32  25  0  0 L3P 1D
G06 FF 61048 122200  780 247  482    +6001712    +54          -2    +11   34  33  193  +15  241   -2  241   -2  24  0  0 L3P E5
G11 FF 61048 122200  780 314  969    +4814558   -141         -13     -8   35 196  155  -17  228  -29  228  -29  25  0  0 L3P 6B
G12 FF 61048 122200  780 600  801    +6062913    -28         -23    -33   16  43   93   +7  157  +34  157   34  11  0  0 L3P 00
G24 FF 61048 122200  780 208 1500    +1710113    -68         -15    +80   25  10  226  +72  326  -43  326  -43  20  0  0 L3P 31
G25 FF 61048 122200  780 761 2815    -4512562     +7          -8    -16   18  54   83   -3  138   +1  138    1  11  0  0 L3P D5
G28 FF 61048 122200  780 331 3050    +6139928   -113         -18    -64   28 226  148  -27  208  +15  208   15  18  0  0 L3P 6F
G29 FF 61048 122200  780 388 2034    +3964689    -60          -1     +4   28  33  129  -22  214  -41  214  -41  19  0  0 L3P 33
G32 FF 61048 122200  780 338 2595    +1723331   -176         -15     -8   27   9  145  +15  213  +15  213   15  20  0  0 L3P 27
G06 FF 61048 123800  780 220  417    +6001726    +30         -30    -13   27  33  214  +30  272  +24  272   24  19  0  0 L3P 13
G11 FF 61048 123800  780 345  889    +4814452    -88           9    +45   31 196  142   -9  190  -47  190  -47  25  0  0 L3P 46
G12 FF 61048 123800  780 529  846    +6062929     +8         -11     +3   28  43  101  +10  155   +1  155    1  19  0  0 L3P E0
G24 FF 61048 123800  780 141 1515    +1709979   -251          -7   -104   44  10  327 +151  352 +131  352  131  32  0  0 L3P 7F
G25 FF 61048 123800  780 834 2964    -4512550    +16         -17     -7   20  54   81   -1  135   -4  135   -4  14  0  0 L3P F6
G28 FF 61048 123800  780 396 3027    +6139879    +39         -21    +88   37 226  127  -18  185  -86  185  -86  28  0  0 L3P A2
G29 FF 61048 123800  780 465 2046    +3964647   -111          18    -48   37  33  111  -15  171  +11  171   11  28  0  0 L3P 4D
G31 FF 61048 123800  780 101 3119    +1737345    -98          -9    -78   29  28  455 -284  340  +17  340   17  22  0  0 L3P 5A
G32 FF 61048 123800  780 295 2524    +1723178   -134          -6    +34   30   9  163  +24  222   -7  222   -7  20  0  0 L3P 13
G06 FF 61048 125400  780 183  360    +6001780    +23         -17    -20   54  33  254  +56  272  +38  272   38  34  0  0 L3P 2E
G11 FF 61048 125400  780 362  803    +4814306   -199         -10    -66   19 196  137   -3  196  +35  196   35  15  0  0 L3P 5A
G12 FF 61048 125400  780 459  889    +6062934    +34         -11    +30   25  43  112  +13  160  -13  160  -13  18  0  0 L3P 30
G25 FF 61048 125400  780 873  414    -4512531    +22         -21     -1   16  54   81   +0  133   -2  133   -2  11  0  0 L3P C3
G28 FF 61048 125400  780 457 2986    +6139849    -50          -4     -1   29 226  113  -12  153  -10  153  -10  20  0  0 L3P 41
G29 FF 61048 125400  780 543 2057    +3964576   -101           7    -37   31  33  100  -10  154   +6  154    6  24  0  0 L3P 0F
G31 FF 61048 125400  780 166 3118    +1737341    +21           7    +41   38  28  283 -110  280  -81  280  -81  25  0  0 L3P 40
G32 FF 61048 125400  780 245 2463    +1723017   -243          -6    -75   35   9  194  +40  242 +103  242  103  26  0  0 L3P 4A
G06 FF 61048 131000  780 139  315    +6001841   +171           3   +128   33  33  332 +112  266  -84  266  -84  26  0  0 L3P 4A
G11 FF 61048 131000  780 364  715    +4814173   -132         -16     +1   28 196  136   +2  190  -12  190  -12  20  0  0 L3P 26
G12 FF 61048 131000  780 392  931    +6062926    +49         -24    +44   23  43  128  +19  186  -14  186  -14  17  0  0 L3P 45
G25 FF 61048 131000  780 807  896    -4512500    +30         -11     +7   16  54   82   +2  121  -19  121  -19  10  0  0 L3P F1
G28 FF 61048 131000  780 512 2919    +6139793    -63         -12    -15   27 226  104   -8  143   +2  143    2  19  0  0 L3P 20
G29 FF 61048 131000  780 622 2061    +3964502    -64          -5     -1   23  33   91   -7  146  -14  146  -14  16  0  0 L3P 00
G31 FF 61048 131000  780 230 3107    +1737298   -105         -16    -84   47  28  206  -56  248  +36  248   36  35  0  0 L3P 63
G32 FF 61048 131000  780 190 2410    +1722840   -226         -21    -58   40   9  246  +72  276  +75  276   75  32  0  0 L3P 46
G11 FF 61048 132600  780 351  630    +4814040   -187         -21    -54   31 196  140   +7  187  +40  187   40  25  0  0 L3P 3C
G12 FF 61048 132600  780 326  972    +6062929    -26         -25    -31   32  43  149  +27  208  +52  208   52  24  0  0 L3P 38
G25 FF 61048 132600  780 733  999    -4512485     -2         -18    -25   20  54   84   +3  126  +23  126   23  13  0  0 L3P 02
G28 FF 61048 132600  780 556 2822    +6139732    -61         -27    -12   19 226   98   -4  149   -2  149   -2  13  0  0 L3P 30
G29 FF 61048 132600  780 701 2049    +3964443    -53          -3    +11   18  33   86   -4  131  -12  131  -12  10  0  0 L3P 09
G31 FF 61048 132600  780 294 3085    +1737282    -24         -13     -4   31  28  165  -33  210  -37  210  -37  24  0  0 L3P 38
G32 FF 61048 132600  780 133 2364    +1722687    -74         -13    +94   39   9  346 +148  308  -35  308  -35  27  0  0 L3P 6B
G11 FF 61048 134200  780 324  555    +4813939   -169           6    -36   32 196  150  +14  178  +36  178   36  23  0  0 L3P 4E
G12 FF 61048 134200  780 261 1012    +6062931    +10         -27     +6   27  43  182  +42  228  +24  228   24  21  0  0 L3P 15
G25 FF 61048 134200  780 658 1062    -4512460    +19         -15     -4   17  54   88   +5  132   +5  132    5  11  0  0 L3P E1
G26 FF 61048 134200  780 181 2887    +3080145    +56         -19     -6   42  19  259  -90  267  -53  267  -53  33  0  0 L3P 5D
G28 FF 61048 134200  780 581 2693    +6139677    -96         -35    -47   21 226   95   -2  148  +25  148   25  15  0  0 L3P 58
G29 FF 61048 134200  780 778 1987    +3964368    -30         -17    +33   19  33   83   -2  134  -23  134  -23  13  0  0 L3P 42
G31 FF 61048 134200  780 354 3049    +1737249    -95         -25    -75   38  28  139  -21  191  +29  191   29  27  0  0 L3P 64
G11 FF 61048 135800  780 285  493    +4813800   -127          -5     +6   39 196  169  +24  198  +11  198   11  28  0  0 L3P 4D
G12 FF 61048 135800  780 199 1051    +6062930     +7         -32     +3   24  43  236  +72  257  +16  257   16  18  0  0 L3P 23
G18 FF 61048 135800  780 125 1805    +4562250    -70         -37    +28   48 162  372 -204  336  -73  336  -73  32  0  0 L3P 86
G20 FF 61048 135800  780 164  714    -3617725     -3          -8     -4   44  26  284  -48  241  -15  241  -15  36  0  0 L3P 14
G25 FF 61048 135800  780 585 1112    -4512442    +26         -19     +3   18  54   95   +8  143   +5  143    5  12  0  0 L3P E9
G26 FF 61048 135800  780 246 2909    +3080204    -20         -19    -81   40  19  194  -50  220  +32  220   32  30  0  0 L3P 33
G28 FF 61048 135800  780 582 2549    +6139634    -81         -31    -32   27 226   95   +1  141  +17  141   17  18  0  0 L3P 43
G29 FF 61048 135800  780 843 1682    +3964331    -38           7    +26   17  33   81   -1  115  -22  115  -22  11  0  0 L3P 11
G31 FF 61048 135800  780 409 2994    +1737240    -49         -16    -29   22  28  123  -13  163   +0  163    0  15  0  0 L3P 21
G11 FF 61048 141400  780 237  444    +4813654   -169         -22    -36   34 197  199  +41  221  +33  221   33  26  0  0 L3P 5A
G18 FF 61048 141400  780 195 1799    +4562184    -41          -9    +56   33 162  242  -88  272  -79  272  -79  26  0  0 L3P 83
G20 FF 61048 141400  780 187  648    -3617737    -20         -21    -21   40  27  250  -24  237  -16  237  -16  32  0  0 L3P 3C
G21 FF 61048 141400  780 116  670    -3758932    -67          -9    +17   47 124  394 -101  262  -28  262  -28  35  0  0 L3P 66
G25 FF 61048 141400  780 512 1156    -4512428    +42         -30    +20   21  55  104  +11  153   -2  153   -2  16  0  0 L3P 05
G26 FF 61048 141400  780 313 2925    +3080283   +116           1    +55   26  86  156  -31  177  -71  177  -71  21  0  0 L3P 49
G28 FF 61048 141400  780 558 2413    +6139598    -42         -13     +7   36 227   98   +4  133  +12  133   12  27  0  0 L3P 2A
G29 FF 61048 141400  780 832  932    +3964274    -95          14    -31   20  37   81   +1  103  +19  103   19  15  0  0 L3P 01
G31 FF 61048 141400  780 454 2919    +1737218    -48         -21    -28   32  31  114   -8  156  +16  156   16  25  0  0 L3P 38
G04 FF 61048 143000  780 110 3287     -368856    -54           1    -31   48 150  412  -28  273   +1  273    1  33  0  0 L3P FA
G05 FF 61048 143000  780 147  912    +2269289     +4           7     -3   35  68  316  -95  264  -43  264  -43  26  0  0 L3P 13
G11 FF 61048 143000  780 184  408    +4813543    -77          -5    +56   38 197  253  +75  213  -48  213  -48  33  0  0 L3P 52
G18 FF 61048 143000  780 268 1792    +4562083   -148         -16    -51   28 162  180  -47  237   -5  237   -5  21  0  0 L3P 63
G20 FF 61048 143000  780 200  578    -3617718     +8          -3     +7   37  27  235   -8  200  -23  200  -23  30  0  0 L3P E4
G21 FF 61048 143000  780 142  607    -3758993    -92          10     -8   39 124  325  -49  222  -34  222  -34  29  0  0 L3P 40
G25 FF 61048 143000  780 440 1196    -4512415    +72         -39    +49   26  55  116  +15  172   -2  172   -2  20  0  0 L3P 23
G26 FF 61048 143000  780 381 2934    +3080340    +63          -1     +1   23  86  131  -21  158  -28  158  -28  17  0  0 L3P 27
G28 FF 61048 143000  780 515 2303    +6139538    -29         -26    +20   38 227  103   +8  145  -10  145  -10  28  0  0 L3P 48
G29 FF 61048 143000  780 764  727    +3964189    -85         -10    -21   23  37   83   +3  116  +25  116   25  16  0  0 L3P 1B
G31 FF 61048 143000  780 485 2822    +1737211    -15          -8     +5   31  31  108   -4  135  -23  135  -23  21  0  0 L3P 03
G04 FF 61048 144600  780 112 3223     -368888    -56          -9    -32   53 150  405  +12  269  +17  269   17  39  0  0 L3P 49
G05 FF 61048 144600  780 188  851    +2269298    +25           9    +18   37  68  249  -50  216  -55  216  -55  27  0  0 L3P 49
G11 FF 61048 144600  780 127  383    +4813424   -150           4    -17   45 197  361 +163  206   -5  206   -5  34  0  0 L3P 32
G16 FF 61048 144600  780 108 2940    -1837806   -103         -31    -27   51   3  429 -249  296  -30  296  -30  37  0  0 L3P 78
G18 FF 61048 144600  780 342 1785    +4561982    -80         -23    +18   36 162  144  -29  203  -47  203  -47  25  0  0 L3P 77
G20 FF 61048 144600  780 201  509    -3617724    -13         -11    -15   39  27  234   +5  193   -6  193   -6  30  0  0 L3P 05
G21 FF 61048 144600  780 158  541    -3759086   -133          -2    -49   47 124  293  -21  203  +18  203   18  39  0  0 L3P 51
G25 FF 61048 144600  780 370 1232    -4512383    +15         -29     -7   31  55  134  +22  184  +34  184   34  22  0  0 L3P 2C
G26 FF 61048 144600  780 451 2933    +3080394    +55          -6     -6   26  86  114  -14  135  -24  135  -24  18  0  0 L3P 36
G28 FF 61048 144600  780 459 2221    +6139489    -45         -29     +4   32 227  112  +12  155   +7  155    7  23  0  0 L3P 2C
G29 FF 61048 144600  780 690  689    +3964133    -50          -5    +13   25  37   86   +4  111   +0  111    0  18  0  0 L3P D7
G31 FF 61048 144600  780 497 2710    +1737177    -34         -23    -14   19  31  106   +0  143  +10  143   10  12  0  0 L3P 19
G04 FF 61048 150200  780 103 3158     -368928    -64         -25    -40   46 150  436  +56  275  +20  275   20  33  0  0 L3P 46
G05 FF 61048 150200  780 222  784    +2269284     -1         -11     -8   34  68  213  -28  200  -31  200  -31  25  0  0 L3P 07
G16 FF 61048 150200  780 172 2962    -1837846    -14           3    +62   35   3  273 -103  211  -84  211  -84  26  0  0 L3P 34
G18 FF 61048 150200  780 419 1773    +4561889   -169         -22    -71   37 162  121  -19  177  +20  177   20  26  0  0 L3P 7F
G20 FF 61048 150200  780 190  441    -3617747     -6         -35     -7   36  27  246  +21  192   -5  192   -5  27  0  0 L3P FE
G21 FF 61048 150200  780 163  473    -3759169    -47          -5    +37   41 124  283   +0  188  -51  188  -51  28  0  0 L3P 41
G25 FF 61048 150200  780 301 1266    -4512353    +70         -21    +47   30  55  160  +34  196  -10  196  -10  23  0  0 L3P 39
G26 FF 61048 150200  780 520 2916    +3080443    +58         -16     -4   24  86  103  -10  121  -11  121  -11  18  0  0 L3P 20
G28 FF 61048 150200  780 395 2161    +6139439    -18         -31    +31   24 227  127  +18  164   -4  164   -4  18  0  0 L3P 45
G29 FF 61048 150200  780 617  692    +3964072    -27          -4    +36   19  37   92   +7  111  -20  111  -20  14  0  0 L3P 05
G31 FF 61048 150200  780 488 2595    +1737162    -68         -18    -48   22  31  107   +3  135  +40  135   40  16  0  0 L3P 33
G05 FF 61048 151800  780 246  710    +2269305    +41           3    +34   28  68  193  -14  157  -56  157  -56  22  0  0 L3P 2C
G16 FF 61048 151800  780 238 2980    -1837928    -28          -6    +48   28   3  200  -55  180  -76  180  -76  23  0  0 L3P 4F
G18 FF 61048 151800  780 495 1753    +4561799   -139         -19    -41   24 162  106  -13  148   +7  148    7  16  0  0 L3P 66
G20 FF 61048 151800  780 168  379    -3617732     -5         -21     -6   25  27  276  +44  169  -10  169  -10  20  0  0 L3P 26
G21 FF 61048 151800  780 158  406    -3759248    -88          -2     -4   35 124  293  +21  157  -35  157  -35  29  0  0 L3P 48
G25 FF 61048 151800  780 234 1297    -4512331    +73         -20    +50   24  55  202  +55  216  -18  216  -18  18  0  0 L3P 4A
G26 FF 61048 151800  780 588 2874    +3080491    +61         -27     +0   20  86   95   -7  116   -6  116   -6  14  0  0 L3P 09
G28 FF 61048 151800  780 327 2116    +6139399    -73         -24    -24   34 227  149  +29  176  +35  176   35  25  0  0 L3P 77
G29 FF 61048 151800  780 544  711    +3963998    -84         -17    -20   18  37   99   +9  119  +15  119   15  13  0  0 L3P 35
G31 FF 61048 151800  780 461 2490    +1737137    -14         -23     +6   30  31  112   +7  140   +0  140    0  22  0  0 L3P D4
G05 FF 61048 153400  780 257  633    +2269309     +6           1     -1   25  68  185   -4  131  -36  131  -36  17  0  0 L3P EC
G16 FF 61048 153400  780 307 2992    -1838027    -41         -32    +36   31   3  158  -34  169  -61  169  -61  22  0  0 L3P 4F
G18 FF 61048 153400  780 571 1717    +4561698    -95         -26     +2   27 162   96   -8  130  -35  130  -35  18  0  0 L3P 47
G20 FF 61048 153400  780 136  324    -3617711    +26          -1    +24   38  27  337  +87  128  -43  128  -43  31  0  0 L3P 2C
G21 FF 61048 153400  780 141  344    -3759349    -61         -23    +23   38 124  326  +50  152  -36  152  -36  27  0  0 L3P 52
G25 FF 61048 153400  780 169 1326    -4512307     +3         -18    -19   32  55  276 +104  231  +23  231   23  24  0  0 L3P 37
G26 FF 61048 153400  780 650 2789    +3080546    +23         -31    -39   17  86   89   -4  111  +12  111   12  12  0  0 L3P 1F
G28 FF 61048 153400  780 258 2081    +6139360    -66         -17    -17   30 227  184  +47  192  +44  192   44  26  0  0 L3P 6B
G29 FF 61048 153400  780 474  737    +3963939    -38         -15    +26   30  37  110  +13  112  -23  112  -23  21  0  0 L3P 3C
G31 FF 61048 153400  780 418 2401    +1737129    +20         -11    +40   20  31  121  +12  141  -21  141  -21  15  0  0 L3P 17
G05 FF 61048 155000  780 256  556    +2269305    -28         -11    -34   30  68  186   +6  126  +14  126   14  22  0  0 L3P 1D
G16 FF 61048 155000  780 377 2994    -1838083    -93         -15    -17   21   3  132  -22  132   -7  132   -7  15  0  0 L3P 23
G18 FF 61048 155000  780 644 1651    +4561596    -69         -33    +28   21 162   90   -5  116  -39  116  -39  15  0  0 L3P 55
G21 FF 61048 155000  780 114  287    -3759396   -139          11    -54   43 124  399 +108  102  +25  102   25  34  0  0 L3P 5F
G25 FF 61048 155000  780 104 1351    -4512289     +1         -22    -21   65  55  435 +256  242  +16  242   16  50  0  0 L3P 35
G26 FF 61048 155000  780 696 2638    +3080597    +51         -39    -11   17  86   86   -2  108  +13  108   13  12  0  0 L3P 2E
G27 FF 61048 155000  780 100 2648     +147241    -30           4   -103   42  32  459 -272  235  +31  235   31  29  0  0 L3P 27
G28 FF 61048 155000  780 190 2052    +6139311    -57         -19     -8   45 227  246  +85  220  +39  220   39  39  0  0 L3P 53
G29 FF 61048 155000  780 406  768    +3963875    -72         -19     -8   27  37  124  +18  115   +1  115    1  21  0  0 L3P 0B
G31 FF 61048 155000  780 366 2330    +1737099    -32         -22    -12   35  31  135  +18  162  +26  162   26  25  0  0 L3P 39
G05 FF 61048 160600  780 241  483    +2269309    +38         -10    +31   31  69  197  +17  106  -41  106  -41  23  0  0 L3P 37
G16 FF 61048 160600  780 448 2984    -1838172    -56         -31    +20   23   3  115  -15  119  -32  119  -32  17  0  0 L3P 44
G18 FF 61048 160600  780 706 1523    +4561513    -80         -23    +18   21 162   86   -3   95  -33   95  -33  13  0  0 L3P 21
G23 FF 61048 160600  780 136 1464    -5967689    -74         -11    -24   44 157  343 -163  237  -62  237  -62  34  0  0 L3P 97
G26 FF 61048 160600  780 714 2416    +3080662    +31         -33    -30   23 101   85   +0   98  +14   98   14  16  0  0 L3P 05
G27 FF 61048 160600  780 161 2684     +147301   +160          -4    +87   39  33  290 -111  202  -78  202  -78  31  0  0 L3P 4F
G28 FF 61048 160600  780 124 2026    +6139256    -39         -25    +10   35 228  370 +191  249   +5  249    5  31  0  0 L3P 4B
G29 FF 61048 160600  780 339  802    +3963819    -63         -11     +1   28  40  144  +25  109   +0  109    0  20  0  0 L3P F2
G31 FF 61048 160600  780 307 2274    +1737078     +6         -21    +26   29  32  157  +29  172  -16  172  -16  26  0  0 L3P 45
G05 FF 61048 162200  780 213  417    +2269303    +14         -23     +7   36  69  220  +33  107  -27  107  -27  29  0  0 L3P 22
G16 FF 61048 162200  780 518 2955    -1838244    -50         -30    +27   22   3  103  -10   99  -31   99  -31  17  0  0 L3P 21
G18 FF 61048 162200  780 745 1293    +4561438    -52          -5    +45   20 162   84   -1   64  -50   64  -50  13  0  0 L3P 0C
G23 FF 61048 162200  780 201 1433    -5967735     +9         -10    +59   32 157  235  -76  177 -109  177 -109  25  0  0 L3P 8D
G26 FF 61048 162200  780 694 2193    +3080711    +76         -43    +15   20 101   86   +2   97  -24   97  -24  14  0  0 L3P 1F
G27 FF 61048 162200  780 224 2720     +147369    -30          -6   -103   46  33  212  -59  167  +20  167   20  34  0  0 L3P 2A
G29 FF 61048 162200  780 275  838    +3963751   -131         -18    -67   30  40  174  +38  112  +54  112   54  21  0  0 L3P 4B
G31 FF 61048 162200  780 246 2229    +1737071    -10          -8    +10   34  32  193  +47  176   +1  176    1  27  0  0 L3P 03
G05 FF 61048 163800  780 176  361    +2269310    +39         -23    +32   43  69  265  +62   92  -37   92  -37  32  0  0 L3P 2D
G16 FF 61048 163800  780 584 2895    -1838302   -103         -14    -26   19   3   95   -7   77   +3   77    3  13  0  0 L3P F4
G18 FF 61048 163800  780 742 1005    +4561333    -91         -15     +7   16 162   84   +1   60   -9   60   -9  11  0  0 L3P E4
G23 FF 61048 163800  780 267 1398    -5967792    -27         -19    +23   32 157  180  -43  148  -40  148  -40  23  0  0 L3P 86
G26 FF 61048 163800  780 646 2038    +3080777    +29         -36    -33   22 101   89   +4   88  +15   88   15  16  0  0 L3P 29
G27 FF 61048 163800  780 289 2756     +147433    +74         -12     +1   29  33  167  -36  128  -37  128  -37  20  0  0 L3P 44
G29 FF 61048 163800  780 213  874    +3963697    -64         -11     -1   34  40  221  +62  106   -9  106   -9  26  0  0 L3P 19
G31 FF 61048 163800  780 184 2191    +1737060    +77           0    +98   39  32  254  +84  188  -60  188  -60  29  0  0 L3P 52
G05 FF 61048 165400  780 130  315    +2269347    -20           8    -27   37  69  352 +130   65  +17   65   17  32  0  0 L3P 07
G16 FF 61048 165400  780 640 2789    -1838377    -82         -16     -6   18   3   90   -4   64  -18   64  -18  12  0  0 L3P 08
G18 FF 61048 165400  780 699  800    +4561229     -8         -25    +90   20 162   86   +3   61  -62   61  -62  14  0  0 L3P 06
G23 FF 61048 165400  780 333 1354    -5967825    +29          -4    +79   21 157  147  -26  104  -93  104  -93  17  0  0 L3P 6D
G26 FF 61048 165400  780 582 1946    +3080849    +38         -23    -23   19 101   95   +7   74  +21   74   21  13  0  0 L3P 1B
G27 FF 61048 165400  780 356 2791     +147496    +91         -18    +18   23  33  139  -24   99  -42   99  -42  21  0  0 L3P 3F
G29 FF 61048 165400  780 152  911    +3963603   -114         -43    -51   50  40  304 +118  132  +57  132   57  34  0  0 L3P 50
G31 FF 61048 165400  780 122 2157    +1737006    -80         -35    -60   49  32  374 +182  230  +75  230   75  41  0  0 L3P 54
G10 FF 61048 171000  780 155 1642    +5810070    -46         -17    -75   36   7  302 -135  180  -11  180  -11  29  0  0 L3P 41
G16 FF 61048 171000  780 675 2622    -1838462    -94         -29    -18   11   3   87   -1   63   +1   63    1   8  0  0 L3P C0
G18 FF 61048 171000  780 638  695    +4561145   -122         -16    -24   23 162   90   +5   52   +2   52    2  16  0  0 L3P E4
G23 FF 61048 171000  780 395 1299    -5967898    -43         -29     +7   24 157  127  -17   93  -34   93  -34  17  0  0 L3P 61
G26 FF 61048 171000  780 511 1892    +3080881    +39         -50    -22   21 101  104  +11   96  +13   96   13  18  0  0 L3P 22
G27 FF 61048 171000  780 425 2824     +147558    +98         -27    +25   28  33  120  -17   80  -45   80  -45  20  0  0 L3P 24
G07 FF 61048 172600  780 113 3301    +1325145    +46          -9     -6   55  25  402  -80  107  -18  107  -18  42  0  0 L3P 23
G08 FF 61048 172600  780 180 2850    -5064701   +170         -27   +129   42  42  261  -91  128 -132  128 -132  30  0  0 L3P 93
G10 FF 61048 172600  780 225 1624    +5810098    -21         -16    -50   27   7  211  -66  141   +0  141    0  20  0  0 L3P F1
G16 FF 61048 172600  780 679 2415    -1838535    -80         -28     -4   16   3   87   +1   57   +2   57    2  12  0  0 L3P C7
G18 FF 61048 172600  780 569  647    +4561056    -55         -10    +43   24 162   96   +8   43  -30   43  -30  16  0  0 L3P 15
G23 FF 61048 172600  780 451 1228    -5967939    -40         -22    +10   28 157  114  -11   72  -19   72  -19  21  0  0 L3P 4A
G26 FF 61048 172600  780 438 1859    +3080943    +76         -47    +14   23 101  116  +16  100   -7  100   -7  18  0  0 L3P 3C
G27 FF 61048 172600  780 496 2854     +147640    +69         -14     -4   24  33  106  -12   53  -16   53  -16  17  0  0 L3P 14
G07 FF 61048 174200  780 132 3244    +1325174    +96         -30    +44   38  25  348  -35  105  -47  105  -47  29  0  0 L3P 58
G08 FF 61048 174200  780 244 2877    -5064635    +54           0    +14   36  42  195  -51   80  -34   80  -34  28  0  0 L3P 1D
G10 FF 61048 174200  780 298 1603    +5810133     -2         -10    -31   36   7  163  -38  111   -2  111   -2  26  0  0 L3P EC
G15 FF 61048 174200  780 126  627    -3748099    -87          -5    -52   41  28  365  -65   70  +14   70   14  33  0  0 L3P 15
G16 FF 61048 174200  780 649 2231    -1838611    -78         -31     -2   20   3   89   +3   63  +10   63   10  15  0  0 L3P D2
G18 FF 61048 174200  780 498  630    +4560941   -137         -31    -39   29 162  106  +11   42  +12   42   12  21  0  0 L3P 2B
G23 FF 61048 174200  780 497 1135    -5967994    -25         -29    +25   20 157  106   -6   64  -36   64  -36  15  0  0 L3P 50
G26 FF 61048 174200  780 365 1838    +3081003    +57         -46     -4   31 101  135  +24  104   +7  104    7  23  0  0 L3P 0D
G27 FF 61048 174200  780 569 2878     +147687    +87         -37    +14   20  33   96   -8   57  -20   57  -20  14  0  0 L3P 1C
G07 FF 61048 175800  780 140 3182    +1325225   +103         -29    +51   36  25  329   -8   94  -49   94  -49  25  0  0 L3P 42
G08 FF 61048 175800  780 311 2900    -5064611    +90         -16    +49   26  42  157  -32   68  -45   68  -45  17  0  0 L3P 42
G10 FF 61048 175800  780 371 1577    +5810163     +5          -8    -24   25   7  134  -24   87   -5   87   -5  18  0  0 L3P E8
G15 FF 61048 175800  780 143  560    -3748129    -71          -2    -36   38  28  322  -28   46  +12   46   12  29  0  0 L3P 0E
G16 FF 61048 175800  780 596 2105    -1838673    -53         -20    +23   22   3   94   +6   64   +2   64    2  18  0  0 L3P D2
G18 FF 61048 175800  780 428  631    +4560851   -140         -31    -42   24 164  119  +16   49  +27   49   27  17  0  0 L3P 45
G23 FF 61048 175800  780 527 1022    -5968027    -17         -13    +33   18 157  102   -3   41  -33   41  -33  13  0  0 L3P 27
G26 FF 61048 175800  780 293 1824    +3081081   +105         -27    +43   21 101  164  +37  102  -26  102  -26  15  0  0 L3P 62
G27 FF 61048 175800  780 644 2892     +147761    +83         -33    +10   18  33   90   -6   46  -14   46  -14  12  0  0 L3P 05
G02 FF 61048 181400  780 102 2477     -123213    -81         -22     +2   55   8  452 -272  148  -39  148  -39  41  0  0 L3P 2E
G07 FF 61048 181400  780 138 3119    +1325280    -33         -26    -85   39  26  333  +17   91  +64   91   64  29  0  0 L3P 33
G08 FF 61048 181400  780 379 2918    -5064571    +31         -19    -10   29  53  132  -21   55   +8   55    8  21  0  0 L3P 09
G10 FF 61048 181400  780 443 1541    +5810187    +84         -14    +54   24   8  116  -15   76  -65   76  -65  18  0  0 L3P 2B
G15 FF 61048 181400  780 150  491    -3748165    -77         -15    -42   31  12  307   -3   49  +27   49   27  22  0  0 L3P 08
G16 FF 61048 181400  780 530 2025    -1838746   -122         -15    -46   24  18  101  +10   61  +42   61   42  20  0  0 L3P 1C
G18 FF 61048 181400  780 359  643    +4560737    -77         -52    +20   35 165  137  +23   61  -17   61  -17  27  0  0 L3P 40
G23 FF 61048 181400  780 537  896    -5968078    -61         -13    -11   21 158  100   +0   34   -2   34   -2  15  0  0 L3P F8
G26 FF 61048 181400  780 223 1814    +3081133    +44         -33    -18   32 111  212  +64  119  +13  119   13  26  0  0 L3P 3C
G27 FF 61048 181400  780 720 2885     +147847    +76         -14     +4   13  34   85   -4   30  -10   30  -10   8  0  0 L3P D1
G02 FF 61048 183000  780 164 2514     -123313   -133         -42    -50   45   8  285 -109  130   +1  130    1  33  0  0 L3P FE
G07 FF 61048 183000  780 126 3056    +1325343    +77         -12    +24   32  26  363  +48   79  -16   79  -16  27  0  0 L3P 39
G08 FF 61048 183000  780 449 2929    -5064522     +8          -9    -33   29  53  114  -15   36  +12   36   12  22  0  0 L3P 03
G10 FF 61048 183000  780 513 1488    +5810218    +62         -12    +32   20   8  104  -10   60  -28   60  -28  16  0  0 L3P 04
G15 FF 61048 183000  780 146  422    -3748189    -96          -6    -61   31  12  316  +22   38  +38   38   38  24  0  0 L3P 0E
G16 FF 61048 183000  780 459 1975    -1838831   -105         -26    -29   39  18  112  +14   80  +37   80   37  30  0  0 L3P 47
G18 FF 61048 183000  780 292  662    +4560679   -105         -16     -8   32 165  165  +35   35   +2   35    2  24  0  0 L3P 05
G23 FF 61048 183000  780 523  774    -5968135    -60         -23    -10   27 158  102   +3   36   +5   36    5  21  0  0 L3P E8
G26 FF 61048 183000  780 155 1804    +3081178     +0         -47    -62   23 111  299 +127  139  +91  139   91  17  0  0 L3P 61
G27 FF 61048 183000  780 795 2809     +147893    +62         -38    -11   18  34   82   -2   46   +8   46    8  13  0  0 L3P E2
G02 FF 61048 184600  780 228 2552     -123389    -78         -38     +5   39   8  209  -57  107  -13  107  -13  32  0  0 L3P 2D
G07 FF 61048 184600  780 104 2995    +1325390    -44         -16    -96   34  26  433 +104   75  +55   75   55  27  0  0 L3P 4C
G08 FF 61048 184600  780 521 2927    -5064493    +12         -19    -29   22  53  103  -10   37   +6   37    6  15  0  0 L3P 03
G10 FF 61048 184600  780 577 1409    +5810232    +34         -26     +4   23   8   96   -6   56  -21   56  -21  16  0  0 L3P EB
G15 FF 61048 184600  780 130  357    -3748205    -31          12     +4   38  12  352  +56   21   +0   21    0  32  0  0 L3P B1
G16 FF 61048 184600  780 386 1943    -1838900    -95         -22    -19   34  18  129  +21   80  +20   80   20  26  0  0 L3P 2E
G18 FF 61048 184600  780 227  687    +4560595   -104          -6     -7   45 165  208  +57   32  +16   32   16  34  0  0 L3P 26
G23 FF 61048 184600  780 490  671    -5968181    -55         -20     -5   18 158  107   +7   31   +7   31    7  13  0  0 L3P E8
G27 FF 61048 184600  780 852 2374     +147970    +69         -32     -4   17  34   81   +0   41   -2   41   -2  11  0  0 L3P C0
G02 FF 61048 190200  780 292 2592     -123449    -69         -18    +14   37   8  166  -35   74  -29   74  -29  27  0  0 L3P 2A
G08 FF 61048 190200  780 592 2905    -5064459    +21         -25    -20   22  53   94   -7   38   +7   38    7  15  0  0 L3P E9
G10 FF 61048 190200  780 628 1289    +5810245    +52         -41    +23   19   8   91   -4   55  -25   55  -25  14  0  0 L3P FB
G15 FF 61048 190200  780 104  297    -3748277     +0         -25    +35   35  12  436 +126   50  -18   50  -18  27  0  0 L3P 1D
G16 FF 61048 190200  780 313 1920    -1838986   -136         -35    -60   24  18  155  +33   94  +55   94   55  19  0  0 L3P 4F
G18 FF 61048 190200  780 164  715    +4560501    -78          -6    +20   41 165  282 +104   41   +0   41    0  32  0  0 L3P E4
G23 FF 61048 190200  780 443  594    -5968246    -56         -37     -6   22 158  115  +11   44  +14   44   14  15  0  0 L3P 1A
G27 FF 61048 190200  780 819 1684     +148061    +51         -10    -21   20  34   82   +1   21  +14   21   14  14  0  0 L3P CB
G02 FF 61048 191800  780 357 2633     -123521    -89         -10     -6   25   8  139  -23   50   -6   50   -6  19  0  0 L3P D8
G08 FF 61048 191800  780 660 2847    -5064423    +62         -28    +21   20  53   88   -5   38  -17   38  -17  13  0  0 L3P 1D
G10 FF 61048 191800  780 657 1123    +5810290     +7         -25    -22   20   8   89   -1   36  +13   36   13  13  0  0 L3P CE
G16 FF 61048 191800  780 242 1903    -1839040    -51         -16    +25   27  18  196  +55   90  -15   90  -15  26  0  0 L3P 39
G23 FF 61048 191800  780 386  540    -5968282    -48         -26     +2   28 158  129  +17   34   -6   34   -6  21  0  0 L3P 14
G27 FF 61048 191800  780 745 1543     +148104    +78         -37     +6   16  34   84   +3   41   -3   41   -3  10  0  0 L3P BF
G01 FF 61048 193400  780 108 2571    -3457356    -67         -53   -100   44 109  427 -232  117  +67  117   67  34  0  0 L3P 8A
G02 FF 61048 193400  780 423 2676     -123617   -136         -27    -53   24   8  120  -16   59  +38   59   38  17  0  0 L3P 22
G08 FF 61048 193400  780 720 2718    -5064385    +40         -29     -1   19  53   85   -3   39   +0   39    0  13  0  0 L3P CF
G10 FF 61048 193400  780 657  937    +5810299     -4         -44    -33   18   8   89   +1   48  +26   48   26  12  0  0 L3P E5
G16 FF 61048 193400  780 172 1889    -1839139   -100         -41    -23   47  18  270 +104  118  +25  118   25  40  0  0 L3P 6F
G23 FF 61048 193400  780 325  507    -5968325    -17         -20    +33   24 158  150  +27   33  -24   33  -24  18  0  0 L3P 31
G27 FF 61048 193400  780 666 1514     +148168    +89         -43    +16   19  34   88   +5   49   +4   49    4  12  0  0 L3P E5
G32 FF 61048 193400  780 150 1288    +1718975   -157          -7    +12   29  44  310 -121  116  -23  116  -23  22  0  0 L3P 60
G01 FF 61048 195000  780 168 2609    -3457263    +90           8    +57   31 109  279 -100   55  -58   55  -58  26  0  0 L3P 50
G02 FF 61048 195000  780 489 2720     -123696   -108         -26    -25   23   8  107  -11   48   +9   48    9  18  0  0 L3P FE
G08 FF 61048 195000  780 754 2475    -5064343    +28         -27    -12   24  53   84   -1   39  +11   39   11  16  0  0 L3P 04
G10 FF 61048 195000  780 627  779    +5810348    +11         -23    -19   15   8   91   +4   30  +19   30   19  11  0  0 L3P D6
G16 FF 61048 195000  780 106 1875    -1839186     -5         -15    +71   40  18  430 +257  114  -69  114  -69  31  0  0 L3P 64
G23 FF 61048 195000  780 260  488    -5968350     +4           2    +54   39 158  183  +44    9  -42    9  -42  30  0  0 L3P EE
G27 FF 61048 195000  780 588 1513     +148241    +95         -39    +22   21  34   94   +8   54   +0   54    0  16  0  0 L3P C9
G32 FF 61048 195000  780 209 1245    +1718810   -188         -11    -20   36  44  226  -62  100   -4  100   -4  31  0  0 L3P 28
G01 FF 61048 200600  780 229 2647    -3457252    +59         -12    +26   38 110  208  -55   57  -36   57  -36  28  0  0 L3P 4E
G02 FF 61048 200600  780 557 2766     -123774    -81         -26     +2   17   9   98   -8   45   +2   45    2  12  0  0 L3P AC
G08 FF 61048 200600  780 745 2178    -5064304     +9         -25    -32   16  65   84   +1   36  +38   36   38  10  0  0 L3P F1
G10 FF 61048 200600  780 577  672    +5810365    +52         -36    +22   21   9   96   +6   38  -22   38  -22  15  0  0 L3P E7
G14 FF 61048 200600  780 122 3270    -7275280    -30          -5     -5   51 121  377 -128   42   +2   42    2  36  0  0 L3P E9
G23 FF 61048 200600  780 195  482    -5968430    +26         -26    +76   37 159  240  +78   35  -55   35  -55  28  0  0 L3P 4F
G27 FF 61048 200600  780 510 1522     +148311    +60         -37    -13   22  35  104  +12   64  +22   64   22  16  0  0 L3P E8
G32 FF 61048 200600  780 266 1196    +1718641   -173         -19     -4   29  46  180  -36   92   -5   92   -5  21  0  0 L3P 18
G01 FF 61048 202200  780 291 2685    -3457207    +35           1     +2   41 110  166  -34   38  -20   38  -20  30  0  0 L3P F5
G02 FF 61048 202200  780 625 2814     -123838    -99         -10    -16   22   9   91   -6   32   +3   32    3  16  0  0 L3P AB
G08 FF 61048 202200  780 698 1975    -5064259    +54         -20    +13   18  65   86   +3   43   +3   43    3  11  0  0 L3P DE
G10 FF 61048 202200  780 516  608    +5810393    +27         -36     -3   25   9  103   +9   35   +6   35    6  19  0  0 L3P B0
G14 FF 61048 202200  780 160 3221    -7275291    -11           8    +14   38 121  290  -62   24  -34   24  -34  28  0  0 L3P 10
G23 FF 61048 202200  780 131  484    -5968477    -79         -26    -29   39 159  352 +169   29  +11   29   11  31  0  0 L3P 52
G27 FF 61048 202200  780 433 1536     +148385    +68         -33     -5   23  35  118  +17   76  +22   76   22  16  0  0 L3P 00
G32 FF 61048 202200  780 319 1137    +1718476   -173         -22     -4   25  46  153  -22   76  -12   76  -12  18  0  0 L3P 2D
G01 FF 61048 203800  780 355 2724    -3457194    +76         -18    +43   31 110  139  -23   42  -35   42  -35  22  0  0 L3P 3B
G02 FF 61048 203800  780 694 2866     -123918    -43         -10    +40   15   9   86   -4   30  -28   30  -28  10  0  0 L3P E5
G08 FF 61048 203800  780 631 1871    -5064221    +35         -21     -6   18  65   91   +6   48  +17   48   17  13  0  0 L3P F1
G10 FF 61048 203800  780 450  574    +5810412    +18         -46    -12   22   9  114  +14   43  +16   43   16  16  0  0 L3P E7
G14 FF 61048 203800  780 190 3164    -7275326    +42          -3    +67   41 121  246  -32   26  -41   26  -41  29  0  0 L3P 2A
G22 FF 61048 203800  780 116 3299     +609726   -183          14   -141   61  31  397 -137   38  +77   38   77  40  0  0 L3P 55
G27 FF 61048 203800  780 358 1550     +148461    +52         -26    -21   20  35  138  +25   85  +32   85   32  18  0  0 L3P 0F
G32 FF 61048 203800  780 365 1067    +1718310   -180         -27    -12   25  46  136  -14   68  -15   68  -15  20  0  0 L3P 3F
G01 FF 61048 205400  780 421 2762    -3457159    +21         -15    -12   33 110  121  -16   29   -8   29   -8  26  0  0 L3P 10
G02 FF 61048 205400  780 764 2929     -124012   -106         -25    -23   21   9   83   -3   38   +8   38    8  15  0  0 L3P C7
G03 FF 61048 205400  780 116 2242    -6036102    +42          -2    -56   55  49  399 -225   66  +43   66   43  44  0  0 L3P 26
G08 FF 61048 205400  780 558 1817    -5064177    +61         -16    +20   26  65   98   +9   54   -9   54   -9  19  0  0 L3P 08
G10 FF 61048 205400  780 383  559    +5810447    +42         -40    +12   22   9  130  +20   42  -12   42  -12  17  0  0 L3P EB
G14 FF 61048 205400  780 210 3100    -7275376    -77         -29    -52   44 121  224  -15   40  +45   40   45  30  0  0 L3P 23
G22 FF 61048 205400  780 152 3250     +609671     +6          -1    +49   30  31  304  -65   42  -36   42  -36  24  0  0 L3P E8
G27 FF 61048 205400  780 285 1564     +148518    +46         -40    -27   31  35  169  +40  106  +24  106   24  21  0  0 L3P 2C
G32 FF 61048 205400  780 401  985    +1718149   -181         -27    -13   34  46  125   -8   49   -5   49   -5  27  0  0 L3P 0C
G01 FF 61048 211000  780 489 2800    -3457123    -32         -11    -65   23 110  107  -12   15  +43   15   43  17  0  0 L3P 13
G02 FF 61048 211000  780 834 3039     -124086    -68         -19    +15   12   9   81   -1   30  -15   30  -15   9  0  0 L3P C5
G03 FF 61048 211000  780 183 2272    -6036025    +58         -19    -40   40  49  257  -94   70  +33   70   33  31  0  0 L3P 19
G08 FF 61048 211000  780 483 1790    -5064162    +82         -41    +41   20  65  108  +13   86  -22   86  -22  15  0  0 L3P 25
G10 FF 61048 211000  780 316  558    +5810482     +7         -33    -23   32   9  154  +30   37  +28   37   28  24  0  0 L3P E2
G14 FF 61048 211000  780 218 3030    -7275401    +22         -30    +47   27 121  216   -2   39  -21   39  -21  21  0  0 L3P 0A
G22 FF 61048 211000  780 180 3193     +609650    -44          19     -2   26  31  259  -33   14   -1   14   -1  20  0  0 L3P BF
G27 FF 61048 211000  780 214 1576     +148604    +86         -24    +13   30  35  220  +70  104   +1  104    1  22  0  0 L3P E4
G32 FF 61048 211000  780 423  892    +1717974   -176         -40     -8   22  46  120   -3   44  -19   44  -19  16  0  0 L3P 0F
G01 FF 61048 212600  780 558 2836    -3457116    +45         -35    +12   20 110   98   -8   30  -11   30  -11  13  0  0 L3P 06
G02 FF 61048 212600  780 883  485     -124152    -70          -6    +13   13   9   81   +0   24   -1   24   -1   8  0  0 L3P 78
G03 FF 61048 212600  780 251 2305    -6035932   +106         -20     +8   34  49  191  -51   70   +2   70    2  26  0  0 L3P E8
G08 FF 61048 212600  780 408 1775    -5064104   +119         -22    +78   29  65  123  +19   83  -39   83  -39  22  0  0 L3P 56
G10 FF 61048 212600  780 249  567    +5810490    +58         -53    +28   39   9  191  +48   54  -11   54  -11  31  0  0 L3P 14
G14 FF 61048 212600  780 214 2959    -7275395    -21           0     +4   38 121  219   +9   19   -7   19   -7  28  0  0 L3P EB
G17 FF 61048 212600  780 106 3169     +265902   +139          -7    +21   32  59  435 -246   43  -19   43  -19  20  0  0 L3P 34
G27 FF 61048 212600  780 145 1587     +148667   +145         -30    +72   35  35  318 +145  130  -38  130  -38  29  0  0 L3P 6F
G32 FF 61048 212600  780 429  794    +1717810   -181         -42    -13   30  46  119   +1   41   +5   41    5  22  0  0 L3P DD
G01 FF 61048 214200  780 629 2869    -3457083    +44         -33    +11   19 110   91   -6   27  -13   27  -13  13  0  0 L3P 17
G02 FF 61048 214200  780 820 1072     -124222   -145           4    -62   21   9   82   +1   19  +36   19   36  15  0  0 L3P B6
G03 FF 61048 214200  780 320 2341    -6035851    +31         -32    -67   37  49  153  -31   75  +32   75   32  28  0  0 L3P 1B
G08 FF 61048 214200  780 333 1766    -5064077   +109         -34    +68   33  65  146  +29  101  -29  101  -29  26  0  0 L3P 6C
G10 FF 61048 214200  780 184  583    +5810569   +140          -2   +111   40   9  253  +86   12  -77   12  -77  31  0  0 L3P 15
G14 FF 61048 214200  780 199 2888    -7275446    -16         -27     +9   42 121  235  +24   43   +0   43    0  33  0  0 L3P 01
G17 FF 61048 214200  780 166 3160     +266044   +117          22     -1   35  59  281 -101   15  -15   15  -15  25  0  0 L3P 0C
G22 FF 61048 214200  780 205 3064     +609526    -19         -25    +23   43  31  229   -1   40  -18   40  -18  30  0  0 L3P F4
G32 FF 61048 214200  780 418  700    +1717636   -180         -55    -12   19  46  121   +5   44  +11   44   11  14  0  0 L3P F9
G01 FF 61048 215800  780 702 2896    -3457047    +84         -29    +51   14 110   86   -4   28  -40   28  -40   9  0  0 L3P 17
G02 FF 61048 215800  780 748 1162     -124303   -148           2    -65   19   9   84   +3   17  +41   17   41  13  0  0 L3P C7
G03 FF 61048 215800  780 391 2382    -6035769    +67         -45    -31   28  49  128  -20   72   +5   72    5  21  0  0 L3P 0E
G08 FF 61048 215800  780 261 1761    -5064038     -3         -35    -44   31  65  183  +48  114  +43  114   43  24  0  0 L3P 32
G10 FF 61048 215800  780 121  604    +5810585    +48         -15    +19   45   9  377 +188   29  -27   29  -27  38  0  0 L3P 39
G14 FF 61048 215800  780 174 2821    -7275471    -40         -28    -15   49 121  267  +45   52  +24   52   24  37  0  0 L3P 3E
G17 FF 61048 215800  780 225 3142     +266136   +153           0    +35   27  59  211  -53   28  -29   28  -29  19  0  0 L3P 17
G22 FF 61048 215800  780 200 2995     +609503    -84          -7    -42   36  31  234  +12   30  +36   30   36  26  0  0 L3P F4
G32 FF 61048 215800  780 391  617    +1717492   -208         -37    -40   29  46  128  +10   32  +23   32   23  21  0  0 L3P 1B
G01 FF 61048 221400  780 776 2907    -3457022    +66         -40    +33   11 111   83   -2   34  -30   34  -30   8  0  0 L3P F6
G02 FF 61048 221400  780 676 1217     -124393    -51          -8    +32   17   9   87   +5   32  -22   32  -22  12  0  0 L3P C7
G03 FF 61048 221400  780 462 2427    -6035667    +40         -35    -58   23  53  112  -14   53  +22   53   22  20  0  0 L3P 0F
G08 FF 61048 221400  780 190 1757    -5063969   +110         -14    +69   41   1  245  +87   95  -50   95  -50  31  0  0 L3P 3E
G14 FF 61048 221400  780 140 2758    -7275514     -4         -50    +21   50 122  328  +86   65  -13   65  -13  37  0  0 L3P 2C
G17 FF 61048 221400  780 282 3112     +266265   +130          19    +12   26  64  171  -31   12  -13   12  -13  19  0  0 L3P 03
G22 FF 61048 221400  780 184 2928     +609456    -56         -15    -14   40  32  253  +28   36  +11   36   11  30  0  0 L3P 05
G32 FF 61048 221400  780 351  549    +1717326   -222         -38    -53   30  53  140  +16   34  +40   34   40  23  0  0 L3P 0B
G01 FF 61048 223000  780 851 2833    -3456988    +33         -39     +0   15 111   81   -1   30   -6   30   -6  10  0  0 L3P D4
G02 FF 61048 223000  780 604 1261     -124482    -69         -17    +14   20   9   93   +7   43   +9   43    9  14  0  0 L3P AD
G03 FF 61048 223000  780 534 2478    -6035561   +102         -23     +4   24  53  101  -10   33   -9   33   -9  18  0  0 L3P F4
G04 FF 61048 223000  780 107 1893     -369550    -56           5    -32   39 154  432 -274   72  +20   72   20  33  0  0 L3P 14
G08 FF 61048 223000  780 123 1753    -5063958   +104         -42    +63   50   1  374 +199  125  -76  125  -76  34  0  0 L3P 6E
G14 FF 61048 223000  780 100 2701    -7275510    +47         -21    +72   44 122  452 +186   70  -28   70  -28  35  0  0 L3P 43
G17 FF 61048 223000  780 333 3068     +266349    +94         -10    -24   19  64  147  -20   23  +10   23   10  16  0  0 L3P FC
G19 FF 61048 223000  780 134 3206    -6846396   +126          -3   +144   29  33  346 -150   34 -118   34 -118  22  0  0 L3P 78
G22 FF 61048 223000  780 159 2864     +609428    -49          -2     -7   48  32  291  +54   29   +1   29    1  36  0  0 L3P D4
G28 FF 61048 223000  780 134  926    +6138127    -33         -23    +17   56 231  345 -113   96  -51   96  -51  42  0  0 L3P 46
G32 FF 61048 223000  780 303  498    +1717187   -155         -15    +13   22  53  160  +26   22   +2   22    2  17  0  0 L3P E5
G01 FF 61048 224600  780 866 1528    -3456942    +39         -24     +6   13 111   81   +1   19   -3   19   -3   9  0  0 L3P D9
G02 FF 61048 224600  780 532 1300     -124569    -95         -24    -12   22   9  101  +10   59  +32   59   32  16  0  0 L3P EB
G03 FF 61048 224600  780 607 2538    -6035483    +81         -39    -17   23  53   93   -7   39   -5   39   -5  18  0  0 L3P 02
G04 FF 61048 224600  780 177 1894     -369567    -50          11    -26   32 154  266 -106   73   +9   73    9  28  0  0 L3P 21
G17 FF 61048 224600  780 377 3009     +266469    +97          -4    -22   21  64  132  -12   24  +15   24   15  15  0  0 L3P FC
G19 FF 61048 224600  780 191 3181    -6846412    -18          -2     +0   35  33  246  -71   24   +3   24    3  24  0  0 L3P D2
G22 FF 61048 224600  780 125 2805     +609359   -141         -30    -99   71  32  364 +105   54 +115   54  115  52  0  0 L3P 57
G28 FF 61048 224600  780 175  867    +6138107    -15           5    +35   35 231  266  -58   48  -51   48  -51  27  0  0 L3P 2B
G32 FF 61048 224600  780 248  461    +1717019   -180         -21    -12   28  53  191  +42   31  +16   31   16  21  0  0 L3P 0D
G01 FF 61048 230200  780 791 1371    -3456920    +60         -33    +27   15 111   82   +2   27  -24   27  -24   9  0  0 L3P FC
G02 FF 61048 230200  780 461 1335     -124657   -100         -33    -17   28   9  112  +14   82  +31   82   31  21  0  0 L3P F1
G03 FF 61048 230200  780 680 2614    -6035381    +86         -31    -12   17  53   87   -5   28   +8   28    8  13  0  0 L3P DE
G04 FF 61048 230200  780 249 1896     -369591   -108          10    -84   38 154  192  -55   68  +38   68   38  30  0  0 L3P 4C
G17 FF 61048 230200  780 410 2934     +266583    +56          -3    -62   28  64  123   -7   20  +49   20   49  23  0  0 L3P EA
G19 FF 61048 230200  780 245 3144    -6846428    -17          -1     +1   37  33  195  -39   19   +3   19    3  26  0  0 L3P E3
G28 FF 61048 230200  780 210  802    +6138027    -66         -27    -16   41 231  224  -32   62   -5   62   -5  30  0  0 L3P F7
G31 FF 61048 230200  780 125 1117    +1736590    -98          -3    -77   57  36  371 -155  112  +50  112   50  41  0  0 L3P 3E
G32 FF 61048 230200  780 190  436    +1716880    -67           1   +101   44  53  246  +76   16  -74   16  -74  38  0  0 L3P 16
G01 FF 61048 231800  780 713 1370    -3456892    +23         -37    -10   16 111   85   +4   39  +14   39   14  11  0  0 L3P 05
G02 FF 61048 231800  780 390 1367     -124729   -121         -25    -38   25   9  128  +20   88  +44   88   44  19  0  0 L3P 21
G03 FF 61048 231800  780 751 2727    -6035297   +109         -41    +12   19  53   84   -3   29   -9   29   -9  14  0  0 L3P 0B
G04 FF 61048 231800  780 324 1898     -369624    -54           1    -30   30 154  151  -33   72  +28   72   28  22  0  0 L3P 07
G17 FF 61048 231800  780 430 2845     +266678   +122         -22     +4   20  64  118   -3   35  -14   35  -14  15  0  0 L3P 02
G19 FF 61048 231800  780 293 3094    -6846448     +0          -3    +18   33  33  165  -23   21  -19   21  -19  26  0  0 L3P 14
G28 FF 61048 231800  780 235  732    +6137989    -54         -17     -4   39 231  201  -17   42  -16   42  -16  30  0  0 L3P 25
G31 FF 61048 231800  780 176 1065    +1736553    -51         -21    -31   40  36  266  -75  109   +8  109    8  30  0  0 L3P 23
G32 FF 61048 231800  780 129  423    +1716690   -211         -27    -43   45  53  355 +164   43  +28   43   28  40  0  0 L3P 35
G01 FF 61048 233400  780 635 1388    -3456855    +38         -32     +5   16 111   90   +6   45   +8   45    8  10  0  0 L3P DE
G02 FF 61048 233400  780 320 1396     -124807    -65         -24    +18   31   9  152  +30  100   -3  100   -3  25  0  0 L3P E8
G03 FF 61048 233400  780 815 2959    -6035201   +106         -39     +8   15  53   82   -1   27   -3   27   -3  10  0  0 L3P DF
G04 FF 61048 233400  780 401 1899     -369653     -5          -6    +19   26 154  126  -21   72  -32   72  -32  20  0  0 L3P 0E
G06 FF 61048 233400  780 110 3052    +6003441   +137           7    +95   34  48  419 -237   20  -71   20  -71  24  0  0 L3P 23
G09 FF 61048 233400  780 112 2082    -7699965    -23         -12    -16   39  50  413 -247   72  +20   72   20  33  0  0 L3P 39
G17 FF 61048 233400  780 433 2749     +266801   +146         -13    +28   22  64  118   +1   33  -23   33  -23  15  0  0 L3P 10
G19 FF 61048 233400  780 332 3030    -6846472    -15         -10     +4   36  33  147  -14   22   -2   22   -2  29  0  0 L3P E8
G28 FF 61048 233400  780 249  658    +6137934    -72         -24    -22   36 231  191   -6   34   +4   34    4  28  0  0 L3P FA
G31 FF 61048 233400  780 223 1006    +1736543    -14         -11     +6   36  36  212  -42   88  -21   88  -21  29  0  0 L3P 11
G01 FF 61048 235000  780 558 1410    -3456819    +36         -28     +3   20 111   98   +9   53   +6   53    6  14  0  0 L3P D7
G02 FF 61048 235000  780 251 1422     -124873    -70          -9    +13   28   9  189  +50  109  +21  109   21  24  0  0 L3P 00
G03 FF 61048 235000  780 843 3596    -6035108   +113         -39    +15   22  53   81   +0   31   -4   31   -4  15  0  0 L3P E5
G04 FF 61048 235000  780 479 1897     -369695    -38         -25    -14   34 154  109  -14   82   -1   82   -1  24  0  0 L3P 23
G06 FF 61048 235000  780 174 3066    +6003469    -19          -6    -61   45  48  270 -100   22  +33   22   33  32  0  0 L3P 14
G09 FF 61048 235000  780 181 2097    -7699968    +12          -9    +18   33  50  260 -100   77  -11   77  -11  25  0  0 L3P 40
G17 FF 61048 235000  780 419 2653     +266904   +147         -23    +29   20  64  121   +5   50  -24   50  -24  17  0  0 L3P 11
G19 FF 61048 235000  780 359 2952    -6846482    -50          -2    -32   30  33  138   -7   17  +20   17   20  22  0  0 L3P FD
G28 FF 61048 235000  780 251  583    +6137870    -70         -40    -20   26 231  189   +3   44  +23   44   23  21  0  0 L3P 05
G31 FF 61048 235000  780 264  938    +1736528    -20          -6     +0   27  36  182  -24   72  -12   72  -12  22  0  0 L3P F0
