CGGTTS     GENERIC DATA FORMAT VERSION = 2E
REV DATE = 2026-01-01                    
RCVR = POLARX5-TR                    R2CGGTTS v8.8    
CH = 99 
IMS = POLARX5-TR                    
LAB = PTB                           
X = +3844059.67 m 
Y =  +709661.67 m 
Z = +5023129.80 m 
FRAME = ITRF
COMMENTS =           IGS RINEX,AUSPOS XYZ          
INT DLY =   31.0 ns (GPS P1),   28.5 ns (GPS P2)     CAL_ID = 1001-2022           
CAB DLY =  205.7 ns 
REF DLY =   56.2 ns
REF = UTC(PTB)                      
CKSUM = 5E

SAT CL  MJD  STTIME TRKL ELV AZTH   REFSV      SRSV     REFSYS    SRSYS  DSG IOE MDTR SMDT MDIO SMDI MSIO SMSI ISG FR HC FRC CK
             hhmmss  s  .1dg .1dg    .1ns     .1ps/s     .1ns    .1ps/s .1ns     .1ns.1ps/s.1ns.1ps/s.1ns.1ps/s.1ns
G01 FF 61062 000200  780 250 1498    -3415377    +96           5    +55   29  38  190  +52   33  -24   33  -24  23  0  0 L3P 08
G03 FF 61062 000200  780 588  863    -5920546   +140          -9    +35   23  38   94   +7   28  -39   28  -39  18  0  0 L3P 0E
G04 FF 61062 000200  780 776 1621     -396222    -38           2    -15   14  86   83   -2   24   +3   24    3   9  0  0 L3P 89
G06 FF 61062 000200  780 446 3025    +6046549    +28          20     -6   27   7  115  -13   10  +26   10   26  23  0  0 L3P D1
G09 FF 61062 000200  780 485 2185    -7704306    -22          25    -20   26   6  108  -13   21   -6   21   -6  20  0  0 L3P D1
G17 FF 61062 000200  780 238 2361     +397173   +191           1    +77   36 165  199  +46   35  -46   35  -46  27  0  0 L3P 30
G19 FF 61062 000200  780 314 2598    -6866696     -3          11    +14   35   6  155  +18   33   -2   33   -2  27  0  0 L3P DA
G28 FF 61062 000200  780 141  339    +6078966     -6         -32    +50   63 157  327 +104   34  -37   34  -37  49  0  0 L3P 36
G31 FF 61062 000200  780 311  613    +1713315    +22          10    +42   20  50  156   +8   26  -13   26  -13  13  0  0 L3P C2
G01 FF 61062 001800  780 180 1515    -3415348    +46          -6     +5   33  38  259  +98   50   +6   50    6  26  0  0 L3P D6
G03 FF 61062 001800  780 519  924    -5920443    +73          -7    -32   17  38  102  +10   26  +28   26   28  12  0  0 L3P F1
G04 FF 61062 001800  780 804 1229     -396260     -2         -14    +21   16  86   82   +0   30  -21   30  -21  10  0  0 L3P BE
G06 FF 61062 001800  780 506 2970    +6046573    +21          11    -13   23   7  105   -9   19   +4   19    4  17  0  0 L3P BE
G09 FF 61062 001800  780 562 2212    -7704330    -16           1    -15   24   6   97   -9   29   +7   29    7  18  0  0 L3P AD
G11 FF 61062 001800  780 101 3161    +4659518   -144          -5    -11   37 131  455 -274   26   -1   26   -1  25  0  0 L3P 1A
G17 FF 61062 001800  780 180 2316     +397298   +124          17    +10   30 165  258  +83   24  -18   24  -18  23  0  0 L3P 2E
G19 FF 61062 001800  780 270 2528    -6866715    -20           8     -3   35   6  177  +29   31   +0   31    0  26  0  0 L3P B6
G31 FF 61062 001800  780 287  538    +1713307    -57          22    -36   30  50  168  +17   17   +9   17    9  21  0  0 L3P DC
G01 FF 61062 003400  780 111 1529    -3415301   +121           2    +80   74  38  411 +243   47  -56   47  -56  54  0  0 L3P 1D
G03 FF 61062 003400  780 451  978    -5920342   +134          -7    +29   24  38  114  +14   28  -18   28  -18  18  0  0 L3P 1F
G04 FF 61062 003400  780 770  868     -396272    -25          -5     -2   16  86   83   +2   26   +7   26    7  12  0  0 L3P 97
G06 FF 61062 003400  780 557 2884    +6046610   +100          16    +66   20   7   98   -5   15  -49   15  -49  15  0  0 L3P 02
G09 FF 61062 003400  780 640 2238    -7704322    +19          11    +20   18   6   90   -6   19  -11   19  -11  11  0  0 L3P D2
G11 FF 61062 003400  780 163 3154    +4659380   -143         -16    -10   32 131  287 -108   37   -8   37   -8  23  0  0 L3P 39
G17 FF 61062 003400  780 121 2276     +397409   +109          19     -5   47 165  376 +178   22  +16   22   16  38  0  0 L3P 2E
G19 FF 61062 003400  780 220 2467    -6866739     -7           1    +10   42   6  214  +50   46  -20   46  -20  35  0  0 L3P E0
G31 FF 61062 003400  780 251  474    +1713276     +8          11    +29   35  50  189  +29   20  -26   20  -26  27  0  0 L3P EF
G03 FF 61062 005000  780 384 1028    -5920239   +110          -4     +5   29  38  130  +20   28   +5   28    5  22  0  0 L3P CF
G04 FF 61062 005000  780 707  720     -396290     +4          -1    +27   14  86   86   +4   26  -24   26  -24  10  0  0 L3P B2
G06 FF 61062 005000  780 592 2762    +6046642    +69          15    +35   19   7   94   -3   14  -34   14  -34  14  0  0 L3P EB
G07 FF 61062 005000  780 135 1778    +1385040   +100          35    +48   33   8  344 -174   34  -24   34  -24  27  0  0 L3P 26
G09 FF 61062 005000  780 718 2264    -7704321    +41          13    +42   15   6   85   -4   20  -33   20  -33  12  0  0 L3P CD
G11 FF 61062 005000  780 224 3138    +4659259   -197          -9    -64   25 131  212  -56   27  +57   27   57  17  0  0 L3P 42
G19 FF 61062 005000  780 165 2414    -6866736    -70          20    -53   47   6  280  +93   24  +50   24   50  34  0  0 L3P 02
G26 FF 61062 005000  780 100  604    +3150456   +108          16    +48   83  60  453 -101   -3  -21   -3  -21  65  0  0 L3P 04
G31 FF 61062 005000  780 206  422    +1713266    -50          20    -29   35  50  228  +52    9  +20    9   20  28  0  0 L3P C0
G03 FF 61062 010600  780 319 1074    -5920131    +73           4    -31   23  38  152  +29   24  +21   24   21  18  0  0 L3P E3
G04 FF 61062 010600  780 636  670     -396306    +23           5    +46   27  86   90   +6   23  -35   23  -35  19  0  0 L3P C8
G06 FF 61062 010600  780 604 2611    +6046666    +90           5    +55   21   7   93   +0   19  -40   19  -40  15  0  0 L3P C9
G07 FF 61062 010600  780 205 1768    +1385089    +64          33    +12   36   8  231  -79   28  -29   28  -29  32  0  0 L3P 1E
G09 FF 61062 010600  780 796 2279    -7704305    +14          30    +16   16   6   82   -2    6   -9    6   -9  11  0  0 L3P A6
G11 FF 61062 010600  780 283 3111    +4659136   -132          -4     +1   24 131  170  -33   27   +4   27    4  17  0  0 L3P DC
G26 FF 61062 010600  780 118  539    +3150483     +3         -13    -56   75  60  386  -44   22  +55   22   55  57  0  0 L3P FF
G31 FF 61062 010600  780 155  382    +1713232     -7           7    +14   34  50  299 +102   24   +2   24    2  25  0  0 L3P AC
G03 FF 61062 012200  780 254 1117    -5920034    +88           0    -16   33  38  187  +45   31  +19   31   19  25  0  0 L3P F3
G04 FF 61062 012200  780 563  658     -396324    -28           9     -6   18  86   97   +8   18   -5   18   -5  14  0  0 L3P AA
G06 FF 61062 012200  780 589 2461    +6046703     +5          10    -30   19   7   94   +3   14  +20   14   20  14  0  0 L3P AE
G07 FF 61062 012200  780 276 1758    +1385130    +44          24     -8   20   8  174  -44   28  -15   28  -15  18  0  0 L3P FC
G09 FF 61062 012200  780 874 2185    -7704321     -7          15     -5   11   6   81   -1   20   +0   20    0   7  0  0 L3P 67
G11 FF 61062 012200  780 338 3069    +4659040   -122          27    +11   30 131  145  -20    7  -22    7  -22  21  0  0 L3P FA
G21 FF 61062 012200  780 140 2918    -3850313    -64          -1     +9   51  61  333 -145   19   +4   19    4  41  0  0 L3P D7
G26 FF 61062 012200  780 127  473    +3150566    +78          12    +19   40  60  361   -9   16  -10   16  -10  31  0  0 L3P E4
G03 FF 61062 013800  780 191 1157    -5919925   +105           9     +0   37  38  245  +79   26  -19   26  -19  30  0  0 L3P 1E
G04 FF 61062 013800  780 492  665     -396349    -37           6    -14   22  86  107  +12   18   +7   18    7  16  0  0 L3P C8
G06 FF 61062 013800  780 550 2335    +6046722    +27          -3     -7   21   7   99   +6   27   +7   27    7  17  0  0 L3P A7
G07 FF 61062 013800  780 349 1745    +1385161    +71           5    +19   14   8  141  -27   35  -24   35  -24  11  0  0 L3P F6
G09 FF 61062 013800  780 847  681    -7704309    +15          28    +17   14   6   81   +1   11  -20   11  -20  10  0  0 L3P C3
G11 FF 61062 013800  780 386 3010    +4658907   -150          22    -17   25 131  129  -13    8  +11    8   11  19  0  0 L3P 03
G16 FF 61062 013800  780 113  743    -1926386    -67         -10     +9   74  91  404 -122   28   +3   28    3  50  0  0 L3P EB
G21 FF 61062 013800  780 202 2942    -3850353     -1          29    +71   34  61  234  -72   -4  -32   -4  -32  27  0  0 L3P F4
G26 FF 61062 013800  780 124  408    +3150614    +33           4    -27   45  60  367  +21   26  +42   26   42  33  0  0 L3P DB
G03 FF 61062 015400  780 128 1195    -5919827   +120           6    +15   45  38  358 +169   31  -11   31  -11  38  0  0 L3P 33
G04 FF 61062 015400  780 422  683     -396358    -47          19    -24   22  86  120  +16    9  +33    9   33  15  0  0 L3P D1
G06 FF 61062 015400  780 495 2241    +6046769    +46          10    +12   27   7  106  +10   23   -5   23   -5  20  0  0 L3P D3
G07 FF 61062 015400  780 423 1728    +1385213    +44           7     -8   25   8  120  -18   28   +7   28    7  21  0  0 L3P B5
G09 FF 61062 015400  780 771  668    -7704330    -33           8    -32   16   6   83   +3   21  +28   21   28  12  0  0 L3P B6
G11 FF 61062 015400  780 424 2933    +4658774    -94          17    +39   27 131  120   -7   10  -31   10  -31  20  0  0 L3P 0F
G16 FF 61062 015400  780 144  678    -1926443    -38           6    +38   52  91  321  -59   14  -15   14  -15  41  0  0 L3P 04
G21 FF 61062 015400  780 266 2963    -3850430    -78          22     -5   33  61  180  -43   10   -5   10   -5  25  0  0 L3P DC
G26 FF 61062 015400  780 112  345    +3150667    +55          -1     -4   35  60  406  +63   31   +2   31    2  24  0  0 L3P A6
G30 FF 61062 015400  780 166 1938     -955915    -21           6   +102   51  33  283 -118   37  -84   37  -84  42  0  0 L3P 2E
G04 FF 61062 021000  780 354  707     -396386    -49          12    -27   23  87  139  +23   13  +16   13   16  17  0  0 L3P EE
G06 FF 61062 021000  780 432 2174    +6046787     +0          -5    -35   17   8  118  +15   33  +27   33   27  12  0  0 L3P DA
G07 FF 61062 021000  780 496 1701    +1385262     +1           9    -51   22   9  106  -12   22  +33   22   33  17  0  0 L3P BF
G09 FF 61062 021000  780 696  695    -7704326    +19          14    +20   12  13   86   +4   17  -14   17  -14  10  0  0 L3P DF
G11 FF 61062 021000  780 447 2840    +4658639    -95           1    +38   27 133  115   -3   21  -42   21  -42  20  0  0 L3P FD
G16 FF 61062 021000  780 165  609    -1926505    -63          20    +13   42   1  281  -28   10   +1   10    1  32  0  0 L3P A2
G21 FF 61062 021000  780 332 2977    -3850513    -59           9    +13   35  61  148  -27   17  -10   17  -10  29  0  0 L3P 09
G30 FF 61062 021000  780 236 1941     -956048   -170          -7    -46   38  34  202  -59   43  +11   43   11  30  0  0 L3P FE
G04 FF 61062 022600  780 289  736     -396417    -81           3    -58   31  87  167  +35   19  +39   19   39  23  0  0 L3P FF
G06 FF 61062 022600  780 363 2126    +6046829    +27           4     -7   29   8  136  +23   28   +8   28    8  22  0  0 L3P C1
G07 FF 61062 022600  780 568 1656    +1385307    +34           5    -19   24   9   97   -8   26  +10   26   10  17  0  0 L3P D3
G09 FF 61062 022600  780 623  729    -7704345    +81          -4    +83   22  13   91   +6   30  -61   30  -61  15  0  0 L3P DD
G11 FF 61062 022600  780 452 2737    +4658506   -158          -4    -25   32 133  114   +1   25  +15   25   15  22  0  0 L3P 0E
G16 FF 61062 022600  780 176  538    -1926572    -94          25    -18   48   1  264   -8    6  +22    6   22  34  0  0 L3P C7
G21 FF 61062 022600  780 400 2982    -3850573   -119          19    -46   25  61  126  -19   10  +26   10   26  18  0  0 L3P 1F
G30 FF 61062 022600  780 309 1944     -956179   -126         -19     -2   27  34  158  -35   44   -2   44   -2  21  0  0 L3P FD
G04 FF 61062 024200  780 225  768     -396436    -22           5     +1   35  87  209  +56   19   -1   19   -1  25  0  0 L3P B7
G05 FF 61062 024200  780 176 3063    +2276770    -38          27    -45   34  51  266  -98   23   +4   23    4  26  0  0 L3P F6
G06 FF 61062 024200  780 293 2090    +6046853    +47          -5    +13   36   8  165  +37   43   -4   43   -4  25  0  0 L3P E2
G07 FF 61062 024200  780 634 1582    +1385365   +121          12    +69   21   9   90   -5   19  -46   19  -46  16  0  0 L3P 02
G09 FF 61062 024200  780 552  766    -7704318     -7          25     -6   15  13   98   +9   11   +4   11    4  11  0  0 L3P 91
G11 FF 61062 024200  780 439 2634    +4658385    -68           2    +65   24 133  116   +5   19  -54   19  -54  19  0  0 L3P 1D
G16 FF 61062 024200  780 175  467    -1926660    -98          10    -21   61   1  266  +11   19  +14   19   14  46  0  0 L3P ED
G21 FF 61062 024200  780 469 2976    -3850657    -52           5    +21   30  61  111  -13   23  -21   23  -21  20  0  0 L3P F6
G30 FF 61062 024200  780 383 1947     -956287   -129          -8     -5   31  34  131  -23   30   -8   30   -8  25  0  0 L3P E9
G04 FF 61062 025800  780 164  802     -396473    +47         -10    +69   35  87  283 +103   36  -67   36  -67  28  0  0 L3P 36
G05 FF 61062 025800  780 243 3069    +2276759     +2          10     -4   35  51  197  -53   29   +1   29    1  24  0  0 L3P CC
G06 FF 61062 025800  780 223 2061    +6046887     +9          -3    -25   31   8  212  +64   51  +25   51   25  22  0  0 L3P DE
G07 FF 61062 025800  780 688 1454    +1385419    +24          17    -29   17   9   87   -3   15  +23   15   23  12  0  0 L3P E9
G09 FF 61062 025800  780 482  804    -7704328     +2          15     +3   19  13  108  +12   18   +3   18    3  14  0  0 L3P AC
G11 FF 61062 025800  780 410 2539    +4658264   -141           9     -8   30 133  123   +9   15   -6   15   -6  25  0  0 L3P E5
G16 FF 61062 025800  780 162  399    -1926729    -43          15    +33   33   1  286  +33   15  -13   15  -13  26  0  0 L3P FE
G21 FF 61062 025800  780 538 2951    -3850726    -56           5    +17   22  61  100   -9   15  -14   15  -14  16  0  0 L3P F8
G30 FF 61062 025800  780 458 1947     -956406   -126          -9     -2   33  34  113  -15   29  -10   29  -10  27  0  0 L3P 0E
G05 FF 61062 031400  780 310 3066    +2276764     +5           8     -2   24  51  157  -32   27  -14   27  -14  18  0  0 L3P DE
G06 FF 61062 031400  780 154 2036    +6046955    +12          32    -22   52   8  301 +130   34  +25   34   25  43  0  0 L3P F5
G07 FF 61062 031400  780 720 1253    +1385462     -9           9    -61   23   9   85   -1   18  +38   18   38  15  0  0 L3P C0
G09 FF 61062 031400  780 414  844    -7704331    -29          14    -28   23  13  122  +17   23  +19   23   19  17  0  0 L3P F6
G11 FF 61062 031400  780 367 2459    +4658120   -151          -7    -18   29 133  135  +16   29  +17   29   17  22  0  0 L3P 33
G16 FF 61062 031400  780 138  336    -1926838   -174         -21    -98   47   1  334  +70   45  +57   45   57  32  0  0 L3P 22
G21 FF 61062 031400  780 603 2897    -3850826   -153         -24    -80   17  61   93   -6   35  +51   35   51  11  0  0 L3P 10
G30 FF 61062 031400  780 534 1942     -956525   -123          -8     +1   22  34  101  -10   29   +3   29    3  18  0  0 L3P C3
G05 FF 61062 033000  780 377 3050    +2276770    +52           8    +45   23  51  132  -21   25  -26   25  -26  17  0  0 L3P FD
G07 FF 61062 033000  780 717 1019    +1385510    +47           6     -5   12   9   85   +1   21   +1   21    1  10  0  0 L3P 70
G09 FF 61062 033000  780 348  884    -7704338    -19           8    -18   17  13  141  +24   30  +15   30   15  14  0  0 L3P E9
G11 FF 61062 033000  780 316 2392    +4658018    -93          19    +40   40 133  154  +25   15  -25   15  -25  30  0  0 L3P 1D
G13 FF 61062 033000  780 154 2651    -6890075    -15          32    -25   40  99  302 -119   21  +28   21   28  36  0  0 L3P 1F
G16 FF 61062 033000  780 104  281    -1926873    -37          17    +39   34   1  436 +154   22  -19   22  -19  27  0  0 L3P 0D
G21 FF 61062 033000  780 660 2793    -3850887    -60         -16    +13   21  63   88   -4   31   -2   31   -2  14  0  0 L3P DC
G30 FF 61062 033000  780 611 1924     -956638    -77          -2    +47   17  34   92   -7   24  -42   24  -42  13  0  0 L3P E7
G05 FF 61062 034600  780 442 3017    +2276784     -8          15    -15   28  51  116  -14   18  +18   18   18  24  0  0 L3P 03
G07 FF 61062 034600  780 682  838    +1385574    +46          21     -7   17   9   87   +3   10   +0   10    0  12  0  0 L3P 8D
G09 FF 61062 034600  780 284  923    -7704331    +34          15    +35   35  13  169  +36   29  -23   29  -23  26  0  0 L3P 15
G11 FF 61062 034600  780 258 2337    +4657886    -52          14    +81   41 133  184  +40   27  -53   27  -53  29  0  0 L3P 40
G13 FF 61062 034600  780 216 2691    -6890066    -23          30    -34   34  99  219  -62   19  +33   19   33  29  0  0 L3P 25
G21 FF 61062 034600  780 698 2618    -3850958    -58         -17    +15   22  63   86   -1   32   +2   32    2  15  0  0 L3P E3
G30 FF 61062 034600  780 685 1878     -956748   -118           7     +6   17  34   87   -5   17   +0   17    0  12  0  0 L3P BC
G05 FF 61062 040200  780 503 2960    +2276785     +5          10     -2   20  51  105   -9   24   -3   24   -3  14  0  0 L3P A9
G07 FF 61062 040200  780 629  731    +1385616    +91          13    +38   15   9   91   +5   13  -19   13  -19  10  0  0 L3P D1
G09 FF 61062 040200  780 221  963    -7704331     +9          17    +10   26  13  213  +58   27  -10   27  -10  19  0  0 L3P E6
G11 FF 61062 040200  780 198 2290    +4657774    -13          27   +120   32 134  236  +71   12  -99   12  -99  26  0  0 L3P 49
G13 FF 61062 040200  780 280 2730    -6890073    -22          13    -33   29 100  172  -38   31  +23   31   23  22  0  0 L3P 05
G14 FF 61062 040200  780 154 1604    -7302682    -77          21    -55   34  55  303 -128   35  +60   35   60  29  0  0 L3P 1F
G21 FF 61062 040200  780 703 2391    -3851017    -73          -4     +0   17  64   86   +1   28   -8   28   -8  11  0  0 L3P B7
G30 FF 61062 040200  780 753 1765     -956874    -95           2    +29   16  66   84   -2   23   -9   23   -9  11  0  0 L3P C8
G05 FF 61062 041800  780 554 2872    +2276805    +67          23    +61   31  51   98   -5   18  -37   18  -37  25  0  0 L3P 0F
G07 FF 61062 041800  780 567  675    +1385657    +64           3    +12   23   9   97   +7   22   -5   22   -5  15  0  0 L3P AE
G09 FF 61062 041800  780 160 1001    -7704341    -17           8    -16   36  13  289 +107   38   +5   38    5  31  0  0 L3P E9
G11 FF 61062 041800  780 137 2250    +4657625   -140           5     -7   40 134  335 +145   25  +14   25   14  34  0  0 L3P 12
G13 FF 61062 041800  780 345 2770    -6890052    +33          24    +23   26 100  143  -25   22   -1   22   -1  21  0  0 L3P EB
G14 FF 61062 041800  780 221 1579    -7302702     +9          22    +32   38  55  215  -64   32  -31   32  -31  33  0  0 L3P FD
G21 FF 61062 041800  780 672 2190    -3851084    -13          -1    +60   20  64   88   +3   24  -33   24  -33  15  0  0 L3P E7
G30 FF 61062 041800  780 799 1482     -956990   -129           5     -5   16  66   82   -1   21   -2   21   -2  12  0  0 L3P BD
G05 FF 61062 044600  780 599 2635    +2276814    +41          20    +34   23  51   93   +0   21  -26   21  -26  18  0  0 L3P F2
G07 FF 61062 044600  780 452  645    +1385749    +39           7    -13   20   9  114  +13   18   +6   18    6  14  0  0 L3P BC
G13 FF 61062 044600  780 464 2837    -6890043    +22          16    +12   19 100  112  -14   28   -9   28   -9  14  0  0 L3P 09
G14 FF 61062 044600  780 339 1526    -7302728    -38          34    -16   24  55  145  -26   22   +7   22    7  19  0  0 L3P F7
G15 FF 61062 044600  780 169 2921    -3788833    +21          31    +56   48  24  278 -105   14  -49   14  -49  40  0  0 L3P 47
G18 FF 61062 044600  780 127 3291    +4447862    -98           7     -1   43 100  360  -57   45   -4   45   -4  31  0  0 L3P F3
G21 FF 61062 044600  780 567 1995    -3851198    -85           7    -12   23  64   97   +8   23  +22   23   22  18  0  0 L3P F4
G22 FF 61062 044600  780 203 1637     +559880    -92           9    -48   32  78  233  -80   42  +40   42   40  24  0  0 L3P F6
G30 FF 61062 044600  780 757  870     -957187   -131          15     -7   11  66   83   +2   15   +2   15    2   8  0  0 L3P 9A
G05 FF 61062 050200  780 589 2481    +2276824    -10          24    -17   22  51   94   +2   15   +6   15    6  15  0  0 L3P C1
G07 FF 61062 050200  780 386  649    +1385786    +94          -6    +41   22   9  129  +19   27  -40   27  -40  16  0  0 L3P 07
G08 FF 61062 050200  780 106  492    -5014588    +33         -11    -11   36  54  428  -55   41  +10   41   10  27  0  0 L3P F7
G13 FF 61062 050200  780 535 2874    -6890022    +61          27    +51   19 100  101  -10   26  -41   26  -41  15  0  0 L3P 16
G14 FF 61062 050200  780 406 1484    -7302757    -94          27    -71   22  55  124  -17   22  +46   22   46  14  0  0 L3P 11
G15 FF 61062 050200  780 234 2942    -3788865   -103          33    -68   40  24  204  -56   14  +44   14   44  32  0  0 L3P 25
G18 FF 61062 050200  780 142 3228    +4447790    -38          28    +59   26 100  324  -22   24  -39   24  -39  19  0  0 L3P 3A
G21 FF 61062 050200  780 494 1942    -3851266    -71           9     +2   24  64  106  +12   27   -1   27   -1  18  0  0 L3P CE
G22 FF 61062 050200  780 275 1614     +559835    -82           6    -37   27  78  175  -44   40  +34   40   34  22  0  0 L3P F6
G30 FF 61062 050200  780 693  759     -957305    -87          17    +37   17  66   86   +4   13  -26   13  -26  13  0  0 L3P EB
G05 FF 61062 051800  780 554 2349    +2276812     -3           6    -10   21  51   98   +5   29   +4   29    4  16  0  0 L3P A8
G07 FF 61062 051800  780 321  661    +1385841    +92          -1    +40   24   9  151  +28   24  -42   24  -42  19  0  0 L3P EB
G08 FF 61062 051800  780 114  426    -5014539     -4          -5    -48   59  54  397  -12   36  +33   36   33  39  0  0 L3P FB
G13 FF 61062 051800  780 608 2907    -6890008     +2          31     -8   22 100   93   -7   20   +4   20    4  15  0  0 L3P A6
G14 FF 61062 051800  780 470 1427    -7302795    -11          11    +12   19  55  111  -11   31  -13   31  -13  15  0  0 L3P FF
G15 FF 61062 051800  780 301 2957    -3788897   -108          35    -73   31  24  161  -35   13  +58   13   58  27  0  0 L3P 40
G18 FF 61062 051800  780 146 3162    +4447673    -95           3     +1   37 100  315   +3   38   -3   38   -3  25  0  0 L3P D5
G21 FF 61062 051800  780 419 1908    -3851329    -84          16    -11   26  64  121  +18   27  +17   27   17  22  0  0 L3P 17
G22 FF 61062 051800  780 347 1585     +559799    -48          13     -4   25  78  142  -27   34   -3   34   -3  19  0  0 L3P F3
G30 FF 61062 051800  780 623  721     -957427    -84          14    +40   18  66   91   +6   16  -33   16  -33  12  0  0 L3P D9
G05 FF 61062 053400  780 501 2249    +2276822    +35           9    +28   22  51  105   +9   27  -19   27  -19  16  0  0 L3P FC
G07 FF 61062 053400  780 258  681    +1385882    +65         -10    +13   32   9  185  +43   38   +1   38    1  27  0  0 L3P DC
G08 FF 61062 053400  780 112  361    -5014489     -3           3    -48   38  54  403  +25   28  +28   28   28  26  0  0 L3P E2
G13 FF 61062 053400  780 684 2935    -6889981    +17          48     +7   16 100   87   -5   11   +3   11    3  12  0  0 L3P D5
G14 FF 61062 053400  780 527 1348    -7302824    -18           4     +5   26  55  102   -7   31   +6   31    6  18  0  0 L3P B1
G15 FF 61062 053400  780 371 2964    -3788951    -22          15    +14   22  24  134  -23   28  -17   28  -17  19  0  0 L3P 2B
G18 FF 61062 053400  780 139 3095    +4447582   -143           5    -46   38 100  330  +29   33  +41   33   41  29  0  0 L3P 25
G21 FF 61062 053400  780 344 1886    -3851395    -78          19     -5   27  64  143  +28   28  +16   28   16  21  0  0 L3P 18
G22 FF 61062 053400  780 419 1547     +559738    -43          -6     +1   28  78  121  -17   42   -2   42   -2  20  0  0 L3P D0
G30 FF 61062 053400  780 553  715     -957552   -125           8     -1   22  66   98   +9   24   +4   24    4  16  0  0 L3P 9D
G05 FF 61062 055000  780 439 2178    +2276832    -13          13    -19   27  51  116  +14   33  +31   33   31  21  0  0 L3P FF
G07 FF 61062 055000  780 196  705    +1385949    +64           7    +12   25   9  239  +73   36  +22   36   22  19  0  0 L3P EB
G08 FF 61062 055000  780 100  299    -5014453    +51          -3     +7   41  54  450  +76   34  +20   34   20  29  0  0 L3P D4
G13 FF 61062 055000  780 760 2949    -6889977    +12          43     +2   14 100   83   -3   14   -6   14   -6   9  0  0 L3P D2
G14 FF 61062 055000  780 572 1240    -7302848    +22           2    +45   19  55   96   -4   34  -35   34  -35  13  0  0 L3P E6
G15 FF 61062 055000  780 442 2960    -3788975    -65          25    -30   19  24  116  -15   18  +28   18   28  15  0  0 L3P 28
G18 FF 61062 055000  780 121 3030    +4447501    -76          16    +21   38 100  376  +69   20  -28   20  -28  29  0  0 L3P 23
G21 FF 61062 055000  780 270 1871    -3851460    -20          24    +52   27  64  177  +46   29  -29   29  -29  22  0  0 L3P 27
G22 FF 61062 055000  780 488 1493     +559690    -82         -11    -38   24  78  107  -11   45  +33   45   33  19  0  0 L3P 1D
G23 FF 61062 055000  780 104 3279    -6026355    -46          29     +4   38  89  443 -237   17   +0   17    0  29  0  0 L3P F8
G30 FF 61062 055000  780 484  725     -957660   -121          18     +3   28  66  108  +12   17   -1   17   -1  19  0  0 L3P D4
G05 FF 61062 060600  780 371 2127    +2276842    +33          26    +27   31  53  134  +22   31  -10   31  -10  23  0  0 L3P FB
G07 FF 61062 060600  780 135  732    +1385979    +48          -5     -5   49  19  340 +148   78  +47   78   47  35  0  0 L3P 25
G13 FF 61062 060600  780 837 2897    -6889966    +77          43    +66   14 102   81   -1   16  -38   16  -38   9  0  0 L3P 2A
G14 FF 61062 060600  780 598 1104    -7302860    -15          16     +8   21  56   93   -1   29  -12   29  -12  16  0  0 L3P E6
G15 FF 61062 060600  780 514 2939    -3789012    -54          19    -19   26  62  104  -11   14  +20   14   20  20  0  0 L3P 04
G21 FF 61062 060600  780 197 1858    -3851542    -88          15    -15   31  65  237  +84   50  +28   50   28  25  0  0 L3P 27
G22 FF 61062 060600  780 551 1416     +559651    -42          -5     +3   23  80   99   -7   44   -2   44   -2  16  0  0 L3P AC
G23 FF 61062 060600  780 158 3249    -6026419    -67          11    -17   48  90  294  -98   30   -6   30   -6  36  0  0 L3P 12
G24 FF 61062 060600  780 122 2588    +1531949   -248         -11    -96   38   8  380 -189   42  +90   42   90  27  0  0 L3P 4E
G30 FF 61062 060600  780 416  744     -957784   -157          15    -33   19  69  121  +17   25  +33   25   33  15  0  0 L3P 0C
G05 FF 61062 062200  780 300 2088    +2276844    -66          21    -73   27  53  161  +35   48  +75   48   75  22  0  0 L3P 1E
G13 FF 61062 062200  780 874 1706    -6889940    +43          59    +33   17 102   81   +0    9  -18    9  -18  11  0  0 L3P F8
G14 FF 61062 062200  780 599  955    -7302871    -26          27     -4   22  56   93   +1   24   +3   24    3  16  0  0 L3P AC
G15 FF 61062 062200  780 582 2890    -3789064    -95           2    -60   19  62   95   -7   30  +48   30   48  15  0  0 L3P F7
G21 FF 61062 062200  780 128 1846    -3851609    -87          18    -14   35  65  360 +189   73  +25   73   25  30  0  0 L3P 38
G22 FF 61062 062200  780 602 1304     +559626    -53          12     -8   15  80   93   -4   33   +7   33    7  11  0  0 L3P 99
G23 FF 61062 062200  780 208 3209    -6026470    -95           8    -45   33  90  226  -50   21  +36   21   36  26  0  0 L3P FC
G24 FF 61062 062200  780 184 2623    +1531813   -129          -1    +24   43   8  256  -87   31   +3   31    3  34  0  0 L3P DB
G30 FF 61062 062200  780 350  768     -957917   -155           1    -31   28  69  140  +24   53  +41   53   41  23  0  0 L3P F0
G05 FF 61062 063800  780 230 2058    +2276851    -23          22    -30   31  53  205  +60   65  +19   65   19  23  0  0 L3P 08
G13 FF 61062 063800  780 799 1425    -6889935    +31          54    +21   15 102   82   +2   17   +2   17    2  10  0  0 L3P DD
G14 FF 61062 063800  780 576  821    -7302908    -10          11    +13   21  56   96   +4   43   +7   43    7  15  0  0 L3P B5
G15 FF 61062 063800  780 644 2796    -3789091    -56           8    -21   21  62   90   -4   32   +2   32    2  14  0  0 L3P C2
G17 FF 61062 063800  780 148 1200     +399866   +182          -7    +69   53  10  314 -118  137 -108  137 -108  38  0  0 L3P 86
G22 FF 61062 063800  780 633 1153     +559574    -31           3    +14   20  80   90   -2   44  +10   44   10  14  0  0 L3P B1
G24 FF 61062 063800  780 248 2658    +1531668   -220           1    -67   32   8  193  -49   38  +51   38   51  25  0  0 L3P 17
G30 FF 61062 063800  780 285  797     -958022    -94          15    +30   33  69  168  +35   64  +16   64   16  24  0  0 L3P 09
G05 FF 61062 065400  780 162 2033    +2276887    -33          52    -39   44  53  287 +118   73  +70   73   70  33  0  0 L3P 34
G13 FF 61062 065400  780 719 1415    -6889950    +13          29     +3   14 102   85   +4   41   +9   41    9   9  0  0 L3P C5
G14 FF 61062 065400  780 534  719    -7302937    -66           4    -43   15  56  100   +7   58  +48   58   48  11  0  0 L3P F1
G15 FF 61062 065400  780 688 2634    -3789129     +1           4    +36   16  62   87   -2   41  -22   41  -22  10  0  0 L3P DC
G17 FF 61062 065400  780 204 1150     +400001    +53          19    -61   34  10  232  -61  113  +60  113   60  28  0  0 L3P F3
G22 FF 61062 065400  780 637  983     +559530    -65           2    -21   17  80   90   +1   54  +27   54   27  12  0  0 L3P BE
G23 FF 61062 065400  780 286 3092    -6026568    -26           6    +24   37  90  169  -16   30   -7   30   -7  27  0  0 L3P FA
G24 FF 61062 065400  780 314 2694    +1531543   -158          22     -5   33   8  155  -31   31  +12   31   12  26  0  0 L3P EF
G30 FF 61062 065400  780 223  828     -958142    -83          14    +41   32  69  212  +57  102  +10  102   10  27  0  0 L3P FE
G13 FF 61062 071000  780 639 1430    -6889955    -37          14    -47   16 102   90   +6   60  +43   60   43  12  0  0 L3P 05
G14 FF 61062 071000  780 480  650    -7302951    -30          11     -7   23  56  109  +10   66  +19   66   19  15  0  0 L3P E5
G15 FF 61062 071000  780 701 2409    -3789165    -33           2     +2   17  62   86   +0   50   +2   50    2  12  0  0 L3P 90
G17 FF 61062 071000  780 255 1094     +400096   +135           5    +21   35  10  187  -35  115  -20  115  -20  27  0  0 L3P 12
G19 FF 61062 071000  780 147 1327    -6867151    -67           9    -49   40  30  317 -127  173  +54  173   54  30  0  0 L3P 46
G22 FF 61062 071000  780 613  831     +559493    -23           7    +21   25  80   92   +3   57   -5   57   -5  17  0  0 L3P A3
G23 FF 61062 071000  780 307 3018    -6026605    -66          17    -16   37  90  158   -7   32  +13   32   13  27  0  0 L3P F9
G24 FF 61062 071000  780 382 2729    +1531404   -187          29    -34   23   8  131  -21   38  +31   38   31  17  0  0 L3P 0B
G30 FF 61062 071000  780 161  860     -958277   -131          -2     -7   36  69  287 +105  159  +54  159   54  29  0  0 L3P 39
G10 FF 61062 072600  780 135 3309    +5841874    +71          24    +47   41  97  343 -105   36  -34   36  -34  30  0  0 L3P 36
G13 FF 61062 072600  780 560 1451    -6889946    -57          13    -67   20 102   97   +9   78  +70   78   70  14  0  0 L3P 24
G14 FF 61062 072600  780 419  607    -7302968    -57          17    -34   21  56  121  +15   74  +44   74   44  17  0  0 L3P 10
G15 FF 61062 072600  780 675 2198    -3789193    -18           8    +18   18  62   87   +3   53   +1   53    1  14  0  0 L3P D2
G17 FF 61062 072600  780 301 1029     +400204    +62           4    -52   24  10  161  -21  124  +38  124   38  19  0  0 L3P EF
G19 FF 61062 072600  780 206 1287    -6867145    -46          32    -29   33  30  230  -64  141  +20  141   20  26  0  0 L3P 31
G22 FF 61062 072600  780 569  720     +559455     +8          12    +52   19  80   96   +6   65  -12   65  -12  14  0  0 L3P D1
G23 FF 61062 072600  780 315 2937    -6026670    +73           0   +123   23  90  154   +0   59  -84   59  -84  18  0  0 L3P 1A
G24 FF 61062 072600  780 452 2763    +1531236   -160           7     -7   21   8  114  -15   59   +1   59    1  16  0  0 L3P C5
G10 FF 61062 074200  780 172 3258    +5841883    +57          11    +33   40  97  271  -52   63  -11   63  -11  30  0  0 L3P 19
G12 FF 61062 074200  780 166 2163    +6068003    -13         -17    -16   43  24  283 -116  139  -16  139  -16  38  0  0 L3P 61
G13 FF 61062 074200  780 481 1473    -6889950    +13           0     +3   25 102  108  +14  108  +12  108   12  17  0  0 L3P 12
G14 FF 61062 074200  780 355  583    -7303004    -17           3     +5   27  56  139  +23  103  +12  103   12  18  0  0 L3P E8
G15 FF 61062 074200  780 622 2054    -3789222     +2          12    +38   28  62   91   +5   58   +0   58    0  22  0  0 L3P B1
G17 FF 61062 074200  780 339  955     +400326    +85          17    -28   28  10  145  -13  115  +29  115   29  24  0  0 L3P 13
G19 FF 61062 074200  780 263 1241    -6867181    -41          13    -23   26  30  182  -38  151   +9  151    9  18  0  0 L3P 16
G22 FF 61062 074200  780 513  650     +559409     +7           8    +51   21  80  103   +9   82  -22   82  -22  16  0  0 L3P BB
G23 FF 61062 074200  780 309 2853    -6026690    -50          28     +0   33  90  157   +7   49  +13   49   13  25  0  0 L3P F3
G24 FF 61062 074200  780 524 2795    +1531091   -150           9     +3   18   8  102  -10   63  +15   63   15  14  0  0 L3P DE
G10 FF 61062 075800  780 200 3199    +5841911    +58          16    +35   30  97  234  -27   72  -12   72  -12  20  0  0 L3P 1D
G12 FF 61062 075800  780 235 2185    +6068014    -59          -9    -62   41  24  203  -59  130  +58  130   58  30  0  0 L3P 36
G13 FF 61062 075800  780 405 1494    -6889934    +11           6     +0   21 102  124  +20  119  +23  119   23  15  0  0 L3P 18
G14 FF 61062 075800  780 290  574    -7303012    -96          17    -73   23  56  166  +35  118  +96  118   96  17  0  0 L3P 41
G15 FF 61062 075800  780 555 1968    -3789259    -42           9     -7   21  62   98   +9   78  +23   78   23  18  0  0 L3P 05
G17 FF 61062 075800  780 365  871     +400429    +96          11    -18   21  10  136   -6  117  +18  117   18  17  0  0 L3P 02
G19 FF 61062 075800  780 318 1185    -6867196    -50          13    -33   26  30  153  -23  146  +20  146   20  20  0  0 L3P 37
G22 FF 61062 075800  780 451  609     +559369     -7          11    +38   27  80  114  +13   96  -17   96  -17  20  0  0 L3P FD
G23 FF 61062 075800  780 288 2773    -6026739    -48          26     +2   41  90  167  +15   72  +35   72   35  30  0  0 L3P 17
G24 FF 61062 075800  780 598 2822    +1530946   -147          10     +5   25   8   94   -7   72   -2   72   -2  20  0  0 L3P D1
G10 FF 61062 081400  780 218 3132    +5841928    +33           9     +9   32 101  216  -11   87   -1   87   -1  25  0  0 L3P E0
G12 FF 61062 081400  780 306 2211    +6068015    +21         -16    +17   24  25  159  -35  134  -18  134  -18  18  0  0 L3P 3F
G13 FF 61062 081400  780 330 1515    -6889930    +41          -1    +31   20 103  148  +30  146  +18  146   18  13  0  0 L3P 30
G14 FF 61062 081400  780 225  575    -7303050    -67          -1    -45   46  57  210  +58  178  +77  178   77  37  0  0 L3P 3B
G15 FF 61062 081400  780 482 1917    -3789295    -98           5    -63   33  67  108  +13  101  +76  101   76  28  0  0 L3P 42
G17 FF 61062 081400  780 376  783     +400533    +52           0    -62   27  12  132   -1  139  +60  139   60  19  0  0 L3P E3
G19 FF 61062 081400  780 367 1119    -6867211    +19          18    +36   20  31  135  -15  141   -9  141   -9  14  0  0 L3P 20
G22 FF 61062 081400  780 386  589     +559316    -19           2    +26   24  81  129  +19  122   -1  122   -1  16  0  0 L3P E9
G23 FF 61062 081400  780 255 2699    -6026792    -64          20    -14   31  91  186  +26   98  +41   98   41  22  0  0 L3P 2B
G24 FF 61062 081400  780 674 2842    +1530813   -146          21     +6   15  16   88   -5   81   +7   81    7  11  0  0 L3P CC
G10 FF 61062 083000  780 223 3060    +5841953    +69          12    +46   36 101  211   +1   93  -20   93  -20  25  0  0 L3P 04
G12 FF 61062 083000  780 378 2238    +6068017    +20         -17    +16   16  25  132  -23  129  -15  129  -15  12  0  0 L3P 41
G13 FF 61062 083000  780 257 1533    -6889916   +114           4   +104   35 103  185  +50  182  -31  182  -31  27  0  0 L3P 65
G14 FF 61062 083000  780 161  584    -7303067    -90           5    -68   44  57  288 +111  229 +112  229  112  40  0  0 L3P 4B
G15 FF 61062 083000  780 407 1885    -3789345    +27         -11    +63   25  67  124  +19  135  -25  135  -25  20  0  0 L3P 59
G17 FF 61062 083000  780 373  695     +400633   +167          -8    +53   27  12  133   +4  151  -23  151  -23  20  0  0 L3P 06
G19 FF 61062 083000  780 406 1039    -6867229     +0          16    +17   27  31  124   -9  141  -13  141  -13  19  0  0 L3P 18
G22 FF 61062 083000  780 322  583     +559283    -40          12     +4   29  81  151  +28  141  +34  141   34  20  0  0 L3P EB
G23 FF 61062 083000  780 213 2633    -6026831    -75          29    -25   39  91  220  +46  116  +44  116   44  30  0  0 L3P 30
G24 FF 61062 083000  780 751 2839    +1530667   -161          21     -8   11  16   84   -3   84   +7   84    7   8  0  0 L3P C6
G10 FF 61062 084600  780 216 2988    +5841975    +23          11     -1   33 101  218  +13  109   +3  109    3  25  0  0 L3P 07
G12 FF 61062 084600  780 452 2269    +6068041    +51           4    +48   22  25  114  -15  113  -31  113  -31  15  0  0 L3P 19
G13 FF 61062 084600  780 186 1549    -6889913    +39          -3    +29   51 103  251  +93  236  +30  236   30  37  0  0 L3P 58
G15 FF 61062 084600  780 332 1864    -3789366    -74           1    -39   30  67  147  +30  149  +61  149   61  24  0  0 L3P 41
G17 FF 61062 084600  780 354  614     +400740    +93         -11    -21   35  12  139   +9  151  +44  151   44  24  0  0 L3P FC
G19 FF 61062 084600  780 433  946    -6867252    -40          10    -23   23  31  118   -4  148  -10  148  -10  17  0  0 L3P 20
G22 FF 61062 084600  780 258  587     +559239    -74          11    -29   25  81  185  +43  167  +53  167   53  20  0  0 L3P 30
G23 FF 61062 084600  780 165 2574    -6026882    +19          26    +69   41  91  281  +85  157  -16  157  -16  32  0  0 L3P 62
G24 FF 61062 084600  780 827 2750    +1530524   -152          24     +1   15  16   82   -1   88   +6   88    6  11  0  0 L3P CB
G10 FF 61062 090200  780 197 2917    +5841995    -18           8    -42   34 101  237  +29  122  +45  122   45  28  0  0 L3P 41
G12 FF 61062 090200  780 528 2302    +6068021     +9         -19     +5   25  25  102  -11  126  -12  126  -12  18  0  0 L3P 0C
G13 FF 61062 090200  780 117 1563    -6889885    +82          15    +71   45 103  391 +221  287  +21  287   21  33  0  0 L3P 69
G15 FF 61062 090200  780 260 1849    -3789409    -23          -7    +12   31  67  184  +48  193  +41  193   41  26  0  0 L3P 44
G17 FF 61062 090200  780 322  544     +400863    +61           3    -53   27  12  151  +16  149  +43  149   43  21  0  0 L3P EE
G19 FF 61062 090200  780 444  846    -6867258     -3          20    +14   18  31  115   +0  134   -1  134   -1  14  0  0 L3P DC
G22 FF 61062 090200  780 195  599     +559202    -26          16    +19   37  81  239  +74  204  +58  204   58  33  0  0 L3P 26
G23 FF 61062 090200  780 113 2523    -6026942   -103          14    -53   51  91  403 +186  193  +68  193   68  40  0  0 L3P 5C
G24 FF 61062 090200  780 867 1892    +1530378   -119          24    +33   12  16   81   +0   92  -23   92  -23   8  0  0 L3P FF
G25 FF 61062 090200  780 135 2406    -4484369    -97          27   -121   43  29  344 -161  197  +74  197   74  34  0  0 L3P 7D
G32 FF 61062 090200  780 155 3195    +1519350   -116          28    +57   37  40  301 -112  106  -17  106  -17  27  0  0 L3P 5A
G10 FF 61062 091800  780 168 2850    +5842045    +42          35    +18   51 101  277  +55  124   -3  124   -3  41  0  0 L3P 25
G12 FF 61062 091800  780 604 2339    +6068035    +29          -8    +26   19  25   93   -7  114  -22  114  -22  14  0  0 L3P 19
G15 FF 61062 091800  780 189 1837    -3789447     -4         -11    +31   48  67  247  +89  263  +54  263   54  36  0  0 L3P 61
G17 FF 61062 091800  780 281  488     +400975    +92           6    -22   23  12  171  +26  164  +54  164   54  18  0  0 L3P 0A
G19 FF 61062 091800  780 436  746    -6867283    -48          11    -31   28  31  117   +4  136  +24  136   24  20  0  0 L3P 1E
G22 FF 61062 091800  780 135  617     +559151    +20           8    +64   45  81  341 +149  282  +21  282   21  37  0  0 L3P 12
G24 FF 61062 091800  780 802 1441    +1530227   -144          19     +9   16  16   82   +2   98  +13   98   13  10  0  0 L3P EA
G25 FF 61062 091800  780 199 2439    -4484356    -39          17    -62   43  29  237  -76  175  +13  175   13  34  0  0 L3P 5F
G32 FF 61062 091800  780 212 3171    +1519174   -174          18     -2   42  40  223  -57  125   +6  125    6  31  0  0 L3P 05
G10 FF 61062 093400  780 130 2789    +5842048    +57          15    +33   55 101  353 +109  156   -1  156   -1  42  0  0 L3P 3D
G12 FF 61062 093400  780 682 2380    +6068042    +22          -4    +19   15  25   87   -5  106  -14  106  -14  11  0  0 L3P 0C
G15 FF 61062 093400  780 121 1825    -3789497    -59         -28    -24   41  67  378 +202  353  +96  353   96  32  0  0 L3P 82
G17 FF 61062 093400  780 232  445     +401104   +102          26    -11   32  12  204  +44  184  +69  184   69  22  0  0 L3P 0E
G19 FF 61062 093400  780 412  656    -6867304    -25           7     -7   21  31  122   +8  150  +30  150   30  16  0  0 L3P E3
G24 FF 61062 093400  780 724 1394    +1530064   -160           3     -8   20  16   85   +4  122  +25  122   25  13  0  0 L3P EA
G25 FF 61062 093400  780 264 2475    -4484329    +64          22    +40   32  29  181  -44  143  -83  143  -83  26  0  0 L3P 53
G32 FF 61062 093400  780 265 3135    +1519016   -216          25    -44   27  40  181  -33  125  +34  125   34  19  0  0 L3P 3F
G06 FF 61062 095000  780 153  901    +6047719    +62          -9    +28   43  16  304  -88  329 -123  329 -123  37  0  0 L3P 60
G12 FF 61062 095000  780 759 2430    +6068056    +21           6    +18   15  25   83   -3  101  -14  101  -14  11  0  0 L3P F3
G17 FF 61062 095000  780 178  414     +401216   +133          29    +19   34  12  261  +79  220   +4  220    4  27  0  0 L3P EC
G19 FF 61062 095000  780 373  582    -6867329     +4          -2    +21   31  31  133  +14  177  -20  177  -20  25  0  0 L3P 18
G24 FF 61062 095000  780 645 1395    +1529948   -207          33    -55   20  16   89   +6  120  +55  120   55  13  0  0 L3P 2D
G25 FF 61062 095000  780 331 2512    -4484312    +33          15     +9   33  29  148  -28  128  -10  128  -10  22  0  0 L3P 23
G32 FF 61062 095000  780 313 3085    +1518853   -138          29    +34   27  40  156  -20  125  -21  125  -21  19  0  0 L3P 4C
G06 FF 61062 100600  780 194  839    +6047767    -15           5    -49   30  27  242  -47  230 +100  230  100  23  0  0 L3P 29
G12 FF 61062 100600  780 837 2517    +6068067     -5          10     -9   11  26   81   -1   97   +9   97    9   7  0  0 L3P A5
G17 FF 61062 100600  780 122  394     +401276   +141         -22    +27   46  13  375 +173  293  +36  293   36  35  0  0 L3P 3D
G19 FF 61062 100600  780 324  525    -6867342     -1           5    +16   29  61  150  +22  181   -9  181   -9  21  0  0 L3P E6
G24 FF 61062 100600  780 567 1409    +1529798   -170          29    -18   15  16   97   +9  143  +22  143   22  12  0  0 L3P 2E
G25 FF 61062 100600  780 400 2552    -4484290    +94          14    +70   29  30  126  -19  126  -46  126  -46  20  0  0 L3P 3B
G32 FF 61062 100600  780 351 3021    +1518689   -125          25    +48   33  58  140  -12  119  -40  119  -40  26  0  0 L3P 47
G06 FF 61062 102200  780 227  772    +6047798     -1           4    -36   40  27  208  -26  239   +3  239    3  31  0  0 L3P DF
G11 FF 61062 102200  780 120 1201    +4654763   -189          44    -56   72 136  384 -176  395  -18  395  -18  68  0  0 L3P 94
G12 FF 61062 102200  780 882  329    +6068065    +27           4    +24   15  26   81   +0  108  -12  108  -12  10  0  0 L3P E0
G19 FF 61062 102200  780 268  484    -6867345    +18          18    +35   26  61  178  +37  195  +36  195   36  20  0  0 L3P 44
G24 FF 61062 102200  780 490 1428    +1529652   -174          29    -22   21  16  107  +13  141  +24  141   24  16  0  0 L3P 30
G25 FF 61062 102200  780 470 2595    -4484262    +36          20    +13   21  30  111  -13  118  -23  118  -23  15  0  0 L3P 24
G32 FF 61062 102200  780 378 2943    +1518514   -133          15    +39   24  58  132   -6  125  -33  125  -33  18  0  0 L3P 3E
G06 FF 61062 103800  780 250  698    +6047844    +33          17     -1   28  27  190  -13  211  -15  211  -15  20  0  0 L3P 11
G11 FF 61062 103800  780 175 1154    +4654625   -161          33    -28   31 136  267  -82  273  +63  273   63  29  0  0 L3P 67
G12 FF 61062 103800  780 808  642    +6068084    -14          21    -17   16  26   82   +2   98  +17   98   17  11  0  0 L3P E5
G19 FF 61062 103800  780 208  457    -6867360    +28          20    +45   38  61  225  +65  227  -14  227  -14  27  0  0 L3P 40
G24 FF 61062 103800  780 415 1447    +1529493   -162          16    -10   24  16  122  +18  157  +15  157   15  17  0  0 L3P 42
G25 FF 61062 103800  780 541 2639    -4484238    +73          20    +49   21  30  100   -9  111  -40  111  -40  14  0  0 L3P 18
G28 FF 61062 103800  780 136 3051    +6076919    +43          36    +99   31 162  341 -157  165  -65  165  -65  21  0  0 L3P 7C
G29 FF 61062 103800  780 167 2002    +3887575    -84          26    -19   34 186  280 -117  247  -48  247  -48  23  0  0 L3P 8E
G32 FF 61062 103800  780 391 2855    +1518350   -131          18    +41   27  58  128   -1  128  -18  128  -18  22  0  0 L3P 44
G06 FF 61062 105400  780 261  621    +6047872    +42          13     +8   32  27  183   -3  214   -6  214   -6  23  0  0 L3P DA
G11 FF 61062 105400  780 228 1102    +4654494   -169          30    -36   29 136  208  -45  250 -121  250 -121  22  0  0 L3P 7A
G12 FF 61062 105400  780 732  710    +6068082     -7          15    -10   15  26   84   +3  113  +21  113   21  12  0  0 L3P C8
G19 FF 61062 105400  780 146  441    -6867357     -9          38     +8   36  61  316 +133  236   +3  236    3  29  0  0 L3P 01
G24 FF 61062 105400  780 341 1466    +1529341   -189          10    -37   19  16  143  +28  166  +38  166   38  15  0  0 L3P 53
G25 FF 61062 105400  780 614 2688    -4484217    +87          19    +63   21  30   92   -7  106  -54  106  -54  13  0  0 L3P 2A
G28 FF 61062 105400  780 200 3060    +6076845   -137          15    -82   33 162  236  -75  163  +40  163   40  25  0  0 L3P 54
G29 FF 61062 105400  780 239 2013    +3887465    -21         -21    +44   38 186  200  -59  212  -68  212  -68  28  0  0 L3P 71
G32 FF 61062 105400  780 387 2763    +1518188   -162          21    +11   23  58  129   +3  134  +14  134   14  18  0  0 L3P 2E
G06 FF 61062 111000  780 259  545    +6047908    +60          16    +26   41  27  184   +6  222  -39  222  -39  28  0  0 L3P 23
G11 FF 61062 111000  780 276 1041    +4654365   -151          20    -18   30 138  174  -27  191  +15  191   15  25  0  0 L3P 47
G12 FF 61062 111000  780 658  760    +6068090    -16          20    -19   20  26   88   +5  115  +21  115   21  14  0  0 L3P E9
G24 FF 61062 111000  780 270 1485    +1529190   -118           6    +34   24  16  177  +44  194   +2  194    2  18  0  0 L3P 0C
G25 FF 61062 111000  780 688 2744    -4484191    +52          22    +28   18  30   87   -5  104  -14  104  -14  13  0  0 L3P 17
G28 FF 61062 111000  780 265 3060    +6076755    +75         -21   +131   30 162  181  -43  177  -95  177  -95  19  0  0 L3P 81
G29 FF 61062 111000  780 312 2025    +3887421    -64          -4     +1   42 186  156  -35  175  -22  175  -22  30  0  0 L3P 32
G32 FF 61062 111000  780 368 2674    +1518040   -215          40    -42   24  58  135   +9  131  +34  131   34  18  0  0 L3P 22
G06 FF 61062 112600  780 243  473    +6047942    +10          17    -24   36  27  195  +17  215  +29  215   29  24  0  0 L3P 24
G11 FF 61062 112600  780 317  971    +4654221   -139           3     -6   26 138  154  -16  213  -27  213  -27  20  0  0 L3P 27
G12 FF 61062 112600  780 586  806    +6068082    +28           9    +25   19  26   95   +7  137   -9  137   -9  14  0  0 L3P F0
G24 FF 61062 112600  780 201 1501    +1529049    -95          12    +57   31  16  233  +77  239  +43  239   43  25  0  0 L3P 30
G25 FF 61062 112600  780 762 2818    -4484193     +3          -3    -21   14  30   83   -3  123  +23  123   23  10  0  0 L3P E4
G28 FF 61062 112600  780 330 3051    +6076718    -12          -5    +44   25 162  148  -27  155  -42  155  -42  20  0  0 L3P 47
G29 FF 61062 112600  780 387 2038    +3887379   -105          16    -40   30 186  129  -22  147  +15  147   15  20  0  0 L3P 67
G32 FF 61062 112600  780 335 2593    +1517845   -105          10    +68   27  58  146  +15  162  -35  162  -35  19  0  0 L3P 5C
G06 FF 61062 114200  780 215  408    +6047969    +73          11    +39   39  27  218  +33  232  -34  232  -34  28  0  0 L3P 35
G11 FF 61062 114200  780 347  892    +4654103   -132          13     +1   25 138  142   -9  188  +10  188   10  19  0  0 L3P 19
G12 FF 61062 114200  780 515  851    +6068075    -10          -1    -13   23  26  103  +10  153  +28  153   28  15  0  0 L3P 00
G24 FF 61062 114200  780 134 1515    +1528896   -212           5    -59   36  16  343 +166  321 +133  321  133  27  0  0 L3P 66
G25 FF 61062 114200  780 835 2969    -4484156    +32          11     +8   12  30   81   -1  118   -3  118   -3   8  0  0 L3P D4
G28 FF 61062 114200  780 395 3028    +6076672     -4           3    +52   27 162  127  -18  135  -47  135  -47  20  0  0 L3P 39
G29 FF 61062 114200  780 464 2051    +3887303    -77           3    -12   38 186  112  -15  149   +4  149    4  30  0  0 L3P 15
G31 FF 61062 114200  780 101 3121    +1712441    -34          13    -14   39  84  455 -284  205  +14  205   14  30  0  0 L3P 25
G32 FF 61062 114200  780 292 2522    +1517693   -229          24    -56   32  58  165  +25  165  +65  165   65  25  0  0 L3P 58
G06 FF 61062 115800  780 178  353    +6047991   +120           1    +86   48  27  262  +61  243  -37  243  -37  37  0  0 L3P 42
G11 FF 61062 115800  780 364  805    +4653984   -147          22    -14   19 138  136   -3  172   +9  172    9  18  0  0 L3P 26
G12 FF 61062 115800  780 446  893    +6068083    +28           3    +24   29  26  115  +14  168  +19  168   19  20  0  0 L3P 20
G25 FF 61062 115800  780 873  441    -4484124    +14          20    -10   18  30   81   +0  112   +5  112    5  12  0  0 L3P B9
G28 FF 61062 115800  780 457 2986    +6076618    -72           2    -17   31 162  113  -12  128   -2  128   -2  20  0  0 L3P 24
G29 FF 61062 115800  780 542 2062    +3887237    -62          -1     +3   32 186  100  -10  138   -5  138   -5  23  0  0 L3P 15
G31 FF 61062 115800  780 166 3119    +1712436    -60          28    -40   33  84  283 -110  184   +6  184    6  28  0  0 L3P 28
G32 FF 61062 115800  780 241 2461    +1517517   -241          14    -68   30  58  196  +42  187  +73  187   73  24  0  0 L3P 58
G06 FF 61062 121400  780 132  309    +6048056    +59          36    +25   45  28  347 +125  234  -25  234  -25  34  0  0 L3P 41
G11 FF 61062 121400  780 367  716    +4653842   -133           5     +0   27 139  135   +2  173  -18  173  -18  22  0  0 L3P 19
G12 FF 61062 121400  780 378  935    +6068081     +8          -6     +4   26  86  131  +20  190   +1  190    1  18  0  0 L3P CD
G25 FF 61062 121400  780 806  903    -4484120    +41           0    +17   15  31   82   +2  117  -18  117  -18  10  0  0 L3P E0
G28 FF 61062 121400  780 512 2919    +6076578    -27          16    +28   19 162  104   -8  110  -20  110  -20  14  0  0 L3P 37
G29 FF 61062 121400  780 621 2068    +3887186    -97          14    -32   24 187   92   -7  116   +7  116    7  18  0  0 L3P 1B
G31 FF 61062 121400  780 230 3108    +1712442    +29          56    +50   29  85  207  -56  161  -43  161  -43  23  0  0 L3P 34
G32 FF 61062 121400  780 186 2409    +1517359   -193          21    -20   49  59  250  +74  208  +50  208   50  37  0  0 L3P 4C
G11 FF 61062 123000  780 353  632    +4653707   -167          -3    -34   34 139  139   +7  170  +26  170   26  24  0  0 L3P 2C
G12 FF 61062 123000  780 313  976    +6068083    +20          -6    +16   19  86  155  +30  209  +16  209   16  16  0  0 L3P 19
G25 FF 61062 123000  780 732 1004    -4484101    -12          -3    -36   23  31   84   +3  117  +17  117   17  14  0  0 L3P EC
G28 FF 61062 123000  780 555 2822    +6076516    -77           6    -22   22 162   98   -4  116   +6  116    6  15  0  0 L3P F5
G29 FF 61062 123000  780 700 2058    +3887120    -71          11     -6   20 187   86   -4  108   -1  108   -1  13  0  0 L3P EC
G31 FF 61062 123000  780 294 3086    +1712409    -17          42     +3   36  85  165  -33  161  -25  161  -25  27  0  0 L3P 2C
G32 FF 61062 123000  780 129 2363    +1517163   -213         -10    -40   59  59  355 +155  277  +86  277   86  44  0  0 L3P 78
G11 FF 61062 124600  780 326  557    +4653583   -180           0    -47   22 139  150  +14  165  +30  165   30  18  0  0 L3P 2F
G12 FF 61062 124600  780 249 1016    +6068089    -88          -4    -91   29  86  191  +47  228  +99  228   99  25  0  0 L3P 64
G25 FF 61062 124600  780 657 1067    -4484068    +27           6     +3   22  31   89   +5  115   +7  115    7  15  0  0 L3P D1
G26 FF 61062 124600  780 186 2889    +3153037    +74          44    +15   45  15  253  -86  183  -36  183  -36  36  0  0 L3P 60
G28 FF 61062 124600  780 580 2693    +6076455    -89           0    -34   29 162   95   -1  120  +27  120   27  18  0  0 L3P 22
G29 FF 61062 124600  780 777 2001    +3887046    -58          -2     +6   17 187   83   -2  111  -17  111  -17  13  0  0 L3P 1F
G31 FF 61062 124600  780 354 3049    +1712382    -71          35    -51   23  85  140  -21  147  +23  147   23  17  0  0 L3P 2C
G11 FF 61062 130200  780 287  494    +4653464   -159           9    -26   30 139  168  +24  167  +21  167   21  23  0  0 L3P 41
G12 FF 61062 130200  780 186 1054    +6068091    +46          -5    +42   39  86  250  +81  259   +4  259    4  29  0  0 L3P 16
G18 FF 61062 130200  780 132 1804    +4444981    +36          13   +132   39 105  354 -186  314 -116  314 -116  32  0  0 L3P 91
G25 FF 61062 130200  780 583 1116    -4484050    +28           2     +4   11  31   95   +8  121   +3  121    3   9  0  0 L3P 9B
G26 FF 61062 130200  780 251 2910    +3153075    +61          25     +2   38  15  191  -49  173  -22  173  -22  28  0  0 L3P 23
G28 FF 61062 130200  780 580 2549    +6076396    -53          -6     +3   27 162   95   +1  123   -6  123   -6  20  0  0 L3P F7
G29 FF 61062 130200  780 843 1713    +3886996    -73          11     -9   17 187   81   -1  103   +9  103    9  12  0  0 L3P FE
G31 FF 61062 130200  780 408 2995    +1712360    -70          32    -50   24  85  124  -13  131  +24  131   24  19  0  0 L3P 1F
G11 FF 61062 131800  780 239  446    +4653335    -96           8    +37   33 139  198  +41  184  -22  184  -22  25  0  0 L3P 44
G18 FF 61062 131800  780 202 1797    +4444903   -112          27    -16   45 105  234  -82  236  -39  236  -39  29  0  0 L3P 79
G21 FF 61062 131800  780 118  670    -3853435    -67           1     +6   32  69  387  -96  217  +15  217   15  27  0  0 L3P 15
G25 FF 61062 131800  780 511 1160    -4484024    +34           5    +10   19  31  104  +11  123   -3  123   -3  12  0  0 L3P DC
G26 FF 61062 131800  780 317 2926    +3153152    +83          46    +24   33  15  154  -30  144  -53  144  -53  24  0  0 L3P 3B
G28 FF 61062 131800  780 556 2415    +6076342    -84          -7    -28   27 162   98   +4  125  +26  125   26  19  0  0 L3P 35
G29 FF 61062 131800  780 834  940    +3886927   -108           4    -43   17 187   81   +1  109  +26  109   26  12  0  0 L3P 27
G31 FF 61062 131800  780 453 2919    +1712319    -28          11     -8   27  85  114   -8  138   +2  138    2  22  0  0 L3P EF
G04 FF 61062 133400  780 109 3287     -397305    -53          36    -30   52  92  414  -27  214   +4  214    4  36  0  0 L3P FE
G05 FF 61062 133400  780 150  908    +2277016     -7          29    -14   51  56  309  -90  196  -17  196  -17  37  0  0 L3P 33
G11 FF 61062 133400  780 185  410    +4653219   -104          20    +29   36 139  252  +74  182  -28  182  -28  28  0  0 L3P 56
G18 FF 61062 133400  780 275 1791    +4444789    -87           6     +9   31 105  175  -45  193  -51  193  -51  25  0  0 L3P 51
G21 FF 61062 133400  780 144  606    -3853473    -87          33    -14   46  69  321  -47  191  -14  191  -14  37  0  0 L3P 40
G25 FF 61062 133400  780 439 1199    -4484002    +45           4    +21   23  31  116  +15  133  -14  133  -14  19  0  0 L3P 1D
G26 FF 61062 133400  780 386 2935    +3153188    +55          25     -4   26  15  130  -20  135  -11  135  -11  19  0  0 L3P 27
G28 FF 61062 133400  780 513 2305    +6076293    -66          -2    -11   24 162  103   +8  127  +23  127   23  17  0  0 L3P 22
G29 FF 61062 133400  780 767  728    +3886861    -40           0    +25   14 187   83   +3  110  -11  110  -11  10  0  0 L3P 02
G31 FF 61062 133400  780 483 2822    +1712302    -15          14     +6   23  85  108   -4  127  -11  127  -11  18  0  0 L3P 07
G04 FF 61062 135000  780 111 3223     -397337    -12          26    +11   48  92  408  +13  210   -4  210   -4  36  0  0 L3P EF
G05 FF 61062 135000  780 191  846    +2277038    -77          44    -84   41  56  245  -48  164  +55  164   55  34  0  0 L3P 3F
G11 FF 61062 135000  780 128  385    +4653066   -129          -6     +4   65 139  358 +160  211   +0  211    0  51  0  0 L3P 0D
G16 FF 61062 135000  780 116 2941    -1929704   -160           5    -84   42  82  399 -216  229  +26  229   26  29  0  0 L3P 62
G18 FF 61062 135000  780 350 1783    +4444714    -83          24    +14   24 105  141  -28  153  -29  153  -29  17  0  0 L3P 55
G21 FF 61062 135000  780 159  540    -3853528    -93          47    -20   38  69  290  -19  164   -2  164   -2  30  0  0 L3P 19
G25 FF 61062 135000  780 369 1236    -4483977    +41           6    +17   27  31  134  +22  138   +6  138    6  18  0  0 L3P 0A
G26 FF 61062 135000  780 456 2933    +3153240    +54          21     -5   20  15  113  -14  121  -15  121  -15  15  0  0 L3P 0A
G28 FF 61062 135000  780 457 2223    +6076265    -75          23    -19   30 162  113  +12  122  +36  122   36  22  0  0 L3P 36
G29 FF 61062 135000  780 693  690    +3886810    -68          11     -3   15 187   86   +4   98   +4   98    4  12  0  0 L3P DA
G31 FF 61062 135000  780 495 2710    +1712286     +8          18    +29   21  85  106   +0  122  -28  122  -28  15  0  0 L3P 11
G04 FF 61062 140600  780 102 3158     -397384    -88           1    -65   40  93  441  +59  227  +50  227   50  32  0  0 L3P 1A
G05 FF 61062 140600  780 224  779    +2277032    -49          34    -56   36  57  211  -26  174  +30  174   30  28  0  0 L3P 2B
G16 FF 61062 140600  780 181 2964    -1929740   -154          43    -78   33  83  260  -94  170  +19  170   19  25  0  0 L3P 61
G18 FF 61062 140600  780 426 1770    +4444630    -49          35    +48   25 106  120  -18  125  -63  125  -63  20  0  0 L3P 51
G21 FF 61062 140600  780 164  472    -3853630    -69          15     +4   34  69  282   +1  181   -9  181   -9  24  0  0 L3P F4
G25 FF 61062 140600  780 300 1269    -4483955    +41           5    +17   38  32  161  +34  156   +2  156    2  29  0  0 L3P FE
G26 FF 61062 140600  780 525 2914    +3153301    +44          25    -15   23  15  102  -10  108   +1  108    1  16  0  0 L3P E9
G28 FF 61062 140600  780 393 2163    +6076206    -33          16    +22   31 164  127  +19  138   -2  138   -2  25  0  0 L3P 2A
G29 FF 61062 140600  780 619  693    +3886736    -14          -1    +51   21 188   91   +6  105  -19  105  -19  15  0  0 L3P 2C
G31 FF 61062 140600  780 486 2595    +1712272    -22          15     -2   25   2  108   +3  110   -1  110   -1  18  0  0 L3P C6
G05 FF 61062 142200  780 247  705    +2277044    +22          40    +15   32  57  192  -13  157  -21  157  -21  26  0  0 L3P 20
G16 FF 61062 142200  780 247 2981    -1929816    -38          41    +38   32  83  193  -51  146  -78  146  -78  25  0  0 L3P 6A
G18 FF 61062 142200  780 503 1749    +4444503   -133           1    -37   28 106  105  -12  129   +9  129    9  21  0  0 L3P 1D
G21 FF 61062 142200  780 158  405    -3853711    -77           4     -4   32  69  292  +22  179  +13  179   13  27  0  0 L3P 0A
G25 FF 61062 142200  780 233 1300    -4483943    +20          -6     -4   30  32  203  +56  181  +14  181   14  21  0  0 L3P FC
G26 FF 61062 142200  780 593 2870    +3153357     +9          23    -51   22  15   94   -7  102  +32  102   32  14  0  0 L3P F0
G28 FF 61062 142200  780 325 2118    +6076163    -10          26    +46   34 164  150  +29  143  -18  143  -18  24  0  0 L3P 4C
G29 FF 61062 142200  780 547  712    +3886668    -95          -8    -31   22 188   99   +9  115  +30  115   30  15  0  0 L3P 27
G31 FF 61062 142200  780 458 2491    +1712246    -27          10     -6   24   2  112   +7  117  +22  117   22  18  0  0 L3P E6
G05 FF 61062 143800  780 258  628    +2277039     +4          28     -2   36  57  185   -3  155   -7  155   -7  26  0  0 L3P EE
G16 FF 61062 143800  780 316 2992    -1929918    -26          11    +50   26  83  154  -32  145  -56  145  -56  17  0  0 L3P 5D
G18 FF 61062 143800  780 579 1711    +4444421    -67          12    +30   25 106   96   -8  110  -33  110  -33  17  0  0 L3P 29
G21 FF 61062 143800  780 141  343    -3853805   -196         -20   -123   50  69  326  +51  200  +80  200   80  33  0  0 L3P 44
G25 FF 61062 143800  780 167 1329    -4483934    -72         -21    -95   27  32  278 +106  209  +88  209   88  19  0  0 L3P 81
G26 FF 61062 143800  780 654 2781    +3153407    +59          17     -1   20  15   89   -4  102  -11  102  -11  13  0  0 L3P FC
G28 FF 61062 143800  780 257 2083    +6076097    -12          13    +44   31 164  186  +47  173   -7  173   -7  26  0  0 L3P 44
G29 FF 61062 143800  780 477  739    +3886609    -62          -4     +3   28 188  109  +12  115   +4  115    4  19  0  0 L3P 15
G31 FF 61062 143800  780 416 2403    +1712223    -28           6     -8   25   2  121  +12  128  +20  128   20  20  0  0 L3P D9
G05 FF 61062 145400  780 255  551    +2277025    +40           8    +33   32  57  187   +7  160  -29  160  -29  20  0  0 L3P 09
G16 FF 61062 145400  780 386 2993    -1929991    -28          11    +48   24  83  130  -21  126  -38  126  -38  20  0  0 L3P 5B
G18 FF 61062 145400  780 650 1640    +4444333   -120          16    -24   19 106   89   -5  101  +10  101   10  15  0  0 L3P 16
G21 FF 61062 145400  780 113  286    -3853836   -114          19    -42   49  69  401 +110  164  +24  164   24  37  0  0 L3P 4C
G25 FF 61062 145400  780 103 1354    -4483902     -1         -11    -25   41  32  441 +262  223  +33  223   33  34  0  0 L3P 26
G26 FF 61062 145400  780 698 2623    +3153464    +55          17     -4   16  15   86   -2   97   +3   97    3  11  0  0 L3P CA
G27 FF 61062 145400  780 105 2650     +239618    +84          24     +3   48  83  437 -247  223  -48  223  -48  33  0  0 L3P 42
G28 FF 61062 145400  780 189 2054    +6076041    -71          11    -15   45 164  248  +86  198  +46  198   46  37  0  0 L3P 6A
G29 FF 61062 145400  780 408  770    +3886550    -53          -1    +11   21 188  123  +17  117   +3  117    3  15  0  0 L3P 07
G31 FF 61062 145400  780 364 2332    +1712212    -36          15    -16   26   2  136  +19  130  +30  130   30  19  0  0 L3P 00
G05 FF 61062 151000  780 239  478    +2277046    +68          22    +62   29  57  198  +18  146  -49  146  -49  22  0  0 L3P 4F
G16 FF 61062 151000  780 457 2981    -1930069    -61           7    +15   26  83  113  -14  120  -14  120  -14  20  0  0 L3P 1D
G18 FF 61062 151000  780 711 1504    +4444243   -138          19    -41   16 106   85   -3   96  +24   96   24  11  0  0 L3P 0E
G23 FF 61062 151000  780 140 1464    -6028032    -42          10     +8   52  94  333 -154  207  -42  207  -42  40  0  0 L3P 29
G26 FF 61062 151000  780 714 2398    +3153520   +105          16    +46   20  15   85   +0   93  -33   93  -33  13  0  0 L3P FE
G27 FF 61062 151000  780 167 2687     +239688   +118          17    +38   41  83  281 -104  192  -83  192  -83  30  0  0 L3P 6F
G28 FF 61062 151000  780 122 2029    +6075961    -82         -16    -27   44 164  374 +195  246  +59  246   59  38  0  0 L3P 86
G29 FF 61062 151000  780 342  804    +3886483    -41          -5    +24   24 188  143  +25  130  -15  130  -15  17  0  0 L3P 36
G31 FF 61062 151000  780 305 2276    +1712205    +39          28    +59   35   2  158  +29  133  -34  133  -34  26  0  0 L3P 27
G05 FF 61062 152600  780 211  413    +2277066     +0          35     -7   41  57  223  +34  132   +0  132    0  34  0  0 L3P B7
G16 FF 61062 152600  780 527 2949    -1930123    -53          26    +23   13  83  102  -10   94  -23   94  -23   9  0  0 L3P 0F
G18 FF 61062 152600  780 746 1265    +4444154    -87          23    +10   17 106   84   -1   89  -12   89  -12  12  0  0 L3P 16
G23 FF 61062 152600  780 205 1432    -6028091    -29          -1    +21   38  94  230  -73  183  -55  183  -55  28  0  0 L3P 43
G26 FF 61062 152600  780 691 2180    +3153569    +39           9    -20   13  15   86   +2   97   +4   97    4   9  0  0 L3P BC
G27 FF 61062 152600  780 230 2723     +239757   +102           8    +21   38  83  207  -56  170  -40  170  -40  27  0  0 L3P 2C
G29 FF 61062 152600  780 278  840    +3886436    -72          10     -7   23 188  173  +37  128   +6  128    6  17  0  0 L3P 1D
G31 FF 61062 152600  780 244 2231    +1712170     +3          13    +24   41   2  194  +48  163   +5  163    5  33  0  0 L3P D0
G05 FF 61062 154200  780 173  357    +2277075     +7          38     +0   33  57  269  +65  124   +0  124    0  28  0  0 L3P D8
G16 FF 61062 154200  780 592 2885    -1930218   -123           4    -47   20  83   94   -6  104  +19  104   19  13  0  0 L3P 18
G18 FF 61062 154200  780 738  980    +4444049   -101          10     -4   18 106   84   +1   91  -10   91  -10  13  0  0 L3P ED
G23 FF 61062 154200  780 271 1396    -6028137   -103           1    -53   23  94  177  -41  154  +21  154   21  19  0  0 L3P 2F
G26 FF 61062 154200  780 641 2030    +3153633   +112          16    +53   19  15   90   +5   96  -41   96  -41  13  0  0 L3P FF
G27 FF 61062 154200  780 295 2759     +239844    +97          18    +16   33  83  164  -35  139  -40  139  -40  26  0  0 L3P 50
G29 FF 61062 154200  780 215  877    +3886366    -43           2    +21   38 188  219  +61  140  -13  140  -13  31  0  0 L3P 36
G31 FF 61062 154200  780 182 2193    +1712167     -2          28    +19   40   2  257  +86  171   +3  171    3  32  0  0 L3P E1
G05 FF 61062 155800  780 127  312    +2277054    -37          10    -43   43  57  361 +138  138   +4  138    4  31  0  0 L3P 0D
G16 FF 61062 155800  780 646 2771    -1930282    -56          13    +21   22  83   89   -4   88  -29   88  -29  15  0  0 L3P 22
G18 FF 61062 155800  780 693  786    +4443967    -58          22    +39   17 106   86   +3   77  -32   77  -32  11  0  0 L3P 25
G23 FF 61062 155800  780 337 1352    -6028163    -13          23    +37   24  94  146  -26  115  -56  115  -56  18  0  0 L3P 4C
G26 FF 61062 155800  780 577 1941    +3153705    +83          31    +24   19  15   96   +7   98   +4   98    4  14  0  0 L3P E6
G27 FF 61062 155800  780 362 2794     +239923    +48          19    -33   29  83  137  -23  120   +6  120    6  23  0  0 L3P 0D
G29 FF 61062 155800  780 154  914    +3886301   -103          -1    -38   51 188  300 +115  142  +12  142   12  39  0  0 L3P 4C
G31 FF 61062 155800  780 120 2159    +1712117   -164          -2   -143   34   2  380 +188  232 +151  232  151  27  0  0 L3P 66
G10 FF 61062 161400  780 161 1639    +5842634    +34          11    +10   35  31  291 -125  184  -55  184  -55  26  0  0 L3P 50
G16 FF 61062 161400  780 679 2596    -1930359    -99           5    -23   17  90   87   -1   86  +15   86   15  12  0  0 L3P 04
G18 FF 61062 161400  780 631  688    +4443867    -38          17    +59   24 107   91   +6   78  -49   78  -49  17  0  0 L3P 30
G23 FF 61062 161400  780 399 1297    -6028221    -76          11    -26   30  95  126  -16   96   -3   96   -3  21  0  0 L3P 0B
G26 FF 61062 161400  780 506 1889    +3153733     +7           0    -52   26  18  104  +11  108  +39  108   39  20  0  0 L3P 0D
G27 FF 61062 161400  780 431 2826     +240012    +55          25    -26   29  85  118  -16   98   -1   98   -1  22  0  0 L3P EC
G07 FF 61062 163000  780 116 3294    +1387919   +138          -8    +87   46  53  392  -73  162  -90  162  -90  36  0  0 L3P 70
G08 FF 61062 163000  780 186 2852    -5012695    +68          31    +23   45  84  253  -86  150  -70  150  -70  35  0  0 L3P 4E
G10 FF 61062 163000  780 232 1621    +5842650    -31           4    -55   32  31  205  -62  143   -8  143   -8  28  0  0 L3P FA
G15 FF 61062 163000  780 101  686    -3790324     -4          11    +32   57  79  448 -130   89  -34   89  -34  49  0  0 L3P 26
G16 FF 61062 163000  780 678 2387    -1930419    -89          18    -13   18  90   87   +1   71   +2   71    2  13  0  0 L3P DA
G18 FF 61062 163000  780 562  644    +4443784    -63          27    +33   20 107   97   +8   64  -22   64  -22  14  0  0 L3P 03
G23 FF 61062 163000  780 455 1224    -6028267    -31          13    +19   23  95  113  -10   79  -21   79  -21  16  0  0 L3P 19
G26 FF 61062 163000  780 433 1858    +3153809    +71          19    +12   27  18  118  +17   98   -4   98   -4  21  0  0 L3P 0B
G27 FF 61062 163000  780 503 2855     +240075    +48          10    -32   24  85  105  -12   96  +17   96   17  19  0  0 L3P 02
G07 FF 61062 164600  780 134 3237    +1387965   +104         -12    +53   37  53  344  -32  154  -45  154  -45  28  0  0 L3P 6D
G08 FF 61062 164600  780 250 2879    -5012636    +56          47    +11   54  84  191  -49  108  -37  108  -37  42  0  0 L3P 5C
G10 FF 61062 164600  780 304 1600    +5842677    +18           9     -6   32  31  160  -36  113  -30  113  -30  27  0  0 L3P 0B
G15 FF 61062 164600  780 127  622    -3790348    -81          21    -46   55  79  360  -61   73  +18   73   18  43  0  0 L3P 19
G16 FF 61062 164600  780 644 2210    -1930494    -69          17     +7   22  90   90   +4   70  -11   70  -11  16  0  0 L3P E4
G18 FF 61062 164600  780 491  629    +4443683   -121          19    -24   16 107  107  +12   60   +2   60    2  11  0  0 L3P F4
G23 FF 61062 164600  780 500 1130    -6028332    -76          -3    -26   16  95  105   -6   80   +2   80    2  11  0  0 L3P C3
G26 FF 61062 164600  780 360 1838    +3153850    +64           3     +5   29  18  137  +25  118   +9  118    9  24  0  0 L3P FA
G27 FF 61062 164600  780 576 2879     +240162    +94          20    +13   24  85   96   -8   76  -35   76  -35  17  0  0 L3P 0C
G07 FF 61062 170200  780 141 3175    +1388050    +87          25    +36   39  53  326   -5  132  -14  132  -14  30  0  0 L3P 24
G08 FF 61062 170200  780 317 2902    -5012613   +101          26    +55   32  84  154  -31   96  -59   96  -59  24  0  0 L3P 39
G10 FF 61062 170200  780 377 1573    +5842713    -25          22    -48   18  31  132  -23   86   -2   86   -2  14  0  0 L3P FA
G15 FF 61062 170200  780 144  554    -3790394    -64           9    -29   49  79  320  -26   72  +33   72   33  40  0  0 L3P 03
G16 FF 61062 170200  780 589 2090    -1930562    -82          22     -6   19  90   94   +6   62   +1   62    1  15  0  0 L3P BB
G18 FF 61062 170200  780 421  631    +4443579   -118           7    -22   29 107  120  +17   63   +6   63    6  20  0  0 L3P E6
G23 FF 61062 170200  780 529 1016    -6028364    -53          13     -3   19  95  101   -3   61   +0   61    0  12  0  0 L3P B0
G26 FF 61062 170200  780 288 1824    +3153932    +18          29    -41   32  18  167  +39  107  +45  107   45  23  0  0 L3P 3E
G27 FF 61062 170200  780 651 2892     +240229    +90           9     +9   14  85   89   -6   69  -23   69  -23  10  0  0 L3P DC
G02 FF 61062 171800  780 110 2480     -222524    -89          38     -7   52  73  419 -234  156  -28  156  -28  40  0  0 L3P 3D
G07 FF 61062 171800  780 138 3112    +1388070    +92          -4    +41   46  53  333  +19  152  -13  152  -13  35  0  0 L3P 32
G08 FF 61062 171800  780 385 2919    -5012587    +19           8    -26   24  84  130  -21   91  +12   91   12  17  0  0 L3P 0C
G10 FF 61062 171800  780 450 1536    +5842717   +102           3    +78   27  31  114  -15   82  -83   82  -83  20  0  0 L3P 1E
G15 FF 61062 171800  780 150  485    -3790425    -80          11    -45   42  79  307   -1   62  +28   62   28  32  0  0 L3P F8
G16 FF 61062 171800  780 522 2015    -1930659   -100          -2    -24   22  90  102  +10   81  +19   81   19  18  0  0 L3P 0D
G18 FF 61062 171800  780 352  644    +4443474   -152          -5    -56   26 107  140  +24   64  +32   64   32  21  0  0 L3P 1C
G23 FF 61062 171800  780 537  889    -6028402    -53          22     -3   19  95  100   +0   47   -8   47   -8  14  0  0 L3P D3
G26 FF 61062 171800  780 217 1813    +3153992    +66          32     +7   41  18  217  +67  114   +7  114    7  33  0  0 L3P 04
G27 FF 61062 171800  780 727 2881     +240320   +125          23    +44   14  85   85   -4   50  -42   50  -42  10  0  0 L3P EF
G02 FF 61062 173400  780 173 2517     -222619   -183          22   -101   56  73  271  -98  141  +44  141   44  41  0  0 L3P 43
G07 FF 61062 173400  780 124 3049    +1388128    -19           4    -70   38  53  366  +52  154  +51  154   51  29  0  0 L3P 30
G08 FF 61062 173400  780 456 2929    -5012539    +58          12    +12   26  84  113  -14   70  -26   70  -26  20  0  0 L3P 20
G10 FF 61062 173400  780 519 1481    +5842743    -12           7    -36   20  31  103  -10   67  +16   67   16  14  0  0 L3P F6
G15 FF 61062 173400  780 145  417    -3790459   -151          11   -115   37  79  318  +24   57  +88   57   88  26  0  0 L3P 49
G16 FF 61062 173400  780 450 1968    -1930725    -74           5     +2   33  90  114  +15   83   +7   83    7  26  0  0 L3P D6
G18 FF 61062 173400  780 285  664    +4443392   -104           6     -8   26 107  168  +36   55  +11   55   11  19  0  0 L3P 0C
G23 FF 61062 173400  780 523  767    -6028454    -73          19    -23   28  95  102   +4   43  +13   43   13  21  0  0 L3P ED
G26 FF 61062 173400  780 149 1804    +3154042     -3          25    -62   37  18  309 +135  127  +75  127   75  27  0  0 L3P 3F
G27 FF 61062 173400  780 801 2793     +240378   +109           3    +28   13  85   82   -2   60  -23   60  -23   8  0  0 L3P D8
G02 FF 61062 175000  780 236 2555     -222696    -86          23     -4   38  73  201  -53  115  -22  115  -22  28  0  0 L3P 1B
G07 FF 61062 175000  780 102 2987    +1388186    +44          13     -7   44  53  441 +111  156  +23  156   23  29  0  0 L3P 39
G08 FF 61062 175000  780 527 2925    -5012496    +22          12    -24   23  84  102  -10   57   +5   57    5  16  0  0 L3P E8
G10 FF 61062 175000  780 582 1398    +5842760    +64           0    +40   21  31   95   -6   65  -32   65  -32  15  0  0 L3P E9
G15 FF 61062 175000  780 128  352    -3790485    -12          19    +23   37  79  357  +60   48  -36   48  -36  29  0  0 L3P 2C
G16 FF 61062 175000  780 377 1937    -1930778    -79          25     -3   26  90  132  +22   71   +9   71    9  20  0  0 L3P F2
G18 FF 61062 175000  780 221  689    +4443299     +1           5    +97   37 107  213  +60   56  -80   56  -80  27  0  0 L3P 0E
G23 FF 61062 175000  780 489  666    -6028511    -40          10    +10   20  95  107   +7   46  -14   46  -14  15  0  0 L3P F3
G27 FF 61062 175000  780 853 2292     +240463    +99          11    +18   11  85   81   +0   52  -20   52  -20   8  0  0 L3P CD
G02 FF 61062 180600  780 301 2595     -222768   -104          32    -22   35  74  161  -33  102   +5  102    5  27  0  0 L3P FC
G08 FF 61062 180600  780 598 2901    -5012446    +46          23     +1   21   0   94   -7   51   -2   51   -2  13  0  0 L3P A4
G10 FF 61062 180600  780 632 1274    +5842787    +73           4    +49   21  31   91   -3   53  -44   53  -44  17  0  0 L3P F1
G15 FF 61062 180600  780 101  293    -3790522    -12          19    +24   33  80  446 +135   49  -11   49  -11  22  0  0 L3P 15
G16 FF 61062 180600  780 304 1916    -1930859   -111          14    -35   27  92  159  +35   86  +32   86   32  20  0  0 L3P 31
G18 FF 61062 180600  780 158  718    +4443215    -50          18    +47   50 108  293 +112   48  -56   48  -56  37  0  0 L3P 46
G23 FF 61062 180600  780 441  590    -6028563    -34           4    +16   31  96  116  +12   53   -8   53   -8  22  0  0 L3P D7
G27 FF 61062 180600  780 813 1659     +240530    +66           0    -15   17  87   82   +2   53  +17   53   17  11  0  0 L3P C7
G02 FF 61062 182200  780 366 2637     -222852   -113          27    -31   21  74  136  -22   81  +13   81   13  14  0  0 L3P 01
G08 FF 61062 182200  780 666 2838    -5012409    +60          17    +15   19   0   88   -4   48  -12   48  -12  13  0  0 L3P EF
G10 FF 61062 182200  780 658 1105    +5842814     +1           8    -23   17  31   89   -1   44  +14   44   14  11  0  0 L3P BB
G16 FF 61062 182200  780 233 1899    -1930936   -153          10    -77   27  92  203  +59  103  +69  103   69  22  0  0 L3P 5C
G23 FF 61062 182200  780 383  538    -6028609    -60           6    -10   42  96  130  +18   49  -15   49  -15  27  0  0 L3P 09
G27 FF 61062 182200  780 738 1538     +240606    +97          -2    +16   15  87   84   +3   55  -16   55  -16  10  0  0 L3P EE
G01 FF 61062 183800  780 115 2575    -3412642    -58          20    -99   37  48  402 -206  132  +13  132   13  30  0  0 L3P 40
G02 FF 61062 183800  780 432 2680     -222918   -125          40    -43   26  74  118  -15   59  +19   59   19  18  0  0 L3P 25
G08 FF 61062 183800  780 724 2701    -5012366    +51          17     +5   18   0   85   -2   44  -11   44  -11  12  0  0 L3P C6
G10 FF 61062 183800  780 655  920    +5842820    +41          -8    +17   20  31   89   +1   51  -21   51  -21  16  0  0 L3P D6
G16 FF 61062 183800  780 164 1885    -1931012   -117           7    -41   41  92  282 +114  107  +56  107   56  34  0  0 L3P 4E
G23 FF 61062 183800  780 321  506    -6028670    +19          -7    +69   24  96  151  +28   55  -50   55  -50  16  0  0 L3P 17
G27 FF 61062 183800  780 659 1513     +240697    +80          12     -1   18  87   88   +6   42   +7   42    7  12  0  0 L3P B7
G32 FF 61062 183800  780 154 1287    +1513371   -190           1    -17   40  35  303 -116   80   -5   80   -5  29  0  0 L3P 08
G01 FF 61062 185400  780 175 2612    -3412599   +105          24    +64   51  48  268  -92   93  -81   93  -81  40  0  0 L3P 47
G02 FF 61062 185400  780 499 2724     -223012    -83          24     -2   21  74  106  -11   58   -4   58   -4  16  0  0 L3P D4
G08 FF 61062 185400  780 755 2448    -5012323     +3          15    -43   17   0   83   +0   40  +25   40   25  11  0  0 L3P B3
G10 FF 61062 185400  780 622  767    +5842862    +31          10     +8   18  31   91   +4   37   -5   37   -5  12  0  0 L3P B3
G23 FF 61062 185400  780 257  488    -6028692    -29          20    +21   21  96  185  +45   29  -20   29  -20  16  0  0 L3P 1E
G27 FF 61062 185400  780 581 1513     +240768    +53           5    -28   21  87   95   +8   48  +21   48   21  17  0  0 L3P DC
G32 FF 61062 185400  780 213 1244    +1513233   -216          28    -43   31  35  223  -60   54  +15   54   15  25  0  0 L3P 0F
G01 FF 61062 191000  780 236 2650    -3412575    +24           9    -17   32  48  202  -52   79   -4   79   -4  26  0  0 L3P EE
G02 FF 61062 191000  780 566 2770     -223086    -92          28    -10   19  74   97   -8   46  +12   46   12  14  0  0 L3P E4
G08 FF 61062 191000  780 742 2155    -5012287    +39           8     -6   17   0   84   +1   42  +22   42   22  12  0  0 L3P A7
G10 FF 61062 191000  780 571  665    +5842882    +92           8    +68   16  31   96   +6   38  -45   38  -45  12  0  0 L3P F1
G14 FF 61062 191000  780 127 3265    -7303913    -21          37     +2   39  63  364 -117   53   -5   53   -5  28  0  0 L3P FE
G23 FF 61062 191000  780 192  482    -6028752    -40           8    +10   41  96  244  +81   37   -8   37   -8  29  0  0 L3P E5
G27 FF 61062 191000  780 503 1523     +240844    +87           4     +6   20  87  105  +12   53   +0   53    0  15  0  0 L3P 9D
G32 FF 61062 191000  780 269 1194    +1513046   -238           8    -65   35  35  178  -35   59  +39   59   39  27  0  0 L3P 36
G01 FF 61062 192600  780 299 2688    -3412511   +110          33    +69   44  48  162  -32   45  -62   45  -62  35  0  0 L3P 3D
G02 FF 61062 192600  780 635 2819     -223166    -77          27     +5   15  74   90   -6   44   -9   44   -9  10  0  0 L3P C5
G08 FF 61062 192600  780 692 1963    -5012246    +42           5     -4   16   0   86   +4   43  +12   43   12  11  0  0 L3P AB
G10 FF 61062 192600  780 510  604    +5842904    +33           7     +9   22  31  104  +10   39   -3   39   -3  15  0  0 L3P B1
G14 FF 61062 192600  780 164 3215    -7303928    -76          44    -53   33  63  284  -58   45  +31   45   31  25  0  0 L3P 24
G23 FF 61062 192600  780 127  485    -6028798    -59           9     -9   43  96  360 +178   35   +8   35    8  35  0  0 L3P FE
G27 FF 61062 192600  780 426 1536     +240938    +82          21     +1   20  87  119  +18   48   +9   48    9  17  0  0 L3P DC
G32 FF 61062 192600  780 322 1135    +1512901   -160          28    +13   24  35  152  -22   36   -8   36   -8  18  0  0 L3P FF
G01 FF 61062 194200  780 363 2727    -3412467    -15          38    -55   32  48  136  -22   33  +27   33   27  24  0  0 L3P 17
G02 FF 61062 194200  780 704 2873     -223223    -28          49    +53   17  74   86   -4   24  -47   24  -47  13  0  0 L3P F5
G08 FF 61062 194200  780 625 1864    -5012194    +33          13    -13   18   0   91   +6   35  +12   35   12  13  0  0 L3P CA
G10 FF 61062 194200  780 444  572    +5842925    +22           5     -2   27  31  115  +14   38  +11   38   11  20  0  0 L3P C7
G14 FF 61062 194200  780 193 3157    -7303973    +30          21    +53   36  63  243  -30   50  -55   50  -55  25  0  0 L3P 1D
G22 FF 61062 194200  780 121 3292     +557485    -54           6    -10   57   1  381 -124   54   -4   54   -4  39  0  0 L3P DC
G27 FF 61062 194200  780 351 1551     +241007   +101          11    +20   34  87  140  +26   59  -12   59  -12  26  0  0 L3P 05
G32 FF 61062 194200  780 368 1064    +1512726   -189          19    -16   25  35  135  -13   36  +11   36   11  19  0  0 L3P 25
G01 FF 61062 195800  780 429 2766    -3412443    +23          23    -18   29  48  119  -15   34   +7   34    7  18  0  0 L3P FE
G02 FF 61062 195800  780 774 2940     -223314   -103          36    -21   22  74   83   -2   31   +6   31    6  14  0  0 L3P BD
G03 FF 61062 195800  780 122 2244    -5913031    +28          13    -77   63 124  379 -204   70  +37   70   37  52  0  0 L3P 3C
G08 FF 61062 195800  780 552 1814    -5012144    +69          20    +24   24   0   98   +9   32  -22   32  -22  18  0  0 L3P E4
G10 FF 61062 195800  780 376  558    +5842923    +80         -20    +56   27  31  132  +21   52  -41   52  -41  21  0  0 L3P 14
G14 FF 61062 195800  780 212 3092    -7303981    +14          35    +37   45  63  222  -14   33  -33   33  -33  33  0  0 L3P 1A
G22 FF 61062 195800  780 156 3243     +557443    +15           6    +59   23   1  297  -60   49  -49   49  -49  16  0  0 L3P 0A
G27 FF 61062 195800  780 278 1564     +241096    +83          23     +2   27  87  172  +42   59   -1   59   -1  20  0  0 L3P E7
G32 FF 61062 195800  780 403  981    +1512556   -213          15    -40   28  35  125   -8   32  +25   32   25  21  0  0 L3P F8
G01 FF 61062 201400  780 497 2803    -3412420    +22           8    -19   22  49  106  -11   34   +4   34    4  18  0  0 L3P C5
G02 FF 61062 201400  780 843 3072     -223389    -58          41    +24   16  76   81   -1   26  -16   26  -16  10  0  0 L3P E0
G03 FF 61062 201400  780 189 2274    -5912918   +166          25    +61   40 129  249  -88   44  -61   44  -61  30  0  0 L3P 53
G08 FF 61062 201400  780 476 1788    -5012116    +60           6    +14   28  76  109  +14   50  -14   50  -14  22  0  0 L3P FF
G10 FF 61062 201400  780 309  559    +5842956    -18         -10    -42   27  32  157  +31   52  +24   52   24  21  0  0 L3P 02
G14 FF 61062 201400  780 219 3022    -7304011    -71          25    -48   34  64  215   -1   40  +40   40   40  25  0  0 L3P DA
G22 FF 61062 201400  780 183 3186     +557391    -96           1    -52   49   7  255  -30   48  +30   48   30  32  0  0 L3P E1
G27 FF 61062 201400  780 208 1577     +241180    +66          29    -15   35  88  226  +74   54  +16   54   16  29  0  0 L3P 0C
G32 FF 61062 201400  780 425  888    +1512370   -132         -10    +41   27  41  120   -3   41  -38   41  -38  21  0  0 L3P FC
G01 FF 61062 203000  780 566 2839    -3412375    +21          14    -20   30  49   97   -8   30  +12   30   12  23  0  0 L3P D6
G02 FF 61062 203000  780 877  715     -223459    -90          50     -8   18  76   81   +0   20   -5   20   -5  13  0  0 L3P 96
G03 FF 61062 203000  780 257 2307    -5912831    +35          10    -70   32 129  186  -48   48  +36   48   36  23  0  0 L3P 27
G08 FF 61062 203000  780 401 1773    -5012081    +49          -3     +4   26  76  125  +20   58   +5   58    5  21  0  0 L3P C5
G10 FF 61062 203000  780 243  568    +5842964    +54         -25    +30   38  32  195  +51   61  -21   61  -21  29  0  0 L3P 12
G14 FF 61062 203000  780 214 2950    -7304032    +65          27    +88   40  64  220  +11   37  -61   37  -61  31  0  0 L3P 0A
G17 FF 61062 203000  780 117 3166     +405549    +12         -10   -101   36  66  396 -204   70  +62   70   62  27  0  0 L3P 23
G22 FF 61062 203000  780 200 3122     +557354    -58           6    -13   41   7  234  -13   37   +7   37    7  31  0  0 L3P A3
G27 FF 61062 203000  780 139 1587     +241237    +17           8    -64   38  88  331 +157   76  +61   76   61  29  0  0 L3P 18
G32 FF 61062 203000  780 430  790    +1512205   -137          -9    +36   29  41  118   +1   40  -35   40  -35  22  0  0 L3P EA
G01 FF 61062 204600  780 638 2872    -3412350    +99           0    +58   21  49   90   -6   36  -44   36  -44  13  0  0 L3P F1
G02 FF 61062 204600  780 810 1083     -223541    -69          47    +13   19  76   82   +2   15  -15   15  -15  13  0  0 L3P DB
G03 FF 61062 204600  780 327 2344    -5912755   +163         -13    +59   31 129  150  -30   53  -46   53  -46  22  0  0 L3P 4E
G08 FF 61062 204600  780 327 1766    -5012023    +82          11    +37   40  76  149  +31   55  -10   55  -10  31  0  0 L3P 0C
G10 FF 61062 204600  780 178  584    +5843012    -32           0    -56   42  32  261  +92   35  +56   35   56  33  0  0 L3P EB
G14 FF 61062 204600  780 197 2880    -7304039    +27          41    +49   47  64  237  +25   26  -44   26  -44  37  0  0 L3P 33
G17 FF 61062 204600  780 177 3156     +405724    +46          56    -68   36  66  265  -89    6  +37    6   37  28  0  0 L3P 03
G22 FF 61062 204600  780 206 3055     +557294   -114         -11    -70   31   7  228   +0   50  +41   50   41  22  0  0 L3P DB
G32 FF 61062 204600  780 418  697    +1512052   -163           3    +10   22  41  121   +5   29   +4   29    4  15  0  0 L3P B1
G01 FF 61062 210200  780 711 2898    -3412305    +67           5    +26   20  49   85   -4   32  -25   32  -25  14  0  0 L3P DD
G02 FF 61062 210200  780 738 1166     -223635    -98          31    -16   15  76   84   +3   23  +14   23   14   9  0  0 L3P C4
G03 FF 61062 210200  780 397 2385    -5912647   +106          -6     +1   28 129  127  -20   40   -3   40   -3  20  0  0 L3P F6
G08 FF 61062 210200  780 255 1761    -5011988    +18           3    -27   25  76  187  +50   66  +10   66   10  18  0  0 L3P 04
G10 FF 61062 210200  780 115  606    +5843054    +64          19    +40   60  32  396 +207   19  -28   19  -28  47  0  0 L3P 1D
G14 FF 61062 210200  780 171 2813    -7304086    -76          16    -53   51  64  271  +48   40  +40   40   40  38  0  0 L3P 07
G17 FF 61062 210200  780 236 3136     +405783    +58           6    -56   34  66  202  -48   42  +36   42   36  24  0  0 L3P F0
G22 FF 61062 210200  780 199 2986     +557275    -51          12     -7   33   7  235  +13   36   +8   36    8  24  0  0 L3P C2
G32 FF 61062 210200  780 390  614    +1511868   -148         -15    +25   29  41  128  +10   50   -9   50   -9  22  0  0 L3P FA
G01 FF 61062 211800  780 785 2907    -3412256    +30          14    -11   21  49   83   -2   23   -3   23   -3  14  0  0 L3P C2
G02 FF 61062 211800  780 666 1220     -223697    -79          48     +3   20  76   88   +5   10   -9   10   -9  13  0  0 L3P B7
G03 FF 61062 211800  780 469 2431    -5912544    +96          -4     -9   24 129  111  -14   32   -2   32   -2  17  0  0 L3P EF
G08 FF 61062 211800  780 184 1757    -5011966    -21         -19    -66   30  76  253  +93   86  +65   86   65  23  0  0 L3P 41
G14 FF 61062 211800  780 136 2751    -7304104    +46          20    +69   43  64  336  +92   39  -46   39  -46  34  0  0 L3P 2B
G17 FF 61062 211800  780 292 3104     +405897   +125          11    +11   20  66  166  -29   38  -14   38  -14  14  0  0 L3P 19
G22 FF 61062 211800  780 183 2919     +557233    -60          13    -15   40   7  255  +30   29  +13   29   13  36  0  0 L3P E6
G32 FF 61062 211800  780 350  547    +1511707   -140         -10    +33   28  41  140  +16   46  -14   46  -14  20  0  0 L3P 0B
G01 FF 61062 213400  780 859 2803    -3412220    +60          12    +19   18  49   81   -1   23  -16   23  -16  13  0  0 L3P E5
G02 FF 61062 213400  780 594 1263     -223792    -89          32     -7   18  76   94   +7   26  +15   26   15  12  0  0 L3P D6
G03 FF 61062 213400  780 541 2482    -5912448    +60          -8    -45   23 129  100  -10   29  +35   29   35  17  0  0 L3P 1A
G04 FF 61062 213400  780 108 1896     -397925   +102          69   +125   45  97  428 -269   36 -102   36 -102  36  0  0 L3P 7F
G08 FF 61062 213400  780 117 1752    -5011932    +46         -28     +1   41  76  392 +217   98   +6   98    6  29  0  0 L3P 0D
G17 FF 61062 213400  780 342 3058     +406028    +82          33    -32   25  66  144  -18   18  +11   18   11  18  0  0 L3P F3
G19 FF 61062 213400  780 137 3205    -6868033    +69          32    +86   41  86  340 -144   34  -61   34  -61  31  0  0 L3P 3A
G22 FF 61062 213400  780 156 2856     +557211   -115          33    -70   42   7  296  +57   18  +62   18   62  33  0  0 L3P 05
G32 FF 61062 213400  780 301  496    +1511557   -184           6    -11   29  41  160  +26   31   +0   31    0  21  0  0 L3P B9
G01 FF 61062 215000  780 858 1467    -3412164    +70          28    +29   18  49   81   +1    8  -25    8  -25  13  0  0 L3P DB
G02 FF 61062 215000  780 522 1302     -223876    -90          26     -8   25  76  102  +10   31  +14   31   14  18  0  0 L3P CE
G03 FF 61062 215000  780 614 2544    -5912347   +103          -7     -1   16 129   92   -7   26   -9   26   -9  12  0  0 L3P E3
G04 FF 61062 215000  780 178 1897     -397986     +3          29    +26   37  97  264 -105   62  -19   62  -19  27  0  0 L3P 38
G17 FF 61062 215000  780 385 2996     +406135   +128          31    +15   23  66  130  -11   15  -10   15  -10  18  0  0 L3P 08
G19 FF 61062 215000  780 194 3180    -6868034    +64          48    +81   41  86  243  -69   20  -49   20  -49  32  0  0 L3P 36
G22 FF 61062 215000  780 122 2797     +557161     -5          26    +39   43   7  374 +112   22  -31   22  -31  27  0  0 L3P ED
G28 FF 61062 215000  780 178  868    +6074674    -42          33    +14   33 167  263  -56    4  -31    4  -31  26  0  0 L3P 07
G32 FF 61062 215000  780 246  460    +1511385   -183          -1    -11   25  41  193  +43   35  +11   35   11  18  0  0 L3P EF
G01 FF 61062 220600  780 782 1365    -3412131    +97          18    +56   16  50   83   +2   12  -34   12  -34  12  0  0 L3P E6
G02 FF 61062 220600  780 451 1337     -223946    -84          15     -2   22  81  114  +15   33   +8   33    8  17  0  0 L3P BC
G03 FF 61062 220600  780 687 2622    -5912245   +102          -7     -3   14 130   87   -4   22   +9   22    9  11  0  0 L3P C9
G04 FF 61062 220600  780 251 1899     -398016    -97          20    -74   28  98  191  -54   58  +34   58   34  22  0  0 L3P 23
G17 FF 61062 220600  780 416 2919     +406243    +96          28    -18   26  76  122   -6   23   +8   23    8  19  0  0 L3P D6
G19 FF 61062 220600  780 247 3142    -6868085    +57           7    +74   32  87  193  -39   32  -42   32  -42  23  0  0 L3P 24
G28 FF 61062 220600  780 212  803    +6074608     -8          20    +47   34 168  222  -31   12  -46   12  -46  26  0  0 L3P 04
G31 FF 61062 220600  780 127 1119    +1711645    +33         -11    +54   65  55  364 -149   62  -42   62  -42  51  0  0 L3P 35
G32 FF 61062 220600  780 187  436    +1511234    -99          14    +73   37  41  249  +78   22  -63   22  -63  28  0  0 L3P 17
G01 FF 61062 222200  780 704 1369    -3412115    +63          -5    +22   16  50   86   +4   29  -18   29  -18   9  0  0 L3P DE
G02 FF 61062 222200  780 381 1368     -224027    -43          12    +39   31  81  131  +21   43  -18   43  -18  22  0  0 L3P F2
G03 FF 61062 222200  780 757 2741    -5912153    +97         -15     -7   16 130   83   -3   30   +5   30    5  11  0  0 L3P C8
G04 FF 61062 222200  780 325 1901     -398025    +31          33    +53   32  98  150  -32   39  -47   39  -47  25  0  0 L3P 0E
G17 FF 61062 222200  780 433 2828     +406341    +69          17    -44   28  76  118   -2   23  +38   23   38  21  0  0 L3P F0
G19 FF 61062 222200  780 294 3091    -6868095     +2          13    +19   29  87  164  -23   31  -17   31  -17  19  0  0 L3P 1E
G28 FF 61062 222200  780 237  733    +6074553     +0          18    +56   28 168  200  -16   15  -46   15  -46  22  0  0 L3P 0B
G31 FF 61062 222200  780 178 1066    +1711645    -75           9    -54   29  55  263  -73   39  +36   39   36  24  0  0 L3P 17
G32 FF 61062 222200  780 127  423    +1511077   -371          23   -198   59  41  361 +170   11 +150   11  150  47  0  0 L3P 43
G01 FF 61062 223800  780 626 1388    -3412082    +19         -11    -22   19  50   91   +7   31  +11   31   11  14  0  0 L3P DF
G02 FF 61062 223800  780 311 1397     -224108    -78          10     +4   29  81  156  +32   52  +12   52   12  22  0  0 L3P D7
G03 FF 61062 223800  780 820 2996    -5912054    +85         -17    -19   16 130   82   -1   29  +13   29   13  10  0  0 L3P 0E
G04 FF 61062 223800  780 402 1903     -398056    -31          24     -8   25  98  125  -21   36  -11   36  -11  18  0  0 L3P F7
G06 FF 61062 223800  780 119 3053    +6049304     +7          19    -26   40  66  390 -206   18  +23   18   23  31  0  0 L3P 0D
G09 FF 61062 223800  780 123 2081    -7704372    -45          49    -44   40  80  378 -208   47  +45   47   45  34  0  0 L3P 3B
G17 FF 61062 223800  780 434 2731     +406445    +87          12    -26   36  76  117   +2   23  +26   23   26  25  0  0 L3P EB
G19 FF 61062 223800  780 333 3026    -6868104     +6          20    +23   34  87  147  -13   21  -15   21  -15  28  0  0 L3P 07
G28 FF 61062 223800  780 251  658    +6074498    -33          17    +23   24 168  189   -6   14  -20   14  -20  20  0  0 L3P 14
G31 FF 61062 223800  780 225 1007    +1711626    -26           9     -5   41  55  210  -41   35   +4   35    4  32  0  0 L3P B3
G01 FF 61062 225400  780 549 1411    -3412030    +33           2     -8   20  50   99  +10   22   -2   22   -2  14  0  0 L3P 99
G02 FF 61062 225400  780 242 1423     -224194   -173           3    -91   36  81  196  +53   63  +63   63   63  29  0  0 L3P 05
G03 FF 61062 225400  780 842   70    -5911942   +127          -5    +22   14 130   81   +0   20  -16   20  -16   9  0  0 L3P C9
G04 FF 61062 225400  780 480 1901     -398099    -15           3     +8   38  98  109  -14   42  -24   42  -24  28  0  0 L3P F8
G06 FF 61062 225400  780 183 3067    +6049328    +94          12    +61   46  66  257  -91   24  -44   24  -44  32  0  0 L3P 2D
G09 FF 61062 225400  780 192 2097    -7704387     +8          36    +10   45  80  246  -89   63  -33   63  -33  35  0  0 L3P 28
G17 FF 61062 225400  780 417 2636     +406561   +107          19     -7   17  76  121   +6   25  +13   25   13  14  0  0 L3P E4
G19 FF 61062 225400  780 359 2948    -6868120    -54          21    -37   30  87  138   -7   21  +29   21   29  22  0  0 L3P 18
G28 FF 61062 225400  780 253  583    +6074434     -8           6    +48   28 168  188   +4   20  -36   20  -36  21  0  0 L3P F6
G31 FF 61062 225400  780 266  939    +1711620    -13          23     +7   31  55  180  -24   26   -9   26   -9  25  0  0 L3P D6
G01 FF 61062 231000  780 472 1434    -3411992    -17           0    -58   26  50  110  +14   24  +44   24   44  19  0  0 L3P E9
G02 FF 61062 231000  780 174 1446     -224246     +3          29    +84   35  81  267 +101   47  -68   47  -68  27  0  0 L3P 16
G03 FF 61062 231000  780 793  525    -5911837   +128           0    +23   15 130   82   +2   13  -19   13  -19  12  0  0 L3P E7
G04 FF 61062 231000  780 559 1891     -398110    -26          14     -3   22  98   98  -10   28  +10   28   10  16  0  0 L3P D9
G06 FF 61062 231000  780 248 3073    +6049357    +50           9    +17   43  66  192  -50   27  -16   27  -16  28  0  0 L3P 15
G09 FF 61062 231000  780 263 2116    -7704375    -38          49    -37   36  80  183  -48   37  +11   37   11  28  0  0 L3P 21
G17 FF 61062 231000  780 386 2549     +406670   +132          19    +18   40  76  129  +11   26   -9   26   -9  32  0  0 L3P FF
G19 FF 61062 231000  780 371 2860    -6868139    -25          18     -8   31  87  134   -1   20  +11   20   11  26  0  0 L3P E7
G28 FF 61062 231000  780 241  510    +6074375    -37           0    +18   34 168  197  +14   25   -9   25   -9  25  0  0 L3P EB
G31 FF 61062 231000  780 297  863    +1711588    +42          11    +63   43  55  163  -13   29  -51   29  -51  38  0  0 L3P 11
G01 FF 61062 232600  780 396 1457    -3411968    +40         -15     -1   19  50  126  +21   40   +1   40    1  14  0  0 L3P CE
G02 FF 61062 232600  780 108 1466     -224401   -418         -48   -336   63  81  424 +252  110 +277  110  277  48  0  0 L3P 8A
G03 FF 61062 232600  780 727  694    -5911747   +119         -11    +14   15 130   85   +3   24  -13   24  -13  11  0  0 L3P 0C
G04 FF 61062 232600  780 637 1863     -398144    -29           1     -6   23  98   90   -6   30   +0   30    0  17  0  0 L3P 94
G06 FF 61062 232600  780 315 3071    +6049395     -5          15    -38   37  66  155  -31   20  +26   20   26  26  0  0 L3P FF
G09 FF 61062 232600  780 336 2137    -7704382    -66          43    -65   32  80  146  -29   32  +38   32   38  24  0  0 L3P 24
G17 FF 61062 232600  780 344 2475     +406766   +176           5    +63   22  76  143  +18   39  -30   39  -30  17  0  0 L3P 19
G19 FF 61062 232600  780 367 2768    -6868177    -17          -3     +0   22  87  135   +4   41   +5   41    5  18  0  0 L3P D9
G28 FF 61062 232600  780 217  444    +6074330   -109           9    -54   27 168  217  +28   31  +53   31   53  22  0  0 L3P 13
G31 FF 61062 232600  780 316  780    +1711574     +9          16    +29   37  55  154   -6   20  -22   20  -22  30  0  0 L3P DA
G01 FF 61062 234200  780 322 1479    -3411929   +140         -15    +99   32  50  151  +32   48  -50   48  -50  22  0  0 L3P 33
G03 FF 61062 234200  780 657  791    -5911642    +22          -6    -83   18 130   89   +5   22  +62   22   62  11  0  0 L3P E7
G04 FF 61062 234200  780 712 1795     -398175    -38          -8    -15   26  98   85   -4   35   +3   35    3  19  0  0 L3P CF
G06 FF 61062 234200  780 381 3056    +6049403    +10          -8    -23   28  66  131  -20   32  +12   32   12  20  0  0 L3P EA
G09 FF 61062 234200  780 410 2160    -7704410    +33          16    +34   29  80  123  -19   44  -36   44  -36  23  0  0 L3P 11
G17 FF 61062 234200  780 293 2413     +406889   +127          20    +14   30  76  164  +28   43   +6   43    6  26  0  0 L3P ED
G19 FF 61062 234200  780 347 2679    -6868187    -42           3    -25   27  87  142  +10   34  +26   34   26  21  0  0 L3P 15
G28 FF 61062 234200  780 183  387    +6074272    -56           4     +0   39 168  254  +52   57  +42   57   42  29  0  0 L3P 03
G31 FF 61062 234200  780 321  695    +1711549     -9          11    +12   30  55  152   +1   23  -15   23  -15  22  0  0 L3P CB
G01 FF 61062 235800  780 250 1498    -3411886   +123         -11    +82   30  50  190  +52   53  -27   53  -27  23  0  0 L3P 36
G03 FF 61062 235800  780 588  864    -5911548   +145         -12    +40   24 130   94   +7   27  -30   27  -30  17  0  0 L3P 21
G04 FF 61062 235800  780 776 1621     -398188    -26           0     -3   16  98   83   -2   25   +1   25    1  11  0  0 L3P 9A
G06 FF 61062 235800  780 446 3024    +6049452     +4           9    -29   27  66  115  -13   14  +29   14   29  24  0  0 L3P F6
G09 FF 61062 235800  780 486 2185    -7704397     +2          30     +3   15  80  108  -13   27  -15   27  -15  12  0  0 L3P 00
G17 FF 61062 235800  780 238 2360     +406989   +141          10    +28   31  76  199  +46   58  -14   58  -14  27  0  0 L3P 38
G19 FF 61062 235800  780 314 2598    -6868197     +3           9    +20   36  87  155  +18   41   -5   41   -5  28  0  0 L3P F9
G28 FF 61062 235800  780 141  339    +6074185    -12         -29    +44   53 168  327 +104  104   -5  104   -5  39  0  0 L3P 43
G31 FF 61062 235800  780 311  613    +1711525    -13           7     +8   21  55  156   +8   27   +5   27    5  14  0  0 L3P 99
