CGGTTS     GENERIC DATA FORMAT VERSION = 2E
REV DATE = 2026-01-01                    
RCVR = POLARX5-TR                    R2CGGTTS v8.8    
CH = 99 
IMS = POLARX5-TR                    
LAB = PTB                           
X = +3844059.67 m 
Y =  +709661.67 m 
Z = +5023129.80 m 
FRAME = ITRF
COMMENTS =           IGS RINEX,AUSPOS XYZ          
INT DLY =   31.0 ns (GPS P1),   28.5 ns (GPS P2)     CAL_ID = 1001-2022           
CAB DLY =  205.7 ns 
REF DLY =   56.2 ns
REF = UTC(PTB)                      
CKSUM = 5E

SAT CL  MJD  STTIME TRKL ELV AZTH   REFSV      SRSV     REFSYS    SRSYS  DSG IOE MDTR SMDT MDIO SMDI MSIO SMSI ISG FR HC FRC CK
             hhmmss  s  .1dg .1dg    .1ns     .1ps/s     .1ns    .1ps/s .1ns     .1ns.1ps/s.1ns.1ps/s.1ns.1ps/s.1ns
G01 FF 61051 001400  780 404 1457    -3450911    +28         -37     -6   24 137  124  +20   48  +10   48   10  20  0  0 L3P FC
G02 FF 61051 001400  780 115 1466     -139298   -105         -24    -22   53  11  398 +223   94  +58   94   58  41  0  0 L3P 35
G03 FF 61051 001400  780 732  684    -6017966   +123         -37    +24   22  32   84   +3   37  -16   37  -16  15  0  0 L3P 02
G04 FF 61051 001400  780 636 1859     -373909    -27         -46     -3   17 181   90   -6   44   -9   44   -9  11  0  0 L3P E2
G06 FF 61051 001400  780 307 3072    +6010748     +1         -30    -40   29  22  158  -32   83  +16   83   16  21  0  0 L3P F2
G09 FF 61051 001400  780 325 2137    -7701040    +12         -46    +17   24  15  150  -31   66  -14   66  -14  17  0  0 L3P 12
G17 FF 61051 001400  780 348 2487     +287381    +73         -40    -44   27  80  141  +17   51  +44   51   44  23  0  0 L3P 08
G19 FF 61051 001400  780 368 2771    -6849684    -40         -21    -22   22   2  135   +4   31   -8   31   -8  18  0  0 L3P E4
G28 FF 61051 001400  780 216  444    +6129155     -6         -41    +44   30  18  217  +28  115  -23  115  -23  25  0  0 L3P 16
G31 FF 61051 001400  780 315  780    +1732938    -52         -39    -32   26  45  154   -6   39  +34   39   34  20  0  0 L3P FB
G01 FF 61051 003000  780 329 1478    -3450887    +20         -45    -14   31 137  148  +30   63  +38   63   38  23  0  0 L3P 2B
G03 FF 61051 003000  780 663  785    -6017869    +60         -35    -39   18  32   88   +5   34  +38   34   38  12  0  0 L3P F8
G04 FF 61051 003000  780 711 1791     -373936    -36         -50    -12   15 181   85   -4   40   +2   40    2  10  0  0 L3P BA
G06 FF 61051 003000  780 374 3059    +6010784    +62         -34    +21   36  22  133  -21   68  -48   68  -48  25  0  0 L3P 29
G09 FF 61051 003000  780 399 2160    -7701037    -43         -38    -38   30  15  126  -20   52  +17   52   17  23  0  0 L3P 11
G17 FF 61051 003000  780 299 2423     +287493   +116         -41     -1   23  80  161  +27   56  +12   56   12  17  0  0 L3P FF
G19 FF 61051 003000  780 349 2682    -6849716    -18         -35     +0   29   2  141  +10   44  -10   44  -10  23  0  0 L3P F9
G28 FF 61051 003000  780 183  387    +6129101    -65         -48    -15   41  18  255  +53  114  +20  114   20  32  0  0 L3P 19
G31 FF 61051 003000  780 320  695    +1732919    -21         -39     +0   26  45  152   +1   41  +16   41   16  19  0  0 L3P CF
G01 FF 61051 004600  780 257 1497    -3450828    +65         -19    +31   28 137  185  +49   56  -36   56  -36  22  0  0 L3P 54
G03 FF 61051 004600  780 594  859    -6017779    +83         -39    -16   19  32   94   +7   37   +6   37    6  14  0  0 L3P E6
G04 FF 61051 004600  780 775 1617     -373948    -24         -39     -1   13 181   83   -2   31   -5   31   -5   9  0  0 L3P C4
G06 FF 61051 004600  780 439 3029    +6010820    +83         -37    +42   29  22  117  -14   47  -43   47  -43  23  0  0 L3P 23
G09 FF 61051 004600  780 475 2186    -7701057     +2         -52     +7   27  15  110  -14   53   -2   53   -2  21  0  0 L3P D1
G17 FF 61051 004600  780 244 2369     +287604   +175         -43    +58   24  80  194  +43   68  -36   68  -36  18  0  0 L3P 47
G19 FF 61051 004600  780 316 2601    -6849709     +7         -11    +25   24   2  154  +17   32   -4   32   -4  18  0  0 L3P DA
G28 FF 61051 004600  780 140  339    +6129077   -102         -23    -52   47  18  327 +105  109  +46  109   46  38  0  0 L3P 56
G31 FF 61051 004600  780 310  613    +1732879    -34         -59    -13   25  45  156   +8   63   +0   63    0  18  0  0 L3P CF
G01 FF 61051 010200  780 186 1514    -3450818    +63         -42    +29   31 137  251  +92   80   +8   80    8  25  0  0 L3P 02
G03 FF 61051 010200  780 525  920    -6017674    +98         -30     -1   19  32  102  +10   37   +3   37    3  13  0  0 L3P B8
G04 FF 61051 010200  780 803 1230     -373987    -47         -56    -23   16 181   82   +0   43  +17   43   17  10  0  0 L3P EA
G06 FF 61051 010200  780 499 2977    +6010850    +51         -46    +10   25  22  106   -9   42  -22   42  -22  18  0  0 L3P 08
G09 FF 61051 010200  780 552 2212    -7701056    -12         -46     -7   27  15   99  -10   48   -7   48   -7  18  0  0 L3P E7
G11 FF 61051 010200  780 102 3159    +4785446   -120         -47    +13   35 229  450 -269  169   -7  169   -7  27  0  0 L3P 6D
G17 FF 61051 010200  780 186 2323     +287734   +210         -25    +93   56  80  250  +77   63  -54   63  -54  46  0  0 L3P 30
G19 FF 61051 010200  780 273 2529    -6849744    +40         -28    +58   39   2  175  +29   56  -40   56  -40  31  0  0 L3P 2B
G31 FF 61051 010200  780 286  538    +1732869    -34         -50    -14   27  45  168  +17   56  +10   56   10  22  0  0 L3P 07
G01 FF 61051 011800  780 117 1529    -3450787    -20         -44    -54   47 137  390 +221   83  +53   83   53  36  0  0 L3P 48
G03 FF 61051 011800  780 457  975    -6017583    +82         -34    -17   18  32  113  +13   42  +17   42   17  12  0  0 L3P 05
G04 FF 61051 011800  780 770  870     -373999    -20         -44     +3   15 181   83   +2   36  +10   36   10  11  0  0 L3P C9
G06 FF 61051 011800  780 552 2894    +6010903    +35         -33     -6   25  22   98   -6   26   +6   26    6  18  0  0 L3P C7
G09 FF 61051 011800  780 630 2240    -7701064    -11         -49     -5   16  15   91   -7   44   -3   44   -3  12  0  0 L3P C1
G11 FF 61051 011800  780 164 3153    +4785369   -162           4    -29   38 229  285 -107   88   -5   88   -5  27  0  0 L3P 41
G17 FF 61051 011800  780 127 2283     +287822   +103         -49    -14   46  80  359 +163   89  +27   89   27  37  0  0 L3P 4D
G19 FF 61051 011800  780 223 2468    -6849753    -25         -20     -6   45   2  212  +49   58  +13   58   13  36  0  0 L3P 08
G31 FF 61051 011800  780 250  474    +1732853    +42         -46    +62   28  45  190  +29   64  -33   64  -33  22  0  0 L3P 16
G03 FF 61051 013400  780 390 1025    -6017488   +151         -34    +52   19  32  128  +19   49  -32   49  -32  14  0  0 L3P 36
G04 FF 61051 013400  780 706  722     -374025    -85         -48    -61   20 181   86   +4   38  +41   38   41  14  0  0 L3P E4
G06 FF 61051 013400  780 588 2776    +6010929    +54         -45    +13   19  22   94   -3   35   -7   35   -7  13  0  0 L3P ED
G07 FF 61051 013400  780 130 1780    +1335770    -21         -22    -73   32   7  359 -189   76  +60   76   60  26  0  0 L3P 23
G09 FF 61051 013400  780 708 2266    -7701066    -54         -45    -48   17  15   86   -4   37  +28   37   28  13  0  0 L3P 0F
G11 FF 61051 013400  780 225 3137    +4785214   -141         -23     -8   27 229  211  -55   81  -33   81  -33  19  0  0 L3P 36
G19 FF 61051 013400  780 168 2415    -6849768    -29         -18    -11   32   2  276  +90   64  +22   64   22  24  0  0 L3P 1C
G31 FF 61051 013400  780 206  422    +1732815    -16         -64     +4   39  45  228  +52   88   +0   88    0  29  0  0 L3P D3
G03 FF 61051 015000  780 324 1071    -6017387   +115         -27    +16   25  32  150  +28   53  -12   53  -12  19  0  0 L3P 21
G04 FF 61051 015000  780 635  670     -374047    -17         -47     +7   25 181   90   +6   36   -8   36   -8  18  0  0 L3P C8
G06 FF 61051 015000  780 603 2628    +6010977    +52         -37    +11   18  22   93   +0   31  -11   31  -11  13  0  0 L3P E2
G07 FF 61051 015000  780 199 1770    +1335793    +77         -50    +25   35   7  237  -83   94   -4   94   -4  23  0  0 L3P 08
G09 FF 61051 015000  780 786 2286    -7701067    -24         -41    -18   15  15   82   -2   33  +20   33   20  12  0  0 L3P EB
G11 FF 61051 015000  780 284 3109    +4785062   -142         -47     -9   25 229  170  -33   68  -16   68  -16  17  0  0 L3P 49
G26 FF 61051 015000  780 117  543    +3093357    +57         -33     -5   58  36  389  -47   93   +1   93    1  45  0  0 L3P E6
G31 FF 61051 015000  780 155  382    +1732800     +7         -60    +27   39  45  299 +102   96  -14   96  -14  31  0  0 L3P 16
G03 FF 61051 020600  780 259 1114    -6017303   +156         -39    +57   22  35  184  +44   69  -31   69  -31  18  0  0 L3P 3D
G04 FF 61051 020600  780 563  657     -374060     -6         -36    +18   21 182   97   +8   30  -16   30  -16  15  0  0 L3P DD
G06 FF 61051 020600  780 590 2476    +6011006    +55         -48    +14   14  22   94   +3   46   +5   46    5  10  0  0 L3P C2
G07 FF 61051 020600  780 270 1760    +1335868    +69         -25    +16   38   7  178  -46   66  -25   66  -25  30  0  0 L3P 2D
G09 FF 61051 020600  780 864 2246    -7701081    -11         -49     -6   14  15   81   -1   38   +7   38    7   9  0  0 L3P BA
G11 FF 61051 020600  780 339 3068    +4784957   -144         -29    -11   33 230  145  -20   38   -9   38   -9  25  0  0 L3P 39
G21 FF 61051 020600  780 139 2916    -3776801    -57           5    +25   43 157  334 -146   43  -23   43  -23  35  0  0 L3P 35
G26 FF 61051 020600  780 126  477    +3093417   +121         -27    +59   51  39  362  -11   94  -42   94  -42  38  0  0 L3P 34
G03 FF 61051 022200  780 195 1155    -6017196    +97         -27     -2   32  35  239  +76   55   -5   55   -5  24  0  0 L3P FE
G04 FF 61051 022200  780 491  664     -374075    +20         -29    +44   17 182  107  +12   25  -32   25  -32  12  0  0 L3P 03
G06 FF 61051 022200  780 554 2348    +6011049    +43         -44     +2   23  22   98   +6   46   +1   46    1  17  0  0 L3P B1
G07 FF 61051 022200  780 343 1748    +1335908    +38         -35    -14   26   7  144  -28   59   +3   59    3  20  0  0 L3P EC
G09 FF 61051 022200  780 857  687    -7701087     +0         -50     +6   14  15   81   +1   40   +0   40    0  11  0  0 L3P 84
G11 FF 61051 022200  780 388 3009    +4784827   -132         -31     +1   30 230  129  -13   35   -3   35   -3  21  0  0 L3P 00
G16 FF 61051 022200  780 111  749    -1854204    -13         -36    +64   79   6  413 -130   43  -76   43  -76  57  0  0 L3P 20
G21 FF 61051 022200  780 201 2941    -3776863   -108          22    -26   43 157  235  -73   22  +12   22   12  36  0  0 L3P 25
G26 FF 61051 022200  780 125  411    +3093492    +11         -11    -50   48  39  366  +19   84  +40   84   40  33  0  0 L3P FE
G03 FF 61051 023800  780 133 1193    -6017102    +53         -28    -45   51  35  346 +158   54  +43   54   43  44  0  0 L3P 28
G04 FF 61051 023800  780 422  682     -374090    -28         -21     -4   25 182  120  +16   18   -4   18   -4  17  0  0 L3P D6
G06 FF 61051 023800  780 500 2251    +6011094    +24         -38    -17   34  22  105   +9   44   +9   44    9  27  0  0 L3P D9
G07 FF 61051 023800  780 417 1731    +1335959    +55         -34     +3   28   7  122  -18   47  -10   47  -10  25  0  0 L3P 04
G09 FF 61051 023800  780 781  665    -7701078    -63         -36    -57   18  15   83   +2   27  +36   27   36  13  0  0 L3P FF
G11 FF 61051 023800  780 425 2932    +4784691   -128         -38     +5   21 230  119   -7   32  -13   32  -13  17  0  0 L3P 25
G16 FF 61051 023800  780 142  685    -1854285    -73         -44     +3   45   6  325  -62   31   +6   31    6  34  0  0 L3P C8
G21 FF 61051 023800  780 265 2961    -3776969    -43          -5    +38   28 157  181  -43   41  -56   41  -56  22  0  0 L3P 48
G26 FF 61051 023800  780 113  348    +3093543    +78         -20    +17   44  39  402  +60   83  -22   83  -22  34  0  0 L3P 13
G30 FF 61051 023800  780 166 1935     -838763   -202         -23    -79   44  46  283 -118   66  +45   66   45  36  0  0 L3P 51
G04 FF 61051 025400  780 354  706     -374128     +2         -36    +26   30 182  139  +23   27  -24   27  -24  21  0  0 L3P F8
G06 FF 61051 025400  780 437 2182    +6011138    +34         -33     -7   21  22  117  +15   39  +17   39   17  15  0  0 L3P FC
G07 FF 61051 025400  780 490 1705    +1336004    +68         -39    +16   25   7  107  -12   43  -21   43  -21  19  0  0 L3P 08
G09 FF 61051 025400  780 706  691    -7701091    -52         -42    -46   15  15   86   +4   32  +31   32   31  10  0  0 L3P DA
G11 FF 61051 025400  780 449 2839    +4784569   -167         -33    -34   28 230  114   -3   21  +37   21   37  21  0  0 L3P 37
G16 FF 61051 025400  780 165  617    -1854359   -128         -45    -52   57   6  282  -30   34  +47   34   47  45  0  0 L3P 22
G21 FF 61051 025400  780 332 2976    -3777041    -65           0    +17   33 157  148  -28   25  -28   25  -28  26  0  0 L3P 2C
G30 FF 61051 025400  780 236 1938     -838909   -103         -51    +20   46  46  202  -59   68  -38   68  -38  38  0  0 L3P 49
G04 FF 61051 031000  780 288  734     -374155     +2         -39    +25   24 182  167  +35   31  -12   31  -12  19  0  0 L3P F8
G05 FF 61051 031000  780 109 3049    +2270710    +19         -14    +13   42   2  425 -245   65  -30   65  -30  34  0  0 L3P 0D
G06 FF 61051 031000  780 369 2132    +6011159    +29         -51    -12   25  22  134  +22   55   +6   55    6  18  0  0 L3P E3
G07 FF 61051 031000  780 562 1663    +1336063    +98         -31    +46   20   7   97   -8   34  -35   34  -35  15  0  0 L3P F5
G09 FF 61051 031000  780 633  725    -7701098     -3         -44     +3   18  15   90   +6   33   -3   33   -3  13  0  0 L3P 9E
G11 FF 61051 031000  780 454 2735    +4784431    -72         -43    +61   34 230  113   +1   29  -64   29  -64  25  0  0 L3P 20
G16 FF 61051 031000  780 176  546    -1854405    -23         -18    +53   48   6  264   -9   12  -46   12  -46  37  0  0 L3P FB
G21 FF 61051 031000  780 399 2982    -3777130   -102          -9    -20   20 157  126  -19   21   +9   21    9  16  0  0 L3P 06
G30 FF 61051 031000  780 309 1941     -839016   -106         -40    +16   25  46  158  -35   47  -31   47  -31  20  0  0 L3P 1D
G04 FF 61051 032600  780 225  766     -374174    -61         -35    -37   30 182  210  +57   32  +35   32   35  25  0  0 L3P 04
G05 FF 61051 032600  780 173 3062    +2270720    +13         -11     +6   31   2  271 -102   37  -18   37  -18  26  0  0 L3P FA
G06 FF 61051 032600  780 299 2094    +6011209     -2         -41    -43   39  22  161  +35   51  +46   51   46  29  0  0 L3P 06
G07 FF 61051 032600  780 628 1592    +1336104    +98         -40    +46   13   7   91   -5   37  -36   37  -36   8  0  0 L3P EF
G09 FF 61051 032600  780 561  762    -7701092    +13         -34    +19   17  15   97   +8   25  -12   25  -12  13  0  0 L3P EF
G11 FF 61051 032600  780 441 2631    +4784306   -158         -40    -25   29 230  116   +5   24  +26   24   26  22  0  0 L3P 1E
G16 FF 61051 032600  780 176  474    -1854472    -73         -11     +3   34   6  264   +9    2   -4    2   -4  29  0  0 L3P 9B
G21 FF 61051 032600  780 468 2976    -3777206   -105          -7    -23   22 157  111  -13   14  +20   14   20  16  0  0 L3P 21
G30 FF 61051 032600  780 383 1943     -839145    -75         -51    +48   28  46  131  -23   45  -45   45  -45  21  0  0 L3P 25
G04 FF 61051 034200  780 163  800     -374204    -35         -43    -11   41 182  284 +104   38  +18   38   18  32  0  0 L3P 0C
G05 FF 61051 034200  780 239 3069    +2270709    +33         -28    +26   31   2  200  -54   38  -29   38  -29  20  0  0 L3P 13
G06 FF 61051 034200  780 229 2065    +6011252    +68         -37    +27   42  22  206  +61   57  -12   57  -12  33  0  0 L3P 19
G07 FF 61051 034200  780 684 1470    +1336137    +64         -57    +12   17   7   87   -3   44  -12   44  -12  12  0  0 L3P EC
G09 FF 61051 034200  780 491  801    -7701090     -2         -26     +4   21  15  107  +11   20   -3   20   -3  15  0  0 L3P A7
G11 FF 61051 034200  780 412 2537    +4784166   -158         -53    -25   31 230  123   +9   33  +19   33   19  24  0  0 L3P 28
G16 FF 61051 034200  780 164  406    -1854565   -198         -32   -122   39   6  282  +30   22  +98   22   98  29  0  0 L3P 31
G21 FF 61051 034200  780 537 2952    -3777304    -84         -27     -2   28 157  100   -9   23   +0   23    0  19  0  0 L3P E2
G30 FF 61051 034200  780 458 1943     -839264   -104         -53    +19   32  46  113  -15   36  -26   36  -26  26  0  0 L3P 30
G05 FF 61051 035800  780 306 3066    +2270715     -6         -28    -13   28   2  159  -33   27   -1   27   -1  19  0  0 L3P DF
G06 FF 61051 035800  780 160 2040    +6011280     +1         -49    -40   46  22  290 +121   82  +46   82   46  38  0  0 L3P 0B
G07 FF 61051 035800  780 719 1275    +1336197     -4         -48    -56   12   7   85   -1   31  +28   31   28   9  0  0 L3P D5
G09 FF 61051 035800  780 423  841    -7701104    -49         -34    -44   22  15  120  +16   28  +36   28   36  17  0  0 L3P 09
G11 FF 61051 035800  780 369 2456    +4784038   -137         -53     -4   31 230  134  +15   36   +3   36    3  22  0  0 L3P 07
G16 FF 61051 035800  780 141  343    -1854654    -46         -47    +30   43   6  326  +65   31  -35   31  -35  34  0  0 L3P 07
G21 FF 61051 035800  780 603 2898    -3777387    -85         -31     -3   23 157   93   -6   25   +7   25    7  16  0  0 L3P F6
G30 FF 61051 035800  780 534 1937     -839373   -151         -44    -29   35  46  101  -10   23  +19   23   19  28  0  0 L3P 25
G05 FF 61051 041400  780 373 3051    +2270723    +29         -25    +22   21   3  133  -21   26  -26   26  -26  18  0  0 L3P FD
G07 FF 61051 041400  780 720 1040    +1336246    +63         -54    +11   15  13   85   +1   37   -8   37   -8  11  0  0 L3P CA
G09 FF 61051 041400  780 357  881    -7701095    +55         -24    +61   22  16  138  +23   23  -40   23  -40  18  0  0 L3P 10
G11 FF 61051 041400  780 317 2389    +4783924   -152         -38    -19   31 231  153  +25   26  +25   26   25  24  0  0 L3P 42
G13 FF 61051 041400  780 151 2649    -6899723     -5         -15    -15   35  44  309 -124   28   +7   28    7  33  0  0 L3P 0B
G16 FF 61051 041400  780 108  287    -1854739   -169         -58    -93   38   7  420 +141   46  +81   46   81  26  0  0 L3P 3C
G21 FF 61051 041400  780 660 2795    -3777478    -67         -46    +14   16 158   88   -4   32   -7   32   -7  11  0  0 L3P 10
G30 FF 61051 041400  780 611 1919     -839490   -136         -42    -14   19  62   92   -7   22   +9   22    9  12  0  0 L3P D9
G05 FF 61051 043000  780 439 3019    +2270737    +25         -17    +18   35   3  117  -14   20  -23   20  -23  28  0  0 L3P 01
G07 FF 61051 043000  780 687  851    +1336310   +101         -40    +49   13  13   87   +3   29  -29   29  -29   9  0  0 L3P F5
G09 FF 61051 043000  780 293  921    -7701105    +12         -28    +18   21  16  164  +34   35   -9   35   -9  18  0  0 L3P EF
G11 FF 61051 043000  780 260 2334    +4783787   -218         -48    -85   29 231  183  +40   40  +85   40   85  19  0  0 L3P 50
G13 FF 61051 043000  780 212 2688    -6899706    +27          -7    +16   27  44  223  -64   19  -10   19  -10  21  0  0 L3P 1C
G21 FF 61051 043000  780 699 2621    -3777563    -73         -52     +9   17 158   86   -1   34   -6   34   -6  12  0  0 L3P F6
G30 FF 61051 043000  780 685 1872     -839622   -136         -56    -13   15  62   87   -5   28   +7   28    7  10  0  0 L3P E5
G05 FF 61051 044600  780 500 2964    +2270728    +12         -33     +5   19   3  106   -9   28  -12   28  -12  15  0  0 L3P E7
G07 FF 61051 044600  780 634  738    +1336346    +65         -54    +12   16  13   90   +5   37   -8   37   -8  12  0  0 L3P D6
G09 FF 61051 044600  780 230  960    -7701110    -56         -28    -50   29  16  205  +54   38  +40   38   40  23  0  0 L3P 03
G11 FF 61051 044600  780 200 2288    +4783670   -101         -37    +32   41 231  235  +70   41  -24   41  -24  29  0  0 L3P 3A
G13 FF 61051 044600  780 276 2728    -6899705    -19         -16    -29   28  44  175  -39   20  +21   20   21  23  0  0 L3P 30
G14 FF 61051 044600  780 149 1606    -7280298    -39         -22    -15   43 152  313 -137   58  +19   58   19  32  0  0 L3P 56
G21 FF 61051 044600  780 705 2393    -3777649    -65         -59    +17   17 158   86   +1   40   -6   40   -6  11  0  0 L3P 0A
G30 FF 61051 044600  780 752 1757     -839725   -130         -41     -7   16  62   84   -2   17   +3   17    3  11  0  0 L3P C4
G05 FF 61051 050200  780 552 2878    +2270734    +17         -33    +10   21   3   98   -6   24  -12   24  -12  17  0  0 L3P E3
G07 FF 61051 050200  780 573  679    +1336404    +52         -47     +0   23  13   96   +7   30   -9   30   -9  17  0  0 L3P BA
G09 FF 61051 050200  780 168  999    -7701130    -16         -42    -11   35  16  275  +98   61  +36   61   36  28  0  0 L3P 1C
G11 FF 61051 050200  780 139 2248    +4783568   -193         -11    -60   48 231  332 +143   26  +58   26   58  36  0  0 L3P 5F
G13 FF 61051 050200  780 341 2767    -6899693    -35         -14    -46   29  44  144  -26   17  +27   17   27  23  0  0 L3P 37
G14 FF 61051 050200  780 215 1582    -7280338   -140         -39   -116   45 152  220  -68   63  +72   63   72  33  0  0 L3P 53
G21 FF 61051 050200  780 674 2191    -3777707   -130         -39    -48   21 158   87   +3   25  +36   25   36  14  0  0 L3P 2A
G30 FF 61051 050200  780 798 1474     -839844   -143         -42    -20   16  62   82   -1   17  +16   17   16  10  0  0 L3P F9
G05 FF 61051 053000  780 599 2643    +2270749    +12         -29     +6   22   3   93   -1   24   -9   24   -9  15  0  0 L3P C1
G07 FF 61051 053000  780 458  646    +1336510    +57         -28     +4   20  13  112  +13   19   -1   19   -1  15  0  0 L3P C8
G13 FF 61051 053000  780 460 2835    -6899680    +20         -18    +10   24  44  112  -14   15  -16   15  -16  19  0  0 L3P 22
G14 FF 61051 053000  780 334 1530    -7280365     -5         -27    +19   29 152  147  -27   42  -23   42  -23  22  0  0 L3P 20
G15 FF 61051 053000  780 165 2920    -3755644    -50         -14    -15   28  61  284 -110   17   +8   17    8  25  0  0 L3P 0B
G18 FF 61051 053000  780 125 3296    +4539983   -179         -10    -82   43 196  365  -61   37  +56   37   56  31  0  0 L3P 64
G21 FF 61051 053000  780 569 1994    -3777835    -89         -30     -7   17 158   96   +8   24   +9   24    9  13  0  0 L3P 00
G22 FF 61051 053000  780 197 1640     +601063    -15         -34    +27   32  23  240  -85   48  -45   48  -45  27  0  0 L3P 13
G30 FF 61051 053000  780 755  870     -840050   -117         -43     +5   16  62   83   +2   21   +3   21    3  11  0  0 L3P 91
G05 FF 61051 054600  780 590 2489    +2270747     -6         -38    -13   21   3   94   +2   36  +22   36   22  15  0  0 L3P D6
G07 FF 61051 054600  780 392  649    +1336558    +63         -31    +11   31  13  127  +18   27   +9   27    9  25  0  0 L3P ED
G08 FF 61051 054600  780 105  496    -5055674     +3         -41    -39   47  16  430  -58   53  +42   53   42  33  0  0 L3P 04
G13 FF 61051 054600  780 531 2872    -6899668     -6         -16    -16   22  44  101  -10   12  +21   12   21  16  0  0 L3P 03
G14 FF 61051 054600  780 401 1489    -7280382    -34         -20    -11   20 152  126  -18   36   +9   36    9  16  0  0 L3P 09
G15 FF 61051 054600  780 230 2940    -3755690    -53         -26    -18   30  61  207  -58   29  +14   29   14  21  0  0 L3P 22
G18 FF 61051 054600  780 141 3233    +4539891    -85          -9    +13   33 196  326  -24   29  -25   29  -25  24  0  0 L3P 40
G21 FF 61051 054600  780 496 1940    -3777909    -82         -25     +0   26 158  106  +12   17   -7   17   -7  24  0  0 L3P 17
G22 FF 61051 054600  780 268 1617     +601009    -41         -48     +1   33  23  179  -46   57   -6   57   -6  24  0  0 L3P E9
G30 FF 61051 054600  780 691  759     -840174   -133         -49    -10   17  62   86   +4   22  +14   22   14  11  0  0 L3P E2
G05 FF 61051 060200  780 557 2355    +2270752     +9         -40     +2   25   3   98   +5   41   +1   41    1  19  0  0 L3P 8D
G07 FF 61051 060200  780 327  661    +1336625    +90         -14    +37   16  80  149  +27   23   -2   23   -2  13  0  0 L3P E3
G08 FF 61051 060200  780 114  431    -5055635    +12         -42    -30   50  29  397  -14   51  +18   51   18  35  0  0 L3P FD
G13 FF 61051 060200  780 604 2905    -6899660    +46         -14    +36   15  45   93   -7   14  -24   14  -24  11  0  0 L3P 09
G14 FF 61051 060200  780 465 1434    -7280408    -19         -23     +5   22 153  111  -12   40  -15   40  -15  19  0  0 L3P 11
G15 FF 61051 060200  780 297 2956    -3755725    -61         -29    -26   31  64  163  -35   25  +28   25   28  24  0  0 L3P 34
G18 FF 61051 060200  780 146 3167    +4539785    -92         -22     +6   27 197  315   +1   35  -13   35  -13  21  0  0 L3P 1D
G21 FF 61051 060200  780 421 1906    -3777994    -60         -29    +22   32 159  120  +18   27   -4   27   -4  27  0  0 L3P 1D
G22 FF 61051 060200  780 341 1589     +600960    +16         -52    +58   23  40  144  -28   56  -52   56  -52  18  0  0 L3P 17
G30 FF 61051 060200  780 622  721     -840305   -111         -61    +12   17  70   91   +6   35   -4   35   -4  11  0  0 L3P AE
G05 FF 61051 061800  780 505 2254    +2270768    +27         -31    +20   29   3  105   +9   36   -9   36   -9  23  0  0 L3P E1
G07 FF 61051 061800  780 263  680    +1336673    +53         -16     +1   34  80  181  +41   45  +22   45   22  27  0  0 L3P EF
G08 FF 61051 061800  780 113  366    -5055601    +50         -49     +8   46  29  401  +22   54  -16   54  -16  34  0  0 L3P 03
G13 FF 61051 061800  780 679 2934    -6899650    +29         -14    +19   18  45   87   -5   15   -7   15   -7  12  0  0 L3P 08
G14 FF 61051 061800  780 523 1357    -7280448    -66         -40    -42   28 153  102   -8   47  +27   47   27  22  0  0 L3P 29
G15 FF 61051 061800  780 367 2963    -3755743     -9         -13    +26   23  64  135  -23   16  -17   16  -17  19  0  0 L3P 2C
G18 FF 61051 061800  780 140 3100    +4539686   -114         -26    -17   42 197  329  +27   33  +13   33   13  32  0  0 L3P 3D
G21 FF 61051 061800  780 346 1885    -3778089    -60         -46    +22   32 159  142  +28   54  +10   54   10  25  0  0 L3P 39
G22 FF 61051 061800  780 413 1552     +600919    -51         -52     -9   24  40  123  -18   55   +4   55    4  17  0  0 L3P CC
G30 FF 61051 061800  780 552  715     -840422   -169         -59    -46   19  70   98   +9   39  +47   39   47  14  0  0 L3P 0D
G05 FF 61051 063400  780 442 2181    +2270768    +11         -36     +5   22   3  116  +14   44   +8   44    8  15  0  0 L3P C4
G07 FF 61051 063400  780 201  703    +1336728    +52         -12     +0   41  80  233  +69   72  +36   72   36  34  0  0 L3P EA
G08 FF 61051 063400  780 101  303    -5055549    +62         -38    +20   58  29  444  +72   51   -4   51   -4  38  0  0 L3P F2
G13 FF 61051 063400  780 756 2948    -6899629    -36          -3    -47   23  45   83   -3   10  +38   10   38  16  0  0 L3P 07
G14 FF 61051 063400  780 570 1252    -7280454    -14         -23    +10   19 153   96   -4   40   -1   40   -1  16  0  0 L3P DF
G15 FF 61051 063400  780 438 2960    -3755790    -85         -27    -49   16  64  117  -16   27  +31   27   31  13  0  0 L3P 33
G18 FF 61051 063400  780 122 3035    +4539604    -67         -15    +31   31 197  372  +65   22  -27   22  -27  25  0  0 L3P 3C
G21 FF 61051 063400  780 272 1869    -3778154    -74         -32     +8   36 159  176  +45   60  +10   60   10  30  0  0 L3P 24
G22 FF 61051 063400  780 483 1501     +600878     -7         -53    +35   21  40  108  -12   59  -28   59  -28  16  0  0 L3P 0A
G23 FF 61051 063400  780 101 3280    -5978987    -43           1     +7   53 189  452 -248   35   -8   35   -8  39  0  0 L3P 1E
G30 FF 61051 063400  780 482  724     -840535   -139         -55    -17   16  70  108  +12   48  +25   48   25  12  0  0 L3P 0E
G05 FF 61051 065000  780 375 2129    +2270764    +31         -47    +24   24   3  132  +22   64   +6   64    6  19  0  0 L3P DD
G07 FF 61051 065000  780 141  730    +1336752    +40         -37    -12   50  80  327 +137  143  +58  143   58  36  0  0 L3P 39
G13 FF 61051 065000  780 833 2905    -6899611    +14           5     +4   21  45   81   -1   11   +9   11    9  13  0  0 L3P 9C
G14 FF 61051 065000  780 597 1117    -7280489    -21         -35     +3   18 153   94   -2   57  +11   57   11  14  0  0 L3P FD
G15 FF 61051 065000  780 509 2940    -3755827    -13         -29    +22   16  64  104  -11   29   -7   29   -7  12  0  0 L3P 0C
G21 FF 61051 065000  780 199 1856    -3778223    -17         -23    +65   30 159  235  +82   89   +5   89    5  22  0  0 L3P 29
G22 FF 61051 065000  780 547 1426     +600835    -19         -56    +23   20  40   99   -8   68   -2   68   -2  14  0  0 L3P D6
G23 FF 61051 065000  780 156 3250    -5979048    -35         -12    +15   32 189  298 -101   30  -31   30  -31  26  0  0 L3P 4A
G24 FF 61051 065000  780 117 2585    +1674564   -169         -55    -20   43  34  396 -205   53  +23   53   23  36  0  0 L3P 4D
G30 FF 61051 065000  780 414  743     -840639   -111         -41    +12   25  70  122  +17   54  +12   54   12  18  0  0 L3P F0
G05 FF 61051 070600  780 305 2090    +2270783    +23         -35    +17   33   3  159  +34   81   +4   81    4  28  0  0 L3P DC
G13 FF 61051 070600  780 877 1784    -6899604    +25           3    +15   10  45   81   +0   24  +10   24   10   7  0  0 L3P C4
G14 FF 61051 070600  780 601  968    -7280499    +23         -22    +47   13 153   93   +1   61  -16   61  -16   9  0  0 L3P FD
G15 FF 61051 070600  780 579 2894    -3755866    -85         -35    -50   14  64   96   -7   42  +53   42   53  10  0  0 L3P 1D
G21 FF 61051 070600  780 129 1845    -3778319    -74         -40     +8   32 159  355 +185  174  +84  174   84  27  0  0 L3P 79
G22 FF 61051 070600  780 599 1318     +600802    -64         -48    -22   26  40   93   -4   72  +25   72   25  18  0  0 L3P EC
G23 FF 61051 070600  780 207 3211    -5979091    -86          -7    -36   35 189  228  -52   20  +27   20   27  28  0  0 L3P 2F
G24 FF 61051 070600  780 179 2620    +1674464   -139         -12    +10   40  34  263  -92   22   +0   22    0  31  0  0 L3P F2
G30 FF 61051 070600  780 348  767     -840764   -122         -48     +1   22  70  141  +24   86  +29   86   29  18  0  0 L3P 0A
G05 FF 61051 072200  780 234 2060    +2270799     +2         -26     -4   29   3  202  +58  115  +61  115   61  26  0  0 L3P FA
G13 FF 61051 072200  780 803 1429    -6899611    -41         -14    -51   20  45   82   +2   49  +51   49   51  12  0  0 L3P FA
G14 FF 61051 072200  780 580  832    -7280503    -39          -3    -15   19 153   95   +3   60  +14   60   14  14  0  0 L3P DF
G15 FF 61051 072200  780 641 2803    -3755901    -23         -36    +12   13  64   90   -4   53   +2   53    2  10  0  0 L3P C0
G17 FF 61051 072200  780 143 1208     +290391   +179         -39    +62   51  19  325 -128  287  -94  287  -94  39  0  0 L3P 83
G22 FF 61051 072200  780 633 1170     +600773     +9         -37    +51   21  40   90   -2   72  -35   72  -35  15  0  0 L3P D1
G23 FF 61051 072200  780 250 3159    -5979137    -55          -5     -5   36 189  191  -29   24  +12   24   12  27  0  0 L3P 1C
G24 FF 61051 072200  780 242 2656    +1674291   -154         -42     -5   33  34  197  -51   56  +14   56   14  27  0  0 L3P 24
G30 FF 61051 072200  780 284  795     -840884   -132         -50     -9   28  70  169  +36  123  +50  123   50  24  0  0 L3P 23
G05 FF 61051 073800  780 166 2034    +2270810     +7         -21     +0   39   3  280 +113  177  +83  177   83  31  0  0 L3P 13
G13 FF 61051 073800  780 723 1415    -6899590    -55          -3    -65   15  45   85   +4   58  +66   58   66  12  0  0 L3P 10
G14 FF 61051 073800  780 539  727    -7280538    -12         -15    +11   23 153  100   +6   80   -4   80   -4  15  0  0 L3P EC
G15 FF 61051 073800  780 686 2645    -3755938    -19         -40    +16   15  64   87   -2   66   +5   66    5  11  0  0 L3P F7
G17 FF 61051 073800  780 198 1159     +290511    +74         -31    -43   24  19  237  -64  226  -42  226  -42  23  0  0 L3P 44
G22 FF 61051 073800  780 639  999     +600742    -67         -28    -25   16  40   90   +1   73  +32   73   32  11  0  0 L3P DF
G23 FF 61051 073800  780 285 3095    -5979185    -58          -5     -8   33 189  169  -16   39  +21   39   21  25  0  0 L3P 3B
G24 FF 61051 073800  780 308 2692    +1674176   -178         -15    -29   34  34  158  -32   43  +41   43   41  27  0  0 L3P 41
G30 FF 61051 073800  780 221  826     -841005   -136         -54    -14   32  70  213  +58  170  +60  170   60  22  0  0 L3P 1B
G13 FF 61051 075400  780 644 1429    -6899596    +30         -19    +19   23  45   90   +6   87  +12   87   12  17  0  0 L3P 1A
G14 FF 61051 075400  780 486  655    -7280563    -17         -17     +7   25 153  108  +10   93   -6   93   -6  17  0  0 L3P 08
G15 FF 61051 075400  780 701 2423    -3755975    -15         -43    +21   11  64   86   +0   80   +0   80    0   8  0  0 L3P BA
G17 FF 61051 075400  780 251 1104     +290635   +136         -20    +18   27  19  190  -37  180  -34  180  -34  20  0  0 L3P 40
G19 FF 61051 075400  780 144 1328    -6850178    -43         -15    -25   31  18  323 -131  324 -151  324 -151  24  0  0 L3P 81
G22 FF 61051 075400  780 617  844     +600683    -27         -46    +15   18  40   92   +3   97   -6   97   -6  13  0  0 L3P D0
G23 FF 61051 075400  780 307 3021    -5979244    -83         -15    -33   29 189  158   -8   61  +47   61   47  25  0  0 L3P 3C
G24 FF 61051 075400  780 376 2727    +1674012   -152         -35     -3   27  34  133  -22   77  +25   77   25  22  0  0 L3P 21
G30 FF 61051 075400  780 160  858     -841108   -130         -39     -7   38  70  289 +107  207  +65  207   65  32  0  0 L3P 3E
G10 FF 61051 081000  780 131 3313    +5816717   +118         -45    +89   46  45  351 -111   63  -32   63  -32  35  0  0 L3P 46
G13 FF 61051 081000  780 564 1449    -6899595    +26         -28    +16   16  46   97   +9  107   +1  107    1  12  0  0 L3P 0D
G14 FF 61051 081000  780 425  610    -7280574    -29          -1     -5   23 154  119  +15   99   +8   99    8  17  0  0 L3P E6
G15 FF 61051 081000  780 678 2209    -3756005    -59         -41    -24   24  65   87   +3   86  +18   86   18  18  0  0 L3P 16
G17 FF 61051 081000  780 298 1040     +290719   +125         -51     +8   25  28  162  -22  190   -9  190   -9  22  0  0 L3P 16
G19 FF 61051 081000  780 203 1288    -6850188    -36          -4    -17   35  19  233  -66  228  -41  228  -41  27  0  0 L3P 4E
G22 FF 61051 081000  780 574  729     +600656    -26         -33    +16   22  41   96   +6   95   -4   95   -4  16  0  0 L3P C7
G23 FF 61051 081000  780 316 2940    -5979296    -36         -17    +14   31 190  154   -1   69  -13   69  -13  24  0  0 L3P 38
G24 FF 61051 081000  780 446 2761    +1673866   -158         -38     -9   26  34  115  -15   87  +21   87   21  19  0  0 L3P 36
G10 FF 61051 082600  780 169 3263    +5816737   +113         -53    +85   31  45  275  -55   81  -53   81  -53  24  0  0 L3P 4E
G12 FF 61051 082600  780 156 2163    +6064024    -37         -40    -41   49  72  300 -130  220  -28  220  -28  42  0  0 L3P 4A
G13 FF 61051 082600  780 486 1471    -6899596     -7         -39    -17   22  46  108  +13  130  +33  130   33  18  0  0 L3P 42
G14 FF 61051 082600  780 361  585    -7280612    -28         -16     -5   20 154  137  +22  117  +22  117   22  16  0  0 L3P 25
G15 FF 61051 082600  780 626 2061    -3756046    -37         -48     -2   22  65   91   +5  104   +2  104    2  16  0  0 L3P DF
G17 FF 61051 082600  780 337  966     +290856   +143         -26    +26   27  28  146  -13  152  -49  152  -49  23  0  0 L3P 54
G19 FF 61051 082600  780 261 1242    -6850233    -29         -31    -11   36  19  184  -38  215  -41  215  -41  28  0  0 L3P 50
G22 FF 61051 082600  780 519  655     +600607    -71         -41    -29   20  41  103   +9  107  +23  107   23  15  0  0 L3P F8
G23 FF 61051 082600  780 310 2856    -5979363     -7         -36    +43   30 190  156   +6  103  -13  103  -13  23  0  0 L3P 38
G24 FF 61051 082600  780 518 2793    +1673725   -190         -37    -41   18  34  103  -11   86  +37   86   37  15  0  0 L3P 45
G10 FF 61051 084200  780 198 3204    +5816776    -14         -41    -43   30  45  236  -28   84  +41   84   41  24  0  0 L3P 24
G12 FF 61051 084200  780 225 2185    +6064028     -3         -40     -8   35  72  211  -64  191   +1  191    1  28  0  0 L3P EC
G13 FF 61051 084200  780 409 1493    -6899592    +36         -45    +26   27  46  123  +19  152   -6  152   -6  19  0  0 L3P 46
G14 FF 61051 084200  780 296  575    -7280641     +2         -21    +26   32 154  163  +34  141  +10  141   10  24  0  0 L3P 16
G15 FF 61051 084200  780 559 1972    -3756073    -52         -41    -17   18  65   97   +8  109  +38  109   38  13  0  0 L3P 3F
G17 FF 61051 084200  780 364  884     +290955   +131         -39    +13   18  28  136   -7  142  -28  142  -28  17  0  0 L3P 3B
G19 FF 61051 084200  780 315 1187    -6850243    -13         -24     +6   30  19  154  -24  174  -37  174  -37  24  0  0 L3P 44
G22 FF 61051 084200  780 457  612     +600570    -38         -38     +4   25  41  113  +13  117  +20  117   20  18  0  0 L3P EF
G23 FF 61051 084200  780 290 2776    -5979404    -51         -29     -1   28 190  166  +14  113  +21  113   21  23  0  0 L3P 3F
G24 FF 61051 084200  780 592 2820    +1673585   -126         -33    +23   22  34   94   -8   91  -10   91  -10  17  0  0 L3P 1A
G10 FF 61051 085800  780 217 3137    +5816782    +61         -62    +33   36  45  217  -12  114   -7  114   -7  26  0  0 L3P 2C
G12 FF 61051 085800  780 295 2210    +6064016    +23         -57    +18   35  72  164  -37  181  -40  181  -40  28  0  0 L3P 4D
G13 FF 61051 085800  780 334 1514    -6899578    +85         -41    +74   23  46  146  +30  160  -31  160  -31  16  0  0 L3P 5C
G14 FF 61051 085800  780 231  575    -7280669    -17         -27     +6   42 154  205  +55  182  +36  182   36  30  0  0 L3P 40
G15 FF 61051 085800  780 486 1919    -3756119     +5         -54    +40   34  65  107  +13  133  -28  133  -28  28  0  0 L3P 50
G17 FF 61051 085800  780 378  795     +291045    +96         -62    -21   30  28  132   -2  157   +9  157    9  23  0  0 L3P FF
G19 FF 61051 085800  780 364 1121    -6850259    -30         -23    -11   23  19  136  -15  154   +9  154    9  16  0  0 L3P 24
G22 FF 61051 085800  780 393  591     +600528    -22         -40    +20   29  41  127  +18  134   -4  134   -4  21  0  0 L3P F7
G23 FF 61051 085800  780 257 2701    -5979451    -92         -27    -42   42 190  185  +26  129  +54  129   54  31  0  0 L3P 70
G24 FF 61051 085800  780 668 2840    +1673447   -128         -29    +21   12  34   88   -5   90  -14   90  -14   8  0  0 L3P 1E
G10 FF 61051 091400  780 223 3066    +5816810    +36         -61     +7   30  45  212   +0  126   -3  126   -3  20  0  0 L3P E5
G12 FF 61051 091400  780 367 2238    +6064027     -2         -51     -6   29  72  135  -24  152  -15  152  -15  21  0  0 L3P 20
G13 FF 61051 091400  780 261 1532    -6899571    +48         -44    +38   34  46  183  +48  200  +33  200   33  28  0  0 L3P 49
G14 FF 61051 091400  780 167  583    -7280638    -54          27    -30   46 154  278 +104  176  +86  176   86  36  0  0 L3P 6E
G15 FF 61051 091400  780 411 1886    -3756142    -33         -43     +2   25  65  122  +19  147  +23  147   23  21  0  0 L3P 28
G17 FF 61051 091400  780 376  707     +291169    +61         -50    -56   21  28  132   +3  151  +37  151   37  16  0  0 L3P 0A
G19 FF 61051 091400  780 405 1041    -6850279    +11         -25    +29   25  19  124   -9  150  -18  150  -18  20  0  0 L3P 36
G22 FF 61051 091400  780 328  584     +600488    -93         -39    -51   30  41  148  +27  153  +56  153   56  22  0  0 L3P 28
G23 FF 61051 091400  780 216 2635    -5979487    -10         -15    +40   41 190  218  +44  141  -21  141  -21  32  0  0 L3P 56
G24 FF 61051 091400  780 744 2840    +1673315   -181         -18    -32   17  34   84   -3   84  +22   84   22  12  0  0 L3P 0C
G10 FF 61051 093000  780 217 2993    +5816850    +87         -49    +58   33  45  217  +12  123  -22  123  -22  26  0  0 L3P 51
G12 FF 61051 093000  780 441 2269    +6064035    -30         -47    -34   20  72  116  -16  128  +13  128   13  13  0  0 L3P 2C
G13 FF 61051 093000  780 190 1549    -6899557    +45         -40    +35   41  46  246  +89  243  +32  243   32  30  0  0 L3P 52
G14 FF 61051 093000  780 104  598    -7280672   +179          16   +203  102 154  437 +251  217 -108  217 -108  71  0  0 L3P B0
G15 FF 61051 093000  780 337 1865    -3756184    -20         -51    +15   34  65  145  +29  174   -7  174   -7  28  0  0 L3P 3F
G17 FF 61051 093000  780 359  624     +291274   +175         -58    +58   23  28  138   +8  158  -37  158  -37  19  0  0 L3P 4F
G19 FF 61051 093000  780 432  949    -6850303    -20         -32     -2   19  19  118   -5  145   -1  145   -1  14  0  0 L3P EE
G22 FF 61051 093000  780 265  587     +600459    -23         -28    +19   35  41  180  +41  169  +11  169   11  28  0  0 L3P 1F
G23 FF 61051 093000  780 168 2576    -5979543   -103         -23    -53   36 190  276  +82  170  +71  170   71  30  0  0 L3P 76
G24 FF 61051 093000  780 820 2765    +1673158   -155         -32     -6   14  34   82   -2   94   +6   94    6   9  0  0 L3P D4
G10 FF 61051 094600  780 198 2922    +5816892     -8         -34    -37   34  45  236  +28  123  +40  123   40  29  0  0 L3P 3F
G12 FF 61051 094600  780 516 2302    +6064036    -25         -50    -29   25  72  103  -11  120  +14  120   14  20  0  0 L3P 19
G13 FF 61051 094600  780 121 1562    -6899529   +178         -22   +168   46  46  379 +208  276  -82  276  -82  35  0  0 L3P BA
G15 FF 61051 094600  780 264 1850    -3756215    -22         -48    +14   30  65  181  +47  191   +8  191    8  24  0  0 L3P 2A
G17 FF 61051 094600  780 328  553     +291402   +140         -42    +23   31  28  148  +15  151   -5  151   -5  22  0  0 L3P 05
G19 FF 61051 094600  780 443  849    -6850325     -2         -36    +16   21  19  116   -1  140  -13  140  -13  17  0  0 L3P 13
G22 FF 61051 094600  780 202  599     +600416   -108         -31    -66   37  41  232  +69  198  +94  198   94  32  0  0 L3P 4A
G23 FF 61051 094600  780 116 2524    -5979609    -93         -42    -43   47 190  394 +178  215  +62  215   62  39  0  0 L3P 8C
G24 FF 61051 094600  780 869 2005    +1673002    -99         -45    +50   16  34   81   +0  105  -30  105  -30  10  0  0 L3P 17
G25 FF 61051 094600  780 134 2403    -4506730    +48          -3    +24   56  23  347 -163  196  -32  196  -32  38  0  0 L3P 5B
G32 FF 61051 094600  780 153 3195    +1681137    -55         -57   +114   34 103  304 -115  144  -73  144  -73  24  0  0 L3P 84
G10 FF 61051 100200  780 170 2855    +5816907     +2         -51    -27   33  47  273  +53  149  +36  149   36  25  0  0 L3P 33
G12 FF 61051 100200  780 593 2339    +6064039    +78         -51    +74   22  75   94   -8  113  -61  113  -61  16  0  0 L3P 2B
G15 FF 61051 100200  780 193 1837    -3756267    -80         -69    -45   45  66  242  +85  237  +86  237   86  36  0  0 L3P 6C
G17 FF 61051 100200  780 288  495     +291496    +92         -60    -25   27  29  167  +24  161  +39  161   39  18  0  0 L3P 33
G19 FF 61051 100200  780 436  749    -6850325    -17         -19     +2   19  57  117   +3  123  -13  123  -13  16  0  0 L3P 11
G22 FF 61051 100200  780 141  616     +600362   -119         -45    -77   65  42  327 +137  230  +67  230   67  54  0  0 L3P 38
G24 FF 61051 100200  780 808 1454    +1672874   -213         -30    -64   17  35   82   +2   99  +41   99   41  12  0  0 L3P 10
G25 FF 61051 100200  780 198 2437    -4506716    -74          -8    -97   37  24  238  -77  177  +39  177   39  27  0  0 L3P 60
G32 FF 61051 100200  780 210 3171    +1681002   -168         -34     +2   33 104  225  -58  126   -6  126   -6  22  0  0 L3P 19
G10 FF 61051 101800  780 132 2793    +5816911    -22         -75    -51   32  47  346 +104  188  +59  188   59  24  0  0 L3P 67
G12 FF 61051 101800  780 670 2380    +6064049     -9         -45    -14   16  75   88   -5  107   +5  107    5  12  0  0 L3P E8
G15 FF 61051 101800  780 125 1826    -3756272     -8         -39    +27   37  66  366 +190  245   -1  245   -1  32  0  0 L3P 37
G17 FF 61051 101800  780 240  451     +291637    +46         -32    -71   31  29  198  +41  151  +75  151   75  24  0  0 L3P 1B
G19 FF 61051 101800  780 413  659    -6850357    -53         -34    -35   25  57  122   +8  127  +14  127   14  19  0  0 L3P 29
G24 FF 61051 101800  780 730 1397    +1672745   -201         -17    -52   15  35   84   +4   94  +41   94   41  11  0  0 L3P 0A
G25 FF 61051 101800  780 263 2472    -4506713     -3         -28    -27   32  24  182  -44  165  -20  165  -20  23  0  0 L3P 33
G32 FF 61051 101800  780 264 3136    +1680855   -219         -18    -50   39 104  182  -34  109  +39  109   39  30  0  0 L3P 6D
G06 FF 61051 103400  780 149  907    +6012277    -18         -26    -59   50 100  311  -93  236  +12  236   12  40  0  0 L3P 33
G12 FF 61051 103400  780 747 2429    +6064076     +6         -24     +2   16  75   84   -3   84   +0   84    0  10  0  0 L3P A8
G17 FF 61051 103400  780 186  418     +291745   +154         -36    +36   40  29  250  +72  165   -6  165   -6  32  0  0 L3P 1D
G19 FF 61051 103400  780 375  584    -6850378     +4         -37    +22   29  57  132  +14  131  -17  131  -17  24  0  0 L3P 2E
G24 FF 61051 103400  780 651 1396    +1672584   -120         -35    +29   18  35   89   +6  109  -15  109  -15  13  0  0 L3P 43
G25 FF 61051 103400  780 331 2510    -4506685    +20         -22     -4   31  24  148  -28  135  -20  135  -20  24  0  0 L3P 1E
G32 FF 61051 103400  780 311 3087    +1680675   -130         -36    +39   32 104  156  -21  121  -34  121  -34  23  0  0 L3P 57
G06 FF 61051 105000  780 191  847    +6012309    +24         -33    -17   34 100  245  -49  199  -10  199  -10  26  0  0 L3P 48
G12 FF 61051 105000  780 825 2509    +6064073     +2         -30     -3   18  75   82   -2   87   +2   87    2  14  0  0 L3P A8
G17 FF 61051 105000  780 130  397     +291845   +117         -48     -1   51  29  353 +152  195  +36  195   36  41  0  0 L3P 35
G19 FF 61051 105000  780 326  526    -6850386     -9         -28     +9   25  57  149  +22  135  +11  135   11  19  0  0 L3P 13
G24 FF 61051 105000  780 573 1409    +1672442   -107         -34    +42   20  35   96   +9  114  -21  114  -21  15  0  0 L3P 25
G25 FF 61051 105000  780 399 2550    -4506673    -24         -34    -48   24  24  126  -19  126  +13  126   13  18  0  0 L3P 42
G32 FF 61051 105000  780 351 3023    +1680518   -146         -30    +23   22 104  141  -12  116  -15  116  -15  17  0  0 L3P 47
G06 FF 61051 110600  780 226  779    +6012359    +50         -22     +9   38 100  210  -27  170  -32  170  -32  27  0  0 L3P 29
G11 FF 61051 110600  780 119 1198    +4780642   -111         -27    +22   45 235  389 -180  264 -110  264 -110  36  0  0 L3P A1
G12 FF 61051 110600  780 889 3520    +6064073    -22         -35    -27   16  75   81   +0   90  +19   90   19  12  0  0 L3P F8
G19 FF 61051 110600  780 270  485    -6850419    +22         -43    +40   31  57  177  +36  164   +4  164    4  23  0  0 L3P 0B
G24 FF 61051 110600  780 496 1427    +1672304   -130         -29    +19   23  35  106  +12  117   -8  117   -8  18  0  0 L3P 34
G25 FF 61051 110600  780 469 2592    -4506639    +43         -23    +19   21  24  111  -13  106  -28  106  -28  14  0  0 L3P 47
G32 FF 61051 110600  780 378 2946    +1680368   -130         -18    +39   22 104  132   -6  105  -41  105  -41  19  0  0 L3P 57
G06 FF 61051 112200  780 250  706    +6012383     +0         -38    -41   27 100  191  -14  173  +33  173   33  20  0  0 L3P 0B
G11 FF 61051 112200  780 174 1152    +4780520   -154         -22    -21   39 235  270  -83  205   -1  205   -1  29  0  0 L3P 34
G12 FF 61051 112200  780 819  624    +6064092    +20         -20    +15   14  75   82   +2   78  -14   78  -14  10  0  0 L3P E3
G19 FF 61051 112200  780 210  457    -6850416    +52         -23    +70   38  57  223  +63  167  -39  167  -39  28  0  0 L3P 4C
G24 FF 61051 112200  780 421 1447    +1672156   -148         -34     +1   30  35  120  +18  132  +12  132   12  24  0  0 L3P 17
G25 FF 61051 112200  780 540 2637    -4506604    +42         -10    +18   22  24  100   -9   89  -28   89  -28  16  0  0 L3P 17
G28 FF 61051 112200  780 137 3050    +6127165    -44         -17     +7   31  23  341 -157  148  -22  148  -22  24  0  0 L3P 41
G29 FF 61051 112200  780 168 1999    +3948338    -94          -2    -30   37  51  279 -116  211  -58  211  -58  30  0  0 L3P 6A
G32 FF 61051 112200  780 391 2858    +1680209   -189         -14    -20   21 104  128   -2  104  +34  104   34  14  0  0 L3P 3C
G06 FF 61051 113800  780 262  630    +6012424    -40         -36    -81   43 100  182   -4  163  +58  163   58  33  0  0 L3P 22
G11 FF 61051 113800  780 226 1100    +4780373    -85         -41    +48   28 235  210  -46  198  -78  198  -78  23  0  0 L3P 76
G12 FF 61051 113800  780 744  701    +6064080    +53         -36    +49   18  75   84   +3   94  -27   94  -27  11  0  0 L3P 00
G19 FF 61051 113800  780 148  441    -6850410    -58           0    -39   26  57  311 +129  170  +60  170   60  22  0  0 L3P 1E
G24 FF 61051 113800  780 347 1466    +1672028    -74         -19    +75   22  35  141  +27  141  -33  141  -33  18  0  0 L3P 4C
G25 FF 61051 113800  780 613 2686    -4506593    +17         -22     -6   24  24   92   -7   90   -1   90   -1  18  0  0 L3P D8
G28 FF 61051 113800  780 200 3058    +6127093   -100         -40    -49   46  23  236  -75  148  +30  148   30  34  0  0 L3P 4C
G29 FF 61051 113800  780 240 2010    +3948291     -1          12    +62   37  51  199  -59  152 -101  152 -101  31  0  0 L3P 42
G32 FF 61051 113800  780 388 2766    +1680047   -165         -13     +4   27 104  129   +3  102  -10  102  -10  25  0  0 L3P 37
G06 FF 61051 115400  780 260  553    +6012464    +99         -35    +59   39 100  183   +5  158  -48  158  -48  29  0  0 L3P 53
G11 FF 61051 115400  780 274 1039    +4780261   -150         -25    -17   25 235  175  -27  161  -19  161  -19  19  0  0 L3P 74
G12 FF 61051 115400  780 670  755    +6064092    -15         -29    -20   17  75   88   +5   95  +31   95   31  12  0  0 L3P F0
G24 FF 61051 115400  780 276 1484    +1671888   -102         -16    +47   30  35  174  +42  169   -5  169   -5  24  0  0 L3P 4D
G25 FF 61051 115400  780 687 2742    -4506579    +41         -32    +18   21  24   87   -5   92  -13   92  -13  14  0  0 L3P 12
G28 FF 61051 115400  780 265 3059    +6127043    -76         -41    -25   26  23  181  -43  145   +3  145    3  19  0  0 L3P 1D
G29 FF 61051 115400  780 313 2022    +3948209    -49          -9    +15   25  51  156  -35  147  -29  147  -29  21  0  0 L3P 49
G32 FF 61051 115400  780 370 2676    +1679879   -142         -19    +28   23 104  134   +8  115  -20  115  -20  19  0  0 L3P 62
G06 FF 61051 121000  780 246  480    +6012517    +71         -22    +30   30 100  193  +16  154  -22  154  -22  23  0  0 L3P 21
G11 FF 61051 121000  780 315  969    +4780118   -137         -41     -4   26 235  154  -17  158   +0  158    0  21  0  0 L3P 13
G12 FF 61051 121000  780 597  802    +6064103    -20         -22    -25   17  75   93   +7   96  +26   96   26  11  0  0 L3P E4
G24 FF 61051 121000  780 207 1501    +1671733    -96         -32    +53   31  36  227  +73  218   -5  218   -5  25  0  0 L3P 1E
G25 FF 61051 121000  780 761 2815    -4506557     -1         -32    -25   20  24   83   -3   92  +11   92   11  13  0  0 L3P D4
G28 FF 61051 121000  780 331 3050    +6127001    -66         -34    -15   26  23  148  -27  134   +7  134    7  17  0  0 L3P 08
G29 FF 61051 121000  780 388 2035    +3948148    -57          -9     +7   25  51  129  -22  128  -20  128  -20  18  0  0 L3P 32
G32 FF 61051 121000  780 337 2595    +1679712   -182         -23    -13   36 104  145  +15  132  +20  132   20  29  0  0 L3P 4F
G06 FF 61051 122600  780 219  415    +6012511    +79         -67    +39   43 100  215  +31  195  -13  195  -13  27  0  0 L3P 44
G11 FF 61051 122600  780 345  890    +4780015   -133         -16     +0   31 235  142   -9  128  -22  128  -22  26  0  0 L3P 2A
G12 FF 61051 122600  780 526  847    +6064096    +24         -34    +20   17  75  102  +10  117   -9  117   -9  11  0  0 L3P 0B
G24 FF 61051 122600  780 139 1515    +1671591   -192         -30    -43   39  36  331 +154  280 +138  280  138  30  0  0 L3P 89
G25 FF 61051 122600  780 834 2965    -4506535     +7         -33    -17   12  24   81   -1   94  +11   94   11   8  0  0 L3P D9
G28 FF 61051 122600  780 395 3027    +6126958    -89         -28    -38   23  23  127  -18  126  +32  126   32  20  0  0 L3P 50
G29 FF 61051 122600  780 465 2047    +3948070    -80         -26    -16   29  51  112  -15  130   +5  130    5  21  0  0 L3P 10
G31 FF 61051 122600  780 101 3119    +1732061    -73         -19    -53   32  67  455 -284  206  +39  206   39  22  0  0 L3P 51
G32 FF 61051 122600  780 294 2523    +1679548   -134         -24    +35   30 104  164  +25  155   +3  155    3  25  0  0 L3P 3A
G06 FF 61051 124200  780 182  359    +6012571     -3         -46    -44   37 100  256  +57  180  +22  180   22  28  0  0 L3P 24
G11 FF 61051 124200  780 363  804    +4779874   -129         -29     +4   23 235  136   -3  139   +4  139    4  18  0  0 L3P 19
G12 FF 61051 124200  780 457  890    +6064103    +34         -31    +29   21  75  113  +14  125  -19  125  -19  16  0  0 L3P 2C
G25 FF 61051 124200  780 873  416    -4506520     -4         -41    -28   14  24   81   +0  103  +26  103   26  10  0  0 L3P DB
G28 FF 61051 124200  780 457 2986    +6126900    -29         -36    +22   22  23  113  -12  124  -21  124  -21  15  0  0 L3P 3C
G29 FF 61051 124200  780 543 2058    +3948017    -53         -17    +11   31  51  100  -10  111  -28  111  -28  23  0  0 L3P 31
G31 FF 61051 124200  780 166 3118    +1732028    -88         -33    -67   46  67  283 -110  199  +29  199   29  35  0  0 L3P 73
G32 FF 61051 124200  780 244 2462    +1679385   -213         -24    -44   36 104  194  +41  185  +75  185   75  28  0  0 L3P 76
G06 FF 61051 125800  780 137  313    +6012617    +82         -39    +41   49 100  335 +115  172  -16  172  -16  34  0  0 L3P 54
G11 FF 61051 125800  780 365  715    +4779725   -148         -50    -15   17 235  136   +2  143   +2  143    2  13  0  0 L3P 1A
G12 FF 61051 125800  780 389  932    +6064102    +80         -37    +76   22  75  128  +19  138  -47  138  -47  16  0  0 L3P 52
G25 FF 61051 125800  780 807  897    -4506481     +1         -25    -23   22  24   82   +2   93   +4   93    4  16  0  0 L3P BA
G28 FF 61051 125800  780 512 2919    +6126854   -104         -34    -52   28  23  104   -8  114  +27  114   27  21  0  0 L3P 3F
G29 FF 61051 125800  780 622 2063    +3947936    -38         -38    +25   26  51   91   -7  122  -31  122  -31  18  0  0 L3P 35
G31 FF 61051 125800  780 230 3107    +1731990    +54         -51    +74   33  67  207  -56  190  -65  190  -65  25  0  0 L3P 57
G32 FF 61051 125800  780 189 2410    +1679212   -131         -35    +38   38 104  247  +72  224  +18  224   18  29  0  0 L3P 69
G11 FF 61051 131400  780 352  631    +4779602   -137         -46     -4   26 235  140   +7  137   +6  137    6  19  0  0 L3P 0B
G12 FF 61051 131400  780 323  973    +6064103    -77         -40    -82   26  75  151  +28  152  +82  152   82  21  0  0 L3P 29
G25 FF 61051 131400  780 733 1000    -4506463    -33         -30    -57   19  24   84   +3   97  +38   97   38  12  0  0 L3P FF
G28 FF 61051 131400  780 556 2822    +6126806     +6         -32    +57   22  23   98   -4  110  -39  110  -39  13  0  0 L3P 16
G29 FF 61051 131400  780 701 2051    +3947894    -42         -18    +22   18  51   86   -4   99  -21   99  -21  13  0  0 L3P 17
G31 FF 61051 131400  780 294 3085    +1731993    -20         -28     +1   32  67  165  -33  155  -17  155  -17  26  0  0 L3P 41
G32 FF 61051 131400  780 132 2364    +1679045   -204         -40    -35   52 104  348 +149  274  +57  274   57  39  0  0 L3P 82
G11 FF 61051 133000  780 324  556    +4779488    -86         -32    +47   24 235  150  +14  130  -34  130  -34  18  0  0 L3P 4C
G12 FF 61051 133000  780 259 1013    +6064092    -46         -55    -51   24  75  184  +43  181  +76  181   76  18  0  0 L3P 47
G25 FF 61051 133000  780 658 1063    -4506437    +77         -27    +53   18  24   88   +5   99  -36   99  -36  11  0  0 L3P 26
G26 FF 61051 133000  780 182 2888    +3095944   +118          -9    +57   40   3  258  -89  212  -84  212  -84  32  0  0 L3P 56
G28 FF 61051 133000  780 581 2693    +6126753    -59         -36     -7   21  23   95   -2  114   +1  114    1  16  0  0 L3P E4
G29 FF 61051 133000  780 778 1990    +3947811     -7         -40    +57   20  51   83   -2  109  -39  109  -39  13  0  0 L3P 2D
G31 FF 61051 133000  780 354 3049    +1731944    -50         -58    -30   29  67  140  -21  155  +10  155   10  23  0  0 L3P 2E
G11 FF 61051 134600  780 285  493    +4779338   -136         -54     -3   36 235  168  +24  159  +25  159   25  24  0  0 L3P 5E
G12 FF 61051 134600  780 196 1052    +6064117    +49         -34    +44   29  75  238  +74  201  +11  201   11  23  0  0 L3P 2E
G18 FF 61051 134600  780 126 1805    +4537092   -100          -8     -2   64 200  368 -200  247  -47  247  -47  49  0  0 L3P 6A
G25 FF 61051 134600  780 585 1113    -4506437     -8         -49    -32   19  24   95   +8  114  +16  114   16  14  0  0 L3P 11
G26 FF 61051 134600  780 247 2909    +3095994    -10         -18    -71   42   3  193  -50  179  +19  179   19  31  0  0 L3P 4D
G28 FF 61051 134600  780 582 2549    +6126693    -78         -48    -27   22  24   95   +1  120  +27  120   27  14  0  0 L3P 2C
G29 FF 61051 134600  780 843 1689    +3947785    -85          -5    -22   18  51   81   -1   82  +19   82   19  12  0  0 L3P 0D
G31 FF 61051 134600  780 409 2994    +1731937    -15         -45     +5   19  67  124  -13  135  -21  135  -21  15  0  0 L3P 3F
G11 FF 61051 140200  780 238  444    +4779223   -189         -38    -56   38 237  199  +41  157  +72  157   72  27  0  0 L3P 76
G12 FF 61051 140200  780 135 1089    +6064162   +274          -3   +269  130   9  341 +150  193 -146  193 -146  88  0  0 L3P 9B
G18 FF 61051 140200  780 197 1798    +4537012   -141          -1    -43   47 202  240  -87  201   +9  201    9  34  0  0 L3P 29
G21 FF 61051 140200  780 116  670    -3780359    -99         -46    -17   42 163  392 -100  197  -16  197  -16  32  0  0 L3P 73
G25 FF 61051 140200  780 512 1157    -4506405    -15         -32    -39   21  36  104  +11  116  +30  116   30  16  0  0 L3P 1B
G26 FF 61051 140200  780 314 2925    +3096056    +37         -15    -24   31   3  155  -31  145  -13  145  -13  23  0  0 L3P 28
G28 FF 61051 140200  780 558 2413    +6126647    -56         -51     -5   31  26   98   +4  117  +17  117   17  22  0  0 L3P 10
G29 FF 61051 140200  780 832  934    +3947732    -46           9    +18   11  54   81   +1   73  -13   73  -13   8  0  0 L3P CD
G31 FF 61051 140200  780 454 2919    +1731904    -46         -36    -25   25   0  114   -8  121  +22  121   22  18  0  0 L3P 06
G04 FF 61051 141800  780 110 3287     -375121    -47         -46    -24   47 188  413  -27  221  +31  221   31  34  0  0 L3P 36
G05 FF 61051 141800  780 147  911    +2270961    -47         -26    -53   49  22  315  -94  209   +4  209    4  37  0  0 L3P 17
G11 FF 61051 141800  780 184  408    +4779086   -164         -48    -31   49 237  253  +75  165   -9  165   -9  34  0  0 L3P 62
G18 FF 61051 141800  780 269 1792    +4536878   -129         -41    -32   31 202  179  -47  196   +3  196    3  26  0  0 L3P 64
G21 FF 61051 141800  780 142  607    -3780433    -64         -42    +18   47 163  324  -48  173  -44  173  -44  36  0  0 L3P 5A
G25 FF 61051 141800  780 440 1196    -4506393    +22         -43     -2   22  36  116  +15  132  +24  132   24  18  0  0 L3P 1B
G26 FF 61051 141800  780 382 2934    +3096101    +30         -29    -31   26   3  131  -21  137  +12  137   12  19  0  0 L3P 1A
G28 FF 61051 141800  780 515 2303    +6126607    -33         -42    +18   27  26  103   +8  118   -2  118   -2  20  0  0 L3P 06
G29 FF 61051 141800  780 765  727    +3947642    -81         -21    -18   17  54   83   +3   92  +28   92   28  12  0  0 L3P 05
G31 FF 61051 141800  780 484 2822    +1731878    -14         -42     +6   23   0  108   -4  121  -12  121  -12  17  0  0 L3P 01
G04 FF 61051 143400  780 112 3222     -375153    -15         -60     +9   44 189  406  +12  251  +13  251   13  30  0  0 L3P 12
G05 FF 61051 143400  780 189  850    +2270964    +15         -29     +8   33  22  248  -49  187  -34  187  -34  26  0  0 L3P 45
G11 FF 61051 143400  780 127  383    +4778975   -136         -31     -3   44 237  361 +162  126  -60  126  -60  30  0  0 L3P 63
G16 FF 61051 143400  780 109 2940    -1857558   -127         -39    -51   45  59  422 -242  275   +9  275    9  36  0  0 L3P 67
G18 FF 61051 143400  780 344 1784    +4536796    -96         -29     +1   30 202  143  -29  161  -35  161  -35  23  0  0 L3P 5B
G21 FF 61051 143400  780 158  540    -3780517   -122         -47    -41   43 163  292  -20  152  +21  152   21  34  0  0 L3P 41
G25 FF 61051 143400  780 370 1233    -4506369    +31         -42     +7   24  36  134  +22  143   -1  143   -1  18  0  0 L3P 01
G26 FF 61051 143400  780 452 2933    +3096154    +18         -35    -43   24   3  114  -14  131  +17  131   17  18  0  0 L3P 21
G28 FF 61051 143400  780 458 2221    +6126552    -75         -48    -24   27  26  112  +12  135  +34  135   34  20  0  0 L3P 37
G29 FF 61051 143400  780 691  689    +3947572    -79         -30    -15   21  54   86   +4  101   +6  101    6  14  0  0 L3P F5
G31 FF 61051 143400  780 496 2710    +1731857    -32         -43    -11   24   0  106   +0  128  +10  128   10  15  0  0 L3P FC
G04 FF 61051 145000  780 103 3158     -375190    -77         -74    -53   36 189  437  +57  274  +64  274   64  29  0  0 L3P 63
G05 FF 61051 145000  780 222  783    +2270967    -21         -32    -28   28  22  212  -27  164   +3  164    3  23  0  0 L3P FF
G16 FF 61051 145000  780 174 2963    -1857628    -93         -36    -17   39  59  270 -101  240  -31  240  -31  29  0  0 L3P 70
G18 FF 61051 145000  780 420 1772    +4536702    -86         -29    +11   30 202  121  -19  135  -24  135  -24  23  0  0 L3P 4D
G21 FF 61051 145000  780 164  473    -3780578   -121         -29    -39   49 163  283   +0  123   -2  123   -2  34  0  0 L3P 29
G25 FF 61051 145000  780 301 1267    -4506348     +7         -44    -17   22  36  160  +34  165  +41  165   41  16  0  0 L3P 24
G26 FF 61051 145000  780 521 2916    +3096205    +89         -43    +28   19   3  102  -10  126  -22  126  -22  14  0  0 L3P 2A
G28 FF 61051 145000  780 394 2161    +6126511    -71         -39    -19   25  26  127  +18  141  +36  141   36  20  0  0 L3P 3A
G29 FF 61051 145000  780 617  692    +3947504    -34         -36    +30   20  54   92   +6  106  -14  106  -14  14  0  0 L3P 13
G31 FF 61051 145000  780 488 2595    +1731839    -27         -42     -6   20   0  107   +3  129  +15  129   15  15  0  0 L3P 09
G05 FF 61051 150600  780 246  709    +2270985     +8         -21     +1   31  22  193  -14  138  -16  138  -16  24  0  0 L3P 13
G16 FF 61051 150600  780 240 2980    -1857672    -27          -6    +49   39  59  199  -54  182  -81  182  -81  34  0  0 L3P 68
G18 FF 61051 150600  780 497 1752    +4536597   -103         -40     -5   27 202  106  -13  136   -5  136   -5  20  0  0 L3P 3B
G21 FF 61051 150600  780 158  406    -3780663   -117         -36    -35   31 163  293  +21  101   -2  101   -2  26  0  0 L3P 28
G25 FF 61051 150600  780 234 1298    -4506319    +51         -38    +27   45  36  202  +55  186  +10  186   10  35  0  0 L3P 42
G26 FF 61051 150600  780 589 2873    +3096281    +67         -26     +6   13   3   94   -7  114   +2  114    2   9  0  0 L3P CE
G28 FF 61051 150600  780 327 2116    +6126472    -27         -29    +24   34  26  149  +29  161  +24  161   24  25  0  0 L3P 41
G29 FF 61051 150600  780 545  711    +3947438    -52         -41    +12   17  54   99   +9  111   -8  111   -8  13  0  0 L3P FC
G31 FF 61051 150600  780 460 2490    +1731827    -64         -34    -43   23   0  112   +7  128  +34  128   34  16  0  0 L3P 0F
G05 FF 61051 152200  780 258  632    +2270985    -63         -28    -69   38  22  185   -4  119  +21  119   21  30  0  0 L3P 24
G16 FF 61051 152200  780 309 2992    -1857787    -63         -49    +13   37  59  158  -33  175  -53  175  -53  29  0  0 L3P 80
G18 FF 61051 152200  780 573 1716    +4536515    -61         -28    +36   26 202   96   -8  115  -50  115  -50  19  0  0 L3P 42
G21 FF 61051 152200  780 141  343    -3780730    -33         -24    +49   40 163  326  +51   52  -79   52  -79  31  0  0 L3P 28
G25 FF 61051 152200  780 168 1326    -4506295    +38         -37    +15   36  36  276 +104  211   -3  211   -3  29  0  0 L3P 38
G26 FF 61051 152200  780 650 2788    +3096318    +20         -47    -41   11   3   89   -4  123  +15  123   15   7  0  0 L3P F5
G28 FF 61051 152200  780 258 2081    +6126416    -62         -36    -11   28  26  185  +47  199  +44  199   44  24  0  0 L3P 58
G29 FF 61051 152200  780 475  738    +3947378    -19         -40    +44   19  54  109  +13  109  -36  109  -36  15  0  0 L3P 56
G31 FF 61051 152200  780 418 2402    +1731804    -11         -37    +10   29   0  121  +12  142   +3  142    3  20  0  0 L3P D4
G05 FF 61051 153800  780 256  555    +2270982    +21         -38    +14   25  22  186   +6  105  -30  105  -30  21  0  0 L3P 19
G16 FF 61051 153800  780 379 2994    -1857855    -85         -44     -9   24  59  132  -22  146  -30  146  -30  19  0  0 L3P 65
G18 FF 61051 153800  780 645 1649    +4536417    -92         -33     +6   21 202   90   -5  106  -25  106  -25  14  0  0 L3P 2D
G21 FF 61051 153800  780 114  286    -3780825   -140         -41    -59   35 163  400 +108   43  +39   43   39  28  0  0 L3P 4A
G25 FF 61051 153800  780 104 1352    -4506269    +21         -33     -3   44  36  436 +256  215   +0  215    0  34  0  0 L3P 0C
G26 FF 61051 153800  780 697 2635    +3096377    +45         -48    -16   20   3   86   -2  113   +1  113    1  14  0  0 L3P EA
G27 FF 61051 153800  780 101 2648     +166162     +9         -12    -65   41  53  454 -266  296  -10  296  -10  34  0  0 L3P 45
G28 FF 61051 153800  780 190 2052    +6126375    -13         -28    +38   46  26  246  +85  229   +7  229    7  37  0  0 L3P 36
G29 FF 61051 153800  780 406  769    +3947316     +4         -41    +67   22  54  124  +17  104  -62  104  -62  16  0  0 L3P 31
G31 FF 61051 153800  780 365 2331    +1731770    +71         -52    +91   22   0  135  +18  163  -59  163  -59  16  0  0 L3P 3D
G05 FF 61051 155400  780 240  482    +2270999    +64         -26    +57   32  22  197  +17   82  -62   82  -62  25  0  0 L3P 2A
G16 FF 61051 155400  780 450 2984    -1857925    -36         -40    +40   24  59  114  -15  115  -52  115  -52  17  0  0 L3P 57
G18 FF 61051 155400  780 707 1519    +4536323    -83         -33    +15   21 202   86   -3   95  -25   95  -25  14  0  0 L3P 23
G23 FF 61051 155400  780 137 1464    -5980695    -53         -28     -3   56 194  341 -161  187  -51  187  -51  48  0  0 L3P 87
G26 FF 61051 155400  780 714 2412    +3096433    +18         -50    -44   20   3   85   +0  102  +18  102   18  14  0  0 L3P F1
G27 FF 61051 155400  780 162 2685     +166216    +71         -29     -3   33  53  288 -109  247  -48  247  -48  25  0  0 L3P 5A
G28 FF 61051 155400  780 124 2027    +6126309     -9         -44    +42   39  26  371 +192  263  -16  263  -16  36  0  0 L3P 58
G29 FF 61051 155400  780 340  803    +3947244   -103         -52    -40   23  54  144  +25  107  +33  107   33  18  0  0 L3P 35
G31 FF 61051 155400  780 307 2275    +1731765     +0         -37    +20   25   0  158  +29  172   +9  172    9  20  0  0 L3P F1
G05 FF 61051 161000  780 213  416    +2270988    +55         -42    +48   32  26  221  +33   78  -56   78  -56  21  0  0 L3P 1E
G16 FF 61051 161000  780 520 2954    -1858006    -87         -47    -11   21  62  103  -10  110   -8  110   -8  16  0  0 L3P 16
G18 FF 61051 161000  780 745 1287    +4536241    -74         -22    +24   17 203   84   -1   70  -32   70  -32  10  0  0 L3P 09
G23 FF 61051 161000  780 202 1433    -5980756    -44         -37     +6   33 195  234  -75  161  -46  161  -46  27  0  0 L3P 5A
G26 FF 61051 161000  780 694 2190    +3096494    +58         -44     -4   14  11   86   +2  105   -6  105   -6   9  0  0 L3P E6
G27 FF 61051 161000  780 225 2721     +166289    +45         -31    -29   42  54  211  -58  209  -23  209  -23  32  0  0 L3P 38
G29 FF 61051 161000  780 276  838    +3947191   -118         -41    -54   18  55  174  +38   96  +32   96   32  14  0  0 L3P 3C
G31 FF 61051 161000  780 246 2229    +1731752     +9         -30    +30   31   0  193  +47  193  +26  193   26  25  0  0 L3P 0F
G05 FF 61051 162600  780 175  360    +2270983    -45         -53    -52   30  26  266  +63   51  +13   51   13  25  0  0 L3P 04
G16 FF 61051 162600  780 585 2893    -1858081    -62         -49    +14   19  62   95   -7   96  -23   96  -23  14  0  0 L3P 32
G18 FF 61051 162600  780 741 1000    +4536136   -121         -33    -23   11 203   84   +1   65   +6   65    6   7  0  0 L3P D3
G23 FF 61051 162600  780 268 1397    -5980805    -57         -39     -7   26 195  179  -42  125  -26  125  -26  20  0  0 L3P 73
G26 FF 61051 162600  780 645 2036    +3096555    +33         -42    -28   20  11   89   +4   95   +9   95    9  12  0  0 L3P E6
G27 FF 61051 162600  780 290 2757     +166365    +28         -25    -46   28  54  167  -36  156   -7  156   -7  22  0  0 L3P 37
G29 FF 61051 162600  780 213  875    +3947132    -51         -39    +13   36  55  220  +62   92  -17   92  -17  30  0  0 L3P 22
G31 FF 61051 162600  780 183 2191    +1731730    +50         -33    +70   54   0  254  +84  228  -15  228  -15  42  0  0 L3P 2F
G05 FF 61051 164200  780 129  314    +2271027    -12         -15    -19   47  26  354 +131   14  +19   14   19  35  0  0 L3P 0E
G16 FF 61051 164200  780 641 2785    -1858156   -110         -50    -33   22  62   90   -4   75   -1   75   -1  15  0  0 L3P F6
G18 FF 61051 164200  780 698  797    +4536029    -54         -46    +44   19 203   86   +3   62  -50   62  -50  14  0  0 L3P 1E
G23 FF 61051 164200  780 333 1354    -5980842    -14         -28    +36   31 195  147  -26   90  -57   90  -57  24  0  0 L3P 52
G26 FF 61051 164200  780 581 1945    +3096626    +59         -30     -3   21  11   95   +7   78   +0   78    0  15  0  0 L3P CC
G27 FF 61051 164200  780 357 2792     +166439   +104         -22    +31   34  54  138  -24  108  -77  108  -77  26  0  0 L3P 5E
G29 FF 61051 164200  780 152  912    +3947068    -28         -42    +35   60  55  303 +117   89  -26   89  -26  47  0  0 L3P 48
G31 FF 61051 164200  780 122 2158    +1731702    -38         -42    -17   41   0  376 +184  267  +50  267   50  35  0  0 L3P 3C
G08 FF 61051 165800  780 119 2821    -5053938   -162           4   -204   93  45  388 -198  169  +16  169   16  72  0  0 L3P 86
G10 FF 61051 165800  780 156 1641    +5817631    -38         -33    -66   24  24  300 -133  157  +14  157   14  20  0  0 L3P 4D
G16 FF 61051 165800  780 676 2617    -1858238   -135         -60    -58   25  62   87   -1   62  +19   62   19  17  0  0 L3P 32
G18 FF 61051 165800  780 636  693    +4535946    -88         -35    +10   20 203   90   +5   43  -26   43  -26  13  0  0 L3P 15
G23 FF 61051 165800  780 396 1299    -5980903    -78         -40    -28   25 195  127  -17   78   -7   78   -7  19  0  0 L3P 56
G26 FF 61051 165800  780 510 1891    +3096665    +49         -50    -12   23  11  104  +11   87   -1   87   -1  19  0  0 L3P 08
G27 FF 61051 165800  780 426 2825     +166491    +75         -41     +1   24  54  119  -17   79  -47   79  -47  19  0  0 L3P 2C
G07 FF 61051 171400  780 114 3299    +1338737    +42         -24    -10   46 102  400  -78   40  +36   40   36  33  0  0 L3P 24
G08 FF 61051 171400  780 181 2850    -5053912    +31         -10    -11   36  45  259  -90   88  -71   88  -71  26  0  0 L3P 38
G10 FF 61051 171400  780 227 1623    +5817642     +1         -49    -27   35  24  210  -65  123  -13  123  -13  28  0  0 L3P 2C
G16 FF 61051 171400  780 679 2409    -1858300   -100         -49    -24   23  62   87   +1   44  +10   44   10  18  0  0 L3P 06
G18 FF 61051 171400  780 567  646    +4535860    -87         -28    +10   20 203   97   +8   28  -14   28  -14  14  0  0 L3P 16
G23 FF 61051 171400  780 452 1227    -5980956    -61         -45    -10   26 195  114  -11   63   -1   63   -1  19  0  0 L3P 1A
G26 FF 61051 171400  780 437 1859    +3096719    +36         -55    -25   16  11  117  +16   87  +10   87   10  14  0  0 L3P 29
G27 FF 61051 171400  780 498 2854     +166562    +77         -41     +3   19  54  106  -12   48  -19   48  -19  14  0  0 L3P 1F
G07 FF 61051 173000  780 132 3242    +1338787   +113         -24    +61   43 102  348  -35   32  -51   32  -51  32  0  0 L3P 39
G08 FF 61051 173000  780 246 2878    -5053881    -26         -19    -68   44  45  194  -50   43   +7   43    7  35  0  0 L3P 18
G10 FF 61051 173000  780 299 1603    +5817694     +0         -25    -29   30  24  162  -37   79   -6   79   -6  22  0  0 L3P 05
G15 FF 61051 173000  780 126  626    -3757173    -56         -29    -21   60  74  364  -64   26  +24   26   24  47  0  0 L3P 1B
G16 FF 61051 173000  780 648 2227    -1858382    -60         -57    +16   19  62   89   +3   45  -13   45  -13  13  0  0 L3P 16
G18 FF 61051 173000  780 497  630    +4535756    -99         -37     -1   25 203  106  +11   26   -8   26   -8  17  0  0 L3P 03
G23 FF 61051 173000  780 498 1134    -5980994     -5         -35    +45   19 195  106   -6   39  -57   39  -57  16  0  0 L3P 44
G26 FF 61051 173000  780 364 1838    +3096785    +76         -48    +14   31  11  136  +24   81   -4   81   -4  25  0  0 L3P 10
G27 FF 61051 173000  780 571 2878     +166626    +41         -48    -33   20  54   96   -8   37  +18   37   18  15  0  0 L3P 00
G07 FF 61051 174600  780 140 3181    +1338814   +125         -47    +72   29 102  328   -7   49  -62   49  -62  21  0  0 L3P 45
G08 FF 61051 174600  780 312 2901    -5053859    +55         -37    +13   31  45  156  -31   37  -18   37  -18  24  0  0 L3P 35
G10 FF 61051 174600  780 372 1576    +5817724    +39         -23    +10   25  24  134  -23   57  -16   57  -16  18  0  0 L3P 32
G15 FF 61051 174600  780 143  558    -3757193    -22         -16    +13   36  74  321  -28   17   -5   17   -5  31  0  0 L3P FD
G16 FF 61051 174600  780 594 2101    -1858471    -60         -73    +16   20  62   94   +6   54  -11   54  -11  15  0  0 L3P 06
G18 FF 61051 174600  780 426  631    +4535647   -122         -52    -25   28 203  119  +16   36  +14   36   14  20  0  0 L3P 2B
G23 FF 61051 174600  780 528 1020    -5981044    -30         -37    +20   14 195  101   -3   34  -16   34  -16   9  0  0 L3P 0C
G26 FF 61051 174600  780 292 1824    +3096861    +71         -31    +10   25  11  165  +38   83  +13   83   13  20  0  0 L3P 16
G27 FF 61051 174600  780 646 2892     +166706    +52         -39    -22   19  54   90   -6   26  +19   26   19  12  0  0 L3P 00
G02 FF 61051 180200  780 104 2478     -144609    -73         -57    +10   60   6  444 -263  158  -81  158  -81  48  0  0 L3P 4A
G07 FF 61051 180200  780 138 3118    +1338889    +36         -22    -16   34 103  333  +17   32  +24   32   24  25  0  0 L3P 24
G08 FF 61051 180200  780 381 2919    -5053805    +60         -24    +18   24  49  131  -21   23   -9   23   -9  16  0  0 L3P 06
G10 FF 61051 180200  780 445 1540    +5817733    +45         -41    +17   21  24  115  -15   58  -29   58  -29  15  0  0 L3P 2A
G15 FF 61051 180200  780 150  489    -3757263    -78         -53    -43   42   5  307   -3   47  +36   47   36  31  0  0 L3P F9
G16 FF 61051 180200  780 528 2023    -1858533   -113         -61    -37   28  63  101  +10   45  +33   45   33  21  0  0 L3P 1E
G18 FF 61051 180200  780 358  643    +4535566    -60         -45    +38   21 204  138  +23   33  -28   33  -28  19  0  0 L3P 34
G23 FF 61051 180200  780 537  894    -5981081    -57         -28     -7   15 196  100   +0   21   +6   21    6  11  0  0 L3P D4
G26 FF 61051 180200  780 222 1814    +3096908    +62         -38     +0   31  45  213  +65  104   +8  104    8  22  0  0 L3P FB
G27 FF 61051 180200  780 722 2884     +166768    +64         -51    -10   12  68   85   -4   30   +3   30    3   8  0  0 L3P B4
G02 FF 61051 181800  780 166 2514     -144672    -60         -40    +23   41   6  282 -106   96  -71   96  -71  32  0  0 L3P 1C
G07 FF 61051 181800  780 125 3054    +1338941    +42         -20    -10   34 103  364  +49   26   +5   26    5  24  0  0 L3P FC
G08 FF 61051 181800  780 451 2929    -5053770    -11         -29    -53   24  49  114  -15   28  +30   28   30  20  0  0 L3P 1F
G10 FF 61051 181800  780 515 1487    +5817772    +42         -29    +13   24  24  103  -10   41  -19   41  -19  18  0  0 L3P 27
G15 FF 61051 181800  780 145  421    -3757288    -24         -45    +12   31   5  316  +22   47   +1   47    1  21  0  0 L3P CB
G16 FF 61051 181800  780 457 1974    -1858617   -109         -71    -33   31  63  113  +14   55  +46   55   46  27  0  0 L3P 4A
G18 FF 61051 181800  780 291  663    +4535482    -89         -35     +9   28 204  166  +35   23  -14   23  -14  21  0  0 L3P 26
G23 FF 61051 181800  780 523  772    -5981126   -110         -26    -60   21 196  102   +3   16  +40   16   40  16  0  0 L3P 0F
G26 FF 61051 181800  780 154 1804    +3096976    +15         -29    -47   30  45  301 +129  113  +92  113   92  21  0  0 L3P 58
G27 FF 61051 181800  780 796 2806     +166826    +66         -64     -8   14  68   82   -2   36  +11   36   11   9  0  0 L3P E0
G02 FF 61051 183400  780 230 2553     -144778   -100         -66    -17   34   6  207  -56   87   -2   87   -2  28  0  0 L3P 00
G07 FF 61051 183400  780 104 2993    +1339004     -9          -8    -62   42 103  435 +105    7  +38    7   38  37  0  0 L3P 00
G08 FF 61051 183400  780 522 2926    -5053736    +49         -35     +7   23  49  102  -10   29  -10   29  -10  16  0  0 L3P 17
G10 FF 61051 183400  780 578 1406    +5817781     +0         -47    -28   21  24   96   -6   45  +16   45   16  16  0  0 L3P F5
G15 FF 61051 183400  780 129  356    -3757309    -87         -31    -52   41   5  353  +57   49  +56   49   56  33  0  0 L3P 1B
G16 FF 61051 183400  780 384 1942    -1858682    -36         -63    +41   33  63  130  +22   58  -16   58  -16  25  0  0 L3P 3E
G18 FF 61051 183400  780 226  687    +4535388    -86         -36    +12   37 204  209  +57   19  -19   19  -19  30  0  0 L3P 4B
G23 FF 61051 183400  780 490  670    -5981199    -70         -50    -20   19 196  107   +7   29  +12   29   12  14  0  0 L3P 19
G27 FF 61051 183400  780 852 2357     +166890    +82         -70     +8   15  68   81   +0   45   -7   45   -7  10  0  0 L3P CF
G02 FF 61051 185000  780 294 2593     -144820    -82         -29     +1   35   6  165  -34   40  -20   40  -20  25  0  0 L3P E6
G08 FF 61051 185000  780 593 2904    -5053699    +63         -39    +21   23  49   94   -7   30  -19   30  -19  16  0  0 L3P 1F
G10 FF 61051 185000  780 629 1285    +5817819    +45         -36    +17   13  24   91   -4   34  -17   34  -17   9  0  0 L3P 03
G15 FF 61051 185000  780 103  296    -3757354    -72         -42    -37   46   5  438 +128   84  +47   84   47  33  0  0 L3P 29
G16 FF 61051 185000  780 311 1919    -1858755    -91         -64    -14   22  63  156  +33   66  +13   66   13  17  0  0 L3P 2D
G18 FF 61051 185000  780 163  716    +4535305    -98         -25     +0   54 204  284 +106   14   +1   14    1  40  0  0 L3P E8
G23 FF 61051 185000  780 443  593    -5981268    -83         -71    -33   29 196  116  +11   43  +29   43   29  21  0  0 L3P 33
G27 FF 61051 185000  780 817 1678     +166984    +66         -48     -8   20  68   82   +1   28   +4   28    4  14  0  0 L3P CF
G02 FF 61051 190600  780 359 2634     -144922   -113         -50    -30   25   6  138  -23   44  +14   44   14  19  0  0 L3P 01
G08 FF 61051 190600  780 662 2845    -5053672    +29         -52    -13   19  49   88   -5   36   +9   36    9  12  0  0 L3P F6
G10 FF 61051 190600  780 658 1119    +5817836     +7         -47    -22   18  24   89   -1   37   -1   37   -1  13  0  0 L3P DC
G16 FF 61051 190600  780 240 1902    -1858830    -78         -65     -2   39  63  198  +56   78   +3   78    3  36  0  0 L3P 0D
G23 FF 61051 190600  780 386  540    -5981287    -81         -42    -31   33 196  129  +17   17  +18   17   18  28  0  0 L3P 38
G27 FF 61051 190600  780 743 1541     +167056    +97         -47    +23   14  68   84   +3   30  -13   30  -13  10  0  0 L3P ED
G01 FF 61051 192200  780 109 2572    -3448536    -66         -57   -101   38 146  422 -226   98  +58   98   58  29  0  0 L3P 7D
G02 FF 61051 192200  780 425 2677     -145017    -62         -66    +21   26   6  120  -16   49  -18   49  -18  18  0  0 L3P 0E
G08 FF 61051 192200  780 721 2715    -5053631    +12         -52    -30   13  49   85   -3   34  +13   34   13  10  0  0 L3P E3
G10 FF 61051 192200  780 656  933    +5817863    +19         -46     -9   16  24   89   +1   34   +2   34    2  11  0  0 L3P B9
G16 FF 61051 192200  780 171 1888    -1858914   -137         -77    -61   44  63  272 +106  106  +63  106   63  35  0  0 L3P 7E
G23 FF 61051 192200  780 324  507    -5981338    -26         -45    +24   21 196  150  +27   22  -20   22  -20  12  0  0 L3P 1A
G27 FF 61051 192200  780 665 1514     +167118   +100         -56    +26   17  68   88   +5   37  -15   37  -15  11  0  0 L3P 0D
G32 FF 61051 192200  780 151 1288    +1675319   -172         -30     -2   43   1  308 -120   81  -14   81  -14  32  0  0 L3P 1A
G01 FF 61051 193800  780 169 2609    -3448473   +119         -28    +84   30 146  277  -98   52  -85   52  -85  24  0  0 L3P 7B
G02 FF 61051 193800  780 491 2721     -145089   -129         -59    -46   22   6  107  -11   40  +27   40   27  18  0  0 L3P 11
G08 FF 61051 193800  780 755 2469    -5053595    +64         -56    +22   15  49   84   -1   38  -17   38  -17  12  0  0 L3P 2A
G10 FF 61051 193800  780 626  777    +5817883    +23         -54     -5   16  24   91   +4   36   +1   36    1  11  0  0 L3P B9
G16 FF 61051 193800  780 104 1875    -1858980    +26         -69   +102   52  63  436 +264  107  -79  107  -79  46  0  0 L3P 9D
G23 FF 61051 193800  780 260  488    -5981370    -43         -29     +7   42 196  184  +44   10   -3   10   -3  31  0  0 L3P FC
G27 FF 61051 193800  780 586 1513     +167189    +64         -55    -10   20  68   95   +8   38  +16   38   16  15  0  0 L3P 04
G32 FF 61051 193800  780 210 1245    +1675174   -232         -12    -63   45   1  225  -61   50  +40   50   40  36  0  0 L3P 08
G01 FF 61051 195400  780 230 2647    -3448420   +100          -9    +65   40 146  206  -54   24  -60   24  -60  29  0  0 L3P 32
G02 FF 61051 195400  780 559 2767     -145180    -98         -69    -15   18   6   98   -8   45   +9   45    9  12  0  0 L3P E0
G08 FF 61051 195400  780 745 2172    -5053553    +33         -54     -9   19  49   84   +1   34   +8   34    8  13  0  0 L3P D5
G10 FF 61051 195400  780 576  671    +5817911    +33         -53     +4   26  24   96   +6   33  -18   33  -18  19  0  0 L3P F2
G14 FF 61051 195400  780 123 3269    -7281622    -36         -47    -12   40 160  374 -126   72   +6   72    6  30  0  0 L3P 22
G23 FF 61051 195400  780 195  482    -5981438    -45         -49     +5   29 196  240  +79   32  +10   32   10  23  0  0 L3P 1E
G27 FF 61051 195400  780 508 1523     +167252    +73         -63     -1   20  68  104  +12   46   +6   46    6  14  0  0 L3P D0
G32 FF 61051 195400  780 267 1195    +1674995   -180         -29    -11   33   1  180  -36   52   -9   52   -9  24  0  0 L3P 1C
G01 FF 61051 201000  780 293 2686    -3448405   +115         -26    +80   29 147  165  -34   33  -80   33  -80  22  0  0 L3P 4A
G02 FF 61051 201000  780 627 2815     -145237    -57         -49    +26   18  21   91   -6   30  -25   30  -25  13  0  0 L3P E6
G08 FF 61051 201000  780 696 1972    -5053516    +39         -62     -4   15  50   86   +3   41   +4   41    4  10  0  0 L3P B9
G10 FF 61051 201000  780 515  607    +5817944     +9         -48    -19   19  61  103   +9   30  +12   30   12  14  0  0 L3P D4
G14 FF 61051 201000  780 161 3220    -7281620    +13         -18    +37   35 161  289  -61   36  -63   36  -63  29  0  0 L3P 36
G23 FF 61051 201000  780 130  484    -5981467     -2         -27    +48   52 197  353 +171   38   -8   38   -8  36  0  0 L3P 1B
G27 FF 61051 201000  780 431 1536     +167328    +79         -62     +5   25  69  118  +17   51   +5   51    5  19  0  0 L3P D5
G32 FF 61051 201000  780 320 1136    +1674812   -132         -49    +37   24   5  153  -22   53  -39   53  -39  19  0  0 L3P 21
G01 FF 61051 202600  780 357 2724    -3448368    +47         -23    +11   34 147  138  -23   25   -8   25   -8  26  0  0 L3P 1E
G02 FF 61051 202600  780 696 2867     -145314    -72         -46    +11   16  21   86   -4   28   -1   28   -1  11  0  0 L3P CA
G08 FF 61051 202600  780 630 1869    -5053477    +50         -64     +8   16  50   91   +6   44   +0   44    0  11  0  0 L3P BB
G10 FF 61051 202600  780 449  573    +5817964    -11         -55    -40   19  61  114  +14   37  +37   37   37  16  0  0 L3P 14
G14 FF 61051 202600  780 191 3163    -7281654    -52         -28    -28   35 161  246  -32   34   +2   34    2  27  0  0 L3P 09
G22 FF 61051 202600  780 117 3297     +598757    -51         -65     -9   44  43  393 -134   71   +7   71    7  33  0  0 L3P 01
G27 FF 61051 202600  780 356 1550     +167398    +70         -63     -4   26  69  138  +26   61   +9   61    9  17  0  0 L3P E9
G32 FF 61051 202600  780 366 1066    +1674653   -163         -46     +6   23   5  136  -14   49   -9   49   -9  18  0  0 L3P 08
G01 FF 61051 204200  780 423 2763    -3448351    +22         -39    -13   35 147  120  -16   34   -1   34   -1  26  0  0 L3P 01
G02 FF 61051 204200  780 766 2931     -145389    -38         -41    +45   19  21   83   -3   27  -35   27  -35  12  0  0 L3P FA
G03 FF 61051 204200  780 118 2243    -6010637   +123         -17    +25   55  78  394 -220   93  -40   93  -40  43  0  0 L3P 45
G08 FF 61051 204200  780 557 1817    -5053430    +27         -57    -16   23  50   98   +9   45  +19   45   19  16  0  0 L3P 09
G10 FF 61051 204200  780 382  559    +5818013    -27         -33    -55   18  61  130  +20   25  +46   25   46  15  0  0 L3P 00
G14 FF 61051 204200  780 210 3098    -7281675    -53         -27    -29   52 161  224  -15   17  +26   17   26  39  0  0 L3P 37
G22 FF 61051 204200  780 153 3248     +598751    -71         -31    -29   27  43  303  -64   38   +0   38    0  23  0  0 L3P E3
G27 FF 61051 204200  780 283 1564     +167460    +12         -72    -62   30  69  169  +40   78  +54   78   54  23  0  0 L3P 19
G32 FF 61051 204200  780 401  984    +1674487   -155         -49    +14   23   5  125   -8   46  -16   46  -16  18  0  0 L3P 13
G01 FF 61051 205800  780 490 2800    -3448302    +11         -24    -25   16 147  107  -12   19  +20   19   20  10  0  0 L3P 0D
G02 FF 61051 205800  780 836 3045     -145465    -79         -37     +4   14  21   81   -1   24   -2   24   -2   9  0  0 L3P A7
G03 FF 61051 205800  780 184 2272    -6010553    +87         -28    -12   33  78  256  -93   79   +4   79    4  24  0  0 L3P 10
G08 FF 61051 205800  780 482 1789    -5053393    +71         -61    +29   27  50  108  +13   54   -9   54   -9  20  0  0 L3P 18
G10 FF 61051 205800  780 314  558    +5818021    -16         -53    -45   35  61  154  +30   41  +36   41   36  26  0  0 L3P 01
G14 FF 61051 205800  780 218 3029    -7281709    -85         -38    -61   29 161  216   -2   21  +40   21   40  22  0  0 L3P 18
G22 FF 61051 205800  780 181 3192     +598692    -15         -49    +27   24  43  258  -33   38  -25   38  -25  21  0  0 L3P 2D
G27 FF 61051 205800  780 213 1576     +167536    +93         -67    +19   35  69  221  +71   85   -6   85   -6  29  0  0 L3P 16
G32 FF 61051 205800  780 423  891    +1674330   -145         -43    +24   19   5  120   -3   35  -28   35  -28  14  0  0 L3P 01
G01 FF 61051 211400  780 560 2836    -3448284     -9         -40    -45   20 147   98   -8   28  +31   28   31  14  0  0 L3P 00
G02 FF 61051 211400  780 882  548     -145542   -143         -35    -60   17  21   81   +0   26  +47   26   47  13  0  0 L3P DE
G03 FF 61051 211400  780 252 2305    -6010444   +154         -14    +55   32  78  190  -50   60  -50   60  -50  28  0  0 L3P 22
G08 FF 61051 211400  780 406 1774    -5053347    +37         -55     -5   24  50  124  +19   55  +16   55   16  20  0  0 L3P 07
G10 FF 61051 211400  780 248  567    +5818045    +18         -56    -11   41  61  192  +49   45  +10   45   10  33  0  0 L3P 01
G14 FF 61051 211400  780 214 2957    -7281738    -11         -43    +13   35 161  219  +10   26  -15   26  -15  26  0  0 L3P 32
G17 FF 61051 211400  780 108 3169     +296235   +223         -41   +106   39  35  426 -236   48 -114   48 -114  29  0  0 L3P 77
G22 FF 61051 211400  780 199 3129     +598634    -71         -67    -29   32  43  236  -14   42   -6   42   -6  23  0  0 L3P 01
G27 FF 61051 211400  780 144 1587     +167630    +79         -44     +5   51  69  320 +147   78  +21   78   21  38  0  0 L3P 1A
G32 FF 61051 211400  780 429  793    +1674156   -174         -54     -5   20   5  119   +1   39   +4   39    4  17  0  0 L3P C8
G01 FF 61051 213000  780 631 2869    -3448239    +43         -28     +8   17 147   91   -6   17  -12   17  -12  12  0  0 L3P 06
G02 FF 61051 213000  780 818 1075     -145594    -85          -8     -2   22  21   82   +1    7   +0    7    0  14  0  0 L3P 66
G03 FF 61051 213000  780 321 2342    -6010367   +108         -32     +9   29  78  152  -31   58  -28   58  -28  21  0  0 L3P 24
G08 FF 61051 213000  780 332 1766    -5053306    +59         -54    +17   33  50  147  +30   62   +2   62    2  27  0  0 L3P EA
G10 FF 61051 213000  780 183  583    +5818103    +45         -25    +17   40  61  255  +87   19  -12   19  -12  32  0  0 L3P 0B
G14 FF 61051 213000  780 199 2886    -7281760    -38         -43    -14   30 161  235  +24   23  +20   23   20  27  0  0 L3P 26
G17 FF 61051 213000  780 169 3159     +296372    +38         -16    -79   30  35  278  -98   17  +47   17   47  22  0  0 L3P 2C
G22 FF 61051 213000  780 205 3062     +598582     -7         -79    +35   34  43  229   -1   43  -33   43  -33  25  0  0 L3P F2
G32 FF 61051 213000  780 418  699    +1673999   -135         -49    +35   20   5  121   +5   34  -26   34  -26  16  0  0 L3P 12
G01 FF 61051 214600  780 704 2896    -3448207    +37         -30     +1   13 147   86   -4   16   -9   16   -9   9  0  0 L3P DC
G02 FF 61051 214600  780 746 1163     -145691    -76         -25     +7   12  21   84   +3   17   -4   17   -4   9  0  0 L3P AB
G03 FF 61051 214600  780 392 2383    -6010265   +118         -25    +19   36  78  128  -20   40  -29   40  -29  27  0  0 L3P 3E
G08 FF 61051 214600  780 259 1761    -5053269    +37         -57     -5   33  50  184  +48   72   +6   72    6  25  0  0 L3P FC
G10 FF 61051 214600  780 120  605    +5818137    +28         -19     +0   45  61  381 +192   22   +0   22    0  39  0  0 L3P CF
G14 FF 61051 214600  780 173 2819    -7281796    +24         -56    +48   36 161  268  +46   39  -24   39  -24  25  0  0 L3P 5F
G17 FF 61051 214600  780 228 3140     +296468   +177         -34    +60   38  35  209  -52   25  -58   25  -58  25  0  0 L3P 3F
G22 FF 61051 214600  780 200 2993     +598567    -58         -53    -15   27  43  234  +12   24   +7   24    7  19  0  0 L3P F3
G32 FF 61051 214600  780 391  616    +1673843   -180         -42    -10   24   5  128  +10   29   +7   29    7  20  0  0 L3P DF
G01 FF 61051 220200  780 778 2907    -3448192    +34         -47     -1   21 148   83   -2   28   -4   28   -4  14  0  0 L3P E6
G02 FF 61051 220200  780 674 1218     -145789    -67         -43    +16   17  21   87   +5   33   -9   33   -9  13  0  0 L3P D8
G03 FF 61051 220200  780 464 2428    -6010183    +75         -43    -24   23  79  112  -14   35  +13   35   13  17  0  0 L3P 09
G08 FF 61051 220200  780 189 1757    -5053209   +100         -39    +58   38   5  247  +88   65  -52   65  -52  29  0  0 L3P 45
G14 FF 61051 220200  780 139 2757    -7281811    +48         -48    +72   38 162  330  +87   36  -53   36  -53  27  0  0 L3P 51
G17 FF 61051 220200  780 284 3110     +296566   +139         -48    +22   18  36  170  -31   31  -24   31  -24  14  0  0 L3P 1A
G22 FF 61051 220200  780 184 2926     +598533   -124         -38    -82   41  45  253  +28   18  +52   18   52  34  0  0 L3P 26
G32 FF 61051 220200  780 351  549    +1673689   -197         -34    -28   29   5  140  +16   24  +30   24   30  23  0  0 L3P 09
G01 FF 61051 221800  780 852 2827    -3448166    +31         -55     -4   17 148   81   -1   32   +1   32    1  11  0  0 L3P C7
G02 FF 61051 221800  780 602 1262     -145861    -71         -36    +12   21  21   93   +7   34   -3   34   -3  15  0  0 L3P B7
G03 FF 61051 221800  780 536 2479    -6010087   +124         -42    +25   22  79  100  -10   34  -25   34  -25  15  0  0 L3P 2B
G04 FF 61051 221800  780 108 1894     -375793   -106         -39    -82   47 193  431 -273   87  +43   87   43  36  0  0 L3P 6A
G08 FF 61051 221800  780 121 1753    -5053178     +9         -48    -33   43   5  378 +203   85  +18   85   18  37  0  0 L3P 20
G17 FF 61051 221800  780 335 3066     +296680   +113         -45     -4   30  36  146  -19   18   +0   18    0  23  0  0 L3P DE
G19 FF 61051 221800  780 135 3206    -6851122     -7         -35    +11   22  20  344 -148   61  -35   61  -35  18  0  0 L3P 21
G22 FF 61051 221800  780 158 2863     +598505    -54         -27    -12   49  45  292  +54   10   +6   10    6  39  0  0 L3P F3
G28 FF 61051 221800  780 134  926    +6125149    -28         -42    +23   88  30  344 -112   54  -16   54  -16  59  0  0 L3P 36
G32 FF 61051 221800  780 302  497    +1673528   -173         -33     -3   23   5  160  +26   26  +14   26   14  17  0  0 L3P F0
G01 FF 61051 223400  780 864 1513    -3448124    +46         -47    +10   15 148   81   +1   27   +3   27    3  10  0  0 L3P D2
G02 FF 61051 223400  780 530 1301     -145933    -62         -28    +21   22  21  101  +10   31  -18   31  -18  17  0  0 L3P E9
G03 FF 61051 223400  780 609 2539    -6009985   +108         -35     +9   16  79   93   -7   26  -18   26  -18  12  0  0 L3P 23
G04 FF 61051 223400  780 177 1894     -375791    -74         -13    -50   34 193  265 -106   62  +33   62   33  25  0  0 L3P 3D
G17 FF 61051 223400  780 379 3006     +296789   +117         -49     +0   17  36  132  -12   25  +14   25   14  13  0  0 L3P 08
G19 FF 61051 223400  780 192 3181    -6851135    -42         -30    -24   25  20  245  -70   36   +8   36    8  18  0  0 L3P FA
G22 FF 61051 223400  780 125 2803     +598429   -132         -62    -90   52  45  366 +106   40  +69   40   69  38  0  0 L3P 3D
G28 FF 61051 223400  780 176  867    +6125125    -75         -17    -24   36  30  266  -58   31  +12   31   12  27  0  0 L3P 0E
G32 FF 61051 223400  780 248  460    +1673371   -192         -26    -22   38   5  192  +42   25  +27   25   27  29  0  0 L3P 0F
G01 FF 61051 225000  780 789 1370    -3448088    +45         -44    +10   17 148   82   +2   21  -10   21  -10  11  0  0 L3P 00
G02 FF 61051 225000  780 459 1336     -146016   -127         -31    -44   17  21  112  +14   42  +40   42   40  14  0  0 L3P F7
G03 FF 61051 225000  780 681 2616    -6009899    +82         -44    -17   23  79   87   -5   28  +12   28   12  17  0  0 L3P 10
G04 FF 61051 225000  780 250 1896     -375835    -43         -34    -19   34 193  192  -55   59   -3   59   -3  27  0  0 L3P 21
G17 FF 61051 225000  780 412 2930     +296901   +145         -49    +28   28  36  123   -7   25  -24   25  -24  22  0  0 L3P 13
G19 FF 61051 225000  780 245 3144    -6851153    -22         -31     -4   38  20  194  -39   27   -7   27   -7  29  0  0 L3P FE
G28 FF 61051 225000  780 210  803    +6125056    -21         -37    +30   28  30  224  -32   34  -33   34  -33  24  0  0 L3P F9
G31 FF 61051 225000  780 125 1118    +1731232    -66         -53    -45   57  19  369 -153   65  +23   65   23  43  0  0 L3P 30
G32 FF 61051 225000  780 189  436    +1673234    -85           0    +84   44   5  247  +76   17  -53   17  -53  34  0  0 L3P F4
G01 FF 61051 230600  780 711 1370    -3448063    +17         -53    -18   13 148   85   +4   30  +22   30   22   8  0  0 L3P E3
G02 FF 61051 230600  780 388 1367     -146086    -61         -22    +22   29  21  129  +20   42  -18   42  -18  22  0  0 L3P 0C
G03 FF 61051 230600  780 752 2730    -6009809   +120         -49    +21   20  79   84   -3   27  -12   27  -12  13  0  0 L3P 0D
G04 FF 61051 230600  780 324 1899     -375844    +27         -21    +51   26 193  151  -33   42  -42   42  -42  19  0  0 L3P 2D
G17 FF 61051 230600  780 431 2841     +297003    +79         -60    -38   26  36  118   -3   37  +39   37   39  20  0  0 L3P 02
G19 FF 61051 230600  780 293 3093    -6851174    -38         -34    -20   32  20  165  -23   25   +4   25    4  26  0  0 L3P F6
G28 FF 61051 230600  780 236  732    +6125009    -73         -35    -22   35  30  201  -17   27   +8   27    8  27  0  0 L3P E2
G31 FF 61051 230600  780 176 1065    +1731217    -90         -49    -70   33  19  266  -74   59  +49   59   49  27  0  0 L3P 3C
G32 FF 61051 230600  780 129  423    +1673043   -216         -29    -47   47   5  356 +165   52  +53   52   53  36  0  0 L3P 23
G01 FF 61051 232200  780 633 1388    -3448024    +33         -48     -2   18 148   90   +6   24   +3   24    3  11  0  0 L3P C6
G02 FF 61051 232200  780 318 1396     -146173    -42         -29    +41   28  21  153  +31   51  -34   51  -34  22  0  0 L3P 03
G03 FF 61051 232200  780 816 2967    -6009717   +156         -52    +57   15  79   82   -1   26  -38   26  -38  10  0  0 L3P 2D
G04 FF 61051 232200  780 401 1900     -375862    -23         -16     +0   29 193  126  -21   29  -14   29  -14  23  0  0 L3P 07
G06 FF 61051 232200  780 112 3052    +6014171    +75         -15    +34   38 108  412 -229   25  -36   25  -36  28  0  0 L3P 3F
G09 FF 61051 232200  780 115 2082    -7701504     +5         -68    +11   47  86  405 -238  101  -20  101  -20  41  0  0 L3P 33
G17 FF 61051 232200  780 433 2745     +297125   +138         -51    +21   24  36  118   +1   35  -27   35  -27  17  0  0 L3P 11
G19 FF 61051 232200  780 332 3029    -6851184    -11         -27     +7   37  20  147  -14   16   -5   16   -5  28  0  0 L3P F2
G28 FF 61051 232200  780 250  658    +6124962    -49         -32     +2   25  30  190   -6   15   +0   15    0  21  0  0 L3P AE
G31 FF 61051 232200  780 223 1006    +1731200    -60         -46    -40   33  19  212  -41   50  +20   50   20  28  0  0 L3P E7
G01 FF 61051 233800  780 556 1411    -3447996    +33         -54     -2   20 148   98   +9   33   +7   33    7  14  0  0 L3P E1
G02 FF 61051 233800  780 249 1422     -146249    -78         -25     +5   32  21  191  +50   61   +9   61    9  27  0  0 L3P D6
G03 FF 61051 233800  780 843   12    -6009627   +100         -56     +1   14  79   81   +0   30   +0   30    0  10  0  0 L3P 89
G04 FF 61051 233800  780 479 1898     -375910    -46         -40    -22   28 193  109  -14   38  +13   38   13  23  0  0 L3P 30
G06 FF 61051 233800  780 176 3066    +6014178     +8         -47    -33   44 108  267  -97   34  +22   34   22  33  0  0 L3P 29
G09 FF 61051 233800  780 183 2097    -7701508    -58         -67    -52   50  86  257  -97   78  +22   78   22  40  0  0 L3P 49
G17 FF 61051 233800  780 419 2649     +297255   +157         -33    +39   20  36  121   +5   23  -31   23  -31  14  0  0 L3P 14
G19 FF 61051 233800  780 359 2951    -6851211    -45         -37    -27   27  20  138   -7   28  +12   28   12  21  0  0 L3P 15
G28 FF 61051 233800  780 251  583    +6124905   -103         -40    -52   32  30  189   +3   22  +47   22   47  25  0  0 L3P 04
G31 FF 61051 233800  780 264  938    +1731173    -13         -53     +8   24  19  181  -24   46  -16   46  -16  19  0  0 L3P 10
G01 FF 61051 235400  780 479 1434    -3447955    +32         -47     -3   21 148  109  +14   31  +11   31   11  15  0  0 L3P 0E
G02 FF 61051 235400  780 181 1446     -146323   -128         -19    -45   41  21  257  +94   66  +46   66   46  32  0  0 L3P 26
G03 FF 61051 235400  780 798  505    -6009523   +111         -48    +13   16  79   82   +2   26   -9   26   -9  11  0  0 L3P E9
G04 FF 61051 235400  780 558 1887     -375936    +28         -44    +52   26 193   98  -10   36  -50   36  -50  19  0  0 L3P 38
G06 FF 61051 235400  780 241 3073    +6014197    +65         -68    +25   43 108  198  -53   47  -25   47  -25  30  0  0 L3P 48
G09 FF 61051 235400  780 254 2116    -7701499    -53         -53    -48   39  86  189  -51   52  +23   52   23  34  0  0 L3P 38
G17 FF 61051 235400  780 389 2562     +297341   +121         -59     +4   26  36  128  +10   38  -16   38  -16  21  0  0 L3P 1E
G19 FF 61051 235400  780 372 2863    -6851230    +50         -38    +68   27  20  134   -2   27  -49   27  -49  20  0  0 L3P 26
G28 FF 61051 235400  780 240  510    +6124864   -130         -32    -79   34  30  197  +14   14  +59   14   59  26  0  0 L3P 20
G31 FF 61051 235400  780 295  863    +1731160    -60         -47    -39   39  19  164  -14   27  +17   27   17  34  0  0 L3P 1A
