CGGTTS     GENERIC DATA FORMAT VERSION = 2E
REV DATE = 2026-01-01                    
RCVR = POLARX5-TR                    R2CGGTTS v8.8    
CH = 99 
IMS = POLARX5-TR                    
LAB = PTB                           
X = +3844059.67 m 
Y =  +709661.67 m 
Z = +5023129.80 m 
FRAME = ITRF
COMMENTS =           IGS RINEX,AUSPOS XYZ          
INT DLY =   31.0 ns (GPS P1),   28.5 ns (GPS P2)     CAL_ID = 1001-2022           
CAB DLY =  205.7 ns 
REF DLY =   56.2 ns
REF = UTC(PTB)                      
CKSUM = 5E

SAT CL  MJD  STTIME TRKL ELV AZTH   REFSV      SRSV     REFSYS    SRSYS  DSG IOE MDTR SMDT MDIO SMDI MSIO SMSI ISG FR HC FRC CK
             hhmmss  s  .1dg .1dg    .1ns     .1ps/s     .1ns    .1ps/s .1ns     .1ns.1ps/s.1ns.1ps/s.1ns.1ps/s.1ns
G01 FF 61049 000600  780 481 1434    -3456786    +38         -30     +5   22 112  108  +13   63  +20   63   20  15  0  0 L3P 06
G02 FF 61049 000600  780 183 1445     -124964   -156         -25    -73   41  28  255  +92  130  +53  130   53  33  0  0 L3P 3C
G03 FF 61049 000600  780 799  500    -6035014    +76         -43    -21   13  54   82   +2   30  +13   30   13   9  0  0 L3P BE
G04 FF 61049 000600  780 557 1886     -369701    -14          -8    +10   24 155   98  -10   57  -13   57  -13  19  0  0 L3P 15
G06 FF 61049 000600  780 239 3074    +6003483    +67         -36    +25   34  49  199  -53   42  -19   42  -19  22  0  0 L3P 3A
G09 FF 61049 000600  780 251 2116    -7699988    -21         -20    -14   39  10  190  -52   82   -9   82   -9  31  0  0 L3P 1B
G17 FF 61049 000600  780 390 2565     +267028   +140         -20    +22   24  20  128  +10   50   +0   50    0  19  0  0 L3P D1
G19 FF 61049 000600  780 372 2864    -6846513     +4         -16    +22   25  33  133   -2   24  -16   24  -16  18  0  0 L3P 05
G28 FF 61049 000600  780 240  510    +6137815    -51         -48     -1   27 232  198  +14   38   -6   38   -6  19  0  0 L3P FD
G31 FF 61049 000600  780 295  862    +1736505    -58          -8    -37   33  37  164  -14   56   -3   56   -3  27  0  0 L3P F7
G01 FF 61049 002200  780 405 1456    -3456773     -5         -49    -38   29 112  124  +20   91  +45   91   45  21  0  0 L3P 1E
G02 FF 61049 002200  780 116 1466     -125046   -145         -28    -62   54  28  393 +218  145  +67  145   67  39  0  0 L3P 63
G03 FF 61049 002200  780 733  683    -6034920   +143         -43    +45   17  54   84   +3   32  -31   32  -31  12  0  0 L3P F4
G04 FF 61049 002200  780 636 1858     -369736    -73         -20    -49   18 155   90   -6   57  +22   57   22  12  0  0 L3P 0F
G06 FF 61049 002200  780 306 3072    +6003549    +51         -11     +9   34  49  159  -32   31  -13   31  -13  25  0  0 L3P 04
G09 FF 61049 002200  780 324 2137    -7700011     -5         -36     +2   31  10  151  -32   92   -9   92   -9  25  0  0 L3P D1
G17 FF 61049 002200  780 349 2489     +267138   +136         -24    +18   22  20  141  +17   69   +9   69    9  17  0  0 L3P 0C
G19 FF 61049 002200  780 368 2772    -6846526   -106         -11    -88   26  33  134   +4   22  +81   22   81  21  0  0 L3P 25
G28 FF 61049 002200  780 216  444    +6137795    -61         -21    -11   32 232  217  +28   19   +9   19    9  25  0  0 L3P FF
G31 FF 61049 002200  780 314  780    +1736482    -50         -11    -29   32  37  155   -6   50  +19   50   19  27  0  0 L3P F6
G01 FF 61049 003800  780 331 1478    -3456715    +13         -23    -20   40 112  148  +30   87  +34   87   34  30  0  0 L3P 25
G03 FF 61049 003800  780 664  784    -6034823    +39         -40    -59   24  54   88   +5   34  +54   34   54  15  0  0 L3P 00
G04 FF 61049 003800  780 711 1790     -369774    -43         -35    -19   17 155   85   -4   59   +9   59    9  11  0  0 L3P FB
G06 FF 61049 003800  780 372 3059    +6003571    +31         -28    -12   23  49  134  -21   41   -2   41   -2  17  0  0 L3P F4
G09 FF 61049 003800  780 398 2160    -7700000    -44         -19    -37   23  10  126  -21   73  +22   73   22  16  0  0 L3P 11
G17 FF 61049 003800  780 300 2425     +267258   +112         -17     -6   34  20  161  +26   77  +12   77   12  26  0  0 L3P 01
G19 FF 61049 003800  780 349 2683    -6846557    -51         -25    -33   31  33  141  +10   43  +33   43   33  21  0  0 L3P 21
G28 FF 61049 003800  780 183  387    +6137740    -65         -27    -15   47 232  255  +52   28  +22   28   22  36  0  0 L3P 30
G31 FF 61049 003800  780 319  695    +1736465     -9          -8    +12   29  37  152   +1   41   -8   41   -8  22  0  0 L3P CA
G01 FF 61049 005400  780 258 1497    -3456675    +25         -15     -8   37 112  185  +49   93  -10   93  -10  29  0  0 L3P 41
G03 FF 61049 005400  780 595  858    -6034731   +103         -42     +6   18  54   94   +7   39   -8   39   -8  13  0  0 L3P E8
G04 FF 61049 005400  780 775 1617     -369777    -25         -15     -1   14 155   83   -2   40   -6   40   -6  10  0  0 L3P D6
G06 FF 61049 005400  780 437 3030    +6003619     -9         -21    -51   30  49  117  -14   29  +36   29   36  23  0  0 L3P 08
G09 FF 61049 005400  780 473 2186    -7700005    -17         -17    -10   21  10  110  -14   64  -10   64  -10  15  0  0 L3P 0C
G17 FF 61049 005400  780 245 2371     +267370   +115         -18     -3   28  20  193  +43   87   -1   87   -1  20  0  0 L3P F1
G19 FF 61049 005400  780 316 2601    -6846561    +27         -12    +45   31  33  153  +17   51  -16   51  -16  22  0  0 L3P 22
G28 FF 61049 005400  780 140  339    +6137666   -119         -53    -69   51 232  328 +104   66  +95   66   95  41  0  0 L3P 61
G31 FF 61049 005400  780 310  613    +1736440     +7         -14    +28   33  37  156   +8   43  -24   43  -24  24  0  0 L3P E6
G01 FF 61049 011000  780 187 1514    -3456667    +55         -38    +22   28 112  250  +91  118  +11  118   11  24  0  0 L3P 44
G03 FF 61049 011000  780 526  920    -6034634    +75         -39    -23   22  54  102  +10   47  +22   47   22  15  0  0 L3P F6
G04 FF 61049 011000  780 802 1230     -369825    -12         -41    +11   18 155   82   +0   53  -13   53  -13  12  0  0 L3P E6
G06 FF 61049 011000  780 498 2978    +6003639    +86         -41    +44   27  49  106   -9   41  -36   41  -36  18  0  0 L3P 32
G09 FF 61049 011000  780 550 2212    -7700029    -17         -34    -10   29  10   99  -10   67   -2   67   -2  20  0  0 L3P E4
G11 FF 61049 011000  780 102 3159    +4808424   -299          -9   -166   32 202  450 -268   60  +69   60   69  26  0  0 L3P 64
G17 FF 61049 011000  780 187 2325     +267501   +166          -1    +48   38  20  249  +76   71  -37   71  -37  29  0  0 L3P 25
G19 FF 61049 011000  780 273 2530    -6846586     -9         -19     +9   36  33  175  +29   79   -2   79   -2  29  0  0 L3P 0B
G31 FF 61049 011000  780 286  538    +1736419    -36         -16    -16   25  37  168  +17   42  -10   42  -10  18  0  0 L3P 17
G01 FF 61049 012600  780 118 1529    -3456648   +139         -51   +106   54 112  387 +217  129  -98  129  -98  43  0  0 L3P B7
G03 FF 61049 012600  780 457  974    -6034541    +80         -40    -17   18  54  113  +13   53  +11   53   11  14  0  0 L3P FC
G04 FF 61049 012600  780 770  871     -369829    -14         -21    +10   16 155   83   +2   39   +6   39    6  11  0  0 L3P CB
G06 FF 61049 012600  780 551 2896    +6003684    +76         -37    +34   23  49   99   -6   34  -16   34  -16  16  0  0 L3P 23
G09 FF 61049 012600  780 628 2240    -7700040    +41         -39    +48   16  10   91   -7   62  -35   62  -35  12  0  0 L3P 01
G11 FF 61049 012600  780 164 3153    +4808314   -233           9   -100   43 202  285 -107   20  +62   20   62  27  0  0 L3P 31
G17 FF 61049 012600  780 129 2284     +267621    +96           5    -22   40  20  356 +160   70  +26   70   26  31  0  0 L3P F8
G19 FF 61049 012600  780 223 2468    -6846608    -16         -23     +3   35  33  211  +48   85   -2   85   -2  27  0  0 L3P 04
G31 FF 61049 012600  780 250  474    +1736422    -55           7    -35   24  37  190  +29   26  +25   26   25  20  0  0 L3P EA
G03 FF 61049 014200  780 390 1024    -6034462   +147         -55    +49   19  54  128  +19   72  -27   72  -27  16  0  0 L3P 46
G04 FF 61049 014200  780 706  722     -369861    -25         -30     -1   20 155   86   +4   45   -4   45   -4  13  0  0 L3P BA
G06 FF 61049 014200  780 588 2778    +6003744    +44         -18     +2   22  49   95   -3   30   +4   30    4  15  0  0 L3P C6
G07 FF 61049 014200  780 129 1781    +1326721    +35           3    -17   37   2  362 -191   91  +14   91   14  29  0  0 L3P FF
G09 FF 61049 014200  780 706 2266    -7700034    -15         -27     -8   20  10   86   -4   48   +3   48    3  14  0  0 L3P C2
G11 FF 61049 014200  780 225 3137    +4808154   -104         -23    +29   36 202  211  -55   38  -20   38  -20  23  0  0 L3P 39
G19 FF 61049 014200  780 169 2415    -6846615    -20         -13     -2   43  33  275  +89   74   +6   74    6  35  0  0 L3P FE
G31 FF 61049 014200  780 206  422    +1736399     -5           4    +15   38  37  228  +52   30   -7   30   -7  32  0  0 L3P BE
G03 FF 61049 015800  780 325 1071    -6034370    +75         -57    -23   20  54  150  +28   81  +30   81   30  17  0  0 L3P 10
G04 FF 61049 015800  780 635  670     -369881    +11         -27    +35   27 155   90   +6   41  -30   41  -30  19  0  0 L3P FA
G06 FF 61049 015800  780 602 2631    +6003771    +79         -30    +37   21  49   93   +0   45  -27   45  -27  16  0  0 L3P 0C
G07 FF 61049 015800  780 198 1771    +1326751    +96         -18    +44   36   2  239  -84  107  -36  107  -36  27  0  0 L3P 5A
G09 FF 61049 015800  780 784 2287    -7700028     -1         -14     +6   15  10   83   -2   33   -3   33   -3  11  0  0 L3P B7
G11 FF 61049 015800  780 285 3109    +4808036    -92         -14    +42   23 202  170  -33   33  -21   33  -21  16  0  0 L3P 2B
G26 FF 61049 015800  780 117  544    +3082855    +54         -22     -7   55 114  389  -47   28   +9   28    9  41  0  0 L3P 06
G31 FF 61049 015800  780 155  382    +1736372    -23          -3     -3   40  37  299 +102   41  +23   41   23  33  0  0 L3P EE
G03 FF 61049 021400  780 260 1114    -6034249   +136         -33    +38   23  55  183  +43   72  -15   72  -15  18  0  0 L3P 33
G04 FF 61049 021400  780 563  657     -369899    -21         -22     +3   22 156   97   +8   38   -2   38   -2  15  0  0 L3P D5
G06 FF 61049 021400  780 590 2479    +6003819    +25         -28    -17   21  10   94   +3   49  +24   49   24  15  0  0 L3P 00
G07 FF 61049 021400  780 269 1761    +1326789   +104         -30    +51   26   2  179  -46  107  -40  107  -40  21  0  0 L3P 4A
G09 FF 61049 021400  780 862 2253    -7700049    -52         -28    -45   14  10   81   -1   44  +37   44   37  10  0  0 L3P F7
G11 FF 61049 021400  780 340 3068    +4807921   -187           5    -54   34 203  145  -20   27  +32   27   32  25  0  0 L3P 1B
G21 FF 61049 021400  780 139 2916    -3762542    -72           8    +12   38 130  335 -146   21  +13   21   13  32  0  0 L3P 14
G26 FF 61049 021400  780 126  478    +3082904   +119         -14    +58   42  22  362  -12   41  -26   41  -26  33  0  0 L3P 24
G03 FF 61049 023000  780 196 1154    -6034161   +107         -39     +9   33  55  239  +75   92   +3   92    3  25  0  0 L3P FD
G04 FF 61049 023000  780 491  664     -369923     +1         -23    +25   21 156  107  +12   39  -18   39  -18  15  0  0 L3P 08
G06 FF 61049 023000  780 554 2350    +6003851    +48         -36     +5   23  10   98   +6   64  +10   64   10  16  0  0 L3P D7
G07 FF 61049 023000  780 342 1748    +1326847    +82         -22    +30   33   2  144  -28  104  -25  104  -25  24  0  0 L3P 2C
G09 FF 61049 023000  780 859  689    -7700049     +3         -22     +9   15  10   81   +1   42   -1   42   -1  11  0  0 L3P A1
G11 FF 61049 023000  780 388 3009    +4807786   -138          -2     -5   28 203  129  -13   33   +1   33    1  17  0  0 L3P F5
G21 FF 61049 023000  780 201 2940    -3762623    -35           7    +49   42 130  235  -73   28  -39   28  -39  33  0  0 L3P 24
G26 FF 61049 023000  780 125  412    +3082965    +38         -13    -24   49  22  366  +19   51  +54   51   54  32  0  0 L3P 0A
G03 FF 61049 024600  780 134 1192    -6034066    +77         -38    -21   52  55  344 +157  102  +40  102   40  45  0  0 L3P 46
G04 FF 61049 024600  780 422  681     -369934    -59         -11    -35   25 156  120  +16   33  +28   33   28  18  0  0 L3P 16
G06 FF 61049 024600  780 501 2253    +6003903    +64         -25    +22   23  10  105   +9   68   +0   68    0  15  0  0 L3P CE
G07 FF 61049 024600  780 416 1731    +1326909    +75         -10    +22   25   2  122  -18   84  -14   84  -14  19  0  0 L3P 16
G09 FF 61049 024600  780 783  664    -7700061    -63         -27    -56   16  10   83   +2   42  +38   42   38  12  0  0 L3P F2
G11 FF 61049 024600  780 426 2932    +4807639   -202         -22    -69   22 203  119   -7   47  +52   47   52  16  0  0 L3P 3B
G16 FF 61049 024600  780 142  687    -1841099   -106         -18    -29   44  37  326  -63   56  +11   56   11  32  0  0 L3P 30
G21 FF 61049 024600  780 265 2961    -3762724    +34         -13   +119   25 130  181  -43   49  -85   49  -85  21  0  0 L3P 62
G26 FF 61049 024600  780 113  349    +3083030   +116          -6    +55   36  22  402  +59   75  -10   75  -10  28  0  0 L3P 0F
G30 FF 61049 024600  780 166 1935     -817597   -145           9    -22   41  71  283 -118   71   +4   71    4  31  0  0 L3P FE
G04 FF 61049 030200  780 354  706     -369962    +44         -16    +67   27 156  139  +23   41  -47   41  -47  21  0  0 L3P 25
G06 FF 61049 030200  780 438 2183    +6003947    +13         -21    -29   23  10  116  +14   80  +40   80   40  17  0  0 L3P 05
G07 FF 61049 030200  780 489 1706    +1326954    +70         -15    +17   33   2  107  -12   75  -31   75  -31  23  0  0 L3P 14
G09 FF 61049 030200  780 708  690    -7700056    -17         -16    -11   17  10   86   +4   38   +0   38    0  12  0  0 L3P B9
G11 FF 61049 030200  780 449 2838    +4807527   -110          -6    +23   25 203  114   -3   35   +3   35    3  18  0  0 L3P EC
G16 FF 61049 030200  780 164  618    -1841157     +0          -3    +76   41  37  282  -30   27  -59   27  -59  32  0  0 L3P FE
G21 FF 61049 030200  780 331 2975    -3762799    -72          -7    +12   29 130  148  -28   41   -9   41   -9  19  0  0 L3P 1E
G30 FF 61049 030200  780 236 1937     -817736   -103         -11    +19   35  71  202  -59   94  -20   94  -20  25  0  0 L3P 2C
G04 FF 61049 031800  780 288  734     -369999    -66         -30    -42   25 156  167  +35   54  +44   54   44  19  0  0 L3P 36
G05 FF 61049 031800  780 108 3049    +2269585    +87          -1    +81   32  74  428 -248   72  -69   72  -69  23  0  0 L3P 53
G06 FF 61049 031800  780 370 2133    +6003984    +75         -24    +33   20  10  134  +22   92  -22   92  -22  15  0  0 L3P 16
G07 FF 61049 031800  780 561 1664    +1327014    +50          -6     -3   17   2   97   -8   60  -14   60  -14  13  0  0 L3P C8
G09 FF 61049 031800  780 635  725    -7700077     -1         -30     +6   19  10   90   +6   49   -8   49   -8  14  0  0 L3P BC
G11 FF 61049 031800  780 455 2735    +4807373    -96         -32    +37   29 203  113   +1   55  -31   55  -31  18  0  0 L3P 30
G16 FF 61049 031800  780 176  547    -1841234   -139          -7    -63   41  37  264   -9   26  +37   26   37  33  0  0 L3P 14
G21 FF 61049 031800  780 399 2982    -3762883    -82         -10     +2   28 130  126  -19   36   -1   36   -1  20  0  0 L3P 10
G30 FF 61049 031800  780 309 1940     -817863   -125         -21     -2   35  71  158  -35   96  -12   96  -12  25  0  0 L3P 28
G04 FF 61049 033400  780 225  766     -370011    -16         -19     +8   33 156  210  +57   56  +10   56   10  28  0  0 L3P EF
G05 FF 61049 033400  780 172 3062    +2269630     +8          37     +1   36  74  272 -103   37  -17   37  -17  25  0  0 L3P 0E
G06 FF 61049 033400  780 300 2095    +6004033    +60         -16    +18   33  10  161  +35   91   -2   91   -2  25  0  0 L3P E7
G07 FF 61049 033400  780 628 1594    +1327035    +49         -35     -3   16   2   91   -5   71   -4   71   -4  12  0  0 L3P C0
G09 FF 61049 033400  780 563  762    -7700066    +33         -13    +40   13  10   97   +8   40  -16   40  -16  11  0  0 L3P E7
G11 FF 61049 033400  780 442 2631    +4807254   -120         -23    +13   20 203  116   +5   58   +4   58    4  17  0  0 L3P F5
G16 FF 61049 033400  780 176  476    -1841298   -102           2    -25   37  37  264   +8   14  +14   14   14  31  0  0 L3P EF
G21 FF 61049 033400  780 468 2976    -3762977    -88         -23     -3   25 130  111  -13   46   +9   46    9  17  0  0 L3P 19
G30 FF 61049 033400  780 383 1943     -817984    -85         -24    +38   26  71  131  -23   88  -36   88  -36  19  0  0 L3P 43
G04 FF 61049 035000  780 163  800     -370046     +1         -31    +25   46 156  284 +104   71   -2   71   -2  34  0  0 L3P DC
G05 FF 61049 035000  780 238 3069    +2269603    -45           4    -52   26  74  200  -55   52  +40   52   40  18  0  0 L3P FC
G06 FF 61049 035000  780 230 2066    +6004066    +27         -23    -15   42  10  205  +60  111  +17  111   17  31  0  0 L3P 14
G07 FF 61049 035000  780 684 1473    +1327080    +19         -40    -33   22   2   87   -3   59   +7   59    7  15  0  0 L3P CE
G09 FF 61049 035000  780 493  801    -7700067    -48          -7    -42   17  10  106  +11   37  +38   37   38  12  0  0 L3P FC
G11 FF 61049 035000  780 412 2536    +4807134   -188         -15    -55   28 203  122   +9   59  +41   59   41  22  0  0 L3P 31
G16 FF 61049 035000  780 165  407    -1841390   -124         -17    -48   27  37  281  +30   32  +55   32   55  21  0  0 L3P 1C
G21 FF 61049 035000  780 537 2952    -3763053   -102         -18    -17   19 130  100   -9   41   +4   41    4  12  0  0 L3P F9
G30 FF 61049 035000  780 458 1943     -818100    -70         -22    +53   30  71  113  -15   74  -68   74  -68  25  0  0 L3P 1F
G04 FF 61049 040600  780 104  835     -370052    -59          -9    -35   44 157  438 +241   70  +46   70   46  38  0  0 L3P 1A
G05 FF 61049 040600  780 305 3066    +2269600    +21         -18    +14   35   0  159  -33   48  -26   48  -26  25  0  0 L3P 16
G06 FF 61049 040600  780 161 2041    +6004094    +22         -36    -20   41  10  288 +120  126  +23  126   23  35  0  0 L3P 2F
G07 FF 61049 040600  780 719 1279    +1327143    +46         -28     -7   14  27   85   -1   54   +3   54    3  10  0  0 L3P C7
G09 FF 61049 040600  780 425  840    -7700073    -38          -9    -31   22  11  119  +16   44  +36   44   36  19  0  0 L3P FD
G11 FF 61049 040600  780 369 2456    +4807010   -109         -10    +24   20 204  134  +15   65   +1   65    1  14  0  0 L3P 02
G16 FF 61049 040600  780 141  344    -1841497    -21         -49    +55   41  39  325  +64   84   -2   84   -2  30  0  0 L3P FE
G21 FF 61049 040600  780 603 2898    -3763143   -100         -32    -16   23 131   93   -6   46   +4   46    4  16  0  0 L3P F9
G30 FF 61049 040600  780 534 1936     -818202   -179         -17    -56   23   0  101  -10   53  +24   53   24  18  0  0 L3P 03
G05 FF 61049 042200  780 373 3051    +2269597    +27         -27    +21   24   0  134  -21   47  -20   47  -20  17  0  0 L3P 0D
G07 FF 61049 042200  780 720 1044    +1327205   +101         -16    +49   13  27   85   +1   42  -35   42  -35   9  0  0 L3P F3
G09 FF 61049 042200  780 359  880    -7700075    +29          -5    +36   25  11  137  +22   43  -17   43  -17  20  0  0 L3P 07
G11 FF 61049 042200  780 317 2389    +4806896    -90           3    +43   29 204  153  +24   67  -20   67  -20  22  0  0 L3P 26
G13 FF 61049 042200  780 150 2649    -6901494    -14         -12    -24   34  19  311 -125   80   +8   80    8  29  0  0 L3P 10
G16 FF 61049 042200  780 108  288    -1841532    -56         -11    +20   40  39  418 +139   91  +25   91   25  29  0  0 L3P 25
G21 FF 61049 042200  780 660 2796    -3763226    -83         -35     +1   18 131   88   -4   48   +6   48    6  14  0  0 L3P EA
G30 FF 61049 042200  780 611 1918     -818327   -144         -25    -21   18   0   92   -7   46   +9   46    9  12  0  0 L3P CB
G05 FF 61049 043800  780 438 3020    +2269608    +23         -23    +16   23   0  117  -14   42  -11   42  -11  18  0  0 L3P 00
G07 FF 61049 043800  780 688  854    +1327261    +91         -11    +39   14  27   87   +3   35  -28   35  -28  11  0  0 L3P 09
G09 FF 61049 043800  780 294  920    -7700083    -37          -6    -30   23  11  164  +33   52  +20   52   20  17  0  0 L3P EF
G11 FF 61049 043800  780 260 2333    +4806760   -200          -5    -67   27 204  183  +40   82  +67   82   67  23  0  0 L3P 36
G13 FF 61049 043800  780 212 2688    -6901486     -7         -13    -18   26  19  224  -65   62   +5   62    5  21  0  0 L3P F9
G21 FF 61049 043800  780 699 2622    -3763314    -84         -43     +0   20 131   86   -1   55  +11   55   11  13  0  0 L3P F5
G30 FF 61049 043800  780 685 1871     -818451   -154         -30    -32   20   0   87   -5   44  +19   44   19  15  0  0 L3P F4
G05 FF 61049 045400  780 500 2965    +2269620    +14         -17     +7   22   0  106   -9   35  -15   35  -15  16  0  0 L3P ED
G07 FF 61049 045400  780 635  740    +1327293    +36         -28    -16   19  27   90   +5   42   +2   42    2  14  0  0 L3P C3
G09 FF 61049 045400  780 231  959    -7700087    -57          -4    -50   30  11  204  +53   55  +43   55   43  23  0  0 L3P FE
G11 FF 61049 045400  780 200 2287    +4806628   -190          -9    -57   29 204  234  +70   93  +44   93   44  21  0  0 L3P 3E
G13 FF 61049 045400  780 275 2728    -6901488     -1         -26    -12   28  19  175  -39   54   +4   54    4  21  0  0 L3P FD
G14 FF 61049 045400  780 148 1607    -7276066    -54          -2    -29   35 126  315 -139   89  -10   89  -10  27  0  0 L3P 59
G21 FF 61049 045400  780 705 2394    -3763379    -81         -27     +3   17 131   86   +1   48   +5   48    5  12  0  0 L3P E7
G30 FF 61049 045400  780 752 1755     -818558   -104         -20    +18   13   0   84   -2   37  -14   37  -14   9  0  0 L3P EA
G05 FF 61049 051000  780 552 2879    +2269626    -16         -17    -23   19   0   98   -6   32  +15   32   15  14  0  0 L3P F1
G07 FF 61049 051000  780 574  680    +1327347    +66         -25    +13   13  27   96   +7   34  -18   34  -18  10  0  0 L3P F9
G09 FF 61049 051000  780 170  998    -7700096    -65          -6    -58   31  11  273  +96   73  +72   73   72  22  0  0 L3P 16
G11 FF 61049 051000  780 139 2247    +4806501   -178          -8    -45   42 204  331 +143  101  +45  101   45  33  0  0 L3P 51
G13 FF 61049 051000  780 340 2767    -6901469    -50         -16    -60   35  19  144  -26   37  +30   37   30  27  0  0 L3P 23
G14 FF 61049 051000  780 214 1583    -7276095   -114          -7    -89   46 126  221  -68   78  +34   78   34  33  0  0 L3P 4E
G21 FF 61049 051000  780 675 2191    -3763447   -111         -14    -27   20 131   87   +3   40  +26   40   26  14  0  0 L3P 10
G30 FF 61049 051000  780 798 1472     -818678   -129         -22     -7   18   0   82   -1   36   +3   36    3  12  0  0 L3P BC
G05 FF 61049 053800  780 599 2645    +2269638    +19         -17    +12   21   0   93   -1   34  -14   34  -14  14  0  0 L3P FD
G07 FF 61049 053800  780 459  646    +1327439    +54         -20     +2   21  27  112  +13   31  +15   31   15  15  0  0 L3P EA
G13 FF 61049 053800  780 459 2835    -6901458    +10         -22     +0   17  19  113  -14   30   -7   30   -7  14  0  0 L3P EF
G14 FF 61049 053800  780 333 1531    -7276142     -3         -12    +22   24 126  147  -28   60  -27   60  -27  18  0  0 L3P 29
G15 FF 61049 053800  780 164 2919    -3749598    +50          -5    +85   37  69  285 -111   32  -65   32  -65  30  0  0 L3P 54
G18 FF 61049 053800  780 125 3297    +4556770   -157         -19    -59   48 170  366  -61   66  +29   66   29  33  0  0 L3P 7A
G21 FF 61049 053800  780 569 1994    -3763571    -92          -8     -9   21 132   96   +8   34  +16   34   16  15  0  0 L3P 0B
G22 FF 61049 053800  780 196 1641     +608368    -65           9    -23   32  11  241  -86   59  -16   59  -16  23  0  0 L3P 14
G30 FF 61049 053800  780 755  870     -818872   -129         -10     -6    9   0   83   +2   23  +11   23   11   6  0  0 L3P A1
G05 FF 61049 055400  780 591 2491    +2269637    -12         -25    -18   21   0   94   +2   39  +21   39   21  15  0  0 L3P EB
G07 FF 61049 055400  780 393  649    +1327497    +99         -13    +46   25  27  127  +18   34  -13   34  -13  21  0  0 L3P 2C
G08 FF 61049 055400  780 105  497    -5062828    +57         -12    +16   53  14  431  -59   57   -4   57   -4  38  0  0 L3P 0F
G13 FF 61049 055400  780 530 2871    -6901447    -60         -21    -70   15  19  101  -10   24  +59   24   59  12  0  0 L3P 1A
G14 FF 61049 055400  780 400 1490    -7276164    +60          -9    +85   15 126  126  -18   51  -67   51  -67  12  0  0 L3P 38
G15 FF 61049 055400  780 229 2940    -3749635    -85          -7    -50   36  69  208  -59   25  +23   25   23  25  0  0 L3P 2E
G18 FF 61049 055400  780 141 3234    +4556677    -98         -19     +0   35 170  326  -24   50  -23   50  -23  27  0  0 L3P 36
G21 FF 61049 055400  780 497 1940    -3763656   -107         -14    -24   29 132  106  +12   41  +28   41   28  23  0  0 L3P 47
G22 FF 61049 055400  780 267 1618     +608297    -48         -21     -6   26  11  180  -47   70  -21   70  -21  19  0  0 L3P 10
G30 FF 61049 055400  780 691  759     -819000    -96         -20    +27   13   0   86   +4   26  -12   26  -12   9  0  0 L3P C3
G05 FF 61049 061000  780 557 2357    +2269635     -7         -35    -13   26   1   98   +5   49  +17   49   17  20  0  0 L3P EA
G07 FF 61049 061000  780 328  661    +1327566    +48           0     -5   28  36  149  +27   25  +23   25   23  22  0  0 L3P DB
G08 FF 61049 061000  780 114  432    -5062794    -24         -20    -65   48  15  397  -15   65  +44   65   44  32  0  0 L3P 19
G13 FF 61049 061000  780 603 2905    -6901436    +63         -22    +53   15  22   93   -7   27  -33   27  -33  10  0  0 L3P FE
G14 FF 61049 061000  780 465 1435    -7276200     -6         -25    +19   14 127  112  -12   54  -19   54  -19  12  0  0 L3P 24
G15 FF 61049 061000  780 296 2956    -3749673    -55         -14    -19   42  70  163  -36   27  +14   27   14  31  0  0 L3P 35
G18 FF 61049 061000  780 146 3168    +4556556    -89         -52     +9   33 171  315   +1   56  -19   56  -19  24  0  0 L3P 35
G21 FF 61049 061000  780 421 1906    -3763721    -85           1     -2   21 132  120  +18   37   +2   37    2  17  0  0 L3P C5
G22 FF 61049 061000  780 340 1590     +608247     -1         -32    +41   28  33  145  -28   69  -49   69  -49  20  0  0 L3P 11
G30 FF 61049 061000  780 621  721     -819126    -84         -27    +39   21   1   91   +6   35  -20   35  -20  15  0  0 L3P C3
G05 FF 61049 062600  780 506 2255    +2269660    +11         -17     +4   22   1  104   +9   41   +0   41    0  15  0  0 L3P A5
G07 FF 61049 062600  780 264  679    +1327602    +71         -14    +19   29  36  180  +41   54  +15   54   15  23  0  0 L3P 11
G08 FF 61049 062600  780 113  366    -5062751   +109         -16    +68   34  15  400  +22   66  -53   66  -53  23  0  0 L3P 2F
G13 FF 61049 062600  780 678 2933    -6901408    +13          -3     +3   17  22   87   -5   16   -2   16   -2  11  0  0 L3P BE
G14 FF 61049 062600  780 523 1359    -7276220    -91         -21    -66   31 127  102   -8   49  +51   49   51  23  0  0 L3P 27
G15 FF 61049 062600  780 366 2963    -3749711    -31         -19     +5   23  70  136  -23   27   -5   27   -5  18  0  0 L3P 08
G18 FF 61049 062600  780 140 3101    +4556481   -143         -32    -46   44 171  329  +27   31  +17   31   17  33  0  0 L3P 3C
G21 FF 61049 062600  780 346 1884    -3763816    -48         -14    +35   18 132  142  +28   62   -5   62   -5  15  0  0 L3P 2A
G22 FF 61049 062600  780 412 1553     +608204    -80         -34    -38   17  33  123  -18   71  +34   71   34  11  0  0 L3P 01
G30 FF 61049 062600  780 551  714     -819232   -173         -15    -50   15   1   98   +9   32  +58   32   58  11  0  0 L3P DD
G05 FF 61049 064200  780 443 2182    +2269655    +30         -28    +23   20   1  115  +14   57   +6   57    6  18  0  0 L3P E3
G07 FF 61049 064200  780 202  703    +1327658   +109          -8    +56   35  36  232  +69   83   -5   83   -5  32  0  0 L3P 02
G08 FF 61049 064200  780 102  304    -5062714     +7         -19    -34   44  15  443  +71   71  +30   71   30  34  0  0 L3P EA
G13 FF 61049 064200  780 755 2948    -6901394    -39           1    -49   16  22   84   -3   18  +40   18   40  12  0  0 L3P ED
G14 FF 61049 064200  780 569 1254    -7276233    -29         -10     -4   20 127   96   -4   45   +5   45    5  15  0  0 L3P E1
G15 FF 61049 064200  780 437 2960    -3749758    -49         -31    -14   18  70  117  -16   38  +13   38   13  14  0  0 L3P 36
G18 FF 61049 064200  780 123 3036    +4556397    -80         -23    +18   36 171  371  +64   17  -24   17  -24  25  0  0 L3P 48
G21 FF 61049 064200  780 272 1869    -3763892    -77         -11     +6   35 132  176  +45   81  +12   81   12  28  0  0 L3P 32
G22 FF 61049 064200  780 482 1502     +608174    +13         -24    +55   21  33  109  -12   63  -43   63  -43  16  0  0 L3P 0B
G23 FF 61049 064200  780 101 3280    -5970351    +78         -23   +128   36 165  454 -250   38 -107   38 -107  26  0  0 L3P 90
G30 FF 61049 064200  780 482  724     -819357   -145         -22    -22   19   1  108  +12   46  +28   46   28  14  0  0 L3P 00
G05 FF 61049 065800  780 375 2129    +2269659    +22         -31    +15   21   1  132  +21   79   +8   79    8  17  0  0 L3P F8
G07 FF 61049 065800  780 142  730    +1327688    +42         -27    -11   35  36  325 +135  143  +71  143   71  26  0  0 L3P 46
G13 FF 61049 065800  780 832 2907    -6901387    +24          -1    +13   17  22   81   -1   25   +2   25    2  11  0  0 L3P BA
G14 FF 61049 065800  780 597 1120    -7276270    +13         -23    +38   23 127   94   -2   59  -23   59  -23  16  0  0 L3P 2B
G15 FF 61049 065800  780 508 2941    -3749783    -97         -22    -62   19  70  104  -11   32  +53   32   53  14  0  0 L3P 33
G21 FF 61049 065800  780 200 1856    -3763979    -33         -18    +50   31 132  235  +82  113   +4  113    4  25  0  0 L3P 30
G22 FF 61049 065800  780 546 1428     +608128    -23         -29    +19   20  33   99   -8   66  -10   66  -10  14  0  0 L3P 05
G23 FF 61049 065800  780 156 3251    -5970384     +7          -9    +57   29 165  299 -101   17  -58   17  -58  23  0  0 L3P 57
G24 FF 61049 065800  780 116 2585    +1700168   -199         -39    -51   43  22  399 -208   76  +36   76   36  33  0  0 L3P 6C
G30 FF 61049 065800  780 414  742     -819479   -104         -27    +18   18   1  122  +17   66   +8   66    8  15  0  0 L3P EB
G05 FF 61049 071400  780 305 2090    +2269677     +5         -19     -2   27   1  158  +34   97  +26   97   26  21  0  0 L3P F9
G13 FF 61049 071400  780 878 1802    -6901373    +49           3    +39   15  22   81   +0   32  -13   32  -13   9  0  0 L3P D6
G14 FF 61049 071400  780 601  971    -7276282    -28         -10     -3   20 127   93   +1   57   +8   57    8  14  0  0 L3P CE
G15 FF 61049 071400  780 578 2895    -3749824    -37         -30     -2   18  70   96   -7   47  +16   47   16  14  0  0 L3P 12
G21 FF 61049 071400  780 130 1844    -3764043    -42          -3    +41   29 132  355 +184  151  +33  151   33  26  0  0 L3P 47
G22 FF 61049 071400  780 599 1320     +608087    -94         -30    -52   23  33   93   -4   67  +37   67   37  16  0  0 L3P 00
G23 FF 61049 071400  780 206 3211    -5970420   -148           4    -98   34 165  229  -52    9  +87    9   87  25  0  0 L3P 1F
G24 FF 61049 071400  780 178 2620    +1700058    -74          -7    +74   35  22  264  -93   50  -40   50  -40  27  0  0 L3P 19
G30 FF 61049 071400  780 348  767     -819602   -159         -31    -36   22   1  141  +24   90  +48   90   48  15  0  0 L3P 08
G05 FF 61049 073000  780 235 2060    +2269689    +66         -14    +59   26   1  201  +57  126  -10  126  -10  22  0  0 L3P 32
G13 FF 61049 073000  780 804 1429    -6901375     -9          -9    -19   26  22   82   +2   53  +21   53   21  16  0  0 L3P D9
G14 FF 61049 073000  780 580  834    -7276293     -4           2    +21   19 127   95   +3   56   -8   56   -8  13  0  0 L3P C6
G15 FF 61049 073000  780 640 2805    -3749860    -25         -32    +10   16  70   90   -5   57   +1   57    1  12  0  0 L3P D3
G17 FF 61049 073000  780 142 1209     +270175   +121          -9     +3   31  23  328 -130  220  -68  220  -68  23  0  0 L3P 28
G22 FF 61049 073000  780 632 1173     +608060    +10         -16    +52   22  33   91   -2   64  -39   64  -39  17  0  0 L3P EC
G23 FF 61049 073000  780 250 3159    -5970469    -75           3    -25   32 165  191  -29   23  +35   23   35  23  0  0 L3P 20
G24 FF 61049 073000  780 241 2656    +1699891   -159         -32    -11   36  22  197  -51   75  +21   75   21  27  0  0 L3P 45
G30 FF 61049 073000  780 284  795     -819718   -101         -29    +22   24   1  169  +36  121  +26  121   26  20  0  0 L3P 1A
G05 FF 61049 074600  780 166 2034    +2269687    +36         -22    +29   40   1  279 +112  178  +40  178   40  30  0  0 L3P 4B
G13 FF 61049 074600  780 724 1415    -6901346    -26          10    -36   16  22   85   +4   50  +46   50   46  11  0  0 L3P EA
G14 FF 61049 074600  780 540  728    -7276338    -47         -19    -22   21 127  100   +6   76  +13   76   13  14  0  0 L3P 17
G15 FF 61049 074600  780 686 2648    -3749896    -40         -34     -5   18  70   87   -2   67  +17   67   17  13  0  0 L3P 1D
G17 FF 61049 074600  780 198 1161     +270270   +148         -28    +29   36  23  238  -65  214  -43  214  -43  28  0  0 L3P 5E
G22 FF 61049 074600  780 639 1002     +608028    -67          -8    -25   15  33   90   +1   59  +28   59   28  10  0  0 L3P E2
G23 FF 61049 074600  780 284 3096    -5970529    -71          -9    -21   33 165  169  -16   47  +28   47   28  25  0  0 L3P 4A
G24 FF 61049 074600  780 307 2691    +1699760   -153         -21     -5   25  22  158  -32   72   +9   72    9  20  0  0 L3P 0D
G30 FF 61049 074600  780 221  826     -819823   -127         -17     -4   21   1  213  +58  154  +61  154   61  15  0  0 L3P 0C
G05 FF 61049 080200  780 100 2011    +2269712    -35          -4    -41   45   1  455 +287  226  +78  226   78  37  0  0 L3P 34
G13 FF 61049 080200  780 644 1429    -6901352     +8          -5     -3   16  22   89   +6   77  +29   77   29  12  0  0 L3P DA
G14 FF 61049 080200  780 487  656    -7276354    -19         -14     +6   18 128  107  +10   84  +13   84   13  13  0  0 L3P 18
G15 FF 61049 080200  780 701 2426    -3749926    -61         -32    -26   21  73   86   +0   75  +23   75   23  14  0  0 L3P 03
G17 FF 61049 080200  780 250 1106     +270400   +151          -7    +33   30  24  191  -37  172  -26  172  -26  22  0  0 L3P 22
G19 FF 61049 080200  780 143 1328    -6847031    -95          -9    -77   36  38  324 -132  239  +29  239   29  27  0  0 L3P 6B
G22 FF 61049 080200  780 618  846     +607960    -46         -36     -4   18  33   92   +3   87  +21   87   21  13  0  0 L3P D4
G23 FF 61049 080200  780 307 3022    -5970583    -84         -12    -34   32 166  158   -8   66  +48   66   48  26  0  0 L3P 3C
G24 FF 61049 080200  780 375 2726    +1699614   -165         -26    -18   30  22  133  -22   83  +20   83   20  22  0  0 L3P 30
G30 FF 61049 080200  780 160  858     -819926   -166          -2    -43   35   1  290 +107  206 +103  206  103  30  0  0 L3P 38
G10 FF 61049 081800  780 131 3314    +5811680    +35         -22     +6   38  11  353 -113   85  +33   85   33  31  0  0 L3P 13
G13 FF 61049 081800  780 565 1449    -6901351    +48         -15    +38   19  22   97   +9  104  -11  104  -11  13  0  0 L3P 30
G14 FF 61049 081800  780 426  610    -7276375    -40         -11    -15   23 128  119  +15   99  +20   99   20  18  0  0 L3P 2B
G15 FF 61049 081800  780 678 2211    -3749953    -53         -26    -17   18  73   87   +3   79  +13   79   13  13  0  0 L3P 22
G17 FF 61049 081800  780 297 1042     +270512   +123          -9     +5   34  24  163  -23  155  -36  155  -36  26  0  0 L3P 2D
G19 FF 61049 081800  780 202 1288    -6847049    -39          -9    -21   39  38  233  -67  227  +21  227   21  34  0  0 L3P 50
G22 FF 61049 081800  780 575  731     +607921    -50         -34     -8   22  33   96   +5   93  +16   93   16  17  0  0 L3P D7
G23 FF 61049 081800  780 316 2940    -5970628    -86          -9    -36   27 166  154   -1   72  +35   72   35  20  0  0 L3P 2A
G24 FF 61049 081800  780 445 2760    +1699464   -161         -34    -13   28  22  115  -15   91  +14   91   14  20  0  0 L3P 37
G10 FF 61049 083400  780 169 3263    +5811724    +99          -7    +69   30  11  276  -55   94  -37   94  -37  24  0  0 L3P 3E
G12 FF 61049 083400  780 154 2163    +6063256    +43         -14    +39   43  61  303 -133  225  -62  225  -62  35  0  0 L3P 5B
G13 FF 61049 083400  780 487 1471    -6901335     +8          -8     -2   16  22  107  +13  116  +23  116   23  13  0  0 L3P 02
G14 FF 61049 083400  780 362  585    -7276392    -70          -4    -45   28 128  136  +22  108  +59  108   59  20  0  0 L3P 4B
G15 FF 61049 083400  780 626 2062    -3749993    -45         -32     -9   20  73   91   +5   96  +15   96   15  14  0  0 L3P 09
G17 FF 61049 083400  780 336  969     +270614   +145         -20    +27   21  24  146  -13  155  -39  155  -39  17  0  0 L3P 4C
G19 FF 61049 083400  780 260 1242    -6847088    -63         -30    -45   31  38  184  -39  207  +41  207   41  24  0  0 L3P 53
G22 FF 61049 083400  780 520  656     +607881    -37         -34     +5   26  33  102   +9  104  +17  104   17  19  0  0 L3P F8
G23 FF 61049 083400  780 310 2857    -5970699    -27         -32    +23   28 166  156   +6  110  +14  110   14  21  0  0 L3P 45
G24 FF 61049 083400  780 517 2792    +1699323   -168         -33    -20   19  22  103  -11   89  +20   89   20  13  0  0 L3P 3B
G10 FF 61049 085000  780 198 3204    +5811748    -52         -11    -82   31  11  237  -29  115  +69  115   69  24  0  0 L3P 4C
G12 FF 61049 085000  780 223 2185    +6063264    +56         -11    +51   38  61  213  -65  192  -65  192  -65  31  0  0 L3P 54
G13 FF 61049 085000  780 410 1493    -6901347    +51         -30    +41   19  22  123  +19  158   +8  158    8  14  0  0 L3P 1D
G14 FF 61049 085000  780 297  575    -7276428    -43         -16    -18   28 128  162  +33  141  +56  141   56  22  0  0 L3P 59
G15 FF 61049 085000  780 560 1973    -3750018    -64         -23    -29   18  73   97   +8  108  +50  108   50  13  0  0 L3P 2E
G17 FF 61049 085000  780 364  886     +270739   +129         -10    +11   17  24  136   -7  140  -22  140  -22  14  0  0 L3P 23
G19 FF 61049 085000  780 315 1187    -6847094     +2         -19    +20   26  38  155  -24  176  -35  176  -35  20  0  0 L3P 53
G22 FF 61049 085000  780 459  613     +607843    -99         -32    -57   25  33  112  +12  120  +62  120   62  18  0  0 L3P 1C
G23 FF 61049 085000  780 290 2776    -5970738    -73         -23    -23   34 166  166  +14  123  +43  123   43  27  0  0 L3P 66
G24 FF 61049 085000  780 591 2820    +1699181   -172         -33    -25   23  22   94   -8   96  +27   96   27  18  0  0 L3P 2E
G10 FF 61049 090600  780 217 3138    +5811787    +95          -1    +66   37  11  218  -13  120  -37  120  -37  27  0  0 L3P 41
G12 FF 61049 090600  780 293 2210    +6063270    +57          -9    +52   25  61  165  -38  173  -60  173  -60  20  0  0 L3P 3C
G13 FF 61049 090600  780 335 1513    -6901327    +24         -20    +14   25  22  146  +29  180  +29  180   29  19  0  0 L3P 3F
G14 FF 61049 090600  780 232  575    -7276473    -54         -37    -29   35 128  204  +55  198  +79  198   79  28  0  0 L3P 7E
G15 FF 61049 090600  780 487 1920    -3750066    -12         -37    +24   30  73  107  +13  140   -3  140   -3  23  0  0 L3P 1C
G17 FF 61049 090600  780 378  798     +270827    +86         -34    -32   25  24  132   -2  153  +26  153   26  21  0  0 L3P 1C
G19 FF 61049 090600  780 364 1121    -6847129    -34         -37    -16   17  38  136  -15  171  -12  171  -12  12  0  0 L3P 56
G22 FF 61049 090600  780 394  591     +607813    +26         -21    +69   33  33  127  +18  131  -16  131  -16  22  0  0 L3P 28
G23 FF 61049 090600  780 258 2702    -5970772   -133          -9    -83   48 166  185  +25  136  +85  136   85  37  0  0 L3P 83
G24 FF 61049 090600  780 666 2840    +1699056   -112         -16    +36   16  22   88   -5   88  -20   88  -20  11  0  0 L3P 2F
G10 FF 61049 092200  780 223 3067    +5811795    +54         -21    +24   29  11  212   +0  147   +2  147    2  20  0  0 L3P F4
G12 FF 61049 092200  780 366 2238    +6063267    -22         -16    -27   21  61  136  -24  162  +10  162   10  15  0  0 L3P 33
G13 FF 61049 092200  780 262 1532    -6901318    +30         -21    +20   27  22  182  +48  227  +45  227   45  20  0  0 L3P 33
G14 FF 61049 092200  780 168  583    -7276473    +96         -13   +121   35 128  277 +103  226  -17  226  -17  28  0  0 L3P 8B
G15 FF 61049 092200  780 412 1887    -3750085    -51         -22    -15   27  73  122  +19  153  +39  153   39  23  0  0 L3P 4E
G17 FF 61049 092200  780 376  709     +270947   +102         -28    -16   22  24  132   +3  160  +28  160   28  17  0  0 L3P 1E
G19 FF 61049 092200  780 404 1042    -6847144    -50         -34    -32   26  38  125   -9  159  +21  159   21  20  0  0 L3P 34
G22 FF 61049 092200  780 330  584     +607753    -99         -41    -57   24  33  148  +26  175  +75  175   75  17  0  0 L3P 3F
G23 FF 61049 092200  780 216 2635    -5970813    -35          -3    +15   33 166  217  +44  161   +8  161    8  25  0  0 L3P 26
G24 FF 61049 092200  780 743 2841    +1698907   -182         -23    -34   16  22   84   -3   97  +29   97   29  11  0  0 L3P 30
G10 FF 61049 093800  780 217 2994    +5811830    +35         -14     +5   37  11  217  +12  156  +26  156   26  30  0  0 L3P 30
G12 FF 61049 093800  780 439 2269    +6063269    +14         -18     +9   16  61  117  -16  150   -8  150   -8  14  0  0 L3P 2A
G13 FF 61049 093800  780 191 1548    -6901313     +0         -26    -11   40  22  245  +88  282 +103  282  103  30  0  0 L3P 49
G15 FF 61049 093800  780 338 1865    -3750115    -20         -19    +15   24  73  145  +29  179  +11  179   11  19  0  0 L3P 56
G17 FF 61049 093800  780 360  626     +271054   +163         -35    +45   21  24  137   +8  177  -26  177  -26  16  0  0 L3P 3A
G19 FF 61049 093800  780 432  950    -6847162    -33         -34    -15   26  38  118   -5  159  +16  159   16  19  0  0 L3P 43
G22 FF 61049 093800  780 266  587     +607720    -17         -33    +25   34  33  180  +41  207  +19  207   19  26  0  0 L3P 29
G23 FF 61049 093800  780 168 2577    -5970874    -46         -15     +4   30 166  276  +81  206  +56  206   56  25  0  0 L3P 6B
G24 FF 61049 093800  780 819 2767    +1698769   -140         -19     +8   10  22   82   -2  102   +1  102    1   7  0  0 L3P F4
G10 FF 61049 095400  780 199 2923    +5811856     -6         -17    -36   29  11  236  +27  179  +53  179   53  27  0  0 L3P 58
G12 FF 61049 095400  780 515 2302    +6063277    -12         -15    -16   25  61  103  -11  138   +3  138    3  18  0  0 L3P 10
G13 FF 61049 095400  780 122 1562    -6901277   +108           0    +98   37  22  377 +205  348  -13  348  -13  26  0  0 L3P 64
G15 FF 61049 095400  780 265 1850    -3750157    +36         -27    +71   22  73  180  +47  224  -10  224  -10  19  0  0 L3P 51
G19 FF 61049 095400  780 443  850    -6847174    -17         -30     +1   21  38  116   -1  157   +0  157    0  16  0  0 L3P EC
G22 FF 61049 095400  780 203  598     +607694     -6         -19    +36   36  33  231  +69  245  +21  245   21  30  0  0 L3P 18
G23 FF 61049 095400  780 116 2525    -5970924   -102         -17    -52   37 166  392 +176  264 +108  264  108  29  0  0 L3P BA
G24 FF 61049 095400  780 869 2026    +1698611   -136         -35    +12   16  22   81   +0  123   -4  123   -4  11  0  0 L3P 12
G25 FF 61049 095400  780 134 2403    -4510782    +59         -25    +36   48  11  347 -164  278  -68  278  -68  32  0  0 L3P 89
G32 FF 61049 095400  780 153 3195    +1710254   -118         -37    +51   39  23  305 -116  191  -33  191  -33  31  0  0 L3P 73
G10 FF 61049 101000  780 170 2856    +5811896    +10          -7    -19   23  13  273  +52  195  +45  195   45  17  0  0 L3P 37
G12 FF 61049 101000  780 591 2338    +6063270    +57         -26    +53   24  62   94   -8  134  -53  134  -53  18  0  0 L3P 2E
G15 FF 61049 101000  780 194 1837    -3750186   -107         -19    -71   23  94  241  +84  265 +118  265  118  20  0  0 L3P 85
G17 FF 61049 101000  780 289  496     +271280   +138         -39    +21   22  26  166  +24  212  +14  212   14  17  0  0 L3P 23
G19 FF 61049 101000  780 436  750    -6847190    -11         -29     +7   22  39  117   +3  162   -4  162   -4  16  0  0 L3P F5
G22 FF 61049 101000  780 142  616     +607645    -58         -28    -16   53  37  324 +135  298  +55  298   55  45  0  0 L3P 48
G24 FF 61049 101000  780 809 1456    +1698477   -186         -20    -38   16  25   82   +2  120  +24  120   24  10  0  0 L3P 29
G25 FF 61049 101000  780 198 2436    -4510742    +68         -11    +45   35  12  238  -77  220  -73  220  -73  25  0  0 L3P 4F
G32 FF 61049 101000  780 210 3171    +1710092   -165         -34     +3   37  24  225  -59  188  -12  188  -12  24  0  0 L3P 41
G10 FF 61049 102600  780 133 2794    +5811896    -52         -35    -82   48  13  345 +103  246  +94  246   94  36  0  0 L3P 6E
G12 FF 61049 102600  780 668 2379    +6063284     -3         -17     -8   19  62   88   -5  127   +6  127    6  13  0  0 L3P EF
G15 FF 61049 102600  780 126 1826    -3750228     +7         -28    +43   33  94  364 +188  329  +36  329   36  24  0  0 L3P 5C
G17 FF 61049 102600  780 241  452     +271402   +109         -30     -8   33  26  197  +40  230  +46  230   46  28  0  0 L3P 0E
G19 FF 61049 102600  780 413  659    -6847221    -26         -42     -8   24  39  122   +8  172   -2  172   -2  18  0  0 L3P 01
G24 FF 61049 102600  780 731 1398    +1698350   -185          -6    -38   18  25   84   +4  117  +33  117   33  11  0  0 L3P 2B
G25 FF 61049 102600  780 263 2472    -4510732    +31         -22     +9   28  12  182  -44  200  -34  200  -34  21  0  0 L3P 22
G32 FF 61049 102600  780 263 3136    +1709940   -192         -24    -24   37  24  182  -34  173   +5  173    5  27  0  0 L3P 36
G06 FF 61049 104200  780 149  908    +6005116    +63         -21    +21   38  14  312  -94  320  -47  320  -47  27  0  0 L3P 34
G12 FF 61049 104200  780 745 2429    +6063307    -16           2    -21   16  62   84   -3  113  +23  113   23  11  0  0 L3P E6
G17 FF 61049 104200  780 188  419     +271522   +142         -21    +25   39  26  248  +71  262  +41  262   41  30  0  0 L3P 26
G19 FF 61049 104200  780 375  584    -6847229    +15         -32    +34   27  39  132  +14  183   +0  183    0  20  0  0 L3P 0E
G24 FF 61049 104200  780 652 1396    +1698180   -123         -33    +25   23  25   89   +6  145   +2  145    2  17  0  0 L3P 0F
G25 FF 61049 104200  780 330 2510    -4510711     +8         -23    -15   29  12  148  -28  186   -1  186   -1  23  0  0 L3P 0A
G32 FF 61049 104200  780 311 3087    +1709770   -153         -33    +15   32  24  156  -21  173  -16  173  -16  24  0  0 L3P 57
G06 FF 61049 105800  780 191  848    +6005157     +8         -21    -34   28  14  246  -49  293  -30  293  -30  20  0  0 L3P 35
G12 FF 61049 105800  780 823 2507    +6063300    +13          -9     +8   15  62   82   -2  123   -4  123   -4  12  0  0 L3P CE
G17 FF 61049 105800  780 132  398     +271645    +31         -11    -86   38  26  349 +149  297 +105  297  105  30  0  0 L3P 6C
G19 FF 61049 105800  780 326  527    -6847238     -5         -23    +13   31  39  149  +22  198  +17  198   17  23  0  0 L3P 3D
G24 FF 61049 105800  780 574 1409    +1698049   -109         -23    +39   23  25   96   +9  156   -9  156   -9  16  0  0 L3P 41
G25 FF 61049 105800  780 399 2549    -4510686    +20         -20     -3   21  12  126  -19  173  -12  173  -12  16  0  0 L3P 3D
G32 FF 61049 105800  780 350 3024    +1709620   -190         -22    -22   28  24  141  -12  170  +23  170   23  20  0  0 L3P 33
G06 FF 61049 111400  780 225  781    +6005207    +13         -11    -29   28  14  210  -27  261   +0  261    0  22  0  0 L3P E9
G11 FF 61049 111400  780 119 1198    +4803604   -165         -13    -32   42 208  389 -181  374   -8  374   -8  32  0  0 L3P 72
G12 FF 61049 111400  780 889 3417    +6063301    -14         -13    -19   16  62   81   +0  126  +11  126   11  12  0  0 L3P 06
G19 FF 61049 111400  780 271  485    -6847259    +41         -27    +59   26  39  177  +36  225  -23  225  -23  17  0  0 L3P 5B
G24 FF 61049 111400  780 497 1427    +1697917   -114         -12    +34   16  25  106  +12  170   +1  170    1  14  0  0 L3P 21
G25 FF 61049 111400  780 469 2592    -4510658    +18         -14     -5   30  12  111  -13  159  -11  159  -11  21  0  0 L3P 33
G29 FF 61049 111400  780 100 1991    +3959420    -46         -43    +18   54  50  464 -312  387  -75  387  -75  45  0  0 L3P 84
G32 FF 61049 111400  780 378 2947    +1709454   -170         -25     -2   26  24  132   -6  176   +7  176    7  20  0  0 L3P 18
G06 FF 61049 113000  780 250  708    +6005254    +40          -4     -2   33  14  191  -14  237  -22  237  -22  23  0  0 L3P FD
G11 FF 61049 113000  780 173 1152    +4803479   -111         -10    +22   32 208  270  -84  320  -84  320  -84  22  0  0 L3P 5C
G12 FF 61049 113000  780 821  620    +6063320    +45           1    +40   14  62   82   +2  120  -26  120  -26  10  0  0 L3P C8
G19 FF 61049 113000  780 211  457    -6847279    +19         -29    +37   29  39  223  +63  252   +4  252    4  22  0  0 L3P 1D
G24 FF 61049 113000  780 422 1446    +1697767   -138         -21    +10   26  25  120  +18  199  +25  199   25  18  0  0 L3P 60
G25 FF 61049 113000  780 540 2636    -4510634    +22         -11     -1   19  12  100   -9  147  -10  147  -10  15  0  0 L3P 09
G28 FF 61049 113000  780 137 3049    +6135796     -6         -24    +44   36 239  340 -157  264  -49  264  -49  29  0  0 L3P 87
G29 FF 61049 113000  780 168 1999    +3959387    -84         -15    -21   40  50  279 -116  311   -4  311   -4  35  0  0 L3P 57
G32 FF 61049 113000  780 391 2859    +1709296   -180         -22    -12   23  24  128   -2  177  +19  177   19  18  0  0 L3P 53
G06 FF 61049 114600  780 262  631    +6005281     -9         -18    -51   31  14  182   -4  229  +14  229   14  25  0  0 L3P 06
G11 FF 61049 114600  780 226 1099    +4803329   -120         -33    +13   27 208  210  -46  306  -34  306  -34  21  0  0 L3P 64
G12 FF 61049 114600  780 746  700    +6063306    +21         -17    +17   16  62   84   +3  138   -4  138   -4  12  0  0 L3P EB
G19 FF 61049 114600  780 149  441    -6847271    -68          -4    -49   39  39  310 +129  258  +68  258   68  34  0  0 L3P 67
G24 FF 61049 114600  780 348 1466    +1697632    -65         -14    +83   30  25  141  +26  233  -31  233  -31  23  0  0 L3P 4E
G25 FF 61049 114600  780 613 2685    -4510609     -2          -8    -25   26  12   92   -7  139  +11  139   11  18  0  0 L3P 01
G28 FF 61049 114600  780 200 3058    +6135770   -115          -2    -65   40 239  236  -75  223  +34  223   34  31  0  0 L3P 51
G29 FF 61049 114600  780 240 2009    +3959341    +57           0   +121   43  50  199  -59  274 -155  274 -155  33  0  0 L3P 7A
G32 FF 61049 114600  780 388 2767    +1709145    -96         -11    +72   19  24  129   +3  175  -53  175  -53  16  0  0 L3P 59
G06 FF 61049 120200  780 261  554    +6005327   +131         -12    +89   32  14  183   +5  220  -74  220  -74  25  0  0 L3P 2A
G11 FF 61049 120200  780 274 1039    +4803217   -163         -17    -30   24 208  175  -27  254   +8  254    8  19  0  0 L3P 44
G12 FF 61049 120200  780 672  754    +6063314    +39         -13    +35   14  62   88   +5  139   -7  139   -7  10  0  0 L3P F9
G24 FF 61049 120200  780 277 1484    +1697487   -104         -18    +44   21  27  173  +42  270   -7  270   -7  15  0  0 L3P 49
G25 FF 61049 120200  780 687 2741    -4510600    +49         -21    +26   16  12   87   -5  139  -22  139  -22  10  0  0 L3P 24
G28 FF 61049 120200  780 265 3059    +6135717    -78          -8    -28   32 239  181  -43  203  -10  203  -10  23  0  0 L3P 4F
G29 FF 61049 120200  780 313 2021    +3959277    -23          -2    +41   29  50  156  -35  235  -77  235  -77  22  0  0 L3P 46
G32 FF 61049 120200  780 370 2677    +1708977   -127         -18    +41   24  24  134   +8  185  -19  185  -19  18  0  0 L3P 68
G06 FF 61049 121800  780 246  481    +6005378    +60          -1    +18   23  14  193  +16  201  -10  201  -10  16  0  0 L3P 0D
G11 FF 61049 121800  780 315  969    +4803072   -119         -34    +14   36 208  155  -17  223  -55  223  -55  27  0  0 L3P 6B
G12 FF 61049 121800  780 599  801    +6063320     +9         -11     +4   18  62   93   +7  144   +7  144    7  12  0  0 L3P C2
G24 FF 61049 121800  780 208 1500    +1697330    -64         -32    +83   32  27  226  +73  323  -35  323  -35  24  0  0 L3P 4B
G25 FF 61049 121800  780 761 2815    -4510576    +21         -19     -1   16  12   83   -3  131  -11  131  -11  11  0  0 L3P 01
G28 FF 61049 121800  780 331 3050    +6135662    -77         -14    -27   24 239  148  -27  186   -1  186   -1  17  0  0 L3P 4E
G29 FF 61049 121800  780 388 2034    +3959211    -40          -7    +24   31  50  129  -22  209  -54  209  -54  23  0  0 L3P 44
G32 FF 61049 121800  780 338 2595    +1708824   -181          -9    -13   28  24  145  +15  196  +19  196   19  22  0  0 L3P 5E
G06 FF 61049 123400  780 220  416    +6005363    +67         -57    +25   38  14  214  +30  251  +12  251   12  26  0  0 L3P 17
G11 FF 61049 123400  780 345  890    +4802962   -133         -17     +0   29 208  142   -9  190  -16  190  -16  24  0  0 L3P 40
G12 FF 61049 123400  780 528  846    +6063332    +30          -3    +25   20  62  101  +10  143   -3  143   -3  14  0  0 L3P E2
G24 FF 61049 123400  780 140 1515    +1697200   -223         -20    -75   32  27  328 +152  358 +114  358  114  25  0  0 L3P 82
G25 FF 61049 123400  780 834 2965    -4510551    +34         -16    +11   13  12   81   -1  123  -12  123  -12  10  0  0 L3P 0B
G28 FF 61049 123400  780 395 3027    +6135615    -93         -14    -43   23 239  127  -18  163  +22  163   22  19  0  0 L3P 5F
G29 FF 61049 123400  780 465 2047    +3959142    -76         -15    -13   31  50  112  -15  187  -15  187  -15  28  0  0 L3P 60
G31 FF 61049 123400  780 101 3119    +1735588    +26         -22    +47   35  14  455 -284  302  -57  302  -57  25  0  0 L3P 66
G32 FF 61049 123400  780 295 2524    +1708652   -131         -20    +37   29  24  164  +24  224  -12  224  -12  23  0  0 L3P 51
G06 FF 61049 125000  780 183  360    +6005430     +8         -30    -34   36  14  255  +56  245  +23  245   23  24  0  0 L3P 0D
G11 FF 61049 125000  780 362  803    +4802821   -148         -26    -15   25 209  136   -3  180   -1  180   -1  20  0  0 L3P 17
G12 FF 61049 125000  780 458  889    +6063332    -27          -8    -32   18  62  112  +13  150  +22  150   22  13  0  0 L3P 10
G25 FF 61049 125000  780 873  415    -4510533     -7         -19    -30   13  12   81   +0  122  +20  122   20   9  0  0 L3P CA
G28 FF 61049 125000  780 457 2986    +6135563     -9         -18    +42   16 239  113  -12  150  -45  150  -45  11  0  0 L3P 59
G29 FF 61049 125000  780 543 2057    +3959085    -53         -11    +11   26  50  100  -10  152  -51  152  -51  20  0  0 L3P 39
G31 FF 61049 125000  780 166 3118    +1735583     +1          -7    +21   33  14  283 -110  252  -47  252  -47  24  0  0 L3P 33
G32 FF 61049 125000  780 244 2463    +1708489   -193         -22    -24   24  24  194  +40  250  +62  250   62  18  0  0 L3P 54
G06 FF 61049 130600  780 138  314    +6005469    +93         -32    +51   37  14  333 +113  263   -8  263   -8  30  0  0 L3P 27
G11 FF 61049 130600  780 365  715    +4802681   -125         -39     +8   25 209  136   +2  177  -26  177  -26  17  0  0 L3P 4E
G12 FF 61049 130600  780 391  931    +6063309    +35         -36    +30   19  62  128  +19  179  -21  179  -21  15  0  0 L3P 43
G25 FF 61049 130600  780 807  896    -4510495     +7          -3    -15   19  12   82   +2  107   -1  107   -1  14  0  0 L3P CF
G28 FF 61049 130600  780 512 2919    +6135518    -82         -14    -32   28 239  104   -8  132   +9  132    9  20  0  0 L3P 26
G29 FF 61049 130600  780 622 2061    +3959007    -47         -28    +16   26  50   91   -7  143  -22  143  -22  18  0  0 L3P 30
G31 FF 61049 130600  780 230 3107    +1735551    +26         -19    +46   33  14  206  -56  225  -55  225  -55  23  0  0 L3P 48
G32 FF 61049 130600  780 189 2410    +1708327   -187         -22    -19   48  24  246  +72  284  +57  284   57  35  0  0 L3P 72
G11 FF 61049 132200  780 351  630    +4802562   -149         -30    -16   22 209  140   +7  162  +17  162   17  17  0  0 L3P 31
G12 FF 61049 132200  780 325  973    +6063319    -36         -30    -40   29  62  150  +28  181  +45  181   45  24  0  0 L3P 30
G25 FF 61049 132200  780 733 1000    -4510478    -26          -8    -49   14  12   84   +3  112  +39  112   39  10  0  0 L3P FE
G28 FF 61049 132200  780 556 2822    +6135462    -26         -22    +24   18 239   98   -4  134  -25  134  -25  12  0  0 L3P 46
G29 FF 61049 132200  780 701 2050    +3958962    -59         -12     +5   23  50   86   -4  121   -7  121   -7  17  0  0 L3P F8
G31 FF 61049 132200  780 294 3085    +1735535    -72         -15    -51   31  14  165  -33  190   +0  190    0  25  0  0 L3P 12
G32 FF 61049 132200  780 132 2364    +1708156   -188         -32    -20   55  24  347 +148  346  +68  346   68  45  0  0 L3P 7D
G11 FF 61049 133800  780 324  555    +4802449   -107         -15    +26   23 209  150  +14  159  -11  159  -11  17  0  0 L3P 5D
G12 FF 61049 133800  780 261 1013    +6063315     -4         -38     -8   24  62  183  +43  209  +42  209   42  18  0  0 L3P 18
G25 FF 61049 133800  780 658 1062    -4510458    +31         -10     +8   20  12   88   +5  118   -5  118   -5  13  0  0 L3P F0
G26 FF 61049 133800  780 182 2888    +3085431   +164           1   +102   32  37  259  -90  246 -120  246 -120  25  0  0 L3P 7D
G28 FF 61049 133800  780 581 2693    +6135412    -29         -24    +21   22 239   95   -2  132  -13  132  -13  15  0  0 L3P 3D
G29 FF 61049 133800  780 778 1988    +3958890    -11         -23    +53   15  50   83   -2  125  -37  125  -37  10  0  0 L3P 4C
G31 FF 61049 133800  780 354 3049    +1735509    -32         -22    -11   27  14  139  -21  171  -12  171  -12  19  0  0 L3P 46
G11 FF 61049 135400  780 285  493    +4802290   -138         -47     -5   30 209  169  +24  194  +21  194   21  20  0  0 L3P 48
G12 FF 61049 135400  780 198 1051    +6063333    +67         -25    +62   30  62  237  +73  239   +8  239    8  23  0  0 L3P 28
G18 FF 61049 135400  780 125 1805    +4553878    -47          -4    +51   40 174  371 -203  344 -218  344 -218  28  0  0 L3P 9B
G25 FF 61049 135400  780 585 1112    -4510457     +6         -31    -17   19  12   95   +8  137  +22  137   22  13  0  0 L3P 09
G26 FF 61049 135400  780 246 2909    +3085488    +42          -2    -20   37  37  194  -50  205  -12  205  -12  26  0  0 L3P 42
G28 FF 61049 135400  780 582 2549    +6135361    -88         -28    -38   18 239   95   +1  135  +36  135   36  13  0  0 L3P 53
G29 FF 61049 135400  780 843 1685    +3958866    -46          15    +18   13  50   81   -1   98   -3   98   -3  10  0  0 L3P FC
G31 FF 61049 135400  780 409 2995    +1735490     +2         -21    +23   23  14  123  -13  157  -32  157  -32  19  0  0 L3P 3A
G11 FF 61049 141000  780 238  444    +4802178   -214         -28    -81   32 211  199  +41  203  +83  203   83  23  0  0 L3P 4C
G12 FF 61049 141000  780 136 1088    +6063322   -176         -44   -181   91  52  337 +147  269 +146  269  146  69  0  0 L3P B8
G18 FF 61049 141000  780 196 1799    +4553796   -180           6    -82   33 176  241  -87  255   -4  255   -4  24  0  0 L3P 5A
G21 FF 61049 141000  780 116  670    -3766141    -99         -20    -16   42 137  393 -100  240  -14  240  -14  33  0  0 L3P 52
G25 FF 61049 141000  780 512 1156    -4510439    +13         -43    -10   18  16  104  +11  144  +10  144   10  14  0  0 L3P 15
G26 FF 61049 141000  780 313 2925    +3085547    +61          -2     -1   25  37  156  -31  168  -44  168  -44  19  0  0 L3P 36
G28 FF 61049 141000  780 558 2413    +6135313    -58         -27     -8   23 239   98   +4  136  +23  136   23  17  0  0 L3P 2B
G29 FF 61049 141000  780 832  933    +3958805    -68          15     -4   14  56   81   +1   88   -3   88   -3  10  0  0 L3P CB
G31 FF 61049 141000  780 454 2919    +1735482    -23         -20     -3   23  39  114   -8  142   +1  142    1  18  0  0 L3P EB
G04 FF 61049 142600  780 110 3287     -370953    -86         -23    -62   34 164  412  -28  277  +26  277   26  24  0  0 L3P 57
G05 FF 61049 142600  780 147  911    +2269823     +0         -45     -6   48  12  316  -95  258  -27  258  -27  35  0  0 L3P 33
G11 FF 61049 142600  780 184  408    +4802037   -130         -41     +3   41 211  253  +75  225   -2  225   -2  29  0  0 L3P 16
G18 FF 61049 142600  780 268 1792    +4553666   -168         -31    -70   38 176  179  -47  229   -8  229   -8  29  0  0 L3P 8E
G21 FF 61049 142600  780 142  607    -3766216   -131         -15    -48   48 137  325  -48  213   +0  213    0  37  0  0 L3P 2E
G25 FF 61049 142600  780 440 1196    -4510411    +20         -37     -2   27  16  116  +15  154  +32  154   32  21  0  0 L3P 17
G26 FF 61049 142600  780 381 2934    +3085593    +52         -14     -9   20  37  131  -21  152  -17  152  -17  15  0  0 L3P 3F
G28 FF 61049 142600  780 515 2303    +6135280    +10         -12    +60   19 239  103   +8  131  -41  131  -41  15  0  0 L3P 33
G29 FF 61049 142600  780 764  727    +3958710   -134         -19    -70   14  56   83   +3  108  +60  108   60  10  0  0 L3P 2D
G31 FF 61049 142600  780 484 2822    +1735461     -2         -21    +19   17  39  108   -4  134  -22  134  -22  12  0  0 L3P 21
G04 FF 61049 144200  780 112 3223     -370988     +2         -34    +26   39 164  405  +12  264  -30  264  -30  29  0  0 L3P 37
G05 FF 61049 144200  780 188  851    +2269840    +35         -34    +28   26  12  249  -50  225  -32  225  -32  20  0  0 L3P 3E
G11 FF 61049 144200  780 127  383    +4801927   -159         -24    -26   31 211  361 +163  214  +10  214   10  25  0  0 L3P 51
G16 FF 61049 144200  780 108 2940    -1844381   -156          -8    -79   44  49  427 -246  267   +4  267    4  32  0  0 L3P 55
G18 FF 61049 144200  780 343 1785    +4553599    -83          -4    +14   32 176  144  -29  165  -61  165  -61  24  0  0 L3P 6E
G21 FF 61049 144200  780 158  541    -3766318   -125         -38    -42   45 137  293  -20  211  +22  211   22  33  0  0 L3P 4C
G25 FF 61049 144200  780 370 1233    -4510380     -8         -27    -31   21  16  134  +22  163  +44  163   44  14  0  0 L3P 1D
G26 FF 61049 144200  780 451 2933    +3085649    +27         -17    -34   24  37  114  -14  138   +8  138    8  18  0  0 L3P 32
G28 FF 61049 144200  780 458 2221    +6135229    -70         -15    -20   27 239  112  +12  138  +19  138   19  21  0  0 L3P 52
G29 FF 61049 144200  780 690  689    +3958643    -68         -25     -4   22  56   86   +4  112   +2  112    2  14  0  0 L3P EA
G31 FF 61049 144200  780 497 2710    +1735432    -55         -30    -35   25  39  106   +0  138  +14  138   14  17  0  0 L3P 2C
G04 FF 61049 145800  780 103 3158     -371025    -89         -49    -65   41 164  437  +56  260  +48  260   48  30  0  0 L3P 59
G05 FF 61049 145800  780 222  783    +2269858     +0         -23     -6   28  12  213  -27  187  -36  187  -36  23  0  0 L3P 31
G16 FF 61049 145800  780 172 2962    -1844472    -86         -25    -10   45  49  272 -103  224  -42  224  -42  33  0  0 L3P 71
G18 FF 61049 145800  780 419 1773    +4553487    -68         -21    +29   36 176  121  -19  151  -33  151  -33  28  0  0 L3P 80
G21 FF 61049 145800  780 164  473    -3766376    -71         -16    +12   42 137  283   +0  183  -46  183  -46  31  0  0 L3P 50
G25 FF 61049 145800  780 301 1266    -4510361    -19         -31    -42   26  16  160  +34  183  +42  183   42  21  0  0 L3P 37
G26 FF 61049 145800  780 521 2916    +3085699    +59         -27     -3   15  37  103  -10  131   -2  131   -2  11  0  0 L3P 17
G28 FF 61049 145800  780 394 2161    +6135167   -105         -29    -55   25 239  127  +18  149  +41  149   41  20  0  0 L3P 7B
G29 FF 61049 145800  780 617  692    +3958589    -37         -18    +26   16  56   92   +7  108  -13  108  -13  12  0  0 L3P 41
G31 FF 61049 145800  780 488 2595    +1735408    -41         -35    -21   24  39  107   +3  139  +20  139   20  19  0  0 L3P 3D
G05 FF 61049 151400  780 246  710    +2269867     -4         -20    -11   30  12  193  -14  152  -21  152  -21  24  0  0 L3P 16
G16 FF 61049 151400  780 239 2980    -1844527    -65          -8    +11   33  49  200  -55  176  -40  176  -40  26  0  0 L3P 50
G18 FF 61049 151400  780 496 1753    +4553398   -105         -17     -7   20 176  106  -13  138   +1  138    1  15  0  0 L3P 3B
G21 FF 61049 151400  780 158  406    -3766449   -146         -10    -63   25 137  293  +21  151  +21  151   21  18  0  0 L3P 51
G25 FF 61049 151400  780 234 1298    -4510335    +28         -26     +5   31  16  202  +55  196  +13  196   13  25  0  0 L3P 2E
G26 FF 61049 151400  780 589 2874    +3085775    +36          -9    -25   16  37   94   -7  115  +11  115   11  11  0  0 L3P 20
G28 FF 61049 151400  780 327 2116    +6135116    -61         -38    -11   25   1  149  +29  177  +28  177   28  17  0  0 L3P 3E
G29 FF 61049 151400  780 545  711    +3958512    -98         -33    -34   19  56   99   +9  117  +25  117   25  13  0  0 L3P 2D
G31 FF 61049 151400  780 461 2490    +1735394    -61         -29    -41   24  39  112   +7  137  +35  137   35  17  0  0 L3P 38
G05 FF 61049 153000  780 257  633    +2269880    -85         -14    -92   38  12  185   -4  122  +44  122   44  27  0  0 L3P 2A
G16 FF 61049 153000  780 307 2992    -1844614    -76         -22     +1   29  49  158  -33  155  -42  155  -42  23  0  0 L3P 4F
G18 FF 61049 153000  780 572 1717    +4553312    -64          -9    +33   25 176   96   -8  119  -50  119  -50  18  0  0 L3P 41
G21 FF 61049 153000  780 141  343    -3766528    -61          -9    +22   30 137  326  +50  121  -34  121  -34  22  0  0 L3P 29
G25 FF 61049 153000  780 168 1326    -4510313    +35         -26    +12   32  16  276 +104  205   -7  205   -7  26  0  0 L3P 2D
G26 FF 61049 153000  780 650 2789    +3085817    +24         -26    -38   15  37   89   -4  114  +13  114   13  10  0  0 L3P 26
G28 FF 61049 153000  780 258 2081    +6135081    -45         -24     +5   27   1  184  +47  190  +21  190   21  21  0  0 L3P 13
G29 FF 61049 153000  780 474  737    +3958465    -25         -19    +39   21  56  110  +13  102  -37  102  -37  17  0  0 L3P 49
G31 FF 61049 153000  780 418 2401    +1735374     -7         -29    +13   23  39  121  +12  144   -4  144   -4  16  0  0 L3P 08
G05 FF 61049 154600  780 256  556    +2269875     +3         -25     -4   36  12  186   +6  108   -7  108   -7  25  0  0 L3P F9
G16 FF 61049 154600  780 378 2994    -1844682    -55         -16    +22   21  49  132  -22  123  -44  123  -44  16  0  0 L3P 62
G18 FF 61049 154600  780 644 1650    +4553209   -116         -18    -18   15 176   90   -5  105  -13  105  -13  13  0  0 L3P 51
G21 FF 61049 154600  780 114  286    -3766625   -174         -26    -91   34 137  399 +108  116  +54  116   54  27  0  0 L3P 84
G25 FF 61049 154600  780 104 1352    -4510301    -32         -35    -55   60  16  435 +256  215  +34  215   34  44  0  0 L3P 47
G26 FF 61049 154600  780 696 2637    +3085872    +35         -30    -26   24  37   86   -2  101   +4  101    4  18  0  0 L3P 05
G27 FF 61049 154600  780 101 2648     +153468     -1         -20    -74   39  78  457 -270  259  +26  259   26  27  0  0 L3P 54
G28 FF 61049 154600  780 190 2052    +6135049    -73          -8    -23   35   1  246  +85  203  +40  203   40  27  0  0 L3P 1A
G29 FF 61049 154600  780 406  768    +3958385    -50         -38    +14   19  56  124  +18  111  -27  111  -27  15  0  0 L3P 55
G31 FF 61049 154600  780 366 2331    +1735348     -2         -36    +18   27  39  135  +18  156  -13  156  -13  20  0  0 L3P 42
G05 FF 61049 160200  780 241  483    +2269891    -13         -18    -20   28  13  197  +17   87   -2   87   -2  23  0  0 L3P 02
G16 FF 61049 160200  780 449 2984    -1844759    -24         -20    +52   17  50  115  -15  103  -49  103  -49  14  0  0 L3P 5C
G18 FF 61049 160200  780 707 1522    +4553117   -110         -22    -12   22 177   86   -3   88  -11   88  -11  15  0  0 L3P 29
G23 FF 61049 160200  780 136 1464    -5972048     -5         -29    +45   53 170  342 -162  200  -62  200  -62  43  0  0 L3P 5E
G26 FF 61049 160200  780 714 2415    +3085937    +23         -20    -38   19  38   85   +0   89  +21   89   21  14  0  0 L3P 08
G27 FF 61049 160200  780 162 2684     +153538    +77         -22     +4   38  79  289 -110  217  -40  217  -40  25  0  0 L3P 4B
G28 FF 61049 160200  780 124 2026    +6134969    -36         -42    +14   73   2  370 +191  239  -15  239  -15  59  0  0 L3P 5F
G29 FF 61049 160200  780 340  802    +3958324   -111         -36    -48   25  57  144  +25  105  +37  105   37  18  0  0 L3P 48
G31 FF 61049 160200  780 307 2274    +1735344    -10         -20    +10   23  39  157  +29  152   -6  152   -6  16  0  0 L3P 1B
G05 FF 61049 161800  780 213  417    +2269869    +63         -47    +56   39  13  220  +33   99  -44   99  -44  29  0  0 L3P 41
G16 FF 61049 161800  780 518 2954    -1844834    -84         -21     -8   18  50  103  -10   91  -13   91  -13  13  0  0 L3P 23
G18 FF 61049 161800  780 745 1291    +4553038    -83          -7    +15   19 177   84   -1   63  -24   63  -24  12  0  0 L3P 1D
G23 FF 61049 161800  780 201 1433    -5972082    -59         -15     -9   27 170  234  -76  155  -41  155  -41  24  0  0 L3P 5E
G26 FF 61049 161800  780 694 2192    +3085993    +89         -23    +28   24  38   86   +2   88  -29   88  -29  16  0  0 L3P 44
G27 FF 61049 161800  780 225 2721     +153633    +52           3    -21   32  79  211  -59  154  -25  154  -25  25  0  0 L3P 1F
G29 FF 61049 161800  780 275  838    +3958276   -107         -22    -43   22  57  174  +38   92  +34   92   34  17  0  0 L3P 47
G31 FF 61049 161800  780 246 2229    +1735325    +21         -20    +42   39  39  193  +47  161   -4  161   -4  32  0  0 L3P 29
G05 FF 61049 163400  780 175  360    +2269871    +39         -51    +32   31  13  265  +62   87  -28   87  -28  24  0  0 L3P 30
G16 FF 61049 163400  780 584 2894    -1844905    -92         -19    -16   17  50   95   -7   82   +6   82    6  12  0  0 L3P FE
G18 FF 61049 163400  780 741 1004    +4552938   -116         -13    -18   17 177   84   +1   59   +5   59    5  12  0  0 L3P 0B
G23 FF 61049 163400  780 268 1398    -5972140    -60         -25    -10   31 170  180  -43  131  -29  131  -29  24  0  0 L3P 64
G26 FF 61049 163400  780 645 2037    +3086051    +20         -24    -42   16  38   89   +4   87  +29   87   29  11  0  0 L3P 0E
G27 FF 61049 163400  780 289 2757     +153693    +49          -6    -24   29  79  167  -36  127  -11  127  -11  21  0  0 L3P 4C
G29 FF 61049 163400  780 213  874    +3958199    -53         -38    +10   29  57  221  +62  104   -8  104   -8  24  0  0 L3P 30
G31 FF 61049 163400  780 184 2191    +1735310     -9         -15    +12   27  39  254  +84  173   -6  173   -6  24  0  0 L3P 20
G05 FF 61049 165000  780 130  315    +2269902    +73         -27    +66   42  13  353 +130   60  -50   60  -50  34  0  0 L3P 19
G16 FF 61049 165000  780 640 2788    -1844991    -83         -32     -7   16  50   90   -4   78   -8   78   -8  11  0  0 L3P FA
G18 FF 61049 165000  780 699  799    +4552820    -42         -37    +55   17 177   86   +3   66  -54   66  -54  13  0  0 L3P 3A
G23 FF 61049 165000  780 333 1354    -5972172    -24          -9    +26   22 170  147  -26   95  -56   95  -56  18  0  0 L3P 48
G26 FF 61049 165000  780 582 1945    +3086122    +79         -12    +18   14  38   95   +7   75  -11   75  -11  11  0  0 L3P 13
G27 FF 61049 165000  780 356 2791     +153750    +35         -19    -38   29  79  139  -24  109   +0  109    0  26  0  0 L3P 1F
G29 FF 61049 165000  780 152  912    +3958126    -86         -50    -22   49  57  304 +118  111  +12  111   12  35  0  0 L3P 3F
G31 FF 61049 165000  780 122 2157    +1735279    -20         -27     +1   26  39  375 +183  196  +17  196   17  25  0  0 L3P 53
G10 FF 61049 170600  780 155 1642    +5812625    +22         -20     -8   35  51  301 -134  152  -18  152  -18  26  0  0 L3P 42
G16 FF 61049 170600  780 675 2620    -1845065   -157         -32    -80   18  50   87   -1   68  +45   68   45  12  0  0 L3P 28
G18 FF 61049 170600  780 637  694    +4552737   -112         -26    -14   23 177   90   +5   52   -2   52   -2  16  0  0 L3P 03
G23 FF 61049 170600  780 395 1299    -5972227    -60         -16    -10   21 170  127  -17   82   -7   82   -7  16  0  0 L3P 2F
G26 FF 61049 170600  780 511 1891    +3086159    +48         -34    -14   23  38  104  +11   91  +10   91   10  18  0  0 L3P 19
G27 FF 61049 170600  780 425 2824     +153813    +87         -26    +15   21  79  120  -17   92  -38   92  -38  15  0  0 L3P 2E
G07 FF 61049 172200  780 114 3300    +1329685    -26          -1    -79   44  94  401  -79  116  +38  116   38  30  0  0 L3P 3C
G08 FF 61049 172200  780 181 2850    -5061100    +15           5    -27   33  31  260  -90  135  -23  135  -23  24  0  0 L3P 1C
G10 FF 61049 172200  780 226 1624    +5812665     -6          -9    -36   35  51  211  -65  113  +14  113   14  27  0  0 L3P 16
G16 FF 61049 172200  780 679 2413    -1845132    -60         -26    +16   15  50   87   +1   61   -9   61   -9  12  0  0 L3P EA
G18 FF 61049 172200  780 568  647    +4552648   -107         -21     -9   22 177   96   +8   46   +3   46    3  14  0  0 L3P F5
G23 FF 61049 172200  780 452 1227    -5972288    -72         -29    -22   25 170  114  -11   77   +8   77    8  19  0  0 L3P 27
G26 FF 61049 172200  780 438 1859    +3086201    +61         -50     +0   26  38  116  +16  105   +2  105    2  24  0  0 L3P FB
G27 FF 61049 172200  780 497 2854     +153898    +94         -11    +22   20  79  106  -12   64  -25   64  -25  14  0  0 L3P 2E
G07 FF 61049 173800  780 132 3243    +1329720    +68         -16    +16   40  94  348  -35  116  -25  116  -25  30  0  0 L3P 53
G08 FF 61049 173800  780 245 2877    -5061069    +16          -5    -26   43  31  195  -50  107  -21  107  -21  32  0  0 L3P 45
G10 FF 61049 173800  780 298 1603    +5812693    +21          -9     -8   27  51  163  -38   95  -11   95  -11  19  0  0 L3P 21
G15 FF 61049 173800  780 126  627    -3751128    -11         -17    +25   61 117  365  -64   53  -16   53  -16  48  0  0 L3P 3D
G16 FF 61049 173800  780 649 2230    -1845207    -56         -28    +20   19  50   89   +3   63  -16   63  -16  13  0  0 L3P 19
G18 FF 61049 173800  780 498  630    +4552540    -86         -35    +12   24 177  106  +11   51  -15   51  -15  16  0  0 L3P 33
G23 FF 61049 173800  780 497 1135    -5972328    -16         -20    +34   24 170  106   -6   57  -42   57  -42  18  0  0 L3P 40
G26 FF 61049 173800  780 365 1838    +3086285    +83         -25    +21   33  38  135  +24   91  -11   91  -11  28  0  0 L3P 3C
G27 FF 61049 173800  780 570 2878     +153960    +46         -19    -27   22  79   96   -8   57  +14   57   14  16  0  0 L3P 17
G07 FF 61049 175400  780 140 3182    +1329761    +98         -26    +45   31  94  328   -7  117  -44  117  -44  23  0  0 L3P 50
G08 FF 61049 175400  780 311 2901    -5061043    +73         -19    +31   29  31  156  -32   85  -39   85  -39  21  0  0 L3P 36
G10 FF 61049 175400  780 371 1577    +5812725    +36          -6     +7   22  51  134  -24   79  -13   79  -13  18  0  0 L3P 18
G15 FF 61049 175400  780 143  559    -3751141     +4           4    +39   34 117  322  -28   31  -38   31  -38  27  0  0 L3P 03
G16 FF 61049 175400  780 595 2103    -1845290    -88         -38    -12   20  50   94   +6   69  +10   69   10  16  0  0 L3P 0C
G18 FF 61049 175400  780 427  631    +4552446   -101         -35     -3   20 177  119  +16   47   -6   47   -6  14  0  0 L3P 12
G23 FF 61049 175400  780 527 1021    -5972375     -3         -20    +47   17 170  102   -3   50  -44   50  -44  14  0  0 L3P 11
G26 FF 61049 175400  780 293 1824    +3086365   +104          -4    +43   28  38  165  +38   92   -6   92   -6  21  0  0 L3P 1E
G27 FF 61049 175400  780 645 2892     +154031    +62         -18    -10   13  79   90   -6   47   +1   47    1   9  0  0 L3P BF
G02 FF 61049 181000  780 102 2478     -130353    -12         -28    +71   45   1  449 -269  186  -97  186  -97  38  0  0 L3P 5B
G07 FF 61049 181000  780 138 3119    +1329809    +34         -33    -19   37  95  333  +17  121  +18  121   18  27  0  0 L3P 49
G08 FF 61049 181000  780 380 2918    -5060996     +9          -7    -33   26  90  131  -21   61   -2   61   -2  19  0  0 L3P ED
G10 FF 61049 181000  780 444 1541    +5812738    +24         -21     -5   19  51  116  -15   74  -14   74  -14  13  0  0 L3P 10
G15 FF 61049 181000  780 150  490    -3751197    -24         -24    +11   41  18  307   -3   38  -12   38  -12  30  0  0 L3P FA
G16 FF 61049 181000  780 529 2024    -1845355    -88         -29    -12   32  52  101  +10   61  +13   61   13  24  0  0 L3P 10
G18 FF 61049 181000  780 359  643    +4552351    -54         -38    +43   33 178  137  +23   50  -28   50  -28  26  0  0 L3P 3B
G23 FF 61049 181000  780 537  895    -5972408    -52          -2     -2   22 171  100   +0   29   -7   29   -7  16  0  0 L3P D9
G26 FF 61049 181000  780 222 1814    +3086396    +86         -28    +25   31  75  212  +64  110   -1  110   -1  24  0  0 L3P 1B
G27 FF 61049 181000  780 721 2885     +154102    +47         -19    -26   12  80   85   -4   39  +11   39   11   9  0  0 L3P DC
G02 FF 61049 182600  780 165 2514     -130423    -74         -19     +9   36   1  284 -108  137  -69  137  -69  28  0  0 L3P 43
G07 FF 61049 182600  780 125 3055    +1329869    +25         -23    -27   24  95  363  +48  102  +17  102   17  18  0  0 L3P 4E
G08 FF 61049 182600  780 450 2929    -5060952    +27          -4    -15   23  90  114  -15   40  -12   40  -12  18  0  0 L3P 15
G10 FF 61049 182600  780 514 1488    +5812779    +79          -8    +50   21  51  104  -10   51  -51   51  -51  17  0  0 L3P 1E
G15 FF 61049 182600  780 145  422    -3751221    +14         -14    +49   41  18  316  +22   28  -36   28  -36  30  0  0 L3P 14
G16 FF 61049 182600  780 458 1975    -1845434    -92         -35    -16   31  52  112  +14   68  +22   68   22  28  0  0 L3P 37
G18 FF 61049 182600  780 292  662    +4552265   -119         -30    -21   35 178  165  +35   39   +1   39    1  26  0  0 L3P 1E
G23 FF 61049 182600  780 523  773    -5972469    -95         -14    -45   24 171  102   +3   30  +25   30   25  17  0  0 L3P 17
G26 FF 61049 182600  780 154 1804    +3086470   +128         -12    +66   28  75  300 +128  101  -25  101  -25  21  0  0 L3P 67
G27 FF 61049 182600  780 795 2808     +154164    +73         -27     +0   12  80   82   -2   37   -2   37   -2   9  0  0 L3P BB
G02 FF 61049 184200  780 228 2552     -130533   -135         -49    -52   27   1  208  -57  119  +15  119   15  22  0  0 L3P 2E
G07 FF 61049 184200  780 104 2994    +1329930    +12         -13    -40   36  95  434 +104   84  +20   84   20  31  0  0 L3P 2B
G08 FF 61049 184200  780 521 2927    -5060921    +28         -14    -14   19  90  102  -10   33   +4   33    4  12  0  0 L3P EB
G10 FF 61049 184200  780 577 1408    +5812793     +6         -23    -23   19  51   96   -6   47   +2   47    2  13  0  0 L3P D3
G15 FF 61049 184200  780 130  357    -3751255    -76         -15    -41   42  18  353  +57   23  +37   23   37  32  0  0 L3P 14
G16 FF 61049 184200  780 385 1942    -1845506    -25         -34    +51   27  52  129  +21   67  -35   67  -35  22  0  0 L3P 40
G18 FF 61049 184200  780 227  687    +4552185   -111         -15    -13   40 178  208  +57   28  +16   28   16  33  0  0 L3P 42
G23 FF 61049 184200  780 490  670    -5972532    -79         -29    -29   20 171  107   +7   34  +18   34   18  13  0  0 L3P 22
G27 FF 61049 184200  780 852 2368     +154226    +74         -35     +2   13  80   81   +0   42   -5   42   -5   9  0  0 L3P AF
G02 FF 61049 185800  780 292 2592     -130588    -35         -25    +48   33   1  165  -35   63  -71   63  -71  24  0  0 L3P 1C
G08 FF 61049 185800  780 592 2904    -5060888    +24         -21    -18   25  90   94   -7   35   +7   35    7  16  0  0 L3P FA
G10 FF 61049 185800  780 628 1288    +5812822    +41         -22    +11   16  51   91   -4   40  -16   40  -16  11  0  0 L3P FE
G15 FF 61049 185800  780 103  297    -3751298    -73         -23    -38   39  18  437 +127   38  +39   38   39  29  0  0 L3P 54
G16 FF 61049 185800  780 312 1920    -1845575   -118         -30    -41   23  52  155  +33   68  +31   68   31  19  0  0 L3P 3E
G18 FF 61049 185800  780 164  716    +4552100   -103          -7     -5   43 178  283 +105   32  +18   32   18  33  0  0 L3P 22
G23 FF 61049 185800  780 443  593    -5972598    -74         -48    -24   31 171  115  +11   45  +25   45   25  21  0  0 L3P 39
G27 FF 61049 185800  780 818 1682     +154318    +51         -13    -22   17  80   82   +1   23  +15   23   15  13  0  0 L3P E5
G02 FF 61049 191400  780 357 2634     -130667    -75         -24     +8   32   1  138  -23   44  -21   44  -21  22  0  0 L3P EF
G08 FF 61049 191400  780 661 2846    -5060845    +53         -18    +11   16  90   88   -5   29   -9   29   -9  11  0  0 L3P 02
G10 FF 61049 191400  780 658 1121    +5812853    +37         -19     +8   20  51   89   -1   32  -17   32  -17  15  0  0 L3P F8
G16 FF 61049 191400  780 241 1903    -1845659    -89         -41    -13   37  52  197  +55   76   +2   76    2  33  0  0 L3P 19
G23 FF 61049 191400  780 386  540    -5972615    -43         -16     +7   25 171  129  +17   18   -8   18   -8  21  0  0 L3P 0B
G27 FF 61049 191400  780 744 1542     +154378    +90         -23    +17   20  80   84   +3   31  -13   31  -13  13  0  0 L3P EA
G01 FF 61049 193000  780 108 2572    -3454465    -94         -44   -128   45 122  425 -230  111  +66  111   66  32  0  0 L3P 78
G02 FF 61049 193000  780 423 2676     -130749   -114         -26    -31   29   1  120  -16   34  +18   34   18  20  0  0 L3P 00
G08 FF 61049 193000  780 720 2717    -5060813    +37         -27     -5   17  90   85   -3   33   -2   33   -2  11  0  0 L3P CF
G10 FF 61049 193000  780 657  936    +5812875    +26         -26     -3   16  51   89   +1   34   -3   34   -3  11  0  0 L3P C8
G16 FF 61049 193000  780 172 1889    -1845723   -126         -31    -49   60  52  271 +105   79  +45   79   45  49  0  0 L3P 6B
G23 FF 61049 193000  780 324  507    -5972658    -34         -12    +16   21 171  150  +27   20  -16   20  -16  15  0  0 L3P 21
G27 FF 61049 193000  780 666 1514     +154437    +66         -33     -7   18  80   88   +5   39  +12   39   12  12  0  0 L3P E6
G32 FF 61049 193000  780 151 1288    +1704443   -134         -21    +34   38  25  309 -121   82  -26   82  -26  27  0  0 L3P 50
G01 FF 61049 194600  780 168 2609    -3454397   +108          -9    +74   34 122  278 -100   67  -87   67  -87  25  0  0 L3P 7E
G02 FF 61049 194600  780 490 2720     -130829   -109         -27    -26   27   1  107  -11   31  +13   31   13  21  0  0 L3P F8
G08 FF 61049 194600  780 754 2473    -5060779    +18         -33    -24   16  90   84   -1   36  +10   36   10  12  0  0 L3P 06
G10 FF 61049 194600  780 626  779    +5812897    +23         -32     -6   13  51   91   +4   31   -5   31   -5   9  0  0 L3P BF
G16 FF 61049 194600  780 105 1875    -1845791    -20         -26    +56   41  52  432 +259   74  -44   74  -44  38  0  0 L3P 60
G23 FF 61049 194600  780 260  488    -5972697    -11          -2    +39   25 171  183  +44    8  -37    8  -37  19  0  0 L3P 20
G27 FF 61049 194600  780 587 1513     +154506    +78         -34     +5   22  80   94   +8   48   +9   48    9  15  0  0 L3P D5
G32 FF 61049 194600  780 209 1245    +1704286   -182         -16    -13   27  25  226  -62   74  +11   74   11  25  0  0 L3P 34
G01 FF 61049 200200  780 229 2647    -3454352    +67           6    +33   33 123  207  -55   31  -51   31  -51  25  0  0 L3P 11
G02 FF 61049 200200  780 557 2766     -130920    -63         -40    +20   25  10   98   -8   39   -4   39   -4  17  0  0 L3P D1
G08 FF 61049 200200  780 745 2176    -5060739    +20         -34    -22   18  32   84   +1   37  +19   37   19  12  0  0 L3P FA
G10 FF 61049 200200  780 576  672    +5812920    +83         -39    +54   20  52   96   +6   36  -41   36  -41  16  0  0 L3P FA
G14 FF 61049 200200  780 122 3270    -7277413    -47         -16    -22   56 135  376 -127   31  +40   31   40  42  0  0 L3P 34
G23 FF 61049 200200  780 195  482    -5972759    -14         -13    +36   50 172  240  +78   13  -40   13  -40  37  0  0 L3P 2E
G27 FF 61049 200200  780 509 1523     +154576    +84         -37    +11   17  81  104  +12   53   +0   53    0  13  0  0 L3P D0
G32 FF 61049 200200  780 266 1195    +1704122   -132         -14    +37   21  26  180  -36   62  -40   62  -40  16  0  0 L3P 25
G01 FF 61049 201800  780 292 2685    -3454328    +67          -2    +33   31 123  166  -34   26  -46   26  -46  23  0  0 L3P 33
G02 FF 61049 201800  780 626 2814     -130987    -54         -26    +29   23  10   91   -6   31  -26   31  -26  16  0  0 L3P F5
G08 FF 61049 201800  780 697 1974    -5060697    +19         -32    -23   19  32   86   +3   41  +22   41   22  12  0  0 L3P 05
G10 FF 61049 201800  780 516  608    +5812956    -12         -32    -41   18  52  103   +9   29  +30   29   30  14  0  0 L3P F2
G14 FF 61049 201800  780 160 3221    -7277430    -10          -9    +15   36 135  290  -62   22  -37   22  -37  26  0  0 L3P 24
G23 FF 61049 201800  780 130  484    -5972815    -74         -21    -24   49 172  352 +170   20  +10   20   10  36  0  0 L3P 24
G27 FF 61049 201800  780 432 1536     +154642    +55         -40    -18   22  81  118  +17   61  +14   61   14  16  0  0 L3P 02
G32 FF 61049 201800  780 319 1137    +1703943   -153         -32    +15   23  26  153  -22   63  -23   63  -23  18  0  0 L3P 33
G01 FF 61049 203400  780 356 2724    -3454298    +33          -5     -1   29 123  139  -23   22   -5   22   -5  19  0  0 L3P F3
G02 FF 61049 203400  780 695 2866     -131057    -78         -17     +5   14  10   86   -4   23   +3   23    3   9  0  0 L3P A2
G08 FF 61049 203400  780 631 1870    -5060656    +26         -32    -16   16  32   91   +6   48  +22   48   22  12  0  0 L3P F7
G10 FF 61049 203400  780 450  574    +5812983     +9         -33    -21   21  52  114  +14   34  +16   34   16  16  0  0 L3P EC
G14 FF 61049 203400  780 190 3164    -7277475    -55         -30    -30   35 135  246  -32   37  +20   37   20  25  0  0 L3P 2F
G22 FF 61049 203400  780 116 3298     +606061    +17         -38    +59   63  47  395 -136   42  -35   42  -35  46  0  0 L3P 3E
G27 FF 61049 203400  780 357 1550     +154710    +73         -42     +0   27  81  138  +26   69   -1   69   -1  21  0  0 L3P DF
G32 FF 61049 203400  780 365 1067    +1703770   -186         -43    -18   20  26  136  -14   67   +3   67    3  17  0  0 L3P 12
G01 FF 61049 205000  780 422 2762    -3454288    +58         -28    +24   24 123  120  -16   37  -27   37  -27  18  0  0 L3P 41
G02 FF 61049 205000  780 765 2930     -131143    -52         -23    +31   19  10   83   -3   28  -31   28  -31  13  0  0 L3P DD
G03 FF 61049 205000  780 117 2242    -6027661   +136          -8    +37   41  83  397 -223   83  -36   83  -36  34  0  0 L3P 4A
G08 FF 61049 205000  780 558 1817    -5060608    +36         -24     -6   17  32   98   +9   50  +15   50   15  13  0  0 L3P EE
G10 FF 61049 205000  780 382  559    +5813013     +0         -31    -30   24  52  130  +20   33  +18   33   18  19  0  0 L3P DA
G14 FF 61049 205000  780 210 3099    -7277481    -47         -11    -22   34 135  224  -15   21  +26   21   26  25  0  0 L3P 25
G22 FF 61049 205000  780 153 3249     +606038     +0         -21    +42   32  47  304  -65   27  -24   27  -24  24  0  0 L3P F6
G27 FF 61049 205000  780 284 1564     +154795    +65         -26     -7   24  81  169  +40   62  +10   62   10  19  0  0 L3P 01
G32 FF 61049 205000  780 401  984    +1703608   -175         -43     -7   25  26  125   -8   58   -2   58   -2  19  0  0 L3P EF
G01 FF 61049 210600  780 489 2800    -3454238     -9         -10    -43   16 123  107  -12   19  +33   19   33  12  0  0 L3P 13
G02 FF 61049 210600  780 834 3041     -131217    -68         -18    +15   15  10   81   -1   21   -8   21   -8  10  0  0 L3P B4
G03 FF 61049 210600  780 183 2272    -6027562    +87          -4    -12   34  83  257  -94   71  +16   71   16  23  0  0 L3P 16
G08 FF 61049 210600  780 483 1789    -5060575    +33         -32     -9   18  32  108  +13   62  +17   62   17  15  0  0 L3P 17
G10 FF 61049 210600  780 315  558    +5813045    +18         -27    -11   31  52  154  +30   28   +6   28    6  24  0  0 L3P DC
G14 FF 61049 210600  780 218 3030    -7277507    -46         -13    -21   42 135  216   -2   20   +9   20    9  32  0  0 L3P E9
G22 FF 61049 210600  780 180 3193     +605993    -57         -25    -15   34  47  259  -33   28  +20   28   20  27  0  0 L3P 17
G27 FF 61049 210600  780 214 1576     +154844    +94         -47    +21   28  81  220  +70   80  -10   80  -10  22  0  0 L3P 0D
G32 FF 61049 210600  780 423  892    +1703460   -146         -30    +23   20  26  120   -3   44  -25   44  -25  14  0  0 L3P 01
G01 FF 61049 212200  780 559 2836    -3454223    +24         -28    -10   15 123   98   -8   32   +6   32    6  11  0  0 L3P E2
G02 FF 61049 212200  780 883  506     -131298   -128         -20    -45   17  10   81   +0   25  +35   25   35  13  0  0 L3P D8
G03 FF 61049 212200  780 251 2305    -6027486   +136         -23    +38   36  83  190  -50   86  -21   86  -21  29  0  0 L3P 43
G08 FF 61049 212200  780 407 1775    -5060524    +11         -21    -31   24  32  124  +19   59  +24   59   24  19  0  0 L3P 18
G10 FF 61049 212200  780 249  567    +5813061    -38         -40    -67   32  52  191  +48   37  +49   37   49  27  0  0 L3P 24
G14 FF 61049 212200  780 214 2958    -7277548    -10         -31    +15   34 135  219   +9   32  -11   32  -11  26  0  0 L3P 25
G17 FF 61049 212200  780 107 3169     +276021   +156         -37    +38   26  78  432 -243   33  -40   33  -40  21  0  0 L3P 37
G22 FF 61049 212200  780 198 3130     +605937    -32         -41    +10   42  47  236  -15   39  -10   39  -10  32  0  0 L3P 0A
G27 FF 61049 212200  780 145 1587     +154951    +44         -10    -29   33  81  319 +146   53  +29   53   29  27  0  0 L3P 2D
G32 FF 61049 212200  780 429  794    +1703290   -188         -38    -20   19  26  119   +1   44  +12   44   12  13  0  0 L3P 08
G01 FF 61049 213800  780 630 2869    -3454169    +34          -7     +0   20 123   91   -6   17  -11   17  -11  15  0  0 L3P ED
G02 FF 61049 213800  780 819 1073     -131355   -140           4    -57   17  10   82   +1   16  +49   16   49  11  0  0 L3P D4
G03 FF 61049 213800  780 321 2342    -6027394    +66         -26    -33   28  83  152  -31   82   +5   82    5  21  0  0 L3P FC
G08 FF 61049 213800  780 333 1766    -5060497    +65         -34    +23   36  32  147  +30   73   -3   73   -3  28  0  0 L3P 14
G10 FF 61049 213800  780 184  583    +5813086   +113         -43    +84   34  52  253  +86   41  -49   41  -49  25  0  0 L3P 3C
G14 FF 61049 213800  780 199 2887    -7277566   -104         -25    -79   39 135  235  +24   29  +58   29   58  33  0  0 L3P 7D
G17 FF 61049 213800  780 167 3160     +276139    +41         -31    -76   27  78  280 -100   28  +66   28   66  20  0  0 L3P 2E
G22 FF 61049 213800  780 205 3063     +605895    -44         -43     -2   36  47  229   -1   39   -4   39   -4  25  0  0 L3P DE
G32 FF 61049 213800  780 418  700    +1703120   -149         -47    +20   17  26  121   +5   46  -15   46  -15  13  0  0 L3P 07
G01 FF 61049 215400  780 703 2896    -3454136    +69          -7    +34   13 123   86   -4   15  -24   15  -24  10  0  0 L3P 08
G02 FF 61049 215400  780 748 1162     -131453   -127         -15    -44   20  10   84   +3   30  +34   30   34  13  0  0 L3P DD
G03 FF 61049 215400  780 391 2382    -6027295   +117         -22    +18   22  83  128  -20   52  -36   52  -36  19  0  0 L3P 42
G08 FF 61049 215400  780 260 1761    -5060455    +11         -32    -31   36  32  183  +48   72  +12   72   12  27  0  0 L3P 13
G10 FF 61049 215400  780 121  605    +5813157    +85          -1    +56   42  52  378 +189   23  -35   23  -35  35  0  0 L3P 1E
G14 FF 61049 215400  780 174 2820    -7277586    -11         -20    +14   29 135  268  +45   34   +1   34    1  20  0  0 L3P 08
G17 FF 61049 215400  780 226 3141     +276266   +141         -16    +24   43  78  210  -53   17  -21   17  -21  31  0  0 L3P 1C
G22 FF 61049 215400  780 200 2994     +605870    -18         -27    +24   33  47  234  +12   27   -5   27   -5  23  0  0 L3P F4
G32 FF 61049 215400  780 391  617    +1702975   -203         -31    -35   21  26  128  +10   31  +19   31   19  15  0  0 L3P 12
G01 FF 61049 221000  780 777 2907    -3454119    +32         -24     -2   14 124   83   -2   31   -3   31   -3   9  0  0 L3P C3
G02 FF 61049 221000  780 676 1217     -131540    -45         -22    +38   18  10   87   +5   45  -22   45  -22  12  0  0 L3P E2
G03 FF 61049 221000  780 463 2427    -6027196    +53         -19    -46   23  97  112  -14   39  +34   39   34  17  0  0 L3P 2A
G08 FF 61049 221000  780 190 1757    -5060408    +53         -25    +11   34  34  246  +88   62  -33   62  -33  27  0  0 L3P 2C
G14 FF 61049 221000  780 140 2758    -7277633     -2         -47    +23   38 136  329  +86   48  -25   48  -25  27  0  0 L3P 46
G17 FF 61049 221000  780 282 3111     +276369   +135         -31    +17   26  79  171  -31   21  -27   21  -27  20  0  0 L3P 1E
G22 FF 61049 221000  780 184 2927     +605840    -59         -18    -17   28  49  253  +28   23  +11   23   11  23  0  0 L3P 0B
G32 FF 61049 221000  780 351  549    +1702811   -196         -33    -28   31  26  140  +16   31  +25   31   25  25  0  0 L3P 0B
G01 FF 61049 222600  780 851 2831    -3454089    +37         -27     +3   13 124   81   -1   30   -6   30   -6  10  0  0 L3P D4
G02 FF 61049 222600  780 604 1261     -131621    -66         -23    +17   15  10   93   +7   52   -4   52   -4  11  0  0 L3P B7
G03 FF 61049 222600  780 535 2478    -6027111   +104         -28     +5   20  97  101  -10   43  -14   43  -14  16  0  0 L3P 17
G04 FF 61049 222600  780 107 1894     -371665    -76         -43    -52   44 168  432 -274   97  +40   97   40  35  0  0 L3P 53
G08 FF 61049 222600  780 122 1753    -5060383    +24         -42    -18   52  34  375 +200   81   +7   81    7  40  0  0 L3P 07
G17 FF 61049 222600  780 334 3067     +276475   +166         -37    +49   29  79  147  -19   24  -30   24  -30  20  0  0 L3P 40
G19 FF 61049 222600  780 134 3206    -6847994    +53         -18    +71   34   1  345 -149   29  -60   29  -60  24  0  0 L3P 47
G22 FF 61049 222600  780 158 2864     +605793    -79         -24    -37   41  49  291  +54   28  +14   28   14  35  0  0 L3P 2A
G28 FF 61049 222600  780 134  926    +6133840    -62         -19    -12   56   5  345 -113   78  -20   78  -20  39  0  0 L3P 2A
G32 FF 61049 222600  780 303  497    +1702653   -182         -30    -14   23  26  160  +26   29  +15   29   15  17  0  0 L3P 19
G01 FF 61049 224200  780 865 1523    -3454048    +71         -18    +37   14 124   81   +1   28  -11   28  -11   9  0  0 L3P 01
G02 FF 61049 224200  780 532 1300     -131695    -74         -17     +9   30  10  101  +10   50   -7   50   -7  22  0  0 L3P BE
G03 FF 61049 224200  780 608 2538    -6027017   +117         -30    +18   28  97   93   -7   37  -28   37  -28  19  0  0 L3P 34
G04 FF 61049 224200  780 177 1894     -371659    -60         -14    -36   31 168  266 -106   71   +7   71    7  26  0  0 L3P 25
G17 FF 61049 224200  780 378 3008     +276595   +117         -30     +0   20  79  132  -12   22  +14   22   14  17  0  0 L3P FD
G19 FF 61049 224200  780 192 3181    -6848005     +3         -11    +21   22   1  246  -71   20   -1   20   -1  17  0  0 L3P C7
G22 FF 61049 224200  780 125 2804     +605744    +13         -33    +55   50  49  365 +105   39  -29   39  -29  37  0  0 L3P 38
G28 FF 61049 224200  780 175  867    +6133811    -11           0    +39   37   5  266  -58   45  -38   45  -38  30  0  0 L3P FF
G32 FF 61049 224200  780 248  461    +1702490   -150         -31    +18   31  26  192  +42   31   -8   31   -8  24  0  0 L3P F8
G01 FF 61049 225800  780 790 1371    -3454024    +43         -26     +9   17 124   82   +2   36   -7   36   -7  12  0  0 L3P E4
G02 FF 61049 225800  780 460 1335     -131780   -147         -23    -64   29  10  112  +14   61  +58   61   58  21  0  0 L3P 17
G03 FF 61049 225800  780 680 2615    -6026928    +64         -36    -35   18  97   87   -5   33  +20   33   20  13  0  0 L3P 0C
G04 FF 61049 225800  780 250 1896     -371677    -46         -10    -22   36 168  192  -55   61  +12   61   12  29  0  0 L3P 30
G17 FF 61049 225800  780 411 2933     +276708   +100         -28    -17   34  79  123   -7   21   +7   21    7  27  0  0 L3P EF
G19 FF 61049 225800  780 245 3144    -6848039    -13         -28     +5   29   1  195  -39   29   +5   29    5  21  0  0 L3P F4
G28 FF 61049 225800  780 210  803    +6133756    -35          -7    +15   35   5  224  -32   38  -32   38  -32  29  0  0 L3P FE
G31 FF 61049 225800  780 125 1117    +1734809    -47         -47    -26   52  43  370 -154  119  +24  119   24  40  0  0 L3P 5C
G32 FF 61049 225800  780 189  436    +1702337    -81         -23    +87   42  26  246  +76   20  -71   20  -71  33  0  0 L3P 24
G01 FF 61049 231400  780 712 1370    -3453993    +32         -28     -2   16 124   85   +4   43  +12   43   12  11  0  0 L3P E7
G02 FF 61049 231400  780 389 1367     -131861    -43         -24    +40   23  10  128  +20   69  -20   69  -20  18  0  0 L3P 10
G03 FF 61049 231400  780 751 2728    -6026838    +89         -40    -10   14  97   84   -3   30   +2   30    2  11  0  0 L3P D3
G04 FF 61049 231400  780 324 1898     -371700    +15          -9    +39   32 168  151  -33   61  -22   61  -22  23  0  0 L3P 16
G17 FF 61049 231400  780 430 2844     +276808    +93         -41    -24   23  79  118   -3   35  +26   35   26  17  0  0 L3P 08
G19 FF 61049 231400  780 293 3094    -6848032    -21          -4     -3   33   1  165  -23   14  -10   14  -10  27  0  0 L3P E8
G28 FF 61049 231400  780 235  732    +6133696    -62         -19    -11   30   5  201  -17   37   -1   37   -1  23  0  0 L3P DC
G31 FF 61049 231400  780 176 1065    +1734810    -91         -27    -71   47  43  266  -75   88  +30   88   30  36  0  0 L3P 35
G32 FF 61049 231400  780 129  423    +1702150   -234         -48    -66   46  26  355 +164   35  +36   35   36  36  0  0 L3P 37
G01 FF 61049 233000  780 635 1388    -3453954    +79         -22    +45   21 124   90   +6   39  -26   39  -26  14  0  0 L3P 29
G02 FF 61049 233000  780 319 1396     -131938    -72         -22    +11   31  10  152  +31   73   -9   73   -9  23  0  0 L3P EA
G03 FF 61049 233000  780 815 2962    -6026746   +111         -43    +12   14  97   82   -1   32   -5   32   -5  10  0  0 L3P E9
G04 FF 61049 233000  780 401 1899     -371731    -29         -17     -5   26 168  126  -21   62   -7   62   -7  20  0  0 L3P FD
G06 FF 61049 233000  780 111 3052    +6007086    +63          17    +21   30  98  417 -234   13  -19   13  -19  21  0  0 L3P 1F
G09 FF 61049 233000  780 113 2082    -7700512    +33         -19    +39   42  95  410 -244  101  -53  101  -53  36  0  0 L3P 50
G17 FF 61049 233000  780 433 2747     +276921   +175         -40    +58   20  79  118   +1   42  -41   42  -41  14  0  0 L3P 17
G19 FF 61049 233000  780 332 3029    -6848059     -8         -14    +10   40   1  147  -14   19   -7   19   -7  31  0  0 L3P E8
G28 FF 61049 233000  780 250  658    +6133661    -55          -6     -5   30   5  191   -6   22   +4   22    4  24  0  0 L3P 99
G31 FF 61049 233000  780 223 1006    +1734790     +2         -27    +23   32  43  212  -41   75  -32   75  -32  27  0  0 L3P 04
G01 FF 61049 234600  780 557 1410    -3453930    +15         -31    -19   20 124   98   +9   53  +25   53   25  15  0  0 L3P 0A
G02 FF 61049 234600  780 250 1422     -132011   -100         -15    -17   31  10  190  +50   75  +23   75   23  25  0  0 L3P F4
G03 FF 61049 234600  780 843    1    -6026648    +99         -40     +0   17  97   81   +0   32   +2   32    2  11  0  0 L3P 84
G04 FF 61049 234600  780 479 1897     -371765    -43         -28    -19   28 168  109  -14   65  +10   65   10  22  0  0 L3P 3D
G06 FF 61049 234600  780 175 3066    +6007092     -5         -19    -47   41  98  269  -99   28  +36   28   36  30  0  0 L3P 34
G09 FF 61049 234600  780 182 2097    -7700534     -1         -35     +5   56  95  259  -99  102   -3  102   -3  45  0  0 L3P 1B
G17 FF 61049 234600  780 419 2652     +277037   +141         -36    +24   26  79  121   +5   41  -28   41  -28  20  0  0 L3P 1C
G19 FF 61049 234600  780 359 2951    -6848080    -18         -17     +0   29   1  138   -7   24   +1   24    1  22  0  0 L3P CE
G28 FF 61049 234600  780 251  583    +6133605    -67         -13    -17   35   5  189   +3   23  +12   23   12  26  0  0 L3P E9
G31 FF 61049 234600  780 264  938    +1734763    -13         -34     +7   33  43  181  -24   64   -6   64   -6  25  0  0 L3P F4
