CGGTTS     GENERIC DATA FORMAT VERSION = 2E
REV DATE = 2026-01-01                    
RCVR = POLARX5-TR                    R2CGGTTS v8.8    
CH = 99 
IMS = POLARX5-TR                    
LAB = PTB                           
X = +3844059.67 m 
Y =  +709661.67 m 
Z = +5023129.80 m 
FRAME = ITRF
COMMENTS =           IGS RINEX,AUSPOS XYZ          
INT DLY =   31.0 ns (GPS P1),   28.5 ns (GPS P2)     CAL_ID = 1001-2022           
CAB DLY =  205.7 ns 
REF DLY =   56.2 ns
REF = UTC(PTB)                      
CKSUM = 5E

SAT CL  MJD  STTIME TRKL ELV AZTH   REFSV      SRSV     REFSYS    SRSYS  DSG IOE MDTR SMDT MDIO SMDI MSIO SMSI ISG FR HC FRC CK
             hhmmss  s  .1dg .1dg    .1ns     .1ps/s     .1ns    .1ps/s .1ns     .1ns.1ps/s.1ns.1ps/s.1ns.1ps/s.1ns
G01 FF 61043 001400  780 561 1410    -3473258    +50         -15    +20   20  36   97   +9   48  -14   48  -14  15  0  0 L3P F5
G02 FF 61043 001400  780 255 1422      -82069    -94          -3    -11   26   3  187  +48   77  +10   77   10  22  0  0 L3P C9
G03 FF 61043 001400  780 844 3565    -6085719    +84         -19    -12   18  70   81   +0   38  +15   38   15  13  0  0 L3P FE
G04 FF 61043 001400  780 478 1895     -357031    +23         -13    +48   32  78  109  -14   65  -49   65  -49  24  0  0 L3P 2A
G06 FF 61043 001400  780 170 3066    +5980545    +33         -16    -13   36  22  276 -104   68  -30   68  -30  24  0  0 L3P 36
G09 FF 61043 001400  780 176 2098    -7696063    -11         -16     -2   32  15  267 -105   93  -16   93  -16  24  0  0 L3P 35
G17 FF 61043 001400  780 419 2661     +205628   +171         -14    +52   23   1  121   +5   50  -30   50  -30  18  0  0 L3P E0
G19 FF 61043 001400  780 359 2954    -6836848    -62           6    -43   25   5  138   -7   30  +41   30   41  19  0  0 L3P EB
G28 FF 61043 001400  780 250  583    +6162818    -48          -2     -1   29 155  190   +3   37  +10   37   10  23  0  0 L3P DA
G31 FF 61043 001400  780 263  938    +1747058    -25          -1     -5   21  51  182  -24   66  -14   66  -14  16  0  0 L3P F0
G01 FF 61043 003000  780 484 1433    -3473234     +4         -20    -27   21  36  108  +13   58  +35   58   35  14  0  0 L3P F7
G02 FF 61043 003000  780 187 1445      -82167   -130         -22    -47   31   3  250  +89   99  +38   99   38  24  0  0 L3P 06
G03 FF 61043 003000  780 802  489    -6085625    +78         -17    -18   18  70   82   +2   35  +14   35   14  13  0  0 L3P E6
G04 FF 61043 003000  780 557 1884     -357051    -83          -9    -58   22  78   98  -10   53  +40   53   40  17  0  0 L3P F3
G06 FF 61043 003000  780 235 3074    +5980594     +4         -11    -42   47  22  202  -55   53   +4   53    4  31  0  0 L3P D5
G09 FF 61043 003000  780 247 2116    -7696043     +6          12    +16   28  15  194  -54   61  -37   61  -37  22  0  0 L3P 0C
G17 FF 61043 003000  780 392 2573     +205745   +118         -12     -1   25   1  128  +10   53   -1   53   -1  20  0  0 L3P BB
G19 FF 61043 003000  780 372 2866    -6836880    +59          -7    +79   24   5  133   -2   42  -46   42  -46  19  0  0 L3P 0F
G28 FF 61043 003000  780 239  510    +6162770    +25          -6    +72   29 155  198  +14   36  -48   36  -48  21  0  0 L3P 20
G31 FF 61043 003000  780 294  862    +1747042    -60           2    -39   37  51  164  -14   49  +14   49   14  28  0  0 L3P ED
G01 FF 61043 004600  780 409 1456    -3473207    +33         -23     +3   23  36  123  +19   74  +11   74   11  16  0  0 L3P F4
G02 FF 61043 004600  780 120 1465      -82230    -31          -5    +52   63   3  382 +206   90  -65   90  -65  53  0  0 L3P E5
G03 FF 61043 004600  780 736  678    -6085533   +115         -17    +19   23  70   84   +3   41  -12   41  -12  16  0  0 L3P FF
G04 FF 61043 004600  780 635 1856     -357093    -77         -27    -52   22  78   90   -6   56  +34   56   34  15  0  0 L3P 00
G06 FF 61043 004600  780 302 3073    +5980641    +62          -9    +16   28  22  161  -33   47   -7   47   -7  20  0  0 L3P F1
G09 FF 61043 004600  780 319 2137    -7696069    +53          -5    +62   33  15  153  -33   65  -58   65  -58  25  0  0 L3P 35
G17 FF 61043 004600  780 352 2496     +205848   +128         -24     +8   25   1  140  +16   64  -13   64  -13  21  0  0 L3P FA
G19 FF 61043 004600  780 369 2774    -6836890    -33           2    -14   25   5  134   +4   38  +25   38   25  19  0  0 L3P F1
G28 FF 61043 004600  780 216  444    +6162729    -74          -2    -27   33 155  218  +28   42  +33   42   33  28  0  0 L3P 0F
G31 FF 61043 004600  780 313  780    +1747021    -58           1    -37   29  51  155   -6   41  +19   41   19  19  0  0 L3P D8
G01 FF 61043 010200  780 334 1477    -3473165    +16         -10    -14   26  36  146  +29   74  +21   74   21  21  0  0 L3P 08
G03 FF 61043 010200  780 667  781    -6085434    +36         -10    -59   19  70   88   +5   39  +47   39   47  13  0  0 L3P FE
G04 FF 61043 010200  780 710 1788     -357117    -65         -27    -40   22  78   86   -4   51  +18   51   18  15  0  0 L3P EB
G06 FF 61043 010200  780 368 3060    +5980686    -23          -8    -70   33  22  135  -22   44  +53   44   53  21  0  0 L3P 04
G09 FF 61043 010200  780 393 2160    -7696093    -23         -20    -14   28  15  128  -21   72   +2   72    2  24  0  0 L3P ED
G17 FF 61043 010200  780 303 2431     +205974   +163         -12    +44   35   1  160  +26   59  -32   59  -32  28  0  0 L3P 05
G19 FF 61043 010200  780 350 2684    -6836924    -39         -14    -20   28   5  140   +9   52  +27   52   27  21  0  0 L3P FB
G28 FF 61043 010200  780 182  387    +6162684    -58          -2    -11   46 155  256  +52   53  +25   53   25  33  0  0 L3P 10
G31 FF 61043 010200  780 319  695    +1746991     -2         -10    +19   27  51  153   +1   45  -24   45  -24  18  0  0 L3P EE
G01 FF 61043 011800  780 261 1497    -3473141    +33         -16     +3   27  36  182  +48   83   -6   83   -6  20  0  0 L3P F1
G03 FF 61043 011800  780 597  856    -6085350    +98         -17     +3   17  70   93   +7   47  -13   47  -13  12  0  0 L3P F3
G04 FF 61043 011800  780 774 1614     -357126    -32         -12     -7   16  78   83   -2   38   +1   38    1  11  0  0 L3P AB
G06 FF 61043 011800  780 433 3032    +5980742    +25           3    -22   28  22  118  -14   30  +17   30   17  20  0  0 L3P E2
G09 FF 61043 011800  780 468 2186    -7696097     +3         -16    +12   18  15  111  -14   56  -12   56  -12  13  0  0 L3P 1C
G17 FF 61043 011800  780 248 2376     +206094   +123          -7     +3   34   1  191  +42   58   +5   58    5  27  0  0 L3P C0
G19 FF 61043 011800  780 318 2603    -6836945    +20         -16    +40   30   5  153  +17   62  -24   62  -24  24  0  0 L3P 10
G28 FF 61043 011800  780 140  339    +6162590    -60         -51    -13   51 155  328 +104  115  +44  115   44  41  0  0 L3P 42
G31 FF 61043 011800  780 309  613    +1746983    -22           2     -2   31  51  157   +8   33   +4   33    4  22  0  0 L3P 93
G01 FF 61043 013400  780 190 1514    -3473121     +8         -25    -23   32  36  245  +88   90  +10   90   10  23  0  0 L3P F0
G03 FF 61043 013400  780 528  918    -6085243    +34          -1    -61   19  70  101  +10   42  +53   42   53  15  0  0 L3P E4
G04 FF 61043 013400  780 802 1229     -357151     +1         -12    +26   18  78   82   +0   35  -19   35  -19  12  0  0 L3P D3
G06 FF 61043 013400  780 495 2982    +5980759    +68         -25    +22   28  22  106  -10   48  -20   48  -20  21  0  0 L3P 32
G09 FF 61043 013400  780 545 2212    -7696128    -31         -38    -22   30  15   99  -10   65  +11   65   11  22  0  0 L3P 05
G11 FF 61043 013400  780 103 3158    +4877423   -171         -21    -37   35 126  447 -265  120   -4  120   -4  25  0  0 L3P 52
G17 FF 61043 013400  780 191 2329     +206201   +163         -15    +44   36   1  245  +73   69  -32   69  -32  28  0  0 L3P 11
G19 FF 61043 013400  780 275 2531    -6836961    -47         -13    -28   33   5  174  +28   71  +35   71   35  25  0  0 L3P 1C
G31 FF 61043 013400  780 285  538    +1746947    -28         -14     -8   27  51  168  +17   45   -6   45   -6  21  0  0 L3P F5
G01 FF 61043 015000  780 121 1529    -3473098   +140         -32   +109   46  36  377 +207   91  -93   91  -93  35  0  0 L3P 67
G03 FF 61043 015000  780 460  972    -6085156    +94          -6     -2   23  70  112  +13   49   +0   49    0  15  0  0 L3P B4
G04 FF 61043 015000  780 769  872     -357169    -17          -6     +8   16  78   83   +2   33   -2   33   -2  12  0  0 L3P A2
G06 FF 61043 015000  780 547 2902    +5980815    +71         -14    +25   24  22   99   -6   39   -7   39   -7  18  0  0 L3P F6
G09 FF 61043 015000  780 622 2240    -7696123    -20         -25    -11   18  15   91   -7   52   +6   52    6  12  0  0 L3P C6
G11 FF 61043 015000  780 165 3152    +4877305   -154         -11    -20   42 126  284 -106   60  -32   60  -32  31  0  0 L3P 45
G17 FF 61043 015000  780 132 2288     +206325   +127          -5     +8   42   1  348 +152   73  +13   73   13  36  0  0 L3P E7
G19 FF 61043 015000  780 225 2469    -6836996    -69         -30    -50   37   5  210  +48   93  +42   93   42  31  0  0 L3P 23
G31 FF 61043 015000  780 250  474    +1746945    +34           3    +55   29  51  190  +29   38  -32   38  -32  21  0  0 L3P F6
G03 FF 61043 020600  780 393 1023    -6085061   +127           0    +32   17  71  127  +19   58   -6   58   -6  13  0  0 L3P EE
G04 FF 61043 020600  780 706  722     -357209    -13         -26    +12   22  79   86   +4   38  -20   38  -20  15  0  0 L3P D9
G06 FF 61043 020600  780 586 2786    +5980870    +56          -4    +10   19  22   95   -3   35  -12   35  -12  14  0  0 L3P FB
G07 FF 61043 020600  780 126 1782    +1299427   +117           4    +64   53   7  370 -200   68  -43   68  -43  41  0  0 L3P 24
G09 FF 61043 020600  780 701 2268    -7696122     -2         -14     +7   16  15   86   -4   44   -3   44   -3  11  0  0 L3P B9
G11 FF 61043 020600  780 226 3136    +4877164   -170         -24    -35   38 127  210  -55   53  +17   53   17  25  0  0 L3P 3E
G19 FF 61043 020600  780 170 2416    -6836974     +0          10    +20   39   5  273  +88   63   +7   63    7  31  0  0 L3P CE
G31 FF 61043 020600  780 205  422    +1746922    -90          -3    -70   42  62  228  +52   43  +55   43   55  31  0  0 L3P EB
G03 FF 61043 022200  780 327 1069    -6084957    +64          12    -32   19  71  149  +27   60  +25   60   25  14  0  0 L3P 10
G04 FF 61043 022200  780 635  670     -357231    +31         -24    +56   27  79   90   +6   37  -38   37  -38  18  0  0 L3P EE
G06 FF 61043 022200  780 602 2640    +5980914    +71          -5    +25   26  22   93   +0   36  -16   36  -16  20  0  0 L3P E4
G07 FF 61043 022200  780 195 1772    +1299483    +67          10    +14   39   7  242  -87   67  -13   67  -13  28  0  0 L3P 21
G09 FF 61043 022200  780 779 2290    -7696120    +23          -4    +32   15  15   83   -3   33  -14   33  -14  10  0  0 L3P E7
G11 FF 61043 022200  780 285 3109    +4877022   -149         -37    -15   33 127  169  -32   59  +12   59   12  24  0  0 L3P 46
G20 FF 61043 022200  780 100 2966    -3618330    +14          -1    +12   51  52  461 -274   38   -9   38   -9  32  0  0 L3P F9
G26 FF 61043 022200  780 116  546    +3051018    +54         -18     -8   35  50  391  -49   51   +6   51    6  28  0  0 L3P D1
G31 FF 61043 022200  780 154  382    +1746906    -16           1     +4   42  62  299 +102   49  +18   49   18  34  0  0 L3P EE
G03 FF 61043 023800  780 262 1112    -6084862   +175          16    +79   27  71  182  +42   63  -52   63  -52  22  0  0 L3P 32
G04 FF 61043 023800  780 563  657     -357247     +1         -16    +26   21  79   97   +8   32  -18   32  -18  16  0  0 L3P DF
G06 FF 61043 023800  780 591 2488    +5980954    +75          -9    +28   20  22   94   +2   46  -15   46  -15  14  0  0 L3P 0B
G07 FF 61043 023800  780 266 1762    +1299517    +85          -6    +32   26   7  181  -47   81  -30   81  -30  19  0  0 L3P 16
G09 FF 61043 023800  780 857 2272    -7696127    -26          -2    -17   16  15   81   -1   36  +18   36   18  11  0  0 L3P F7
G11 FF 61043 023800  780 340 3067    +4876930    -97          -1    +37   30 127  144  -20   30  -37   30  -37  20  0  0 L3P 20
G20 FF 61043 023800  780 161 2988    -3618325    -27           3    -28   31  52  291 -112   38  +21   38   21  28  0  0 L3P 13
G21 FF 61043 023800  780 138 2915    -3717942   -140          10    -51   41  53  336 -147   41  +48   41   48  32  0  0 L3P 34
G26 FF 61043 023800  780 126  480    +3051088    +67          -6     +6   35  50  363  -13   45   +2   45    2  27  0  0 L3P BD
G03 FF 61043 025400  780 199 1153    -6084762   +168          24    +73   28  71  236  +73   71  -45   71  -45  22  0  0 L3P 3F
G04 FF 61043 025400  780 491  663     -357267    -42         -12    -17   20  79  107  +12   34  +14   34   14  13  0  0 L3P ED
G06 FF 61043 025400  780 556 2357    +5980978    +21         -30    -26   19  22   98   +5   65  +21   65   21  13  0  0 L3P 07
G07 FF 61043 025400  780 339 1750    +1299562    +10         -12    -42   33   7  145  -29   79   +9   79    9  24  0  0 L3P FB
G09 FF 61043 025400  780 865  694    -7696131    -17           2     -8   16  15   81   +1   31  +10   31   10  12  0  0 L3P AD
G11 FF 61043 025400  780 389 3008    +4876800   -127          -2     +7   24 127  129  -13   28  -11   28  -11  17  0  0 L3P 26
G20 FF 61043 025400  780 224 3004    -3618340    +57         -13    +56   30  52  212  -59   47  -44   47  -44  21  0  0 L3P 1C
G21 FF 61043 025400  780 201 2940    -3718016    -50          21    +39   34  53  235  -73   33  -28   33  -28  25  0  0 L3P 13
G26 FF 61043 025400  780 125  414    +3051167    +30          14    -31   45  50  365  +18   42  +43   42   43  32  0  0 L3P E3
G03 FF 61043 031000  780 136 1191    -6084683    +25          11    -71   39  71  338 +151   87  +62   87   62  34  0  0 L3P 29
G04 FF 61043 031000  780 421  681     -357293    -86         -14    -61   27  79  120  +16   34  +55   34   55  18  0  0 L3P FC
G06 FF 61043 031000  780 504 2259    +5981037    +47         -15     +0   21  22  105   +9   61   +6   61    6  14  0  0 L3P BF
G07 FF 61043 031000  780 412 1733    +1299605    +78         -19    +26   36   7  123  -19   72  -34   72  -34  25  0  0 L3P 1C
G09 FF 61043 031000  780 789  662    -7696151    -40          -8    -31   13  15   82   +2   31  +15   31   15   9  0  0 L3P C2
G11 FF 61043 031000  780 426 2931    +4876654   -194         -20    -60   27 127  119   -7   42  +52   42   52  20  0  0 L3P 29
G16 FF 61043 031000  780 141  691    -1801383   -125           3    -48   38   6  328  -65   34  +24   34   24  30  0  0 L3P E4
G20 FF 61043 031000  780 289 3013    -3618332    +43          -6    +42   28  52  167  -36   36  -20   36  -20  23  0  0 L3P 06
G21 FF 61043 031000  780 265 2960    -3718117    -81           5     +7   35  53  181  -43   40  -20   40  -20  27  0  0 L3P E7
G26 FF 61043 031000  780 113  351    +3051221    +79           9    +17   32  50  400  +57   61   -1   61   -1  23  0  0 L3P AD
G30 FF 61043 031000  780 166 1933     -754349   -123         -27     -2   34  98  282 -117   81  -13   81  -13  29  0  0 L3P 31
G04 FF 61043 032600  780 354  705     -357310    -11          -7    +14   28  79  139  +24   30  -16   30  -16  22  0  0 L3P E3
G06 FF 61043 032600  780 441 2188    +5981095     -3          -3    -50   25  22  116  +14   59  +51   59   51  20  0  0 L3P F6
G07 FF 61043 032600  780 486 1708    +1299661    +53         -13     +1   20   7  108  -13   54   -9   54   -9  15  0  0 L3P E7
G09 FF 61043 032600  780 714  688    -7696166    +21         -14    +30   15  15   85   +4   34  -29   34  -29  12  0  0 L3P 02
G11 FF 61043 032600  780 450 2838    +4876525   -102         -20    +32   21 127  114   -3   42  -22   42  -22  17  0  0 L3P 22
G16 FF 61043 032600  780 164  622    -1801439    -53          21    +25   33   6  283  -31   12  -33   12  -33  26  0  0 L3P E5
G20 FF 61043 032600  780 355 3014    -3618321    +10           4     +9   32  52  139  -24   28   -4   28   -4  22  0  0 L3P C0
G21 FF 61043 032600  780 331 2975    -3718208   -100          -1    -11   30  53  148  -28   42   +1   42    1  23  0  0 L3P DD
G30 FF 61043 032600  780 237 1935     -754502    -65         -63    +57   35  98  202  -59  108  -49  108  -49  26  0  0 L3P 5A
G04 FF 61043 034200  780 288  733     -357345    -18         -18     +7   32  79  167  +35   35   -2   35   -2  23  0  0 L3P DA
G05 FF 61043 034200  780 106 3048    +2266155    +67           1    +61   33   2  436 -257   63  -59   63  -59  24  0  0 L3P 12
G06 FF 61043 034200  780 374 2136    +5981143   +109           1    +63   22  22  133  +22   58  -50   58  -50  15  0  0 L3P 0E
G07 FF 61043 034200  780 558 1667    +1299698     +9         -26    -44   18   7   98   -8   57  +17   57   17  14  0  0 L3P 08
G09 FF 61043 034200  780 640  723    -7696183    -13         -23     -4   25  15   90   +6   44   +3   44    3  18  0  0 L3P B1
G11 FF 61043 034200  780 455 2734    +4876406   -147         -10    -12   31 127  113   +1   35  +13   35   13  22  0  0 L3P 13
G16 FF 61043 034200  780 176  551    -1801529    -94           6    -17   42   6  264  -10   19   +0   19    0  31  0  0 L3P AD
G20 FF 61043 034200  780 422 3003    -3618331    -63          -7    -64   28  52  120  -16   35  +46   35   46  21  0  0 L3P F9
G21 FF 61043 034200  780 399 2981    -3718285   -124           8    -35   24  53  126  -19   27  +19   27   19  19  0  0 L3P 2D
G30 FF 61043 034200  780 309 1938     -754593   -108         -38    +14   30  98  158  -35   81  -19   81  -19  23  0  0 L3P 44
G04 FF 61043 035800  780 224  765     -357360    -30          -9     -5   35  79  210  +57   37   +3   37    3  26  0  0 L3P B9
G05 FF 61043 035800  780 170 3062    +2266180    +60          18    +53   30   2  276 -105   39  -55   39  -55  20  0  0 L3P 17
G06 FF 61043 035800  780 304 2098    +5981168     -2         -19    -48   29  22  159  +34   71  +24   71   24  19  0  0 L3P 20
G07 FF 61043 035800  780 625 1599    +1299764    +54         -11     +2   24   7   91   -5   43   -5   43   -5  18  0  0 L3P D0
G09 FF 61043 035800  780 568  760    -7696159    +36          10    +45   17  15   96   +8   31  -10   31  -10  12  0  0 L3P F0
G11 FF 61043 035800  780 443 2630    +4876266   -126         -21     +8   20 127  116   +5   49   +0   49    0  14  0  0 L3P F0
G16 FF 61043 035800  780 177  480    -1801601   -117           7    -40   44   6  263   +8   17  +32   17   32  34  0  0 L3P D5
G20 FF 61043 035800  780 487 2974    -3618341     +4         -18     +2   21  52  108  -11   43  -10   43  -10  14  0  0 L3P F4
G21 FF 61043 035800  780 468 2976    -3718389   -109         -12    -20   17  53  111  -13   43   +2   43    2  12  0  0 L3P 0A
G30 FF 61043 035800  780 383 1941     -754693   -136         -21    -14   32  98  131  -22   59   -4   59   -4  24  0  0 L3P 17
G04 FF 61043 041400  780 163  799     -357382    +73         -11    +98   43  80  284 +104   42  -72   42  -72  33  0  0 L3P 23
G05 FF 61043 041400  780 236 3069    +2266169    +19           1    +13   35   2  202  -56   43  -11   43  -11  26  0  0 L3P E4
G06 FF 61043 041400  780 233 2068    +5981215    +50         -12     +4   30  23  203  +58   77   -7   77   -7  24  0  0 L3P EE
G07 FF 61043 041400  780 682 1480    +1299814    +32         -11    -20   16   7   87   -3   38  +16   38   16  12  0  0 L3P E6
G09 FF 61043 041400  780 498  799    -7696188    -70         -11    -61   15  16  106  +11   30  +48   30   48  12  0  0 L3P 1D
G11 FF 61043 041400  780 413 2535    +4876150   -146          -9    -13   30 128  122   +9   38   +6   38    6  21  0  0 L3P F1
G16 FF 61043 041400  780 166  411    -1801691    -68         -11    +10   32   7  279  +28   24   +0   24    0  27  0  0 L3P C2
G20 FF 61043 041400  780 549 2920    -3618328    -39          -7    -40   18  58   99   -7   24  +19   24   19  12  0  0 L3P FD
G21 FF 61043 041400  780 536 2952    -3718474    -82         -11     +7   26  54  100   -9   33   -9   33   -9  19  0  0 L3P EC
G30 FF 61043 041400  780 458 1940     -754810    -75         -18    +47   21 103  113  -15   48  -53   48  -53  18  0  0 L3P 2F
G05 FF 61043 043000  780 303 3066    +2266163   +102         -11    +95   30   2  160  -33   47  -83   47  -83  22  0  0 L3P 14
G06 FF 61043 043000  780 164 2043    +5981268    +74          -4    +27   48  23  282 +115   70  -25   70  -25  41  0  0 L3P 27
G07 FF 61043 043000  780 718 1290    +1299874    +31          -1    -21   17   7   85   -1   30  +12   30   12  12  0  0 L3P BD
G09 FF 61043 043000  780 430  839    -7696187    -55          -1    -46   22  16  118  +15   28  +48   28   48  17  0  0 L3P 14
G11 FF 61043 043000  780 370 2454    +4876009    -77         -21    +56   22 128  134  +15   50  -26   50  -26  15  0  0 L3P 31
G16 FF 61043 043000  780 143  347    -1801793   -106         -38    -29   41   7  321  +61   54   +6   54    6  29  0  0 L3P E9
G20 FF 61043 043000  780 602 2829    -3618339    -13         -20    -14   27  58   93   -5   35  +12   35   12  18  0  0 L3P F3
G21 FF 61043 043000  780 602 2899    -3718568    -88         -21     +1   15  54   93   -6   38   +0   38    0  10  0  0 L3P C9
G30 FF 61043 043000  780 535 1934     -754928   -146         -18    -25   26 103  101  -10   41  +11   41   11  20  0  0 L3P 10
G05 FF 61043 044600  780 370 3052    +2266162    -28         -19    -34   34   2  134  -22   45  +31   45   31  23  0  0 L3P F8
G07 FF 61043 044600  780 721 1054    +1299921    +80          -4    +27   18   7   85   +1   30  -23   30  -23  14  0  0 L3P D4
G09 FF 61043 044600  780 364  879    -7696203    -10          -8     -1   31  16  136  +22   42  +13   42   13  24  0  0 L3P E3
G11 FF 61043 044600  780 318 2387    +4875907   -187           4    -54   32 128  153  +24   40  +42   40   42  24  0  0 L3P 28
G13 FF 61043 044600  780 148 2647    -6906587     -6         -20    -15   37  44  314 -128   74  +18   74   18  27  0  0 L3P 3A
G16 FF 61043 044600  780 111  291    -1801843     -4         -13    +73   47   7  409 +132   43  -50   43  -50  34  0  0 L3P F9
G20 FF 61043 044600  780 639 2691    -3618328     -2          -9     -3   22  58   90   -2   31   +5   31    5  14  0  0 L3P 9F
G21 FF 61043 044600  780 660 2797    -3718645    -85         -13     +4   23  54   88   -4   35   +8   35    8  15  0  0 L3P DE
G30 FF 61043 044600  780 611 1914     -755045   -108         -19    +14   21 103   92   -7   36  -18   36  -18  16  0  0 L3P 16
G05 FF 61043 050200  780 436 3021    +2266177    -12         -10    -19   25   2  117  -14   34  +11   34   11  19  0  0 L3P E8
G07 FF 61043 050200  780 690  861    +1299984    +29           9    -23   20   7   87   +3   19  +17   19   17  14  0  0 L3P CB
G09 FF 61043 050200  780 299  918    -7696190    -30          13    -21   26  16  161  +32   37  +21   37   21  20  0  0 L3P FA
G11 FF 61043 050200  780 261 2332    +4875769   -130          -7     +3   34 128  183  +40   59  +12   59   12  24  0  0 L3P 17
G13 FF 61043 050200  780 210 2687    -6906552     +0           5    -10   32  44  225  -66   43   -8   43   -8  26  0  0 L3P CF
G20 FF 61043 050200  780 650 2516    -3618316    -17           2    -18   14  58   89   +0   29  +19   29   19  10  0  0 L3P DB
G21 FF 61043 050200  780 699 2624    -3718727    -83          -9     +6   21  54   86   -1   37   +5   37    5  14  0  0 L3P C4
G30 FF 61043 050200  780 685 1866     -755165    -94         -22    +28   23 103   87   -4   36  -19   36  -19  16  0  0 L3P 1B
G05 FF 61043 051800  780 498 2967    +2266180    +29         -14    +23   25   2  106   -9   35  -21   35  -21  17  0  0 L3P 09
G07 FF 61043 051800  780 638  744    +1300017    +73          -8    +20   20   7   90   +5   28  -20   28  -20  13  0  0 L3P BA
G09 FF 61043 051800  780 236  958    -7696212    -56           0    -47   26  16  200  +51   61  +50   61   50  20  0  0 L3P EC
G11 FF 61043 051800  780 201 2286    +4875661    -61          13    +72   40 128  234  +69   50  -67   50  -67  32  0  0 L3P 35
G13 FF 61043 051800  780 273 2726    -6906570    +17         -21     +8   33  44  176  -40   51  -10   51  -10  26  0  0 L3P 0F
G14 FF 61043 051800  780 145 1609    -7263161    -81          27    -56   33  48  322 -144   54  +38   54   38  25  0  0 L3P 33
G20 FF 61043 051800  780 630 2345    -3618311    +35           6    +33   29  58   91   +3   28  -19   28  -19  20  0  0 L3P E8
G21 FF 61043 051800  780 706 2396    -3718804   -101          -2    -12   17  54   86   +1   34  +17   34   17  12  0  0 L3P F2
G30 FF 61043 051800  780 752 1749     -755272    -67         -12    +55   14 103   84   -2   29  -34   29  -34   9  0  0 L3P 06
G05 FF 61043 053400  780 550 2882    +2266194    +23          -6    +16   22   2   99   -6   30   -4   30   -4  17  0  0 L3P B7
G07 FF 61043 053400  780 577  682    +1300071    +83          -5    +31   15   7   96   +7   28  -14   28  -14   9  0  0 L3P C2
G09 FF 61043 053400  780 174  997    -7696223    -66          -2    -57   40  16  267  +91   81  +71   81   71  28  0  0 L3P 20
G11 FF 61043 053400  780 140 2246    +4875520   -153           0    -20   46 128  330 +141   60  +22   60   22  37  0  0 L3P 14
G13 FF 61043 053400  780 338 2766    -6906553    -30         -12    -39   27  44  145  -26   37  +21   37   21  21  0  0 L3P 22
G14 FF 61043 053400  780 211 1585    -7263177    +76          35   +101   43  48  224  -70   49  -84   49  -84  33  0  0 L3P 43
G20 FF 61043 053400  780 586 2211    -3618317     -2          -2     -3   24  58   95   +6   35  +10   35   10  18  0  0 L3P B6
G21 FF 61043 053400  780 676 2192    -3718889    -76          -2    +12   19  54   87   +3   36   -3   36   -3  14  0  0 L3P E6
G30 FF 61043 053400  780 797 1465     -755381   -137          -5    -15   12 103   82   -1   19  +11   19   11   8  0  0 L3P E6
G05 FF 61043 060200  780 599 2650    +2266215     -6           5    -13   29   3   93   -1   26   +3   26    3  19  0  0 L3P 8F
G07 FF 61043 060200  780 462  646    +1300179    +18          10    -35   15  13  112  +13   18  +39   18   39  11  0  0 L3P E8
G13 FF 61043 060200  780 457 2833    -6906530     +1          -5     -9   21  45  113  -14   28   -4   28   -4  13  0  0 L3P C6
G14 FF 61043 060200  780 330 1533    -7263216   -117          44    -92   23  49  149  -28   44  +55   44   55  16  0  0 L3P 29
G15 FF 61043 060200  780 162 2919    -3731346    -47          19    -12   46  64  289 -113   26  -18   26  -18  36  0  0 L3P 43
G18 FF 61043 060200  780 124 3299    +4607234   -213          18   -116   47  95  369  -63   63  +77   63   77  35  0  0 L3P 56
G20 FF 61043 060200  780 476 2070    -3618314    +31          -2    +30   22  60  109  +12   41   -2   41   -2  18  0  0 L3P C9
G21 FF 61043 060200  780 570 1993    -3719021    -66          16    +23   26  55   96   +8   23   +1   23    1  21  0  0 L3P BE
G22 FF 61043 060200  780 192 1643     +629731    -63         -23    -22   32  22  245  -89   97   +7   97    7  25  0  0 L3P F7
G30 FF 61043 060200  780 754  869     -755584   -129           1     -7   13 106   84   +2   22   +9   22    9   8  0  0 L3P 9F
G05 FF 61043 061800  780 591 2496    +2266214    +18          -2    +11   16   3   94   +2   34   -3   34   -3  12  0  0 L3P AE
G07 FF 61043 061800  780 396  649    +1300195    +81         -24    +29   23  13  126  +18   52   -9   52   -9  19  0  0 L3P FF
G08 FF 61043 061800  780 105  500    -5083789    +74          -8    +34   42  33  432  -61   93  -22   93  -22  31  0  0 L3P 0A
G13 FF 61043 061800  780 528 2870    -6906531     +5         -14     -4   22  45  102  -10   32   +2   32    2  15  0  0 L3P BD
G14 FF 61043 061800  780 397 1493    -7263269    -24          15     +1   17  49  127  -18   60  -11   60  -11  15  0  0 L3P 11
G15 FF 61043 061800  780 227 2940    -3731379    -70          19    -35   45  64  210  -60   19  +19   19   19  35  0  0 L3P 23
G18 FF 61043 061800  780 141 3237    +4607134    -67          12    +30   38  95  327  -26   60  -27   60  -27  27  0  0 L3P 26
G20 FF 61043 061800  780 405 2024    -3618322     -2         -11     -3   26  60  124  +19   59  +27   59   27  18  0  0 L3P F1
G21 FF 61043 061800  780 498 1939    -3719109   -139          12    -50   26  55  106  +12   39  +57   39   57  19  0  0 L3P 42
G22 FF 61043 061800  780 264 1620     +629727    -79          12    -38   21  22  182  -48   71  +40   71   40  15  0  0 L3P FF
G30 FF 61043 061800  780 690  759     -755708    -92          -6    +30   12 106   87   +4   30   -8   30   -8   9  0  0 L3P BC
G05 FF 61043 063400  780 559 2361    +2266201     -6         -21    -13   19   3   98   +5   55  +17   55   17  15  0  0 L3P D5
G07 FF 61043 063400  780 331  660    +1300269    +53           0     +1   26  13  147  +26   51  +28   51   28  21  0  0 L3P BE
G08 FF 61043 063400  780 114  434    -5083740    +36           4     -3   51  33  397  -16   85   -1   85   -1  35  0  0 L3P C6
G13 FF 61043 063400  780 601 2904    -6906515    +60          -7    +51   15  45   93   -7   30  -27   30  -27  10  0  0 L3P EB
G14 FF 61043 063400  780 462 1439    -7263297    -47          11    -22   23  49  112  -12   64  +25   64   25  17  0  0 L3P 15
G15 FF 61043 063400  780 294 2955    -3731414    -82          18    -47   29  64  165  -36   21  +35   21   35  23  0  0 L3P 1F
G18 FF 61043 063400  780 146 3171    +4607034   -115           6    -17   27  95  316   +0   56   -3   56   -3  20  0  0 L3P E2
G20 FF 61043 063400  780 333 1991    -3618322    +62         -12    +61   26  60  147  +29   77  -32   77  -32  21  0  0 L3P 29
G21 FF 61043 063400  780 423 1905    -3719200   -133           6    -45   28  55  120  +18   58  +43   58   43  24  0  0 L3P 0E
G22 FF 61043 063400  780 336 1593     +629676    -78           1    -37   25  22  146  -29   83  +33   83   33  17  0  0 L3P 04
G30 FF 61043 063400  780 620  721     -755835    -75         -16    +47   22 106   91   +6   43  -29   43  -29  15  0  0 L3P FC
G05 FF 61043 065000  780 507 2258    +2266228    +41          -1    +34   23   3  104   +9   56  -11   56  -11  15  0  0 L3P DE
G07 FF 61043 065000  780 267  679    +1300302    +33         -17    -19   28  13  179  +40   96  +72   96   72  21  0  0 L3P 13
G08 FF 61043 065000  780 114  369    -5083704    +23           2    -17   30  33  399  +20   92   +5   92    5  23  0  0 L3P C4
G13 FF 61043 065000  780 676 2933    -6906493    +35           6    +26   18  45   87   -5   30   -6   30   -6  13  0  0 L3P D3
G14 FF 61043 065000  780 520 1364    -7263317    -25          15     +0   23  49  103   -8   64  +13   64   13  17  0  0 L3P DD
G15 FF 61043 065000  780 364 2963    -3731448     +9          18    +44   29  64  136  -24   25  -34   25  -34  22  0  0 L3P 18
G18 FF 61043 065000  780 140 3104    +4606927   -110          -7    -12   32  95  328  +26   57  +14   57   14  24  0  0 L3P 16
G20 FF 61043 065000  780 260 1966    -3618308    +13           1    +12   34  60  183  +48   95  +35   95   35  28  0  0 L3P 03
G21 FF 61043 065000  780 347 1883    -3719278   -107          13    -18   23  55  141  +27   78  +46   78   46  18  0  0 L3P 3F
G22 FF 61043 065000  780 408 1557     +629628    -55          -8    -14   22  22  124  -19   92  +12   92   12  16  0  0 L3P FA
G30 FF 61043 065000  780 550  714     -755955   -162         -19    -41   23 106   98   +9   58  +45   58   45  14  0  0 L3P 10
G05 FF 61043 070600  780 445 2184    +2266244    -27           8    -34   31   3  115  +14   68  +59   68   59  23  0  0 L3P FA
G07 FF 61043 070600  780 205  702    +1300349   +105         -21    +53   39  13  229  +67  158  +25  158   25  31  0  0 L3P 34
G08 FF 61043 070600  780 102  306    -5083668    -10          -1    -50   36  33  440  +68   98  +54   98   54  26  0  0 L3P 06
G13 FF 61043 070600  780 752 2948    -6906473    -19          18    -28   18  45   84   -3   35  +36   35   36  12  0  0 L3P 0A
G14 FF 61043 070600  780 567 1260    -7263345     -3          11    +22   20  49   97   -5   77   -4   77   -4  14  0  0 L3P CC
G15 FF 61043 070600  780 435 2961    -3731490    -45          10    -10   21  64  118  -16   38  +31   38   31  16  0  0 L3P 08
G18 FF 61043 070600  780 123 3038    +4606857    -67          17    +31   29  95  369  +63   35  -38   35  -38  22  0  0 L3P 3C
G20 FF 61043 070600  780 189 1945    -3618301    +19           7    +18   30  60  247  +89  146  +58  146   58  22  0  0 L3P 37
G21 FF 61043 070600  780 273 1868    -3719376   -126           1    -37   30  55  175  +45  126  +78  126   78  24  0  0 L3P 50
G22 FF 61043 070600  780 479 1506     +629594    -37          -3     +4   18  22  109  -12   90   +1   90    1  14  0  0 L3P BF
G23 FF 61043 070600  780 100 3280    -5944180    +28          14    +79   61  88  460 -257   50  -78   50  -78  50  0  0 L3P 43
G30 FF 61043 070600  780 481  723     -756063   -130         -11     -8   15 106  108  +12   66  +23   66   23  11  0  0 L3P F8
G05 FF 61043 072200  780 378 2131    +2266246    +42           4    +35   21   3  132  +21  104  +19  104   19  16  0  0 L3P F1
G13 FF 61043 072200  780 830 2911    -6906466    +18          16     +9   16  45   81   -1   50  +12   50   12  11  0  0 L3P CB
G14 FF 61043 072200  780 597 1127    -7263354    -60          26    -35   21  49   94   -2   74  +30   74   30  14  0  0 L3P F2
G15 FF 61043 072200  780 506 2942    -3731530    -37           4     -1   15  64  105  -11   53  +12   53   12  13  0  0 L3P D2
G20 FF 61043 072200  780 121 1926    -3618334    -82         -27    -83   38  60  379 +207  251 +165  251  165  27  0  0 L3P 84
G21 FF 61043 072200  780 201 1855    -3719462   -138           0    -50   29  55  234  +81  191 +126  191  126  24  0  0 L3P 56
G22 FF 61043 072200  780 543 1434     +629540    -29         -17    +12   21  22  100   -8  102   -1  102   -1  15  0  0 L3P DB
G23 FF 61043 072200  780 155 3251    -5944240    -62           2    -11   27  88  301 -103   49   -2   49   -2  22  0  0 L3P EE
G24 FF 61043 072200  780 113 2584    +1776378   -212          -8    -65   36  34  408 -217   83  +81   83   81  27  0  0 L3P 48
G30 FF 61043 072200  780 413  742     -756190    -86         -21    +35   19 106  122  +17  101   +7  101    7  14  0  0 L3P F4
G05 FF 61043 073800  780 308 2091    +2266256    -25           7    -32   24   3  157  +33  147  +81  147   81  18  0  0 L3P 17
G13 FF 61043 073800  780 879 1853    -6906435     -2          38    -11   12  45   81   +0   51  +27   51   27   7  0  0 L3P D5
G14 FF 61043 073800  780 602  978    -7263386     +3          17    +28   15  49   93   +1   95   -5   95   -5  11  0  0 L3P CE
G15 FF 61043 073800  780 575 2897    -3731578    -65         -10    -30   14  64   96   -7   74  +38   74   38  10  0  0 L3P 21
G21 FF 61043 073800  780 131 1844    -3719542   -134           5    -45   36  55  352 +181  285 +152  285  152  29  0  0 L3P 7C
G22 FF 61043 073800  780 597 1328     +629510    -42          -8     -1   16  22   94   -5  100   +5  100    5  11  0  0 L3P B3
G23 FF 61043 073800  780 205 3212    -5944292    -67           0    -16   36  88  230  -53   58  +35   58   35  26  0  0 L3P 13
G24 FF 61043 073800  780 175 2619    +1776229   -173         -16    -26   30  34  268  -95  102  +40  102   40  24  0  0 L3P 58
G30 FF 61043 073800  780 347  766     -756299   -154         -13    -32   25 106  141  +24  140  +68  140   68  17  0  0 L3P 50
G05 FF 61043 075400  780 238 2061    +2266253    +14          -2     +7   29   3  199  +56  215  +63  215   63  24  0  0 L3P 0A
G13 FF 61043 075400  780 807 1431    -6906445    +45          19    +36   16  45   82   +2   78   -9   78   -9  10  0  0 L3P EE
G14 FF 61043 075400  780 582  840    -7263419    -63           9    -38   29  49   95   +3  112  +42  112   42  21  0  0 L3P F9
G15 FF 61043 075400  780 638 2809    -3731623    -43         -21     -8   19  64   90   -5   95  +16   95   16  12  0  0 L3P FF
G17 FF 61043 075400  780 139 1214     +208927   +171          -5    +52   44  25  335 -136  359  -91  359  -91  35  0  0 L3P 64
G22 FF 61043 075400  780 632 1182     +629457    -75         -22    -34   23  22   91   -2  120  +39  120   39  17  0  0 L3P 07
G23 FF 61043 075400  780 249 3161    -5944343   -106          -1    -55   31  88  191  -30   84  +62   84   62  21  0  0 L3P 29
G24 FF 61043 075400  780 239 2654    +1776077   -125         -27    +21   29  34  200  -53  125   -3  125   -3  22  0  0 L3P 38
G30 FF 61043 075400  780 283  794     -756406    -94          -3    +27   35 106  170  +36  178  +34  178   34  25  0  0 L3P 35
G05 FF 61043 081000  780 169 2035    +2266300    +15          38     +9   26  19  275 +109  273  +93  273   93  20  0  0 L3P 37
G13 FF 61043 081000  780 727 1415    -6906437    -43          14    -52   15  46   85   +4   99  +59   99   59  10  0  0 L3P 0C
G14 FF 61043 081000  780 543  732    -7263448    -58           5    -33   19  50   99   +6  130  +39  130   39  14  0  0 L3P F8
G15 FF 61043 081000  780 685 2654    -3731638     +7          -4    +42   22  65   87   -2   98   -4   98   -4  15  0  0 L3P D9
G17 FF 61043 081000  780 195 1166     +209030   +127         -16     +7   33  25  242  -67  337  -94  337  -94  29  0  0 L3P 49
G22 FF 61043 081000  780 640 1012     +629424    -51         -17    -10   20  23   90   +0  126  +16  126   16  14  0  0 L3P E1
G23 FF 61043 081000  780 284 3097    -5944405    +13         -16    +65   28  89  170  -17  109  -31  109  -31  20  0  0 L3P 53
G24 FF 61043 081000  780 304 2690    +1775978   -127          15    +20   34  35  160  -33  108   +1  108    1  27  0  0 L3P 18
G30 FF 61043 081000  780 220  825     -756545    -84         -26    +37   30 120  214  +58  253  +45  253   45  23  0  0 L3P 29
G05 FF 61043 082600  780 102 2011    +2266278    -49          10    -56   54  19  445 +276  394 +132  394  132  43  0  0 L3P 72
G13 FF 61043 082600  780 647 1428    -6906446     -9          -4    -18   15  46   89   +6  130  +37  130   37  12  0  0 L3P 0C
G14 FF 61043 082600  780 490  659    -7263468    -20           9     +5   29  50  107  +10  144  +14  144   14  19  0  0 L3P 03
G15 FF 61043 082600  780 701 2434    -3731675    -31          -8     +4   16  65   86   +0  118   +7  118    7  11  0  0 L3P D6
G17 FF 61043 082600  780 248 1111     +209135   +134         -26    +15   31  25  193  -38  284  -33  284  -33  24  0  0 L3P 49
G19 FF 61043 082600  780 142 1328    -6837403     -7          10    +12   33  68  328 -135  421  -84  421  -84  24  0  0 L3P 4A
G22 FF 61043 082600  780 620  854     +629389    -72         -13    -31   16  23   91   +3  136  +35  136   35  12  0  0 L3P FA
G23 FF 61043 082600  780 307 3024    -5944436    -45           3     +6   26  89  158   -8  114  +19  114   19  17  0  0 L3P 10
G24 FF 61043 082600  780 372 2725    +1775817   -148          -5     -1   22  35  134  -22  133   +7  133    7  17  0  0 L3P 0E
G30 FF 61043 082600  780 159  857     -756682   -129         -46     -7   36 120  291 +109  347 +126  347  126  26  0  0 L3P 86
G10 FF 61043 084200  780 129 3315    +5795733    +52           2    +20   44  33  358 -116  115   +6  115    6  32  0  0 L3P 06
G13 FF 61043 084200  780 568 1448    -6906445    -22         -11    -31   16  46   96   +9  159  +47  159   47  11  0  0 L3P 3A
G14 FF 61043 084200  780 429  612    -7263483     -6          19    +19   25  50  118  +14  156   +7  156    7  22  0  0 L3P F5
G15 FF 61043 084200  780 679 2217    -3731714    -48         -13    -13   16  65   87   +2  131  +26  131   26  11  0  0 L3P 1C
G17 FF 61043 084200  780 295 1048     +209251   +164         -24    +44   30  25  164  -23  248  -80  248  -80  22  0  0 L3P 4D
G19 FF 61043 084200  780 201 1289    -6837418    -50          13    -31   26  68  235  -68  335  +13  335   13  20  0  0 L3P 3D
G22 FF 61043 084200  780 578  736     +629331    +26         -32    +67   22  23   95   +5  157  -33  157  -33  14  0  0 L3P 11
G23 FF 61043 084200  780 316 2942    -5944458    +40          30    +91   35  89  154   -1  118  -33  118  -33  26  0  0 L3P 3B
G24 FF 61043 084200  780 442 2759    +1775688   -170           7    -24   17  35  116  -15  130  +26  130   26  13  0  0 L3P 3A
G10 FF 61043 085800  780 167 3266    +5795737    +53         -25    +21   38  33  278  -57  160   -5  160   -5  27  0  0 L3P 45
G12 FF 61043 085800  780 149 2163    +6060797   +125          12   +120   37  79  313 -142  347 -146  347 -146  29  0  0 L3P AF
G13 FF 61043 085800  780 489 1470    -6906446    -19         -21    -28   19  46  107  +13  187  +66  187   66  13  0  0 L3P 69
G14 FF 61043 085800  780 365  586    -7263504    -32          21     -7   29  50  135  +21  186  +39  186   39  21  0  0 L3P 26
G15 FF 61043 085800  780 629 2066    -3731746    -31         -11     +4   21  65   91   +5  145  +15  145   15  15  0  0 L3P 0D
G17 FF 61043 085800  780 335  975     +209381   +150          -8    +30   22  25  146  -14  226  -29  226  -29  18  0  0 L3P 37
G19 FF 61043 085800  780 258 1243    -6837441    -57           9    -38   28  68  185  -39  278  -28  278  -28  23  0  0 L3P 73
G22 FF 61043 085800  780 524  660     +629308    -10         -15    +31   15  23  102   +8  161   -4  161   -4  11  0  0 L3P DB
G23 FF 61043 085800  780 310 2859    -5944526    +26          11    +77   22  89  156   +6  159  -23  159  -23  16  0  0 L3P 4E
G24 FF 61043 085800  780 514 2791    +1775541   -213           1    -67   23  35  104  -11  131  +43  131   43  16  0  0 L3P 29
G10 FF 61043 091400  780 197 3207    +5795795    +12           2    -20   30  33  238  -29  160  +36  160   36  23  0  0 L3P 22
G12 FF 61043 091400  780 218 2185    +6060778     +2         -12     -3   26  79  218  -68  321  -53  321  -53  23  0  0 L3P 2E
G13 FF 61043 091400  780 412 1492    -6906420     +6          -3     -3   22  46  122  +19  209  +40  209   40  17  0  0 L3P FA
G14 FF 61043 091400  780 300  575    -7263525    -67          24    -42   35  50  161  +33  219  +73  219   73  24  0  0 L3P 27
G15 FF 61043 091400  780 562 1975    -3731782    -50         -13    -15   23  65   97   +8  158  +38  158   38  17  0  0 L3P 40
G17 FF 61043 091400  780 364  893     +209509   +147           5    +28   24  25  136   -7  210  -30  210  -30  19  0  0 L3P 06
G19 FF 61043 091400  780 313 1188    -6837474    -15          -5     +4   23  68  155  -24  256   -5  256   -5  19  0  0 L3P 21
G22 FF 61043 091400  780 462  615     +629274    -31         -10    +10   22  23  112  +12  177  +32  177   32  15  0  0 L3P 01
G23 FF 61043 091400  780 291 2778    -5944566     -1          20    +50   27  89  166  +14  183  -13  183  -13  21  0  0 L3P 3E
G24 FF 61043 091400  780 587 2819    +1775403   -169           4    -22   20  35   95   -8  132   -1  132   -1  13  0  0 L3P FC
G10 FF 61043 093000  780 216 3141    +5795805    +41         -18     +9   33  33  218  -13  199  +24  199   24  24  0  0 L3P 35
G12 FF 61043 093000  780 288 2210    +6060786    +18          -8    +14   25  79  168  -39  267  -88  267  -88  17  0  0 L3P 69
G13 FF 61043 093000  780 337 1513    -6906409    +24          -2    +15   21  46  145  +29  240  +20  240   20  13  0  0 L3P 12
G14 FF 61043 093000  780 235  575    -7263564    -77           9    -52   34  50  201  +53  284 +101  284  101  27  0  0 L3P 37
G15 FF 61043 093000  780 490 1921    -3731820    -23         -18    +13   30  65  107  +12  189  +29  189   29  25  0  0 L3P 47
G17 FF 61043 093000  780 379  805     +209603   +116         -15     -3   23  25  131   -2  230   +8  230    8  17  0  0 L3P D5
G19 FF 61043 093000  780 363 1123    -6837478    -13           9     +7   29  68  137  -15  230   +1  230    1  20  0  0 L3P EC
G22 FF 61043 093000  780 398  592     +629245     -9           0    +32   27  23  126  +18  198  +10  198   10  19  0  0 L3P F6
G23 FF 61043 093000  780 259 2703    -5944614    -55          21     -4   38  89  184  +25  209  +49  209   49  32  0  0 L3P 40
G24 FF 61043 093000  780 663 2839    +1775253   -120          -5    +26   18  35   88   -5  136   +1  136    1  13  0  0 L3P FC
G10 FF 61043 094600  780 223 3070    +5795833    +90         -21    +58   29  33  212   -1  221  -26  221  -26  22  0  0 L3P 2F
G12 FF 61043 094600  780 360 2238    +6060784     +4         -14     -1   25  79  138  -25  246  -29  246  -29  20  0  0 L3P 37
G13 FF 61043 094600  780 264 1531    -6906401    +18          -2     +9   26  46  181  +47  281  +48  281   48  20  0  0 L3P 27
G14 FF 61043 094600  780 171  583    -7263554    -15          44    +10   35  50  272  +99  314  +60  314   60  28  0  0 L3P 2A
G15 FF 61043 094600  780 415 1887    -3731856    -42         -20     -7   21  65  122  +19  232  +44  232   44  18  0  0 L3P 38
G17 FF 61043 094600  780 378  716     +209714    +97         -19    -23   23  25  132   +2  230  +13  230   13  18  0  0 L3P 05
G19 FF 61043 094600  780 403 1044    -6837513    -34          -7    -15   22  68  125   -9  236   -3  236   -3  16  0  0 L3P 12
G22 FF 61043 094600  780 333  584     +629212    -32           7     +9   27  23  146  +26  226  +26  226   26  23  0  0 L3P EE
G23 FF 61043 094600  780 218 2636    -5944675    -48          -4     +3   29  90  216  +43  265  +56  265   56  24  0  0 L3P 40
G24 FF 61043 094600  780 740 2841    +1775114   -155          -4     -8   15  35   84   -3  146  +14  146   14  11  0  0 L3P 0C
G10 FF 61043 100200  780 217 2997    +5795873    +57         -15    +25   36  58  217  +11  229   -9  229   -9  28  0  0 L3P 48
G12 FF 61043 100200  780 433 2268    +6060787     +4         -15     +0   21  99  118  -17  215   -3  215   -3  15  0  0 L3P F5
G13 FF 61043 100200  780 193 1548    -6906401    +40          -7    +30   37  53  243  +86  332  +34  332   34  28  0  0 L3P 24
G15 FF 61043 100200  780 340 1866    -3731868    -51           4    -16   28  66  144  +28  261  +62  261   62  25  0  0 L3P 28
G17 FF 61043 100200  780 362  633     +209830    +88         -16    -31   22   1  136   +8  237   +9  237    9  16  0  0 L3P D0
G19 FF 61043 100200  780 431  952    -6837518    -38           2    -18   26  69  118   -5  222  +25  222   25  20  0  0 L3P 01
G22 FF 61043 100200  780 269  587     +629154    -49         -13     -8   30  40  177  +40  277  +55  277   55  21  0  0 L3P 18
G23 FF 61043 100200  780 170 2578    -5944700     -8          20    +43   32  90  273  +80  292  +28  292   28  24  0  0 L3P 24
G24 FF 61043 100200  780 816 2773    +1774977   -129          -4    +18   13  36   82   -2  149   -5  149   -5  10  0  0 L3P 14
G10 FF 61043 101800  780 199 2926    +5795907    -12         -11    -44   28  58  235  +27  243  +56  243   56  19  0  0 L3P 5B
G12 FF 61043 101800  780 508 2302    +6060793    +15         -14    +11   16  99  104  -12  191  -40  191  -40  10  0  0 L3P 31
G13 FF 61043 101800  780 124 1562    -6906378     -6           5    -16   42  53  370 +199  395  +85  395   85  32  0  0 L3P 44
G15 FF 61043 101800  780 267 1850    -3731927    -65         -21    -29   23  66  179  +46  332  +79  332   79  21  0  0 L3P 5E
G17 FF 61043 101800  780 333  560     +209958    +91          -2    -29   31   1  147  +14  228  +31  228   31  26  0  0 L3P F1
G19 FF 61043 101800  780 443  852    -6837538    +50           1    +70   24  69  116   -1  213  -66  213  -66  19  0  0 L3P 18
G22 FF 61043 101800  780 207  598     +629120    -47          -8     -6   30  40  227  +66  330  +50  330   50  25  0  0 L3P EC
G23 FF 61043 101800  780 118 2526    -5944752   -104          17    -53   27  90  387 +171  362 +117  362  117  20  0  0 L3P 84
G24 FF 61043 101800  780 869 2088    +1774846   -119           6    +28   12  36   81   +0  145  -20  145  -20   9  0  0 L3P 16
G25 FF 61043 101800  780 133 2402    -4522714   +116           7    +93   35  24  348 -165  359  -97  359  -97  32  0  0 L3P 6D
G32 FF 61043 101800  780 152 3195    +1796990   -161         -24     +6   44 110  307 -117  233  -18  233  -18  30  0  0 L3P 6E
G10 FF 61043 103400  780 171 2859    +5795948     +7           0    -25   44  58  271  +51  265  +49  265   49  36  0  0 L3P 31
G12 FF 61043 103400  780 585 2338    +6060810    +39          -2    +34   26  99   95   -8  161  -42  161  -42  18  0  0 L3P 20
G15 FF 61043 103400  780 197 1838    -3731956    -20         -16    +15   31  66  238  +82  378  +33  378   33  23  0  0 L3P 57
G17 FF 61043 103400  780 293  501     +210058    +47         -16    -73   21   1  164  +23  251  +76  251   76  16  0  0 L3P FA
G19 FF 61043 103400  780 437  752    -6837564     -6          -6    +13   35  69  117   +3  200   -8  200   -8  24  0  0 L3P E8
G22 FF 61043 103400  780 145  615     +629079    -48          -9     -7   43  40  317 +129  381  +62  381   62  34  0  0 L3P 17
G24 FF 61043 103400  780 812 1464    +1774706   -136           8    +11   15  36   82   +2  135  -18  135  -18  10  0  0 L3P 13
G25 FF 61043 103400  780 197 2435    -4522691    +32           8     +9   33  24  239  -78  287  -64  287  -64  23  0  0 L3P 3E
G32 FF 61043 103400  780 209 3172    +1796847   -159          -8     +8   27 110  226  -59  228   +4  228    4  20  0  0 L3P 2A
G10 FF 61043 105000  780 134 2797    +5795975     +3          -5    -29   43  58  341 +100  301  +77  301   77  32  0  0 L3P 35
G12 FF 61043 105000  780 662 2379    +6060821    +18           5    +13   18  99   88   -6  144  -10  144  -10  14  0  0 L3P 06
G15 FF 61043 105000  780 128 1826    -3732000    -87         -26    -52   42  66  357 +182  438 +157  438  157  30  0  0 L3P 85
G17 FF 61043 105000  780 245  455     +210189   +137           0    +17   35   1  193  +38  270  +17  270   17  26  0  0 L3P F0
G19 FF 61043 105000  780 413  661    -6837593     -4         -17    +15   27  69  122   +8  212   +2  212    2  22  0  0 L3P DE
G24 FF 61043 105000  780 734 1399    +1774561   -241           3    -95   13  36   84   +4  137  +70  137   70  10  0  0 L3P 13
G25 FF 61043 105000  780 263 2470    -4522679    +10          -2    -12   24  24  182  -44  252  -11  252  -11  19  0  0 L3P 25
G32 FF 61043 105000  780 263 3137    +1796690   -171          -4     -4   34 110  182  -34  223   +6  223    6  24  0  0 L3P 0F
G06 FF 61043 110600  780 147  912    +5982339    +39         -27     -6   55 112  316  -97  436 -109  436 -109  40  0  0 L3P 78
G12 FF 61043 110600  780 739 2428    +6060839    +27          18    +22   14  99   84   -3  138  -12  138  -12  11  0  0 L3P 21
G17 FF 61043 110600  780 192  422     +210290   +124         -14     +4   35   1  243  +68  307  +25  307   25  26  0  0 L3P EF
G19 FF 61043 110600  780 376  586    -6837606     -8         -12    +11   25  69  132  +13  224  +14  224   14  19  0  0 L3P 21
G24 FF 61043 110600  780 656 1396    +1774421   -150           4     -3   18  36   89   +6  151  +25  151   25  14  0  0 L3P FD
G25 FF 61043 110600  780 330 2508    -4522655    +18           0     -5   32  24  148  -28  223  -21  223  -21  23  0  0 L3P 05
G32 FF 61043 110600  780 311 3088    +1796558   -165          25     +2   27 110  156  -21  201  -10  201  -10  20  0  0 L3P 30
G06 FF 61043 112200  780 189  852    +5982402    +14          -7    -32   34 112  248  -51  316  -28  316  -28  26  0  0 L3P 41
G12 FF 61043 112200  780 816 2503    +6060853    -20          28    -24   15  99   82   -2  135  +23  135   23  11  0  0 L3P FE
G17 FF 61043 112200  780 136  400     +210417    +82          -1    -37   38   1  337 +139  330  +68  330   68  31  0  0 L3P F7
G19 FF 61043 112200  780 328  527    -6837620     +2          -7    +21   31  69  149  +22  243   +3  243    3  23  0  0 L3P DE
G24 FF 61043 112200  780 577 1409    +1774276   -152          -1     -5   17  36   95   +8  174  +25  174   25  12  0  0 L3P 14
G25 FF 61043 112200  780 399 2548    -4522617    +30          17     +7   27  24  126  -19  187  -26  187  -26  20  0  0 L3P 3F
G32 FF 61043 112200  780 350 3025    +1796404   -146          31    +21   25 110  141  -13  187  -15  187  -15  17  0  0 L3P 4E
G06 FF 61043 113800  780 224  785    +5982435    +95         -19    +50   40 112  211  -28  301  -52  301  -52  29  0  0 L3P 4B
G12 FF 61043 113800  780 887 3111    +6060858     -6          29    -10   16  99   81   +0  141  +10  141   10  11  0  0 L3P EC
G19 FF 61043 113800  780 272  485    -6837648    -11         -16     +8   16  69  176  +36  274  +34  274   34  11  0  0 L3P 3C
G24 FF 61043 113800  780 500 1427    +1774143   -187           7    -41   16  36  105  +12  185  +52  185   52  12  0  0 L3P 2D
G25 FF 61043 113800  780 469 2590    -4522596    +44          16    +21   22  24  111  -13  177  -38  177  -38  14  0  0 L3P 4D
G29 FF 61043 113800  780 100 1989    +3992369    +35          14    +99   36  21  462 -310  432 -282  432 -282  21  0  0 L3P 8C
G32 FF 61043 113800  780 378 2948    +1796235   -186          22    -19   22 110  132   -7  198  +30  198   30  17  0  0 L3P 5A
G06 FF 61043 115400  780 249  712    +5982493    +48          -4     +2   25 112  191  -14  278  -17  278  -17  18  0  0 L3P 3E
G11 FF 61043 115400  780 173 1151    +4872506   -103          37    +30   31 132  271  -84  336 -142  336 -142  21  0  0 L3P 73
G12 FF 61043 115400  780 828  608    +6060864    +12          31     +7   11  99   81   +1  141   -6  141   -6   7  0  0 L3P BC
G19 FF 61043 115400  780 212  457    -6837648    -54           2    -35   43  69  221  +62  290  +54  290   54  33  0  0 L3P 24
G24 FF 61043 115400  780 425 1446    +1773999   -121           4    +25   23  36  119  +17  214  +20  214   20  18  0  0 L3P 2B
G25 FF 61043 115400  780 540 2635    -4522586    +48           4    +25   18  24  100  -10  174  -23  174  -23  13  0  0 L3P 22
G29 FF 61043 115400  780 169 1997    +3992303    -19           8    +45   35  21  278 -115  330  -62  330  -62  29  0  0 L3P 5B
G32 FF 61043 115400  780 392 2860    +1796063   -146          11    +21   30 110  128   -2  203  -22  203  -22  22  0  0 L3P 2F
G06 FF 61043 121000  780 262  636    +5982531    -10         -13    -56   31 113  182   -4  269  +24  269   24  22  0  0 L3P 27
G11 FF 61043 121000  780 225 1098    +4872350   -153          10    -20   21 133  211  -46  300  -36  300  -36  17  0  0 L3P 3D
G12 FF 61043 121000  780 752  695    +6060851    +28           9    +24   18 100   84   +3  158   -7  158   -7  13  0  0 L3P E8
G19 FF 61043 121000  780 150  441    -6837660    +20           4    +39   41  70  308 +126  326  +18  326   18  32  0  0 L3P 18
G24 FF 61043 121000  780 351 1465    +1773860   -171           7    -25   25  40  140  +26  235  +32  235   32  17  0  0 L3P 22
G25 FF 61043 121000  780 613 2684    -4522569    +54          -5    +31   19  35   92   -7  172  -31  172  -31  12  0  0 L3P 15
G28 FF 61043 121000  780 201 3057    +6160822   -112          13    -66   30 161  235  -75  276  +26  276   26  22  0  0 L3P 4C
G29 FF 61043 121000  780 240 2007    +3992222    -64         -16     +0   35  78  199  -58  286   +5  286    5  26  0  0 L3P 1C
G32 FF 61043 121000  780 389 2768    +1795919   -136          25    +31   24 111  128   +3  198  -16  198  -16  18  0  0 L3P 6B
G06 FF 61043 122600  780 262  559    +5982577    +64         -10    +19   38 113  182   +5  262   -8  262   -8  29  0  0 L3P 2F
G11 FF 61043 122600  780 273 1037    +4872220   -126           8     +7   26 133  176  -28  267  -42  267  -42  18  0  0 L3P 48
G12 FF 61043 122600  780 678  751    +6060856     +5           9     +1   21 100   87   +5  165  +12  165   12  13  0  0 L3P CE
G24 FF 61043 122600  780 280 1483    +1773713   -190           1    -43   20  40  171  +41  270  +63  270   63  14  0  0 L3P 21
G25 FF 61043 122600  780 686 2740    -4522535    +41           8    +19   18  35   87   -5  155  -18  155  -18  12  0  0 L3P 1D
G28 FF 61043 122600  780 266 3059    +6160759     +9          -5    +55   28 161  181  -43  261  -77  261  -77  19  0  0 L3P 5D
G29 FF 61043 122600  780 314 2019    +3992169   -103          -8    -39   23  78  155  -34  261   +2  261    2  18  0  0 L3P 27
G32 FF 61043 122600  780 371 2678    +1795762   -110          29    +57   27 111  134   +8  210  -31  210  -31  19  0  0 L3P 4B
G06 FF 61043 124200  780 248  486    +5982630    +79          -2    +33   30 113  192  +15  261   +2  261    2  23  0  0 L3P 00
G11 FF 61043 124200  780 314  968    +4872073   -103         -11    +30   31 133  155  -17  255  -66  255  -66  23  0  0 L3P 5B
G12 FF 61043 124200  780 605  799    +6060859     +2           8     -3   16 100   93   +7  172  +18  172   18  12  0  0 L3P DB
G24 FF 61043 124200  780 210 1500    +1773585    -56          14    +90   19  40  223  +71  301  -14  301  -14  17  0  0 L3P 23
G25 FF 61043 124200  780 760 2813    -4522507     -8          13    -31   14  35   83   -3  149  +17  149   17   9  0  0 L3P F2
G28 FF 61043 124200  780 331 3049    +6160731    -20          11    +27   27 161  148  -27  219  -51  219  -51  20  0  0 L3P 45
G29 FF 61043 124200  780 389 2032    +3992091   -104         -25    -40   23  78  129  -22  242  -22  242  -22  17  0  0 L3P 5C
G32 FF 61043 124200  780 339 2596    +1795588   -195          15    -28   26 111  144  +15  233  +44  233   44  20  0  0 L3P 63
G06 FF 61043 125800  780 222  420    +5982669    +88          -6    +42   30 113  212  +29  277  -26  277  -26  22  0  0 L3P 49
G11 FF 61043 125800  780 344  889    +4871949   -137          -7     -4   25 133  143   -9  224   -6  224   -6  19  0  0 L3P 23
G12 FF 61043 125800  780 534  844    +6060864    +12           9     +8   22 100  101   +9  181   +5  181    5  15  0  0 L3P CB
G24 FF 61043 125800  780 143 1514    +1773437   -203           7    -56   37  40  322 +146  375 +136  375  136  27  0  0 L3P 75
G25 FF 61043 125800  780 834 2962    -4522496    +17           3     -6   16  35   81   -1  152   +1  152    1  11  0  0 L3P C3
G28 FF 61043 125800  780 396 3027    +6160665    -11         -10    +36   32 161  127  -18  210  -54  210  -54  23  0  0 L3P 55
G29 FF 61043 125800  780 466 2044    +3992056    -94           1    -31   23  78  111  -15  196   +6  196    6  18  0  0 L3P 17
G31 FF 61043 125800  780 101 3118    +1746144    -12          10     +8   33  80  455 -284  366  -26  366  -26  20  0  0 L3P 3D
G32 FF 61043 125800  780 296 2525    +1795417   -148           5    +19   24 111  163  +24  268  +16  268   16  18  0  0 L3P 5A
G06 FF 61043 131400  780 185  363    +5982725    +46           7     +0   35 113  251  +54  267   +4  267    4  25  0  0 L3P F1
G11 FF 61043 131400  780 361  803    +4871824   -164          -4    -31   23 133  137   -3  214   +9  214    9  15  0  0 L3P FE
G12 FF 61043 131400  780 464  887    +6060880    +13          20     +8   27 100  111  +13  187   +3  187    3  20  0  0 L3P EA
G25 FF 61043 131400  780 873  403    -4522463    +28          14     +6   14  35   81   +0  144   -4  144   -4   9  0  0 L3P B8
G28 FF 61043 131400  780 457 2986    +6160625     -5          -5    +41   29 161  113  -12  188  -39  188  -39  19  0  0 L3P 5A
G29 FF 61043 131400  780 544 2055    +3991995    -46           1    +17   25  78   99  -10  175  -29  175  -29  21  0  0 L3P 42
G31 FF 61043 131400  780 166 3117    +1746118    +20           3    +40   37  80  283 -110  332  -87  332  -87  27  0  0 L3P 3A
G32 FF 61043 131400  780 246 2463    +1795252   -174           0     -7   27 111  193  +40  301  +52  301   52  19  0  0 L3P 22
G06 FF 61043 133000  780 141  317    +5982782    +57          20    +11   36 113  326 +108  256   -4  256   -4  28  0  0 L3P 2A
G11 FF 61043 133000  780 364  714    +4871707   -150           6    -17   29 133  136   +2  199  +10  199   10  21  0  0 L3P 1B
G12 FF 61043 133000  780 397  930    +6060879    +12          15     +7   24 100  126  +18  206  +14  206   14  19  0  0 L3P 10
G25 FF 61043 133000  780 808  893    -4522449    +15           5     -7   19  35   82   +2  144   -4  144   -4  12  0  0 L3P C6
G28 FF 61043 133000  780 513 2919    +6160592    -40           6     +7   21 161  104   -8  163  -13  163  -13  16  0  0 L3P 11
G29 FF 61043 133000  780 623 2059    +3991921   -116         -12    -53   24  78   91   -7  169  +15  169   15  17  0  0 L3P 45
G31 FF 61043 133000  780 230 3107    +1746113   -100          17    -79   38  80  206  -56  275  +10  275   10  28  0  0 L3P 35
G32 FF 61043 133000  780 191 2410    +1795112   -240          20    -73   29 111  245  +71  326 +101  326  101  23  0  0 L3P 54
G11 FF 61043 134600  780 350  630    +4871576   -130           3     +3   29 133  140   +7  187  -12  187  -12  23  0  0 L3P 11
G12 FF 61043 134600  780 330  971    +6060898    -78          29    -83   30 100  148  +27  219  +84  219   84  23  0  0 L3P 4B
G25 FF 61043 134600  780 733  997    -4522436    -11          -3    -34   16  35   84   +3  148  +18  148   18   9  0  0 L3P FD
G28 FF 61043 134600  780 556 2822    +6160536    -89          -4    -42   22 161   98   -4  160  +16  160   16  14  0  0 L3P 27
G29 FF 61043 134600  780 702 2046    +3991878   -110           7    -46   21  78   86   -4  142  +19  142   19  15  0  0 L3P 26
G31 FF 61043 134600  780 294 3085    +1746077    +31           1    +51   22  80  165  -33  243  -89  243  -89  19  0  0 L3P 3F
G32 FF 61043 134600  780 134 2364    +1794938    -47           7   +120   45 111  343 +145  407  +13  407   13  32  0  0 L3P 53
G11 FF 61043 140200  780 323  555    +4871446   -141           0     -8   29 133  151  +14  186   -1  186   -1  19  0  0 L3P 01
G12 FF 61043 140200  780 266 1011    +6060885    +28          -7    +24   26   9  179  +41  239   +2  239    2  19  0  0 L3P F7
G25 FF 61043 140200  780 659 1060    -4522402    +34           9    +11   19  35   88   +5  138  -11  138  -11  13  0  0 L3P FC
G26 FF 61043 140200  780 179 2887    +3053640    -59           9   -120   51  11  262  -92  304  +33  304   33  39  0  0 L3P 37
G28 FF 61043 140200  780 582 2693    +6160484    -28         -12    +18   24 161   95   -2  154  -20  154  -20  17  0  0 L3P 3B
G29 FF 61043 140200  780 779 1982    +3991794    -37         -17    +27   16  78   83   -2  142  -24  142  -24  11  0  0 L3P 47
G31 FF 61043 140200  780 354 3049    +1746066    -22          -2     -1   31  13  139  -21  197   -9  197   -9  24  0  0 L3P 06
G11 FF 61043 141800  780 284  493    +4871308   -157         -10    -24   28 133  169  +24  194  +37  194   37  21  0  0 L3P 62
G12 FF 61043 141800  780 203 1050    +6060890    -31          -6    -36   31   9  231  +69  262  +50  262   50  23  0  0 L3P 08
G18 FF 61043 141800  780 123 1805    +4604310    +12           1   +109   36  98  379 -211  404 -220  404 -220  26  0  0 L3P 63
G20 FF 61043 141800  780 163  716    -3618278    -20           1    -21   39  48  285  -49  249  -17  249  -17  29  0  0 L3P 3B
G25 FF 61043 141800  780 585 1111    -4522399     +8         -10    -15   21  35   95   +8  150  +14  150   14  16  0  0 L3P 01
G26 FF 61043 141800  780 244 2908    +3053689    +14          -1    -48   32  11  196  -51  249   -4  249   -4  25  0  0 L3P 27
G28 FF 61043 141800  780 583 2548    +6160442    -70          -9    -24   24 161   95   +1  145  +13  145   13  16  0  0 L3P 1F
G29 FF 61043 141800  780 843 1671    +3991752    -49           3    +15   12  78   81   -1  121  -17  121  -17   8  0  0 L3P 06
G31 FF 61043 141800  780 409 2994    +1746061    -24          13     -3   25  13  123  -13  166  -23  166  -23  17  0  0 L3P 29
G11 FF 61043 143400  780 237  444    +4871181   -136          -9     -3   34 133  200  +41  193   +2  193    2  27  0  0 L3P FD
G18 FF 61043 143400  780 193 1799    +4604230    -39          15    +59   31  98  245  -90  280 -152  280 -152  23  0  0 L3P 7A
G20 FF 61043 143400  780 186  650    -3618267    -10          11    -11   36  48  251  -25  213  -29  213  -29  29  0  0 L3P 2C
G21 FF 61043 143400  780 115  671    -3721750    -81           0     +7   50  59  397 -102  233  -27  233  -27  37  0  0 L3P 1D
G25 FF 61043 143400  780 512 1155    -4522375    +21          -8     -2   21  35  103  +11  154   +9  154    9  16  0  0 L3P E5
G26 FF 61043 143400  780 311 2925    +3053784    +62          35     +0   30  11  157  -32  183  -48  183  -48  22  0  0 L3P 2B
G28 FF 61043 143400  780 559 2412    +6160396    -45         -10     +2   28 161   97   +4  143   +9  143    9  19  0  0 L3P 04
G29 FF 61043 143400  780 831  929    +3991693    -80           5    -16   15  78   81   +1  113   +9  113    9  11  0  0 L3P DA
G31 FF 61043 143400  780 454 2919    +1746027     +1          -1    +21   36  13  113   -8  159  -31  159  -31  27  0  0 L3P 0F
G04 FF 61043 145000  780 110 3287     -358302    -30          17     -5   44  85  411  -28  251  -10  251  -10  29  0  0 L3P 08
G05 FF 61043 145000  780 145  913    +2266422     +1          -3     -5   48  21  319  -97  247  -58  247  -58  36  0  0 L3P 16
G11 FF 61043 145000  780 184  408    +4871044   -146         -19    -13   44 133  254  +75  187   -3  187   -3  36  0  0 L3P 45
G18 FF 61043 145000  780 265 1793    +4604137   -124          16    -26   33  98  181  -48  219  -15  219  -15  25  0  0 L3P 66
G20 FF 61043 145000  780 199  581    -3618261    +44          17    +43   39  48  235   -9  185  -59  185  -59  31  0  0 L3P 3F
G21 FF 61043 145000  780 141  608    -3721824    -97          11     -8   38  59  327  -49  193  -34  193  -34  27  0  0 L3P 36
G25 FF 61043 145000  780 441 1194    -4522349    +39          -3    +16   19  35  116  +15  162   +9  162    9  16  0  0 L3P 0C
G26 FF 61043 145000  780 379 2934    +3053821    +67          13     +6   23  11  132  -21  172  -26  172  -26  16  0  0 L3P 26
G28 FF 61043 145000  780 516 2302    +6160351    -26         -11    +20   21 161  103   +8  146   -9  146   -9  16  0  0 L3P 13
G29 FF 61043 145000  780 763  727    +3991620    -58          -7     +6   13  78   83   +3  120   -1  120   -1  10  0  0 L3P CB
G31 FF 61043 145000  780 485 2822    +1746006    -17          -3     +3   29  13  108   -4  146  -19  146  -19  19  0  0 L3P 19
G04 FF 61043 150600  780 112 3222     -358345    -16          -2    +10   35  85  403  +11  275  +20  275   20  23  0  0 L3P FD
G05 FF 61043 150600  780 187  853    +2266441    -18          10    -25   31  21  251  -51  198  -30  198  -30  23  0  0 L3P 2A
G11 FF 61043 150600  780 127  382    +4870922   -167         -13    -34   47 133  362 +164  159   +3  159    3  40  0  0 L3P 45
G16 FF 61043 150600  780 104 2939    -1804660    -88          26    -11   47  40  442 -264  310  -85  310  -85  32  0  0 L3P 5B
G18 FF 61043 150600  780 340 1785    +4604040   -115          13    -17   23  98  145  -29  196  -24  196  -24  18  0  0 L3P 61
G20 FF 61043 150600  780 201  511    -3618259    -10          18    -12   42  48  233   +5  167  -19  167  -19  28  0  0 L3P 1B
G21 FF 61043 150600  780 157  541    -3721924   -172          -3    -84   37  59  294  -21  170  +42  170   42  32  0  0 L3P 31
G25 FF 61043 150600  780 371 1231    -4522338    +18         -14     -5   29  35  134  +22  180  +22  180   22  21  0  0 L3P 16
G26 FF 61043 150600  780 449 2933    +3053872    +41           6    -20   15  11  115  -15  156   +2  156    2  11  0  0 L3P EC
G28 FF 61043 150600  780 459 2220    +6160311    -33          -6    +13   34 161  112  +12  154  +13  154   13  25  0  0 L3P 1E
G29 FF 61043 150600  780 689  689    +3991553    -92         -13    -29   25  78   87   +4  120  +34  120   34  18  0  0 L3P 2F
G31 FF 61043 150600  780 497 2710    +1745975    -18         -15     +3   23  13  106   +0  154   +1  154    1  15  0  0 L3P E7
G04 FF 61043 152200  780 104 3158     -358380   -115         -13    -90   36  85  434  +55  298  +82  298   82  24  0  0 L3P 57
G05 FF 61043 152200  780 221  786    +2266427     -7         -11    -14   33  21  214  -28  185  -10  185  -10  25  0  0 L3P 1B
G16 FF 61043 152200  780 168 2962    -1804759    -13           2    +64   32  40  278 -107  260  -81  260  -81  25  0  0 L3P 4B
G18 FF 61043 152200  780 416 1774    +4603946   -126          12    -28   30  98  122  -19  175   +2  175    2  23  0  0 L3P 29
G20 FF 61043 152200  780 190  444    -3618294     +8         -19     +7   32  48  245  +20  175  -21  175  -21  24  0  0 L3P 14
G21 FF 61043 152200  780 163  474    -3722024    -23         -18    +66   43  59  284   +0  169  -52  169  -52  31  0  0 L3P 2F
G25 FF 61043 152200  780 302 1265    -4522313    +40         -11    +18   25  35  160  +34  192  +23  192   23  18  0  0 L3P 24
G26 FF 61043 152200  780 518 2917    +3053930    +94           4    +32   25  11  103  -10  143  -31  143  -31  18  0  0 L3P 16
G28 FF 61043 152200  780 395 2160    +6160270    -17          -2    +30   22 161  127  +18  173   -3  173   -3  18  0  0 L3P 19
G29 FF 61043 152200  780 616  691    +3991488    -24         -17    +40   21  78   92   +7  121  -19  121  -19  14  0  0 L3P 27
G31 FF 61043 152200  780 489 2594    +1745963   -102          -7    -82   23  13  107   +3  147  +68  147   68  17  0  0 L3P 45
G05 FF 61043 153800  780 245  712    +2266443     +7          -1     +0   31  21  194  -14  160   -2  160   -2  24  0  0 L3P C4
G16 FF 61043 153800  780 235 2980    -1804815    -49          20    +28   45  40  203  -57  213  -78  213  -78  31  0  0 L3P 50
G18 FF 61043 153800  780 493 1754    +4603856   -154          17    -57   29  98  107  -13  154  +13  154   13  20  0  0 L3P 5B
G20 FF 61043 153800  780 169  381    -3618275    +26          -1    +25   32  48  275  +43  151  -25  151  -25  25  0  0 L3P 2C
G21 FF 61043 153800  780 157  407    -3722092   -104          -1    -15   36  59  293  +20  137  -20  137  -20  28  0  0 L3P 34
G25 FF 61043 153800  780 235 1296    -4522296    +17         -16     -6   31  35  201  +55  219  +24  219   24  24  0  0 L3P 31
G26 FF 61043 153800  780 586 2876    +3053981    +74          -3    +13   19  11   95   -7  139  -25  139  -25  13  0  0 L3P 33
G28 FF 61043 153800  780 328 2115    +6160225    -37           1     +9   31 162  149  +28  188  +24  188   24  24  0  0 L3P 2C
G29 FF 61043 153800  780 543  710    +3991420    -77         -24    -13   26  78   99   +9  127  +12  127   12  19  0  0 L3P 21
G31 FF 61043 153800  780 461 2489    +1745945    -19          -5     +1   24  13  112   +7  156  +14  156   14  17  0  0 L3P 0E
G05 FF 61043 155400  780 257  636    +2266458    +10           7     +3   39  21  185   -4  137  -23  137  -23  29  0  0 L3P 00
G16 FF 61043 155400  780 303 2992    -1804907    -42           3    +35   32  40  160  -34  190  -54  190  -54  23  0  0 L3P 2D
G18 FF 61043 155400  780 569 1719    +4603747   -106           1     -9   28  98   97   -9  137  -33  137  -33  20  0  0 L3P 31
G20 FF 61043 155400  780 137  326    -3618287    +32         -14    +31   34  48  334  +85  129  -61  129  -61  27  0  0 L3P 45
G21 FF 61043 155400  780 141  344    -3722216   -126         -40    -38   47  59  326  +50  142   -7  142   -7  32  0  0 L3P 24
G25 FF 61043 155400  780 169 1325    -4522274    -16         -15    -38   26  35  275 +104  235  +48  235   48  20  0  0 L3P 5D
G26 FF 61043 155400  780 648 2793    +3054045    +65           1     +3   15  11   89   -4  125  -14  125  -14  10  0  0 L3P F1
G28 FF 61043 155400  780 259 2080    +6160175    -60          -5    -13   29 162  184  +46  227  +47  227   47  24  0  0 L3P 50
G29 FF 61043 155400  780 473  736    +3991371     -4         -12    +60   24  78  110  +13  121  -36  121  -36  19  0  0 L3P 29
G31 FF 61043 155400  780 419 2401    +1745930    +21           0    +42   20  13  121  +12  158  -21  158  -21  15  0  0 L3P 08
G05 FF 61043 161000  780 256  558    +2266456    -17           4    -23   36  29  186   +6  125   +5  125    5  24  0  0 L3P DF
G16 FF 61043 161000  780 373 2995    -1804971    -99           3    -21   22  67  133  -22  148   -6  148   -6  16  0  0 L3P 21
G18 FF 61043 161000  780 642 1654    +4603660    -92           7     +6   17 100   90   -5  115  -29  115  -29  12  0  0 L3P 05
G21 FF 61043 161000  780 114  287    -3722258    -72           3    +17   39  59  399 +107   77  -48   77  -48  31  0  0 L3P 2B
G25 FF 61043 161000  780 105 1350    -4522274    -52         -41    -75   62  37  433 +253  250  +47  250   47  44  0  0 L3P 4B
G26 FF 61043 161000  780 695 2643    +3054093    +73          -9    +12   16  11   86   -2  119  -12  119  -12  10  0  0 L3P 0B
G28 FF 61043 161000  780 191 2051    +6160134    -84           3    -37   32 164  245  +85  233  +32  233   32  27  0  0 L3P 28
G29 FF 61043 161000  780 405  767    +3991288   -118         -42    -54   27  83  124  +18  129  +31  129   31  19  0  0 L3P 56
G31 FF 61043 161000  780 367 2330    +1745901    -15         -13     +5   19  17  135  +18  168   -3  168   -3  15  0  0 L3P 10
G05 FF 61043 162600  780 241  485    +2266451    +26          -7    +19   30  29  196  +17  117  -24  117  -24  22  0  0 L3P 29
G16 FF 61043 162600  780 444 2985    -1805060    -83         -11     -5   22  67  116  -15  135  -20  135  -20  16  0  0 L3P 36
G18 FF 61043 162600  780 705 1529    +4603564    -97           5     +1   22 100   86   -3  100  -16  100  -16  15  0  0 L3P FC
G23 FF 61043 162600  780 134 1465    -5945918    +47         -31    +98   56  94  347 -166  214 -106  214 -106  43  0  0 L3P A1
G26 FF 61043 162600  780 714 2423    +3054167    +58           6     -3   14  11   85   +0  102   -3  102   -3  10  0  0 L3P B6
G27 FF 61043 162600  780 159 2683     +116770    +44          19    -25   41   4  294 -114  235  -47  235  -47  31  0  0 L3P 3E
G28 FF 61043 162600  780 125 2025    +6160083    -96          -3    -49   47 164  368 +189  248  +64  248   64  39  0  0 L3P 7D
G29 FF 61043 162600  780 338  801    +3991235    -15         -34    +49   27  83  145  +25  115  -48  115  -48  19  0  0 L3P 54
G31 FF 61043 162600  780 308 2274    +1745882    -21         -13     -1   23  17  157  +29  174   +2  174    2  19  0  0 L3P 0A
G05 FF 61043 164200  780 214  419    +2266468    +70           2    +63   32  29  219  +32   93  -72   93  -72  24  0  0 L3P 01
G16 FF 61043 164200  780 514 2957    -1805146    -70         -24     +8   18  67  103  -10  121  -27  121  -27  13  0  0 L3P 34
G18 FF 61043 164200  780 745 1303    +4603477    -72          12    +26   23 100   84   -1   81  -36   81  -36  16  0  0 L3P 07
G23 FF 61043 164200  780 200 1434    -5945942    -17          -6    +35   44  94  237  -77  164  -67  164  -67  31  0  0 L3P 57
G26 FF 61043 164200  780 695 2199    +3054217    +67          -3     +6   19  11   86   +2  101  -18  101  -18  13  0  0 L3P 02
G27 FF 61043 164200  780 222 2720     +116827   +106           9    +37   42   4  214  -60  198  -58  198  -58  30  0  0 L3P 29
G29 FF 61043 164200  780 274  837    +3991183   -148         -25    -85   25  83  175  +38  107  +55  107   55  19  0  0 L3P 69
G31 FF 61043 164200  780 247 2228    +1745851    +10         -24    +30   26  17  192  +47  193  -25  193  -25  19  0  0 L3P 50
G05 FF 61043 165800  780 177  362    +2266474    -16           2    -23   50  29  263  +61   71   -3   71   -3  41  0  0 L3P D6
G16 FF 61043 165800  780 580 2899    -1805203    -93          -7    -15   22  67   95   -7   88  -16   88  -16  15  0  0 L3P 24
G18 FF 61043 165800  780 743 1014    +4603381    -98           9     -1   18 100   84   +1   70  -16   70  -16  13  0  0 L3P E5
G23 FF 61043 165800  780 266 1398    -5945984    -44           1     +7   28  94  181  -43  124  -25  124  -25  22  0  0 L3P 3B
G26 FF 61043 165800  780 648 2041    +3054281    +41           2    -21   25  11   89   +4   90   +0   90    0  16  0  0 L3P A5
G27 FF 61043 165800  780 287 2755     +116889    +86           5    +17   33   4  168  -37  158  -51  158  -51  25  0  0 L3P 36
G29 FF 61043 165800  780 212  873    +3991120    -91         -27    -27   30  83  222  +63   95   +0   95    0  25  0  0 L3P F2
G31 FF 61043 165800  780 184 2190    +1745865    +23          11    +43   38  17  253  +83  179  -31  179  -31  28  0  0 L3P 54
G05 FF 61043 171400  780 131  316    +2266489    -21          10    -28   38  29  349 +127   50  -20   50  -20  29  0  0 L3P 16
G16 FF 61043 171400  780 637 2795    -1805289    -90         -18    -13   20  67   90   -4   74  -17   74  -17  13  0  0 L3P 22
G18 FF 61043 171400  780 701  805    +4603273    -15          -5    +83   24 100   86   +3   65  -74   65  -74  16  0  0 L3P F9
G23 FF 61043 171400  780 331 1355    -5946031     +1           3    +52   23  94  148  -27   94  -68   94  -68  18  0  0 L3P 0E
G26 FF 61043 171400  780 584 1948    +3054352    +34          13    -27   26  11   95   +7   76   +7   76    7  19  0  0 L3P DF
G27 FF 61043 171400  780 354 2790     +116960    +55           9    -14   35   4  140  -24  109  -42  109  -42  28  0  0 L3P 0D
G29 FF 61043 171400  780 151  910    +3991016   -139         -70    -76   30  83  306 +119  119  +56  119   56  22  0  0 L3P 60
G31 FF 61043 171400  780 123 2157    +1745813    -47         -22    -27   39  17  372 +181  214  +42  214   42  36  0  0 L3P 4F
G10 FF 61043 173000  780 153 1643    +5796767    -37          22    -68   30  24  307 -139  147  -16  147  -16  25  0  0 L3P 66
G16 FF 61043 173000  780 674 2631    -1805362    -83         -17     -5   15  67   88   -2   59   -8   59   -8  11  0  0 L3P ED
G18 FF 61043 173000  780 640  697    +4603195   -122          11    -24   23 100   90   +5   45   +0   45    0  17  0  0 L3P C5
G23 FF 61043 173000  780 393 1300    -5946089    -35          -5    +17   23  94  128  -17   73  -34   73  -34  17  0  0 L3P 28
G26 FF 61043 173000  780 514 1893    +3054391    +60          -6     -1   17  11  103  +11   86   -2   86   -2  14  0  0 L3P D1
G27 FF 61043 173000  780 423 2823     +117011   +106          -6    +36   25   4  120  -17   82  -60   82  -60  18  0  0 L3P F0
G07 FF 61043 174600  780 112 3303    +1302381   +141         -18    +89   46 104  405  -82   82  -71   82  -71  35  0  0 L3P 4A
G08 FF 61043 174600  780 178 2849    -5082123   +208          19   +169   56  49  264  -93  144 -221  144 -221  41  0  0 L3P A4
G10 FF 61043 174600  780 223 1625    +5796792    -65          16    -97   32  24  213  -67  108  +25  108   25  26  0  0 L3P 49
G16 FF 61043 174600  780 679 2425    -1805441    -71         -21     +6   17  67   87   +1   52  -12   52  -12  11  0  0 L3P F5
G18 FF 61043 174600  780 571  648    +4603093    -72           3    +26   31 100   96   +8   43  -21   43  -21  21  0  0 L3P E1
G23 FF 61043 174600  780 450 1229    -5946135    -43          -2     +9   26  94  114  -11   56  -20   56  -20  20  0  0 L3P 02
G26 FF 61043 174600  780 441 1860    +3054443    +87         -13    +26   22  11  116  +16   93  -13   93  -13  18  0  0 L3P 24
G27 FF 61043 174600  780 494 2853     +117087    +56           3    -13   17   4  107  -12   52   -6   52   -6  12  0  0 L3P C5
G07 FF 61043 180200  780 131 3246    +1302435    +60         -15     +7   32 105  350  -37   79   -2   79   -2  27  0  0 L3P F9
G08 FF 61043 180200  780 242 2876    -5082074    +38          27     -2   39  50  197  -52   80  -25   80  -25  30  0  0 L3P 17
G10 FF 61043 180200  780 295 1604    +5796824    +11          19    -21   28  61  164  -38   83  -23   83  -23  21  0  0 L3P 22
G15 FF 61043 180200  780 125  629    -3732901    -20          -4    +15   53   5  367  -66   49   -9   49   -9  41  0  0 L3P E1
G16 FF 61043 180200  780 651 2240    -1805510    -95         -19    -17   21  68   89   +3   47  +12   47   12  15  0  0 L3P FA
G18 FF 61043 180200  780 501  630    +4602998    -75           1    +23   25 101  105  +11   36  -18   36  -18  18  0  0 L3P 00
G23 FF 61043 180200  780 496 1137    -5946190     -3         -14    +49   22  95  106   -6   49  -44   49  -44  17  0  0 L3P 1F
G26 FF 61043 180200  780 367 1839    +3054517    +65          -7     +3   30  45  135  +24   86   +0   86    0  25  0  0 L3P D7
G27 FF 61043 180200  780 567 2878     +117142    +80         -12    +10   23  22   97   -9   51  -20   51  -20  17  0  0 L3P E9
G07 FF 61043 181800  780 139 3185    +1302485    +17         -15    -36   31 105  329   -9   79  +10   79   10  22  0  0 L3P 23
G08 FF 61043 181800  780 309 2900    -5082045   +102          19    +62   27  50  158  -32   63  -63   63  -63  17  0  0 L3P 34
G10 FF 61043 181800  780 368 1578    +5796856    +76          20    +44   20  61  135  -24   63  -49   63  -49  14  0  0 L3P 3E
G15 FF 61043 181800  780 143  562    -3732922     +0           9    +35   34   5  323  -29   29  -42   29  -42  25  0  0 L3P DB
G16 FF 61043 181800  780 598 2111    -1805592    -95         -27    -17   21  68   93   +6   48  +12   48   12  17  0  0 L3P 13
G18 FF 61043 181800  780 430  631    +4602897    -99          -6     -1   22 101  118  +16   47   -4   47   -4  15  0  0 L3P EA
G23 FF 61043 181800  780 527 1024    -5946235    -50         -10     +1   14  95  102   -3   40   -3   40   -3  10  0  0 L3P C5
G26 FF 61043 181800  780 295 1825    +3054586    -14           3    -76   27  45  163  +37   82  +57   82   57  20  0  0 L3P 1C
G27 FF 61043 181800  780 642 2893     +117204   +111         -17    +41   17  22   90   -6   45  -33   45  -33  12  0  0 L3P FC
G07 FF 61043 183400  780 138 3122    +1302532    -11         -19    -63   42 105  333  +16   72  +44   72   44  29  0  0 L3P 20
G08 FF 61043 183400  780 377 2918    -5082018    +13           7    -27   25  50  132  -22   49  +18   49   18  18  0  0 L3P 10
G10 FF 61043 183400  780 441 1543    +5796870    +69           3    +38   23  61  116  -16   64  -34   64  -34  16  0  0 L3P 19
G15 FF 61043 183400  780 150  493    -3732976    -77         -10    -42   48   5  307   -4   40  +40   40   40  32  0  0 L3P E5
G16 FF 61043 183400  780 533 2029    -1805671   -109         -32    -32   26  68  101   +9   55  +31   55   31  21  0  0 L3P 18
G18 FF 61043 183400  780 361  643    +4602800    -91         -10     +7   32 101  137  +23   45  -11   45  -11  24  0  0 L3P FD
G23 FF 61043 183400  780 536  898    -5946278    -69          -3    -18   20  95  100   +0   32   +2   32    2  14  0  0 L3P CD
G26 FF 61043 183400  780 225 1814    +3054638    +22          -4    -40   23  45  210  +63   98  +28   98   28  20  0  0 L3P 0F
G27 FF 61043 183400  780 718 2886     +117278    +86          -9    +17   17  22   85   -4   34  -23   34  -23  12  0  0 L3P F6
G02 FF 61043 185000  780 162 2513      -87624    -53          -8    +30   31  87  290 -112  118  -88  118  -88  25  0  0 L3P 37
G07 FF 61043 185000  780 126 3058    +1302605    +68           4    +16   25 105  362  +47   53  -17   53  -17  18  0  0 L3P 19
G08 FF 61043 185000  780 447 2929    -5081990    +71          -3    +31   24  50  115  -15   41  -31   41  -31  18  0  0 L3P 13
G10 FF 61043 185000  780 511 1491    +5796908    +43          11    +12   21  61  104  -10   50  -10   50  -10  16  0  0 L3P F7
G15 FF 61043 185000  780 146  424    -3733002    -83          -3    -48   33   5  315  +21   36  +29   36   29  26  0  0 L3P E5
G16 FF 61043 185000  780 462 1978    -1805750    -91         -36    -14   19  68  112  +14   63  +19   63   19  17  0  0 L3P 34
G18 FF 61043 185000  780 294  662    +4602723   -100           8     -3   25 101  164  +34   29   -8   29   -8  18  0  0 L3P EB
G23 FF 61043 185000  780 524  776    -5946349    -92         -26    -41   23  95  102   +3   40  +28   40   28  16  0  0 L3P 07
G26 FF 61043 185000  780 157 1804    +3054688     -8         -13    -69   26  45  296 +124  104  +67  104   67  21  0  0 L3P 54
G27 FF 61043 185000  780 792 2815     +117331    +89         -23    +19   17  22   82   -2   43  -11   43  -11  11  0  0 L3P E9
G02 FF 61043 190600  780 225 2551      -87708   -174         -12    -91   28  87  211  -59   80  +39   80   39  21  0  0 L3P 20
G07 FF 61043 190600  780 105 2997    +1302659    +41           8    -12   35 105  431 +101   50  +12   50   12  27  0  0 L3P 0B
G08 FF 61043 190600  780 518 2927    -5081957     -3          -8    -42   19  50  103  -11   34  +16   34   16  14  0  0 L3P FF
G10 FF 61043 190600  780 575 1412    +5796921    +80          -7    +48   18  61   96   -7   53  -35   53  -35  14  0  0 L3P 0B
G15 FF 61043 190600  780 130  359    -3733013    +43          20    +78   40   5  351  +55   18  -64   18  -64  30  0  0 L3P F3
G16 FF 61043 190600  780 389 1945    -1805826    -94         -38    -16   24  68  128  +21   67  +20   67   20  19  0  0 L3P 3E
G18 FF 61043 190600  780 229  686    +4602623   -158           2    -60   36 101  206  +55   34  +41   34   41  28  0  0 L3P 10
G23 FF 61043 190600  780 491  673    -5946392    -39         -19    +12   18  95  107   +7   31  -12   31  -12  14  0  0 L3P 11
G27 FF 61043 190600  780 851 2404     +117417    +67          -3     -3   14  22   81   +0   31   +0   31    0  10  0  0 L3P 79
G02 FF 61043 192200  780 289 2591      -87787    -66         -11    +17   24  87  167  -35   55  -21   55  -21  19  0  0 L3P 26
G08 FF 61043 192200  780 590 2906    -5081926    +24         -16    -15   21  50   94   -7   35   +6   35    6  14  0  0 L3P DD
G10 FF 61043 192200  780 627 1294    +5796950    +48          -8    +16   19  61   91   -4   47  -11   47  -11  14  0  0 L3P 04
G15 FF 61043 192200  780 104  299    -3733050    -37          17     -2   38   5  432 +123   17   +9   17    9  31  0  0 L3P C7
G16 FF 61043 192200  780 316 1922    -1805886    -72         -24     +5   29  68  154  +32   60   -1   60   -1  23  0  0 L3P F6
G18 FF 61043 192200  780 167  715    +4602524    -63          -4    +34   31 101  279 +102   39  -25   39  -25  21  0  0 L3P 25
G23 FF 61043 192200  780 444  595    -5946449    -57         -27     -6   22  95  115  +11   39  +15   39   15  16  0  0 L3P 15
G27 FF 61043 192200  780 821 1693     +117487    +35           0    -35   17  22   82   +1   24  +22   24   22  12  0  0 L3P B7
G02 FF 61043 193800  780 354 2632      -87865   -103         -10    -20   24  87  140  -23   44  +15   44   15  18  0  0 L3P 08
G08 FF 61043 193800  780 658 2850    -5081884    +53         -12    +14   17  50   89   -5   31   -8   31   -8  11  0  0 L3P F4
G10 FF 61043 193800  780 657 1129    +5796987    +12          -2    -20   16  61   89   -1   37   +6   37    6  12  0  0 L3P D9
G16 FF 61043 193800  780 245 1905    -1805976   -173         -40    -96   24  68  194  +54   79  +72   79   72  17  0  0 L3P 66
G23 FF 61043 193800  780 387  541    -5946501    -88         -30    -36   20  95  129  +17   42  +24   42   24  16  0  0 L3P 1C
G27 FF 61043 193800  780 747 1545     +117535    +45         -18    -24   18  22   84   +3   39  +14   39   14  11  0  0 L3P F2
G01 FF 61043 195400  780 105 2570    -3471077    -26           7    -57   38  45  436 -242   65  +44   65   44  31  0  0 L3P 21
G02 FF 61043 195400  780 419 2675      -87939   -121          -4    -38   21  87  121  -16   46  +39   46   39  17  0  0 L3P 1A
G08 FF 61043 195400  780 718 2725    -5081852    +56         -18    +16   22  50   85   -3   38   -9   38   -9  16  0  0 L3P 01
G10 FF 61043 195400  780 657  943    +5796999    +17         -21    -15   20  61   89   +1   45  +11   45   11  13  0  0 L3P F7
G16 FF 61043 195400  780 175 1890    -1806050    -72         -40     +5   35  68  265 +101   86   -8   86   -8  28  0  0 L3P 20
G23 FF 61043 195400  780 326  507    -5946525    -26          -5    +26   28  95  150  +27   28  -19   28  -19  19  0  0 L3P 27
G27 FF 61043 195400  780 669 1514     +117599    +75         -21     +6   12  22   88   +5   39   +6   39    6   9  0  0 L3P BD
G32 FF 61043 195400  780 149 1289    +1791238   -206          -6    -39   36   1  313 -123   85   +9   85    9  28  0  0 L3P 19
G01 FF 61043 201000  780 165 2608    -3471046    +22          11     -8   22  46  283 -103   56   -2   56   -2  17  0  0 L3P E3
G02 FF 61043 201000  780 486 2719      -88026   -111         -12    -28   22   6  108  -12   43  +20   43   20  17  0  0 L3P DD
G08 FF 61043 201000  780 754 2486    -5081802    +33          -3     -6   16  66   84   -1   29   +8   29    8  11  0  0 L3P B7
G10 FF 61043 201000  780 628  784    +5797033    +58         -17    +26   19  61   91   +3   37  -11   37  -11  15  0  0 L3P F4
G16 FF 61043 201000  780 109 1877    -1806102    -18         -20    +59   33  72  419 +244   72  -62   72  -62  28  0  0 L3P 3F
G23 FF 61043 201000  780 261  489    -5946580    -59         -11     -8   27  96  182  +43   25   +2   25    2  20  0  0 L3P DA
G27 FF 61043 201000  780 590 1513     +117665    +84         -25    +15   14  23   94   +8   46   +4   46    4  11  0  0 L3P B7
G32 FF 61043 201000  780 208 1246    +1791081   -225          -3    -58   36   1  227  -63   70  +29   70   29  30  0  0 L3P 01
G01 FF 61043 202600  780 226 2646    -3471010    -27          17    -57   30  46  210  -56   42  +31   42   31  22  0  0 L3P F5
G02 FF 61043 202600  780 553 2764      -88111    -71         -17    +12   26   6   98   -8   39  -12   39  -12  19  0  0 L3P D9
G08 FF 61043 202600  780 746 2187    -5081772    +32         -12     -8   13  66   84   +1   34  +19   34   19   9  0  0 L3P E2
G10 FF 61043 202600  780 579  675    +5797054    +56         -27    +24   22  61   95   +6   44  -20   44  -20  14  0  0 L3P FB
G14 FF 61043 202600  780 120 3272    -7264532    -79          21    -54   47  57  383 -133   19  +25   19   25  34  0  0 L3P 2C
G23 FF 61043 202600  780 196  482    -5946625    -26          -7    +25   26  96  238  +77   19  -30   19  -30  19  0  0 L3P 24
G27 FF 61043 202600  780 512 1522     +117742    +48         -15    -21   20  23  103  +12   44  +20   44   20  15  0  0 L3P DD
G32 FF 61043 202600  780 265 1196    +1790914   -220          -9    -53   25   1  181  -36   64  +30   64   30  19  0  0 L3P 09
G01 FF 61043 204200  780 289 2684    -3470990    +84           8    +53   36  46  167  -35   36  -65   36  -65  25  0  0 L3P 2D
G02 FF 61043 204200  780 622 2812      -88195    -73         -21    +10   22   6   91   -6   42  -12   42  -12  14  0  0 L3P B7
G08 FF 61043 204200  780 700 1981    -5081732    +35          -9     -5   16  66   86   +3   40  +10   40   10  10  0  0 L3P C0
G10 FF 61043 204200  780 518  610    +5797091    +23         -20     -8   19  61  103   +9   37  +13   37   13  14  0  0 L3P D7
G14 FF 61043 204200  780 159 3224    -7264560    -30          17     -5   30  57  293  -64   20   -2   20   -2  21  0  0 L3P D4
G23 FF 61043 204200  780 132  484    -5946700    -43         -33     +8   54  96  349 +166   34   -9   34   -9  45  0  0 L3P 0B
G27 FF 61043 204200  780 435 1535     +117806    +50         -17    -19   23  23  117  +17   52  +23   52   23  17  0  0 L3P F9
G32 FF 61043 204200  780 318 1138    +1790750   -160         -13     +7   20   1  153  -23   55   -8   55   -8  15  0  0 L3P E6
G01 FF 61043 205800  780 353 2723    -3470970    +31          -1     +0   27  46  140  -23   35  -11   35  -11  19  0  0 L3P ED
G02 FF 61043 205800  780 691 2864      -88260    -68          -6    +15   14   6   87   -4   36   -7   36   -7  11  0  0 L3P AF
G08 FF 61043 205800  780 634 1873    -5081698    +60         -14    +20   18  66   90   +6   45   +1   45    1  13  0  0 L3P DA
G10 FF 61043 205800  780 453  575    +5797113     -5         -28    -36   13  61  113  +14   47  +35   47   35  10  0  0 L3P F9
G14 FF 61043 205800  780 189 3167    -7264574    -68          27    -43   32  57  248  -33   18  +38   18   38  25  0  0 L3P 3A
G22 FF 61043 205800  780 114 3301     +627547    -46          -4     -5   45  44  403 -143   26   +4   26    4  31  0  0 L3P C7
G27 FF 61043 205800  780 360 1549     +117876    +69         -14     +0   20  23  137  +25   57  +12   57   12  15  0  0 L3P F6
G32 FF 61043 205800  780 364 1068    +1790580   -139         -22    +28   12   1  136  -14   56  -24   56  -24   9  0  0 L3P 1D
G01 FF 61043 211400  780 418 2761    -3470953    +17         -13    -13   26  46  121  -16   35   -3   35   -3  22  0  0 L3P F4
G02 FF 61043 211400  780 761 2926      -88340   -106          -7    -23   14   6   83   -3   37  +16   37   16  11  0  0 L3P BD
G03 FF 61043 211400  780 114 2242    -6078275    +74          13    -24   31  85  406 -233   64  +25   64   25  25  0  0 L3P 1B
G08 FF 61043 211400  780 561 1819    -5081652    +31          -6     -9   20  66   97   +9   46  +13   46   13  16  0  0 L3P DE
G10 FF 61043 211400  780 385  560    +5797156     +9         -17    -23   21  61  129  +20   40  +12   40   12  17  0  0 L3P E5
G14 FF 61043 211400  780 209 3103    -7264624    -13           1    +12   36  57  225  -16   37   +2   37    2  27  0  0 L3P C8
G22 FF 61043 211400  780 151 3252     +627503    -31         -10    +10   28  44  308  -67   30   -3   30   -3  22  0  0 L3P CC
G27 FF 61043 211400  780 287 1563     +117930    +22         -27    -48   27  23  167  +39   77  +51   77   51  18  0  0 L3P 1D
G32 FF 61043 211400  780 400  986    +1790436   -152          -6    +15   17   1  126   -8   43  -14   43  -14  14  0  0 L3P E7
G01 FF 61043 213000  780 486 2799    -3470921    -19         -11    -50   23  46  108  -12   27  +32   27   32  16  0  0 L3P 18
G02 FF 61043 213000  780 830 3030      -88412    -62           0    +21   15   6   81   -1   32  -20   32  -20  10  0  0 L3P 7B
G03 FF 61043 213000  780 181 2271    -6078188    +16           6    -81   37  85  260  -96   62  +57   62   57  29  0  0 L3P 18
G08 FF 61043 213000  780 486 1790    -5081625    +55         -18    +15   22  66  108  +13   63   -4   63   -4  18  0  0 L3P 09
G10 FF 61043 213000  780 318  558    +5797188    +88         -15    +56   23  61  153  +30   38  -36   38  -36  17  0  0 L3P 2D
G14 FF 61043 213000  780 218 3033    -7264638    -40          11    -15   36  57  216   -3   31  +20   31   20  27  0  0 L3P E3
G22 FF 61043 213000  780 179 3196     +627480     -9           7    +32   34  44  261  -34   16  -25   16  -25  29  0  0 L3P ED
G27 FF 61043 213000  780 216 1576     +118025   +102           2    +32   22  23  218  +68   63  -17   63  -17  17  0  0 L3P F7
G32 FF 61043 213000  780 423  893    +1790268   -150         -14    +18   25   1  120   -4   45  -28   45  -28  18  0  0 L3P 01
G01 FF 61043 214600  780 555 2835    -3470888    +32          -8     +1   16  46   98   -9   29   -7   29   -7  11  0  0 L3P DA
G02 FF 61043 214600  780 884  369      -88485    -78           7     +5   13   6   81   +0   24   -5   24   -5   9  0  0 L3P 6C
G03 FF 61043 214600  780 249 2304    -6078100    +45           0    -52   31  85  192  -51   65  +28   65   28  23  0  0 L3P FC
G08 FF 61043 214600  780 410 1775    -5081572    +51          -3    +11   26  66  123  +19   61   +7   61    7  20  0  0 L3P DC
G10 FF 61043 214600  780 252  567    +5797201    +44         -33    +13   35  61  189  +47   51   +4   51    4  27  0  0 L3P E6
G14 FF 61043 214600  780 214 2962    -7264652    +14          21    +39   42  57  219   +9   22  -27   22  -27  30  0  0 L3P 0B
G17 FF 61043 214600  780 102 3170     +214850   +111         -38     -8   28  34  452 -265   40  +20   40   20  20  0  0 L3P FB
G22 FF 61043 214600  780 197 3134     +627423    -47         -11     -6   30  44  237  -15   30   -2   30   -2  24  0  0 L3P CD
G27 FF 61043 214600  780 148 1587     +118079   +112         -11    +43   39  23  313 +141   87  -16   87  -16  30  0  0 L3P 3E
G32 FF 61043 214600  780 429  796    +1790092   -215         -29    -48   29   1  119   +0   46  +17   46   17  21  0  0 L3P 07
G01 FF 61043 220200  780 626 2868    -3470862    +69         -14    +38   20  47   91   -6   25  -38   25  -38  14  0  0 L3P 16
G02 FF 61043 220200  780 823 1067      -88562    -75           9     +8   19  21   82   +1   21   +1   21    1  12  0  0 L3P 6A
G03 FF 61043 220200  780 318 2340    -6078020    +53         -13    -45   31  86  154  -31   65  +20   65   20  22  0  0 L3P 01
G08 FF 61043 220200  780 336 1767    -5081556    +61         -32    +21   26   5  146  +29   89   +1   89    1  22  0  0 L3P EC
G10 FF 61043 220200  780 187  583    +5797265    +81          -1    +49   32  66  250  +84   19  -47   19  -47  26  0  0 L3P 1F
G14 FF 61043 220200  780 200 2891    -7264690    +20           8    +45   36  58  234  +23   36  -21   36  -21  27  0  0 L3P 02
G17 FF 61043 220200  780 162 3162     +215006    +94           6    -25   28  35  288 -106   17   +2   17    2  21  0  0 L3P C7
G22 FF 61043 220200  780 204 3067     +627388    -59         -10    -18   35  56  229   -2   31   +9   31    9  26  0  0 L3P D7
G32 FF 61043 220200  780 418  702    +1789937   -156         -20    +11   24   5  121   +5   41   +1   41    1  16  0  0 L3P B9
G01 FF 61043 221800  780 699 2895    -3470837    +22         -18     -9   15  47   86   -4   29   -1   29   -1  10  0  0 L3P E8
G02 FF 61043 221800  780 752 1160      -88634   -137          16    -54   18  21   84   +3   21  +36   21   36  12  0  0 L3P CF
G03 FF 61043 221800  780 388 2381    -6077932   +111         -18    +13   27  86  129  -21   60  -23   60  -23  20  0  0 L3P 37
G08 FF 61043 221800  780 263 1762    -5081510    +50         -25    +10   29   5  181  +47   96   +5   96    5  24  0  0 L3P E9
G10 FF 61043 221800  780 124  604    +5797289    +42          -8    +10   54  66  370 +182   25  -21   25  -21  42  0  0 L3P 13
G14 FF 61043 221800  780 175 2824    -7264745    -49         -22    -24   43  58  266  +44   57  +33   57   33  31  0  0 L3P 34
G17 FF 61043 221800  780 221 3144     +215075   +139         -40    +20   30  35  214  -55   48  -12   48  -12  23  0  0 L3P 10
G22 FF 61043 221800  780 200 2998     +627357    -27          -1    +14   41  56  234  +11   21   +4   21    4  31  0  0 L3P BE
G32 FF 61043 221800  780 391  618    +1789776   -182         -22    -15   25   5  128   +9   44  +10   44   10  20  0  0 L3P FB
G01 FF 61043 223400  780 773 2907    -3470809    +32         -20     +1   13  47   83   -3   30   -8   30   -8   8  0  0 L3P B7
G02 FF 61043 223400  780 680 1216      -88720    -45          10    +38   15  21   87   +5   27  -35   27  -35  10  0  0 L3P CC
G03 FF 61043 223400  780 460 2426    -6077828    +71          -9    -26   18  86  112  -14   41  +15   41   15  17  0  0 L3P 0C
G08 FF 61043 223400  780 193 1758    -5081440   +142           7   +102   40   5  243  +85   75  -90   75  -90  32  0  0 L3P 21
G14 FF 61043 223400  780 141 2761    -7264741    +39           5    +64   31  58  326  +84   46  -56   46  -56  24  0  0 L3P 1F
G17 FF 61043 223400  780 278 3114     +215213   +208         -17    +89   25  35  173  -32   27  -57   27  -57  20  0  0 L3P 2D
G22 FF 61043 223400  780 185 2931     +627301    -59         -18    -18   24  56  252  +27   37  +19   37   19  19  0  0 L3P 1B
G32 FF 61043 223400  780 352  550    +1789632   -224          -5    -57   29   5  140  +16   30  +40   30   40  22  0  0 L3P E6
G01 FF 61043 225000  780 847 2841    -3470785    +62         -25    +32   10  47   81   -1   32  -23   32  -23   8  0  0 L3P EA
G02 FF 61043 225000  780 608 1260      -88811    -60          -1    +23   19  21   92   +7   34   -7   34   -7  12  0  0 L3P 9C
G03 FF 61043 225000  780 532 2476    -6077733    +79          -8    -19   24  86  101  -10   35   +5   35    5  17  0  0 L3P EE
G04 FF 61043 225000  780 107 1892     -358998    -70          30    -45   43  90  433 -276   61  +28   61   28  31  0  0 L3P 23
G08 FF 61043 225000  780 125 1753    -5081422    +96         -13    +56   24   5  368 +193   95  -83   95  -83  19  0  0 L3P 46
G14 FF 61043 225000  780 101 2703    -7264786    -10         -15    +15   50  58  446 +180   66   -3   66   -3  40  0  0 L3P 12
G17 FF 61043 225000  780 330 3072     +215333    +97         -12    -22   25  35  148  -20   20  +22   20   22  18  0  0 L3P E5
G19 FF 61043 225000  780 133 3206    -6838360    +37          31    +55   34  20  348 -152    6  -47    6  -47  23  0  0 L3P 0F
G22 FF 61043 225000  780 160 2867     +627277    +70          -3   +111   44  56  290  +52   34  -72   34  -72  33  0  0 L3P 14
G32 FF 61043 225000  780 304  498    +1789465   -176         -12     -9   35   5  159  +25   33  +16   33   16  24  0  0 L3P 06
G01 FF 61043 230600  780 869 1557    -3470738    +49          -7    +18   14  47   81   +1   19  -16   19  -16   9  0  0 L3P FB
G02 FF 61043 230600  780 536 1299      -88912    -66         -22    +17   21  21  100  +10   50   -9   50   -9  16  0  0 L3P D5
G03 FF 61043 230600  780 605 2536    -6077644    +89         -12     -9   18  86   93   -7   35   +1   35    1  14  0  0 L3P D2
G04 FF 61043 230600  780 177 1893     -359059    +10          -7    +35   43  90  266 -107   87  -22   87  -22  31  0  0 L3P 28
G17 FF 61043 230600  780 374 3013     +215440   +124         -19     +5   23  35  133  -13   32   -9   32   -9  17  0  0 L3P DE
G19 FF 61043 230600  780 190 3181    -6838383    +44          25    +62   28  20  247  -72    7  -28    7  -28  21  0  0 L3P 0A
G22 FF 61043 230600  780 126 2808     +627226   -161         -15   -120   64  56  361 +102   45  +97   45   97  47  0  0 L3P 4A
G28 FF 61043 230600  780 174  867    +6158967     +6          10    +54   26 167  268  -59   34  -51   34  -51  21  0  0 L3P 28
G32 FF 61043 230600  780 249  461    +1789310   -171          -6     -4   23   5  191  +42   26   +4   26    4  19  0  0 L3P BE
G01 FF 61043 232200  780 794 1374    -3470723    +80         -22    +49   14  47   82   +2   29  -44   29  -44   9  0  0 L3P FF
G02 FF 61043 232200  780 464 1335      -88998   -111         -30    -28   23  21  111  +14   63  +31   63   31  18  0  0 L3P FB
G03 FF 61043 232200  780 677 2611    -6077549    +79         -12    -18   21  86   87   -5   29  +15   29   15  16  0  0 L3P 13
G04 FF 61043 232200  780 249 1895     -359057   -114          19    -89   27  90  192  -55   62  +40   62   40  19  0  0 L3P 29
G17 FF 61043 232200  780 408 2939     +215559    +64         -14    -56   24  35  124   -7   25  +50   25   50  18  0  0 L3P FD
G19 FF 61043 232200  780 244 3145    -6838429    -30          -3    -12   32  20  195  -40   26  +12   26   12  27  0  0 L3P FF
G28 FF 61043 232200  780 209  802    +6158909    -77          -3    -30   29 167  225  -32   31  +17   31   17  23  0  0 L3P 0F
G31 FF 61043 232200  780 124 1117    +1745376    +15         -17    +35   59  20  373 -157   80  -32   80  -32  43  0  0 L3P 34
G32 FF 61043 232200  780 191  436    +1789166   -104          11    +63   35   5  245  +75    2  -59    2  -59  31  0  0 L3P EB
G01 FF 61043 233800  780 716 1371    -3470695    +32         -24     +2   16  47   85   +4   35   +2   35    2  10  0  0 L3P B7
G02 FF 61043 233800  780 393 1367      -89054   -146          -6    -63   30  21  127  +20   57  +57   57   57  22  0  0 L3P 05
G03 FF 61043 233800  780 748 2722    -6077461    +91         -17     -7   13  86   84   -3   30   +8   30    8   9  0  0 L3P C4
G04 FF 61043 233800  780 324 1897     -359104    -52          -4    -27   29  90  151  -33   67  +13   67   13  22  0  0 L3P 02
G17 FF 61043 233800  780 428 2851     +215662   +175         -26    +55   26  35  119   -3   34  -46   34  -46  22  0  0 L3P 23
G19 FF 61043 233800  780 292 3095    -6838426     -7          18    +11   22  20  165  -24   17   -3   17   -3  18  0  0 L3P F1
G28 FF 61043 233800  780 234  732    +6158852    -33         -13    +15   41 167  202  -17   33  -13   33  -13  33  0  0 L3P 21
G31 FF 61043 233800  780 175 1064    +1745368    -80          -6    -60   37  20  268  -75   66  +34   66   34  30  0  0 L3P 1C
G32 FF 61043 233800  780 130  422    +1788988   -139          -7    +28   37   5  352 +161   21  -15   21  -15  36  0  0 L3P 20
G01 FF 61043 235400  780 638 1388    -3470653    +18         -11    -13   16  47   90   +6   28  +11   28   11  10  0  0 L3P F0
G02 FF 61043 235400  780 323 1396      -89142    -82         -14     +1   28  21  150  +30   73   +5   73    5  23  0  0 L3P B3
G03 FF 61043 235400  780 813 2947    -6077371    +81         -21    -16   13  86   82   -1   35  +16   35   16   8  0  0 L3P F1
G04 FF 61043 235400  780 400 1898     -359150    -14         -27    +11   24  90  126  -21   68  -35   68  -35  18  0  0 L3P 1F
G06 FF 61043 235400  780 107 3052    +5984441    +12         -35    -33   28 161  431 -250   24  +14   24   14  22  0  0 L3P 2C
G09 FF 61043 235400  780 109 2082    -7696775    -96           1    -88   49  86  427 -263   84  +58   84   58  40  0  0 L3P 53
G17 FF 61043 235400  780 432 2755     +215775   +151         -28    +31   26  35  118   +1   32  -36   32  -36  19  0  0 L3P 15
G19 FF 61043 235400  780 331 3031    -6838455   -105           6    -87   30  20  148  -14   18  +60   18   60  24  0  0 L3P 11
G28 FF 61043 235400  780 249  658    +6158801    -18         -19    +30   32 167  191   -6   32  -26   32  -26  24  0  0 L3P 27
G31 FF 61043 235400  780 222 1005    +1745338    -19         -15     +1   30  20  213  -42   61   +5   61    5  25  0  0 L3P C5
