CGGTTS     GENERIC DATA FORMAT VERSION = 2E
REV DATE = 2026-01-01                    
RCVR = POLARX5-TR                    R2CGGTTS v8.8    
CH = 99 
IMS = POLARX5-TR                    
LAB = PTB                           
X = +3844059.67 m 
Y =  +709661.67 m 
Z = +5023129.80 m 
FRAME = ITRF
COMMENTS =           IGS RINEX,AUSPOS XYZ          
INT DLY =   31.0 ns (GPS P1),   28.5 ns (GPS P2)     CAL_ID = 1001-2022           
CAB DLY =  205.7 ns 
REF DLY =   56.2 ns
REF = UTC(PTB)                      
CKSUM = 5E

SAT CL  MJD  STTIME TRKL ELV AZTH   REFSV      SRSV     REFSYS    SRSYS  DSG IOE MDTR SMDT MDIO SMDI MSIO SMSI ISG FR HC FRC CK
             hhmmss  s  .1dg .1dg    .1ns     .1ps/s     .1ns    .1ps/s .1ns     .1ns.1ps/s.1ns.1ps/s.1ns.1ps/s.1ns
G01 FF 61060 001000  780 252 1498    -3422246   +110         -18    +71   34  12  189  +52   62  -22   62  -22  25  0  0 L3P 20
G03 FF 61060 001000  780 589  863    -5938455   +143         -25    +39   22   7   94   +7   94  -46   94  -46  17  0  0 L3P 15
G04 FF 61060 001000  780 776 1620     -392254    -49         -20    -26   16  59   83   -2   68  +21   68   21  11  0  0 L3P E2
G06 FF 61060 001000  780 444 3025    +6040551     -6          11    -41   36   1  115  -14  103  +27  103   27  30  0  0 L3P DD
G09 FF 61060 001000  780 483 2185    -7704033    -12         -16    -10   24   0  108  -13   35   -2   35   -2  20  0  0 L3P CE
G17 FF 61060 001000  780 240 2362     +377480   +134          32    +19   37  82  198  +45   37   +1   37    1  31  0  0 L3P DE
G19 FF 61060 001000  780 314 2599    -6863660    -19          -4     +0   31  21  154  +18   72  -46   72  -46  26  0  0 L3P 0A
G28 FF 61060 001000  780 141  339    +6088416    -24         -48    +31   53 132  327 +105  319  -50  319  -50  43  0  0 L3P 55
G31 FF 61060 001000  780 311  613    +1716903     +8         -10    +28   26  20  156   +8  156   -8  156   -8  16  0  0 L3P E0
G01 FF 61060 002600  780 181 1515    -3422210    +27         -20    -12   39  12  258  +97   88  +37   88   37  31  0  0 L3P 17
G03 FF 61060 002600  780 520  923    -5938336    +56          -5    -48   16   7  102  +10   81  +29   81   29  12  0  0 L3P E4
G04 FF 61060 002600  780 804 1229     -392285     +6         -28    +29   22  59   82   +0   80  -21   80  -21  14  0  0 L3P D8
G06 FF 61060 002600  780 505 2971    +6040571    +28          -4     -7   20   1  105   -9  105   -8  105   -8  14  0  0 L3P CF
G09 FF 61060 002600  780 560 2212    -7704036     +4         -17     +6   23   0   98   -9   39   +8   39    8  18  0  0 L3P A6
G11 FF 61060 002600  780 102 3160    +4682401   -121           7    +12   32 106  454 -273  171  -59  171  -59  21  0  0 L3P 4C
G17 FF 61060 002600  780 181 2317     +377586   +142          28    +27   35  82  257  +81   43  -24   43  -24  29  0  0 L3P 27
G19 FF 61060 002600  780 271 2528    -6863674    -45          -1    -27   44  21  176  +29   43   +4   43    4  32  0  0 L3P EF
G31 FF 61060 002600  780 287  538    +1716881    -21         -12     -1   27  20  168  +17  161  -13  161  -13  19  0  0 L3P 1D
G01 FF 61060 004200  780 112 1529    -3422150   +200           2   +160   64  12  407 +239   79 -118   79 -118  41  0  0 L3P 4D
G03 FF 61060 004200  780 452  978    -5938244   +124         -13    +21   25   7  114  +14   76  -33   76  -33  18  0  0 L3P 18
G04 FF 61060 004200  780 770  868     -392300    -37         -22    -15   21  59   83   +2   86  +23   86   23  15  0  0 L3P D5
G06 FF 61060 004200  780 556 2886    +6040598    +46         -11    +11   19   1   98   -5  100  -21  100  -21  15  0  0 L3P 04
G09 FF 61060 004200  780 638 2239    -7704037    +29         -16    +31   19   0   90   -6   52   -3   52   -3  12  0  0 L3P C7
G11 FF 61060 004200  780 163 3154    +4682256   -216         -10    -83   35 106  287 -108  159   -6  159   -6  25  0  0 L3P 66
G17 FF 61060 004200  780 123 2277     +377697    +96          29    -18   51  82  373 +175   41  +20   41   20  42  0  0 L3P 15
G19 FF 61060 004200  780 220 2467    -6863715     +9         -25    +27   37  21  214  +50   68  -10   68  -10  30  0  0 L3P 11
G31 FF 61060 004200  780 251  474    +1716852    +34         -22    +54   38  20  189  +30  167  -50  167  -50  28  0  0 L3P 36
G03 FF 61060 005800  780 385 1027    -5938143   +133         -10    +30   22   7  129  +19   58  -30   58  -30  18  0  0 L3P 23
G04 FF 61060 005800  780 707  721     -392317     +6         -17    +29   21  59   86   +4   83  -33   83  -33  13  0  0 L3P D7
G06 FF 61060 005800  780 591 2764    +6040643    +72           1    +37   17   1   94   -3   75  -54   75  -54  12  0  0 L3P DC
G07 FF 61060 005800  780 134 1779    +1376078    +60          13     +9   37  14  347 -176   76   -7   76   -7  27  0  0 L3P 19
G09 FF 61060 005800  780 716 2264    -7704037    +19         -14    +22   17   0   85   -4   61  -13   61  -13  15  0  0 L3P EB
G11 FF 61060 005800  780 224 3138    +4682134   -249          -5   -116   37 106  212  -56  132  +68  132   68  23  0  0 L3P 64
G19 FF 61060 005800  780 166 2414    -6863693    -30          15    -12   37  21  280  +92   45  +30   45   30  30  0  0 L3P 0C
G26 FF 61060 005800  780 100  605    +3140165   +141          14    +81  102  47  454 -102  185   +0  185    0  80  0  0 L3P 12
G31 FF 61060 005800  780 206  422    +1716844    -33         -10    -13   37  20  228  +52  164  +27  164   27  31  0  0 L3P 1C
G03 FF 61060 011400  780 320 1073    -5938049    +83         -16    -20   27   7  152  +29   49  +13   49   13  22  0  0 L3P 02
G04 FF 61060 011400  780 635  669     -392338    +39         -16    +62   27  59   90   +6   79  -46   79  -46  17  0  0 L3P 09
G06 FF 61060 011400  780 604 2614    +6040673    +51          -4    +16   25   1   93   +0   58  -40   58  -40  18  0  0 L3P CE
G07 FF 61060 011400  780 204 1769    +1376146   +112          32    +61   43  14  232  -79   50  -75   50  -75  36  0  0 L3P 2A
G09 FF 61060 011400  780 795 2281    -7704019    +32           6    +34   20   0   82   -2   45  -23   45  -23  14  0  0 L3P C6
G11 FF 61060 011400  780 283 3110    +4681987   -131         -24     +2   22 106  170  -33  125  -12  125  -12  16  0  0 L3P 3D
G26 FF 61060 011400  780 118  540    +3140212    +35           4    -25   52  47  387  -44  198   +4  198    4  39  0  0 L3P EE
G31 FF 61060 011400  780 155  382    +1716818    +45         -16    +66   33  20  299 +102  167  -68  167  -68  28  0  0 L3P 60
G03 FF 61060 013000  780 255 1116    -5937933    +75           0    -28   27   7  187  +45   45  +33   45   33  22  0  0 L3P ED
G04 FF 61060 013000  780 563  658     -392351    -20          -7     +3   23  59   97   +8   71  -12   71  -12  17  0  0 L3P BA
G06 FF 61060 013000  780 589 2463    +6040705     +9          -5    -26   20   1   94   +3   42   +7   42    7  15  0  0 L3P 92
G07 FF 61060 013000  780 275 1758    +1376179    +35          15    -16   28  14  175  -44   49  -15   49  -15  21  0  0 L3P 2A
G09 FF 61060 013000  780 872 2200    -7704031     +5          -3     +7   10   0   81   -1   55   -9   55   -9   8  0  0 L3P 75
G11 FF 61060 013000  780 338 3069    +4681898   -123          15    +10   26 106  145  -20   86  -44   86  -44  19  0  0 L3P 48
G21 FF 61060 013000  780 140 2917    -3837611   -125         -38    -50   54  35  333 -145  141   +3  141    3  43  0  0 L3P 2B
G26 FF 61060 013000  780 126  474    +3140259   +127          -7    +67   44  47  361  -10  176  -77  176  -77  33  0  0 L3P 49
G03 FF 61060 014600  780 191 1157    -5937820   +145          14    +41   32   7  244  +79   48  -30   48  -30  25  0  0 L3P 1E
G04 FF 61060 014600  780 492  665     -392374    -42          -8    -19   24  59  107  +12   69  +11   69   11  17  0  0 L3P F4
G06 FF 61060 014600  780 551 2337    +6040717    +13         -27    -23   24   1   98   +6   45   +1   45    1  18  0  0 L3P B5
G07 FF 61060 014600  780 348 1746    +1376193    +41         -19    -10   24  14  142  -27   66   -4   66   -4  17  0  0 L3P 09
G09 FF 61060 014600  780 849  681    -7704024    +35           6    +37   13   0   81   +1   45  -39   45  -39   9  0  0 L3P BF
G11 FF 61060 014600  780 387 3010    +4681761   -131           5     +2   25 106  129  -13   69  -13   69  -13  22  0  0 L3P 10
G21 FF 61060 014600  780 202 2942    -3837645     -7           1    +68   41  35  234  -72   83  -58   83  -58  31  0  0 L3P 0A
G26 FF 61060 014600  780 124  408    +3140333    +30           9    -30   43  47  367  +21  133  +37  133   37  31  0  0 L3P F8
G03 FF 61060 020200  780 129 1194    -5937731   +128           4    +25   48   7  356 +167   63   -3   63   -3  42  0  0 L3P FE
G04 FF 61060 020200  780 422  683     -392386    -49           1    -27   27  60  120  +16   65  +39   65   39  20  0  0 L3P DB
G06 FF 61060 020200  780 496 2243    +6040760    +23         -16    -13   27   5  106  +10   36   +6   36    6  19  0  0 L3P D1
G07 FF 61060 020200  780 422 1728    +1376266    +46           0     -5   31  33  120  -18   39   -4   39   -4  24  0  0 L3P C7
G09 FF 61060 020200  780 773  667    -7704036    -32          -6    -29   21   1   83   +3   47  +28   47   28  15  0  0 L3P CC
G11 FF 61060 020200  780 424 2933    +4681640   -113           9    +20   31 107  120   -7   57  -32   57  -32  22  0  0 L3P 02
G16 FF 61060 020200  780 143  680    -1913368    -87          -8    -11   49  23  322  -60  110  +31  110   31  38  0  0 L3P 09
G21 FF 61060 020200  780 266 2962    -3837717    -85           1    -10   30  36  181  -43   77  -22   77  -22  23  0  0 L3P 0D
G26 FF 61060 020200  780 112  346    +3140374    +84          -2    +24   42  55  405  +62  125  -46  125  -46  31  0  0 L3P 11
G30 FF 61060 020200  780 166 1937     -934523   -121           1     +3   52  50  283 -117   64  -15   64  -15  44  0  0 L3P FE
G04 FF 61060 021800  780 354  707     -392414    -58          -5    -36   20  60  139  +23   74  +29   74   29  16  0  0 L3P F0
G06 FF 61060 021800  780 432 2175    +6040788    +10         -21    -25   21   5  118  +15   41  +25   41   25  15  0  0 L3P EF
G07 FF 61060 021800  780 495 1701    +1376305    +44         -10     -7   21  33  106  -12   35   -1   35   -1  16  0  0 L3P D7
G09 FF 61060 021800  780 698  694    -7704038     +6          -6     +8   14   1   86   +4   49   -6   49   -6  11  0  0 L3P A2
G11 FF 61060 021800  780 447 2840    +4681496   -120          -7    +13   24 107  115   -3   55  -32   55  -32  18  0  0 L3P 22
G16 FF 61060 021800  780 165  611    -1913434    -37           0    +39   36  23  281  -28  110  -24  110  -24  29  0  0 L3P 0D
G21 FF 61060 021800  780 332 2976    -3837808    -43         -19    +32   30  36  148  -27   72  -37   72  -37  24  0  0 L3P 3E
G30 FF 61060 021800  780 236 1940     -934666   -124         -23     +0   41  50  202  -59   71  -10   71  -10  31  0  0 L3P FE
G04 FF 61060 023400  780 289  736     -392438    -83          -7    -60   34  60  167  +35   81  +45   81   45  25  0  0 L3P FB
G05 FF 61060 023400  780 111 3050    +2275679    +52          16    +45   35  32  415 -234   68  -50   68  -50  25  0  0 L3P 29
G06 FF 61060 023400  780 364 2127    +6040848    +56           5    +21   25   5  136  +23   34   +2   34    2  19  0  0 L3P B5
G07 FF 61060 023400  780 567 1658    +1376352    +53         -12     +2   26  33   97   -8   34   -3   34   -3  18  0  0 L3P D4
G09 FF 61060 023400  780 625  728    -7704053    +90         -19    +92   17   1   91   +6   62  -68   62  -68  13  0  0 L3P F4
G11 FF 61060 023400  780 453 2736    +4681357   -119         -18    +14   23 107  114   +1   54  -18   54  -18  16  0  0 L3P 36
G16 FF 61060 023400  780 176  540    -1913489    -70          18     +6   40  23  264   -8   85  -15   85  -15  27  0  0 L3P F6
G21 FF 61060 023400  780 400 2982    -3837871   -103          -9    -28   18  36  126  -19   54   +8   54    8  14  0  0 L3P 07
G30 FF 61060 023400  780 309 1943     -934794   -111         -33    +13   25  50  158  -35   73  -23   73  -23  19  0  0 L3P 2B
G04 FF 61060 025000  780 225  767     -392460    +18          -7    +41   28  60  210  +56   81  -25   81  -25  20  0  0 L3P E8
G05 FF 61060 025000  780 176 3063    +2275686     +4          15     -3   41  32  267  -99   67  -22   67  -22  28  0  0 L3P 06
G06 FF 61060 025000  780 294 2090    +6040873    +20          -4    -15   40   5  164  +37   58  +22   58   22  29  0  0 L3P EE
G07 FF 61060 025000  780 633 1583    +1376410    +84          -3    +33   20  33   91   -5   29  -23   29  -23  15  0  0 L3P E6
G09 FF 61060 025000  780 553  765    -7704033     -1           3     +2   17   1   98   +9   46   +4   46    4  12  0  0 L3P 68
G11 FF 61060 025000  780 440 2633    +4681240    -83          -8    +50   22 107  116   +5   39  -52   39  -52  18  0  0 L3P 0B
G16 FF 61060 025000  780 175  468    -1913585    -75          -5     +1   41  23  265  +10   96   -6   96   -6  31  0  0 L3P DA
G21 FF 61060 025000  780 469 2976    -3837953    -57         -20    +18   23  36  111  -13   58  -24   58  -24  17  0  0 L3P 3C
G30 FF 61060 025000  780 383 1946     -934888    -81          -8    +43   29  50  131  -23   42  -49   42  -49  24  0  0 L3P 19
G04 FF 61060 030600  780 164  801     -392498    +63         -24    +86   40  60  283 +103   96  -81   96  -81  31  0  0 L3P 23
G05 FF 61060 030600  780 242 3069    +2275680    -55           3    -61   43  32  197  -53   62  +41   62   41  29  0  0 L3P FF
G06 FF 61060 030600  780 224 2061    +6040919    +38           9     +2   33   5  211  +64   59   +2   59    2  25  0  0 L3P A8
G07 FF 61060 030600  780 688 1456    +1376463    +33           0    -19   20  33   87   -3   28  +29   28   29  14  0  0 L3P E6
G09 FF 61060 030600  780 484  804    -7704034     -7           4     -5   17   1  108  +12   49  +13   49   13  12  0  0 L3P AC
G11 FF 61060 030600  780 410 2539    +4681125   -143           4    -10   26 107  123   +9   21  -11   21  -11  20  0  0 L3P EE
G16 FF 61060 030600  780 162  400    -1913643     +0          10    +76   45  23  285  +32   82  -58   82  -58  33  0  0 L3P F2
G21 FF 61060 030600  780 538 2951    -3838021    -97         -16    -22   25  36  100   -9   46   +8   46    8  18  0  0 L3P F2
G30 FF 61060 030600  780 458 1946     -935008   -124          -9     +0   32  50  113  -15   33  -16   33  -16  26  0  0 L3P F8
G04 FF 61060 032200  780 104  837     -392497    -66          -1    -44   38  60  437 +239   73  +31   73   31  29  0  0 L3P 05
G05 FF 61060 032200  780 309 3066    +2275677    +50          -7    +43   34  32  157  -32   63  -44   63  -44  25  0  0 L3P 18
G06 FF 61060 032200  780 155 2037    +6040936     +8          -9    -27   45   5  299 +129   72  +18   72   18  38  0  0 L3P 0B
G07 FF 61060 032200  780 720 1257    +1376512     -8           0    -60   21  33   85   -1   38  +48   38   48  14  0  0 L3P C2
G09 FF 61060 032200  780 416  843    -7704047     +8          -6    +10   21   1  121  +16   65   +1   65    1  17  0  0 L3P 99
G11 FF 61060 032200  780 368 2458    +4680981    -98         -11    +35   31 107  135  +15   32  -21   32  -21  22  0  0 L3P 2E
G16 FF 61060 032200  780 138  338    -1913744   -141         -18    -65   35  23  332  +69   99  +27   99   27  24  0  0 L3P 37
G21 FF 61060 032200  780 603 2897    -3838117   -124         -40    -49   16  36   93   -6   63  +33   63   33  11  0  0 L3P 10
G30 FF 61060 032200  780 535 1941     -935135   -134         -16    -10   21  50  101  -10   34   +9   34    9  17  0  0 L3P DD
G05 FF 61060 033800  780 376 3050    +2275683    +29          -7    +22   22  32  132  -21   55  -17   55  -17  17  0  0 L3P 13
G07 FF 61060 033800  780 718 1023    +1376564    +86           3    +35   15  33   85   +1   46  -16   46  -16  10  0  0 L3P E5
G09 FF 61060 033800  780 350  883    -7704043     -1          -1     +1   21   1  140  +23   71   +4   71    4  17  0  0 L3P 82
G11 FF 61060 033800  780 316 2391    +4680867   -134           2     -1   36 107  154  +25   24   +7   24    7  28  0  0 L3P EA
G13 FF 61060 033800  780 154 2651    -6891910     +2         -25     -8   44  94  304 -120   29  +20   29   20  35  0  0 L3P 06
G16 FF 61060 033800  780 104  282    -1913780    -84          20     -8   40  23  433 +152   66   -7   66   -7  31  0  0 L3P E8
G21 FF 61060 033800  780 660 2793    -3838186    -42         -37    +33   20  36   88   -4   59  -16   59  -16  14  0  0 L3P 22
G30 FF 61060 033800  780 611 1923     -935247    -75          -9    +49   20  50   92   -7   28  -38   28  -38  15  0  0 L3P F8
G05 FF 61060 035400  780 442 3018    +2275707    -30          10    -37   26  32  116  -14   42  +32   42   32  22  0  0 L3P F2
G07 FF 61060 035400  780 683  840    +1376628    +59          18     +8   19  33   87   +3   40   -3   40   -3  13  0  0 L3P B8
G09 FF 61060 035400  780 286  923    -7704042     +2           3     +4   31   1  168  +35   78   +0   78    0  24  0  0 L3P 8B
G11 FF 61060 035400  780 259 2336    +4680737    -83           0    +50   39 107  184  +40   38  -25   38  -25  28  0  0 L3P 28
G13 FF 61060 035400  780 215 2690    -6891889    -42         -14    -53   36  94  220  -63   43  +61   43   61  29  0  0 L3P 31
G21 FF 61060 035400  780 698 2619    -3838248    -84         -27     -9   17  36   86   -1   51  +12   51   12  12  0  0 L3P F9
G30 FF 61060 035400  780 685 1877     -935365    -70          -8    +54   22  50   87   -5   32  -22   32  -22  16  0  0 L3P ED
G05 FF 61060 041000  780 503 2961    +2275700    +22          -3    +15   20  32  105   -9   52  -17   52  -17  14  0  0 L3P E4
G07 FF 61060 041000  780 630  732    +1376681    +82          22    +31   22  33   91   +5   38  -16   38  -16  14  0  0 L3P D9
G09 FF 61060 041000  780 223  962    -7704041    +17           6    +19   25   1  211  +57   69  -44   69  -44  20  0  0 L3P E3
G11 FF 61060 041000  780 198 2290    +4680621    +44           8   +177   38 108  236  +71   38 -117   38 -117  27  0  0 L3P 5C
G13 FF 61060 041000  780 279 2730    -6891895     +6         -31     -4   32 114  173  -38   59  +13   59   13  25  0  0 L3P 17
G14 FF 61060 041000  780 153 1604    -7298694    -44          15    -22   39  28  305 -130   63  +20   63   20  33  0  0 L3P 18
G21 FF 61060 041000  780 704 2391    -3838321    -48         -25    +26   16  37   86   +1   52  -17   52  -17  11  0  0 L3P FE
G30 FF 61060 041000  780 753 1763     -935480    -87          -2    +37   11  51   84   -2   42  -12   42  -12   9  0  0 L3P C8
G05 FF 61060 042600  780 554 2873    +2275714    +59           4    +52   24  32   98   -5   45  -38   45  -38  19  0  0 L3P 01
G07 FF 61060 042600  780 568  676    +1376721    +68          13    +16   17  33   96   +7   46   -5   46   -5  11  0  0 L3P D5
G09 FF 61060 042600  780 162 1001    -7704053    -20          -4    -17   33   1  286 +105   60  +21   60   21  22  0  0 L3P E3
G11 FF 61060 042600  780 138 2250    +4680482   -101          -3    +32   51 108  334 +145   54  -28   54  -28  42  0  0 L3P 3F
G13 FF 61060 042600  780 344 2769    -6891871     +4         -17     -6   25 114  143  -25   47  +16   47   16  21  0  0 L3P 18
G14 FF 61060 042600  780 220 1580    -7298730    -30           0     -7   32  28  216  -65   57  -14   57  -14  30  0  0 L3P F5
G21 FF 61060 042600  780 673 2190    -3838383    -32         -16    +42   16  37   88   +3   49  -20   49  -20  13  0  0 L3P 0C
G30 FF 61060 042600  780 799 1480     -935603   -126          -7     -3   11  51   82   -1   45   -4   45   -4   9  0  0 L3P B1
G05 FF 61060 045400  780 599 2636    +2275724    +35           3    +28   24  32   93   +0   45  -22   45  -22  18  0  0 L3P EA
G07 FF 61060 045400  780 453  645    +1376804    +40          10    -11   21  33  113  +13   52  +10   52   10  15  0  0 L3P D2
G13 FF 61060 045400  780 463 2837    -6891861    +30         -24    +20   15 114  112  -14   46  -20   46  -20  10  0  0 L3P 27
G14 FF 61060 045400  780 338 1527    -7298760    -19           8     +4   24  28  145  -27   41  -20   41  -20  18  0  0 L3P 00
G15 FF 61060 045400  780 168 2921    -3782820    -14          12    +21   48  17  279 -106   29  -36   29  -36  38  0  0 L3P 43
G18 FF 61060 045400  780 127 3292    +4464584   -128           7    -32   40  73  361  -58   33  +19   33   19  28  0  0 L3P 24
G21 FF 61060 045400  780 567 1995    -3838501    -82         -10     -8   22  37   97   +8   40   +4   40    4  17  0  0 L3P CF
G22 FF 61060 045400  780 202 1638     +567530    -77          11    -33   35  59  234  -81   58  +27   58   27  25  0  0 L3P 0D
G30 FF 61060 045400  780 756  870     -935800   -131           5     -7   11  51   83   +2   37   +1   37    1   8  0  0 L3P 79
G05 FF 61060 051000  780 589 2483    +2275735     -6           8    -13   17  32   94   +2   41   +7   41    7  13  0  0 L3P A4
G07 FF 61060 051000  780 387  649    +1376846    +83           3    +31   22  33  129  +19   61  -23   61  -23  17  0  0 L3P FB
G08 FF 61060 051000  780 106  493    -5022255    +57          -2    +13   45  24  428  -55   86  -21   86  -21  33  0  0 L3P 00
G13 FF 61060 051000  780 535 2873    -6891852    +53         -24    +43   17 114  101  -10   44  -40   44  -40  13  0  0 L3P 29
G14 FF 61060 051000  780 405 1485    -7298776    -29          15     -6   22  28  124  -17   25   +0   25    0  15  0  0 L3P D9
G15 FF 61060 051000  780 233 2941    -3782853    -89          13    -53   35  17  204  -57   26  +32   26   32  29  0  0 L3P 19
G18 FF 61060 051000  780 142 3229    +4464499    -48          14    +49   45  73  324  -22   22  -28   22  -28  29  0  0 L3P 2B
G21 FF 61060 051000  780 494 1941    -3838561    -77           1     -4   20  37  106  +12   28   -1   28   -1  15  0  0 L3P CA
G22 FF 61060 051000  780 273 1614     +567473   -122          -3    -77   31  59  176  -44   65  +49   65   49  23  0  0 L3P 1D
G30 FF 61060 051000  780 692  759     -935920    -86           4    +38   15  51   86   +4   36  -27   36  -27  12  0  0 L3P D5
G05 FF 61060 052600  780 554 2350    +2275716     +5         -18     -2   28  32   98   +5   57   +1   57    1  20  0  0 L3P AD
G07 FF 61060 052600  780 322  661    +1376904   +115          12    +64   24  33  151  +28   62  -46   62  -46  18  0  0 L3P 18
G08 FF 61060 052600  780 114  427    -5022217    +17          -6    -27   47  24  397  -12   83  +11   83   11  32  0  0 L3P F0
G13 FF 61060 052600  780 608 2907    -6891840    +30         -22    +20   20 114   93   -7   38   -9   38   -9  13  0  0 L3P FA
G14 FF 61060 052600  780 469 1428    -7298824    -21         -12     +1   25  28  111  -12   55  +22   55   22  18  0  0 L3P 07
G15 FF 61060 052600  780 301 2956    -3782887    -85          13    -50   36  17  161  -35   28  +39   28   39  30  0  0 L3P 2B
G18 FF 61060 052600  780 146 3163    +4464394    -96           2     +1   32  73  315   +3   31   -1   31   -1  23  0  0 L3P B2
G21 FF 61060 052600  780 419 1908    -3838641    -74          -8     +0   30  37  121  +18   37  +16   37   16  24  0  0 L3P FC
G22 FF 61060 052600  780 346 1586     +567427    -53          -7     -8   26  59  142  -27   58   -7   58   -7  20  0  0 L3P EF
G30 FF 61060 052600  780 623  721     -936050    -95          -7    +29   21  51   91   +6   44  -25   44  -25  14  0  0 L3P CD
G05 FF 61060 054200  780 502 2250    +2275729    +40         -11    +33   26  32  105   +9   55  -23   55  -23  18  0  0 L3P 02
G07 FF 61060 054200  780 259  680    +1376947    +78           6    +27   37  33  184  +43   88  +10   88   10  29  0  0 L3P 09
G08 FF 61060 054200  780 113  362    -5022158    -19          10    -63   32  24  402  +25   64  +29   64   29  24  0  0 L3P F1
G13 FF 61060 054200  780 683 2935    -6891820    +11         -12     +0   16 114   87   -5   32   +4   32    4  12  0  0 L3P C6
G14 FF 61060 054200  780 527 1350    -7298846    -18         -12     +5   28  28  102   -7   63   +6   63    6  19  0  0 L3P E2
G15 FF 61060 054200  780 370 2964    -3782939    -57          -5    -22   27  17  134  -23   37   +5   37    5  21  0  0 L3P F7
G18 FF 61060 054200  780 139 3096    +4464285   -104         -14     -7   30  73  330  +29   39  +20   39   20  23  0  0 L3P 1A
G21 FF 61060 054200  780 344 1886    -3838698    -60           6    +13   29  37  142  +28   40  +11   40   11  22  0  0 L3P FC
G22 FF 61060 054200  780 418 1548     +567366    -58         -26    -13   26  59  121  -18   63  +23   63   23  19  0  0 L3P 19
G30 FF 61060 054200  780 553  715     -936172   -124         -11     +0   16  51   98   +9   53   +6   53    6  12  0  0 L3P A9
G05 FF 61060 055800  780 439 2179    +2275732    -40         -16    -47   24  32  116  +14   58  +33   58   33  20  0  0 L3P 22
G07 FF 61060 055800  780 197  704    +1377016    +79          25    +28   39  33  238  +73  101  +22  101   22  29  0  0 L3P 24
G08 FF 61060 055800  780 100  300    -5022133    -19          -7    -63   39  24  449  +75   70  +58   70   58  28  0  0 L3P 01
G13 FF 61060 055800  780 759 2949    -6891804     +7          -6     -3   16 114   83   -3   30   -1   30   -1  10  0  0 L3P C2
G14 FF 61060 055800  780 572 1242    -7298868     -3         -12    +20   24  28   96   -4   67  -22   67  -22  15  0  0 L3P 08
G15 FF 61060 055800  780 441 2960    -3782976    -75          -8    -40   22  17  116  -16   33  +35   33   35  17  0  0 L3P 1D
G18 FF 61060 055800  780 121 3031    +4464215    -69           9    +27   34  73  375  +68   25  -25   25  -25  25  0  0 L3P 18
G21 FF 61060 055800  780 270 1870    -3838765    -33          10    +41   24  37  177  +46   53   -6   53   -6  20  0  0 L3P 01
G22 FF 61060 055800  780 487 1495     +567333    -97         -16    -52   28  59  108  -12   74  +55   74   55  21  0  0 L3P 2E
G23 FF 61060 055800  780 103 3279    -6017785    -43          21     +7   44  63  445 -239   10   +8   10    8  39  0  0 L3P F8
G30 FF 61060 055800  780 483  725     -936279   -133           1     -9   23  51  108  +12   48  +12   48   12  16  0  0 L3P DE
G05 FF 61060 061400  780 371 2127    +2275754    +25          11    +18   27  34  133  +22   44   -8   44   -8  20  0  0 L3P EA
G07 FF 61060 061400  780 136  732    +1377042    +19          -6    -33   49  42  338 +146  161  +78  161   78  37  0  0 L3P 3E
G13 FF 61060 061400  780 837 2899    -6891798    +61         -11    +50   16 115   81   -1   38  -28   38  -28  11  0  0 L3P 34
G14 FF 61060 061400  780 598 1106    -7298892    -22         -10     +0   19  29   94   -1   64  -10   64  -10  14  0  0 L3P F5
G15 FF 61060 061400  780 513 2939    -3783000    -48           0    -12   20  19  104  -11   28  +17   28   17  16  0  0 L3P F0
G21 FF 61060 061400  780 198 1858    -3838841   -126           8    -52   26  38  237  +83   87  +75   87   75  22  0  0 L3P 40
G22 FF 61060 061400  780 551 1418     +567289    -37         -20     +7   21  69   99   -7   82   -9   82   -9  15  0  0 L3P DC
G23 FF 61060 061400  780 158 3249    -6017865    -51         -12     -1   44  64  295  -98   34  -23   34  -23  33  0  0 L3P 25
G24 FF 61060 061400  780 121 2587    +1558102   -179         -22    -28   43   3  382 -192   57  +64   57   64  31  0  0 L3P 3B
G30 FF 61060 061400  780 416  744     -936405   -155          -9    -31   19  75  121  +17   60  +35   60   35  14  0  0 L3P F6
G05 FF 61060 063000  780 301 2089    +2275749    -42          -2    -49   30  34  160  +35   64  +55   64   55  23  0  0 L3P 0A
G13 FF 61060 063000  780 875 1717    -6891774    +44           4    +33   12 115   81   +0   30  -20   30  -20   8  0  0 L3P D8
G14 FF 61060 063000  780 600  958    -7298896    -23           7     -1   21  29   93   +1   51   -2   51   -2  15  0  0 L3P A3
G15 FF 61060 063000  780 582 2891    -3783040    -89          -6    -53   17  19   95   -7   39  +44   39   44  11  0  0 L3P 05
G21 FF 61060 063000  780 128 1846    -3838898    -54          22    +20   30  38  359 +188  119  +14  119   14  26  0  0 L3P 59
G22 FF 61060 063000  780 602 1306     +567254    -74         -12    -30   23  69   93   -4   73   +9   73    9  15  0  0 L3P C5
G23 FF 61060 063000  780 208 3209    -6017894   -114           7    -64   38  64  227  -51   13  +58   13   58  30  0  0 L3P 18
G24 FF 61060 063000  780 183 2622    +1557973   -211          -6    -60   43   3  257  -88   65  +76   65   76  34  0  0 L3P 23
G30 FF 61060 063000  780 349  768     -936539   -156         -23    -32   28  75  141  +24   96  +46   96   46  23  0  0 L3P 2B
G05 FF 61060 064600  780 231 2058    +2275760    +48           3    +42   36  34  204  +59   81  -20   81  -20  28  0  0 L3P 04
G13 FF 61060 064600  780 800 1425    -6891765    +17           2     +7   18 115   82   +2   34   +5   34    5  12  0  0 L3P B1
G14 FF 61060 064600  780 577  823    -7298940     -3         -14    +20   18  29   96   +4   68   -5   68   -5  13  0  0 L3P DC
G15 FF 61060 064600  780 643 2797    -3783081    -33         -14     +2   21  19   90   -4   46  -14   46  -14  15  0  0 L3P FC
G17 FF 61060 064600  780 147 1201     +380176   +157          -9    +42   46  37  316 -120  206  -66  206  -66  34  0  0 L3P 50
G22 FF 61060 064600  780 633 1156     +567211    -46         -13     -2   21  69   90   -2   70   +9   70    9  14  0  0 L3P AD
G23 FF 61060 064600  780 251 3157    -6017949    -91           0    -41   35  64  190  -29   28  +39   28   39  27  0  0 L3P 19
G24 FF 61060 064600  780 247 2658    +1557845   -215          10    -64   27   3  193  -49   62  +36   62   36  21  0  0 L3P 24
G30 FF 61060 064600  780 285  796     -936645    -83         -11    +41   26  75  169  +35  113   +7  113    7  20  0  0 L3P 07
G05 FF 61060 070200  780 163 2033    +2275773    -72           9    -79   40  34  285 +117  111  +87  111   87  29  0  0 L3P 3E
G13 FF 61060 070200  780 720 1415    -6891783     +0         -25    -10   14 115   85   +4   61  +22   61   22   9  0  0 L3P D5
G14 FF 61060 070200  780 535  721    -7298959    -68         -11    -45   22  29  100   +7   73  +46   73   46  15  0  0 L3P 0C
G15 FF 61060 070200  780 688 2636    -3783123     -2         -22    +33   18  19   87   -2   56  -21   56  -21  12  0  0 L3P F7
G17 FF 61060 070200  780 203 1152     +380293    +69          -1    -46   35  37  233  -61  173  +27  173   27  26  0  0 L3P 19
G22 FF 61060 070200  780 637  986     +567166    -72         -15    -28   23  69   90   +1   75  +27   75   27  17  0  0 L3P F2
G23 FF 61060 070200  780 285 3093    -6017998    -51          -1     -1   37  64  169  -16   37   +7   37    7  27  0  0 L3P EC
G24 FF 61060 070200  780 313 2694    +1557705   -198          16    -47   30   3  156  -31   52  +28   52   28  23  0  0 L3P 15
G30 FF 61060 070200  780 222  827     -936762    -88          -8    +36   34  75  212  +57  154  +16  154   16  29  0  0 L3P 1C
G13 FF 61060 071800  780 640 1430    -6891795    -44         -47    -55   17 115   90   +6   89  +59   89   59  11  0  0 L3P 36
G14 FF 61060 071800  780 481  651    -7298979     +0         -10    +22   22  29  108  +10   82   -3   82   -3  13  0  0 L3P E0
G15 FF 61060 071800  780 701 2412    -3783155    -30         -20     +5   19  19   86   +0   61   +8   61    8  13  0  0 L3P BB
G17 FF 61060 071800  780 255 1096     +380401    +97          -4    -18   28  37  188  -35  163   -8  163   -8  23  0  0 L3P 1C
G19 FF 61060 071800  780 146 1327    -6864107    -28           2    -11   41  54  318 -128  220  -21  220  -21  31  0  0 L3P 33
G22 FF 61060 071800  780 614  833     +567133    -59          -6    -14   22  69   92   +3   72  +17   72   17  16  0  0 L3P CF
G23 FF 61060 071800  780 307 3019    -6018039    -32           6    +18   35  64  158   -7   40  -12   40  -12  27  0  0 L3P F3
G24 FF 61060 071800  780 381 2729    +1557547   -145           3     +7   26   3  131  -21   61  -10   61  -10  20  0  0 L3P E9
G30 FF 61060 071800  780 161  860     -936895   -160         -23    -36   31  75  287 +106  217  +90  217   90  24  0  0 L3P 52
G10 FF 61060 073400  780 134 3310    +5837610   +103          -3    +78   33  70  345 -106   38  -57   38  -57  28  0  0 L3P 3D
G13 FF 61060 073400  780 560 1450    -6891779    -45         -41    -55   18 115   97   +9  106  +59  106   59  13  0  0 L3P 4D
G14 FF 61060 073400  780 420  608    -7298985    -66           6    -43   22  29  120  +15   85  +47   85   47  19  0  0 L3P 0D
G15 FF 61060 073400  780 676 2200    -3783178     +8         -10    +44   18  19   87   +3   68   -8   68   -8  14  0  0 L3P EA
G17 FF 61060 073400  780 301 1031     +380508    +33          -7    -82   22  37  161  -21  157  +60  157   60  15  0  0 L3P 09
G19 FF 61060 073400  780 205 1287    -6864116    -54          10    -37   30  54  230  -65  187   +9  187    9  23  0  0 L3P 25
G22 FF 61060 073400  780 570  722     +567092     +9          -4    +53   21  69   96   +6   80  -18   80  -18  15  0  0 L3P CB
G23 FF 61060 073400  780 315 2937    -6018086    +52           7   +102   26  64  154   +0   51  -76   51  -76  21  0  0 L3P 0A
G24 FF 61060 073400  780 451 2763    +1557397   -146          -2     +5   24   3  114  -15   66  -11   66  -11  18  0  0 L3P 06
G10 FF 61060 075000  780 171 3259    +5837637    +92           0    +67   44  70  272  -53   51  -40   51  -40  33  0  0 L3P 0A
G12 FF 61060 075000  780 164 2163    +6067306    -17         -32    -22   43  69  286 -118  157  -27  157  -27  37  0  0 L3P 70
G13 FF 61060 075000  780 482 1472    -6891777     -9         -49    -19   21 115  108  +14  130  +30  130   30  15  0  0 L3P 3D
G14 FF 61060 075000  780 356  584    -7299025    -51         -12    -29   21  29  138  +23  124  +47  124   47  14  0  0 L3P 36
G15 FF 61060 075000  780 623 2056    -3783206    +14          -4    +49   25  19   91   +5   79   -7   79   -7  20  0  0 L3P E0
G17 FF 61060 075000  780 339  957     +380619   +131          -6    +16   31  37  145  -13  151   +2  151    2  26  0  0 L3P EF
G19 FF 61060 075000  780 263 1241    -6864147    -64          -4    -47   31  54  182  -38  180  +22  180   22  23  0  0 L3P 32
G22 FF 61060 075000  780 514  651     +567053     -6          -1    +39   25  69  103   +9   93  -11   93  -11  18  0  0 L3P CE
G23 FF 61060 075000  780 309 2854    -6018124    -44          17     +6   29  64  157   +6   51   +6   51    6  23  0  0 L3P CA
G24 FF 61060 075000  780 523 2795    +1557253   -182          -1    -31   18   3  102  -11   64  +29   64   29  13  0  0 L3P 06
G10 FF 61060 080600  780 200 3200    +5837666    +60           4    +35   41  75  235  -27   53  -18   53  -18  30  0  0 L3P 00
G12 FF 61060 080600  780 233 2185    +6067285    -57         -56    -62   38  70  204  -60  149  +30  149   30  28  0  0 L3P 4C
G13 FF 61060 080600  780 406 1494    -6891762    +12         -44     +2   21 116  124  +20  136  +22  136   22  17  0  0 L3P 2E
G14 FF 61060 080600  780 291  574    -7299019    -73          20    -50   29  30  165  +35  140  +93  140   93  20  0  0 L3P 26
G15 FF 61060 080600  780 556 1969    -3783240    -71          -2    -36   24  51   98   +9   92  +35   92   35  21  0  0 L3P 02
G17 FF 61060 080600  780 365  874     +380732   +101          -3    -14   22  37  136   -7  153  +13  153   13  17  0  0 L3P FF
G19 FF 61060 080600  780 317 1186    -6864170    -64          -4    -47   26  55  154  -24  167  +14  167   14  21  0  0 L3P 41
G22 FF 61060 080600  780 452  610     +567010    -25           1    +19   31  70  114  +13  112   +7  112    7  22  0  0 L3P AF
G23 FF 61060 080600  780 288 2773    -6018184    -27           4    +23   32  65  167  +15   72  +10   72   10  25  0  0 L3P FE
G24 FF 61060 080600  780 597 2822    +1557109   -165           1    -14   19   3   94   -7   72  +13   72   13  16  0  0 L3P E2
G10 FF 61060 082200  780 218 3133    +5837676    +40         -10    +15   34  75  217  -12   74   -4   74   -4  26  0  0 L3P 00
G12 FF 61060 082200  780 304 2211    +6067311    +35         -35    +31   22  70  160  -35  118  -29  118  -29  16  0  0 L3P 36
G13 FF 61060 082200  780 331 1514    -6891756     +1         -48     -9   20 116  148  +30  164  +44  164   44  15  0  0 L3P 2E
G14 FF 61060 082200  780 226  575    -7299058    -58           3    -36   40  30  209  +58  205  +86  205   86  31  0  0 L3P 25
G15 FF 61060 082200  780 483 1917    -3783275    -61          -2    -26   34  51  108  +13  104  +35  104   35  28  0  0 L3P 2D
G17 FF 61060 082200  780 377  785     +380839    +64          -7    -51   29  37  132   -1  164  +57  164   57  21  0  0 L3P 12
G19 FF 61060 082200  780 366 1119    -6864182     -5           0    +12   23  55  135  -15  151  -20  151  -20  17  0  0 L3P 0E
G22 FF 61060 082200  780 388  589     +566964    -94          -3    -49   21  70  129  +19  149  +58  149   58  18  0  0 L3P 3F
G23 FF 61060 082200  780 256 2699    -6018225    -71          10    -21   32  65  186  +26   90  +37   90   37  23  0  0 L3P 19
G24 FF 61060 082200  780 673 2841    +1556961   -137          -2    +15   13   3   88   -5   82   +2   82    2  10  0  0 L3P C0
G10 FF 61060 083800  780 223 3062    +5837712    +68           2    +43   35  75  211   +1   77  -15   77  -15  27  0  0 L3P FC
G12 FF 61060 083800  780 376 2238    +6067306     +2         -44     -3   29  70  133  -23  125  +13  125   13  19  0  0 L3P 14
G13 FF 61060 083800  780 257 1533    -6891733    +53         -35    +43   32 116  185  +49  189   +0  189    0  25  0  0 L3P 44
G14 FF 61060 083800  780 162  584    -7299074    -33           8    -11   52  30  286 +110  270  +90  270   90  41  0  0 L3P 28
G15 FF 61060 083800  780 408 1885    -3783320    +39         -14    +74   29  51  123  +19  125  -33  125  -33  23  0  0 L3P 56
G17 FF 61060 083800  780 373  697     +380940   +155         -16    +40   31  37  133   +3  182   -5  182   -5  22  0  0 L3P 09
G19 FF 61060 083800  780 406 1039    -6864192    +26           7    +43   28  55  124   -9  138  -33  138  -33  21  0  0 L3P 31
G22 FF 61060 083800  780 323  583     +566912    -66         -12    -22   28  70  151  +28  190  +61  190   61  18  0  0 L3P 22
G23 FF 61060 083800  780 214 2633    -6018278   -114           6    -64   38  65  220  +45  103  +47  103   47  30  0  0 L3P 32
G24 FF 61060 083800  780 750 2840    +1556818   -170          -1    -19   15   3   84   -3   90  +23   90   23  11  0  0 L3P E6
G10 FF 61060 085400  780 216 2989    +5837727    +11          -7    -14   33  75  218  +13  102  +20  102   20  25  0  0 L3P 22
G12 FF 61060 085400  780 450 2269    +6067331    +58         -24    +54   30  70  114  -16  115  -30  115  -30  21  0  0 L3P 37
G13 FF 61060 085400  780 186 1549    -6891736     -6         -47    -16   41 116  250  +92  235  +54  235   54  29  0  0 L3P 5F
G15 FF 61060 085400  780 333 1864    -3783321    -63          19    -28   31  51  147  +30  135  +69  135   69  26  0  0 L3P 47
G17 FF 61060 085400  780 355  616     +381048   +114         -18     -1   32  37  139   +9  200  +39  200   39  23  0  0 L3P 05
G19 FF 61060 085400  780 433  947    -6864214    -50           1    -33   21  55  118   -4  148  +32  148   32  16  0  0 L3P 07
G22 FF 61060 085400  780 259  587     +566889    -71           8    -27   25  70  184  +43  232  +79  232   79  20  0  0 L3P 27
G23 FF 61060 085400  780 166 2575    -6018315     +7          17    +57   41  65  280  +84  107  -38  107  -38  31  0  0 L3P 3F
G24 FF 61060 085400  780 826 2753    +1556691   -148          18     +3   16   3   82   -1   98  +21   98   21  11  0  0 L3P EA
G10 FF 61060 091000  780 197 2918    +5837756    -22          -3    -47   35  75  237  +29  116  +50  116   50  28  0  0 L3P 40
G12 FF 61060 091000  780 526 2302    +6067316    -16         -44    -20   16  70  102  -11  134  +15  134   15  14  0  0 L3P 1B
G13 FF 61060 091000  780 118 1563    -6891695    +75         -17    +64   49 116  389 +219  263   -2  263   -2  35  0  0 L3P 6B
G15 FF 61060 091000  780 260 1849    -3783386    -51         -12    -16   23  51  183  +48  204  +56  204   56  20  0  0 L3P 43
G17 FF 61060 091000  780 324  546     +381156    +86         -20    -29   38  37  150  +16  218  +29  218   29  27  0  0 L3P 28
G19 FF 61060 091000  780 444  846    -6864227    -16           5     +1   24  55  115   +0  157  +10  157   10  19  0  0 L3P E8
G22 FF 61060 091000  780 197  599     +566854     -3          15    +42   41  70  238  +73  278  +65  278   65  36  0  0 L3P 22
G23 FF 61060 091000  780 113 2523    -6018380    -48          -1     +2   50  65  401 +184  135  +27  135   27  37  0  0 L3P 1F
G24 FF 61060 091000  780 868 1910    +1556548   -100          20    +51   11   3   81   +0  114  -25  114  -25   7  0  0 L3P F1
G25 FF 61060 091000  780 135 2405    -4488474    +14          18    -10   39  49  345 -162  132   +8  132    8  30  0  0 L3P 23
G32 FF 61060 091000  780 155 3195    +1549006    -89          32    +83   31  48  301 -113  104  -24  104  -24  23  0  0 L3P 42
G10 FF 61060 092600  780 168 2851    +5837793    +16          10     -9   41  75  276  +55  118  +12  118   12  37  0  0 L3P 31
G12 FF 61060 092600  780 602 2339    +6067334    +11         -30     +7   28  70   93   -7  128   -4  128   -4  20  0  0 L3P ED
G15 FF 61060 092600  780 190 1837    -3783409    +20          -1    +55   30  51  246  +88  241   -7  241   -7  23  0  0 L3P 1C
G17 FF 61060 092600  780 282  489     +381278   +102          -8    -13   24  37  170  +26  237  +67  237   67  20  0  0 L3P 2E
G19 FF 61060 092600  780 436  746    -6864239     -3           9    +14   26  55  117   +4  163   +0  163    0  20  0  0 L3P CE
G22 FF 61060 092600  780 136  617     +566780    +27         -16    +72   49  70  338 +147  405  +63  405   63  38  0  0 L3P 45
G24 FF 61060 092600  780 803 1443    +1556400   -136          17    +15   15   3   82   +2  115   -2  115   -2   9  0  0 L3P D1
G25 FF 61060 092600  780 199 2439    -4488452    -46          17    -70   43  49  237  -76  120  +56  120   56  32  0  0 L3P 54
G32 FF 61060 092600  780 212 3171    +1548837   -170          28     +2   35  48  223  -58  106   +9  106    9  27  0  0 L3P 19
G10 FF 61060 094200  780 130 2789    +5837806    -44          -1    -69   50  75  351 +108  147  +76  147   76  36  0  0 L3P 5F
G12 FF 61060 094200  780 679 2380    +6067353    +13         -15     +9   17  70   87   -5  123   -2  123   -2  12  0  0 L3P EF
G15 FF 61060 094200  780 122 1826    -3783453    +10         -12    +45   42  51  376 +200  279   +1  279    1  31  0  0 L3P 25
G17 FF 61060 094200  780 233  446     +381408   +141          12    +27   32  37  202  +43  285  +74  285   74  24  0  0 L3P 20
G19 FF 61060 094200  780 412  656    -6864271    -12          -6     +5   25  55  122   +8  196  +32  196   32  20  0  0 L3P 01
G24 FF 61060 094200  780 725 1394    +1556238   -192           1    -41   18   3   85   +4  130  +40  130   40  12  0  0 L3P ED
G25 FF 61060 094200  780 264 2474    -4488430    +49          16    +25   36  49  182  -44  133  -31  133  -31  26  0  0 L3P 4C
G32 FF 61060 094200  780 265 3135    +1548669   -226          25    -54   29  48  181  -33  121  +43  121   43  21  0  0 L3P 49
G06 FF 61060 095800  780 152  902    +6041781     -4          -2    -39   44  26  305  -89  469   -5  469   -5  34  0  0 L3P 13
G12 FF 61060 095800  780 757 2430    +6067360    +50         -12    +46   19  70   83   -3  133  -18  133  -18  13  0  0 L3P 29
G17 FF 61060 095800  780 180  415     +381529   +154          22    +39   42  37  259  +78  369  +47  369   47  34  0  0 L3P 4C
G19 FF 61060 095800  780 374  582    -6864302     -6         -21    +11   35  55  133  +14  253  +44  253   44  26  0  0 L3P 25
G24 FF 61060 095800  780 646 1395    +1556116   -162          23    -11   23   3   89   +6  134  +37  134   37  16  0  0 L3P 1A
G25 FF 61060 095800  780 331 2512    -4488407     -9          17    -33   40  49  148  -28  135  +34  135   34  27  0  0 L3P 36
G32 FF 61060 095800  780 312 3085    +1548492   -176          13     -4   33  48  156  -20  145  +22  145   22  23  0  0 L3P 34
G06 FF 61060 101400  780 194  841    +6041827    +17          12    -19   29  43  242  -47  444  +30  444   30  24  0  0 L3P 1A
G12 FF 61060 101400  780 835 2515    +6067381     +5           9     +0   14  79   81   -1  136  +19  136   19   9  0  0 L3P CA
G17 FF 61060 101400  780 123  394     +381610   +170          -5    +55   40  40  371 +169  380 -136  380 -136  31  0  0 L3P 50
G19 FF 61060 101400  780 325  525    -6864311    -11         -11     +6   33  56  150  +22  325  +93  325   93  24  0  0 L3P 10
G24 FF 61060 101400  780 568 1409    +1555959   -176          13    -25   22   4   96   +9  166  +41  166   41  16  0  0 L3P 21
G25 FF 61060 101400  780 400 2552    -4488385   +109          20    +85   32  50  126  -19  143  -54  143  -54  22  0  0 L3P 4B
G32 FF 61060 101400  780 351 3022    +1548342    -92          30    +79   40  49  140  -12  148  -53  148  -53  30  0  0 L3P 32
G06 FF 61060 103000  780 227  773    +6041855    +18           6    -18   39  43  208  -26  462  +53  462   53  28  0  0 L3P 1B
G11 FF 61060 103000  780 120 1200    +4677619   -195          39    -62   59 110  385 -177  547  +16  547   16  43  0  0 L3P 76
G12 FF 61060 103000  780 884  282    +6067383    +52           7    +47   18  79   81   +0  161   -5  161   -5  12  0  0 L3P D4
G19 FF 61060 103000  780 269  484    -6864311    -17           5     +0   37  56  178  +37  392  +70  392   70  27  0  0 L3P 14
G24 FF 61060 103000  780 491 1427    +1555827   -193          26    -41   22   4  107  +13  184  +64  184   64  15  0  0 L3P 32
G25 FF 61060 103000  780 470 2594    -4488368    +63          13    +39   22  50  111  -13  154  -20  154  -20  16  0  0 L3P 33
G32 FF 61060 103000  780 378 2944    +1548165   -132          18    +39   30  49  132   -6  166   -6  166   -6  21  0  0 L3P 24
G06 FF 61060 104600  780 250  700    +6041895    +26          12     -9   33  43  190  -13  462  -15  462  -15  27  0  0 L3P 14
G11 FF 61060 104600  780 175 1154    +4677465   -160          13    -27   31 110  268  -82  555  +30  555   30  26  0  0 L3P 57
G12 FF 61060 104600  780 810  639    +6067409     +2          28     -2   13  79   82   +2  183  +49  183   49   9  0  0 L3P D9
G19 FF 61060 104600  780 209  457    -6864328    -15           5     +2   41  56  225  +64  375  -51  375  -51  28  0  0 L3P 21
G24 FF 61060 104600  780 416 1447    +1555655   -180          -1    -29   28   4  121  +18  245  +71  245   71  20  0  0 L3P 2A
G25 FF 61060 104600  780 541 2639    -4488338    +32          20     +8   21  50  100   -9  167  +12  167   12  14  0  0 L3P 07
G28 FF 61060 104600  780 136 3051    +6086374    -50          -1     +5   37 137  341 -157  223  +76  223   76  24  0  0 L3P 43
G29 FF 61060 104600  780 168 2002    +3898790    -34          50    +30   47  64  280 -117  253  -45  253  -45  33  0  0 L3P 60
G32 FF 61060 104600  780 391 2856    +1547993   -159          11    +13   23  49  128   -1  197   +6  197    6  18  0  0 L3P 2B
G06 FF 61060 110200  780 261  623    +6041932    +75          15    +40   37  43  183   -3  447  -29  447  -29  24  0  0 L3P 1D
G11 FF 61060 110200  780 228 1101    +4677344   -200          15    -67   30 112  208  -45  534  +26  534   26  21  0  0 L3P 3D
G12 FF 61060 110200  780 735  708    +6067399    -23          14    -28   20  79   84   +3  237  +74  237   74  13  0  0 L3P 0D
G19 FF 61060 110200  780 147  441    -6864342    -92           7    -75   29  56  315 +132  365  +15  365   15  30  0  0 L3P 2D
G24 FF 61060 110200  780 342 1466    +1555514   -181           3    -30   25   4  143  +27  283  +72  283   72  18  0  0 L3P 18
G25 FF 61060 110200  780 614 2688    -4488314    +66          22    +42   25  50   92   -7  184  -19  184  -19  16  0  0 L3P 2F
G28 FF 61060 110200  780 200 3059    +6086342   -111          19    -56   45 137  236  -75  265  +96  265   96  33  0  0 L3P 6A
G29 FF 61060 110200  780 239 2012    +3898681    -28           1    +35   56  64  200  -59  268  -33  268  -33  42  0  0 L3P 3F
G32 FF 61060 110200  780 387 2764    +1547832   -153          14    +19   28  49  129   +3  208  +26  208   26  22  0  0 L3P 39
G06 FF 61060 111800  780 259  546    +6041961    +74          11    +39   37  43  184   +6  451  -50  451  -50  28  0  0 L3P 24
G11 FF 61060 111800  780 276 1041    +4677209   -171           8    -38   28 112  174  -27  516   +8  516    8  23  0  0 L3P 2C
G12 FF 61060 111800  780 660  759    +6067412    -33          22    -37   22  79   88   +5  283  +85  283   85  17  0  0 L3P 1B
G24 FF 61060 111800  780 271 1485    +1555362   -131          -3    +21   27   4  176  +43  352  +50  352   50  20  0  0 L3P 19
G25 FF 61060 111800  780 688 2744    -4488292    +32          20     +8   22  50   87   -5  206  +31  206   31  17  0  0 L3P 03
G28 FF 61060 111800  780 265 3060    +6086245    +14         -25    +68   51 137  181  -43  336   +1  336    1  34  0  0 L3P 2B
G29 FF 61060 111800  780 312 2024    +3898627    -25           9    +39   28  64  156  -35  258  -22  258  -22  21  0  0 L3P 44
G32 FF 61060 111800  780 368 2675    +1547693   -191          41    -20   30  49  134   +8  214  +35  214   35  22  0  0 L3P 35
G06 FF 61060 113400  780 243  474    +6041994    +39           9     +4   33  43  195  +17  405  -10  405  -10  27  0  0 L3P 06
G11 FF 61060 113400  780 316  971    +4677069   -124          -4     +9   30 112  154  -16  503  -36  503  -36  21  0  0 L3P 33
G12 FF 61060 113400  780 588  806    +6067408    +26          14    +22   23  79   94   +7  342   -2  342   -2  16  0  0 L3P E9
G24 FF 61060 113400  780 202 1501    +1555229    -44           8   +107   38   4  232  +76  416  -10  416  -10  30  0  0 L3P 13
G25 FF 61060 113400  780 762 2817    -4488290    -12           0    -36   19  50   83   -3  266  +59  266   59  13  0  0 L3P 16
G28 FF 61060 113400  780 331 3051    +6086206    -58         -12     -4   33 137  148  -27  372  +31  372   31  23  0  0 L3P 37
G29 FF 61060 113400  780 387 2038    +3898562    -97           5    -33   32  64  129  -22  252  +13  252   13  24  0  0 L3P 31
G32 FF 61060 113400  780 336 2593    +1547482   -131          -5    +41   32  49  146  +15  269  -24  269  -24  24  0  0 L3P 55
G06 FF 61060 115000  780 216  409    +6042037     +4          19    -31   40  43  218  +32  349  -42  349  -42  31  0  0 L3P 0C
G11 FF 61060 115000  780 347  891    +4676950   -114           4    +19   27 112  142   -9  465 -100  465 -100  21  0  0 L3P 4A
G12 FF 61060 115000  780 517  850    +6067414    -11          16    -16   26  79  103  +10  365  +29  365   29  19  0  0 L3P 22
G24 FF 61060 115000  780 135 1515    +1555079   -241           3    -89   34   4  341 +164  480 +124  480  124  24  0  0 L3P 50
G25 FF 61060 115000  780 835 2967    -4488262    +29           5     +5   19  50   81   -1  290  +19  290   19  12  0  0 L3P FC
G28 FF 61060 115000  780 395 3028    +6086162    -38          -4    +17   21 137  127  -18  382  -19  382  -19  18  0  0 L3P 60
G29 FF 61060 115000  780 464 2051    +3898496   -106           0    -42   34  64  112  -15  250  +48  250   48  27  0  0 L3P 39
G31 FF 61060 115000  780 101 3120    +1716060    -35          24    -15   32  48  454 -283  652 +413  652  413  45  0  0 L3P 55
G32 FF 61060 115000  780 292 2522    +1547339   -237          16    -65   35  49  165  +25  266  +81  266   81  25  0  0 L3P 58
G06 FF 61060 120600  780 178  354    +6042058    +63           6    +28   48  43  261  +60  276 -118  276 -118  36  0  0 L3P 4E
G11 FF 61060 120600  780 364  805    +4676826   -151           8    -18   22 112  136   -3  415  -40  415  -40  15  0  0 L3P 25
G12 FF 61060 120600  780 448  893    +6067413     -9          10    -14   25  79  114  +14  393  +45  393   45  18  0  0 L3P 1E
G25 FF 61060 120600  780 873  437    -4488230    +11          14    -12   19  50   81   +0  293  +21  293   21  13  0  0 L3P EE
G28 FF 61060 120600  780 457 2986    +6086108    -43          -3    +11   28 138  113  -12  369  -18  369  -18  19  0  0 L3P 68
G29 FF 61060 120600  780 542 2062    +3898437    -65           2     -1   27  64  100  -10  252  +30  252   30  20  0  0 L3P FB
G31 FF 61060 120600  780 166 3119    +1716043    -65          27    -45   35  48  283 -110  697  -55  697  -55  37  0  0 L3P 72
G32 FF 61060 120600  780 242 2461    +1547165   -245           7    -74   41  49  196  +41  279  +53  279   53  30  0  0 L3P 44
G06 FF 61060 122200  780 133  310    +6042117    +76          31    +41   29  43  345 +123  197 -117  197 -117  24  0  0 L3P 55
G11 FF 61060 122200  780 366  716    +4676697   -113           7    +20   25 112  135   +2  354  -92  354  -92  21  0  0 L3P 2E
G12 FF 61060 122200  780 380  935    +6067419    +34          13    +30   15  79  131  +20  406  -17  406  -17  11  0  0 L3P 1C
G25 FF 61060 122200  780 806  902    -4488212    +34           9    +10   16  50   82   +2  295  -16  295  -16  10  0  0 L3P F2
G28 FF 61060 122200  780 512 2919    +6086070    -62          11     -7   23 138  104   -8  342  -19  342  -19  17  0  0 L3P 30
G29 FF 61060 122200  780 621 2067    +3898395   -110          22    -46   26  64   92   -7  264  +81  264   81  18  0  0 L3P 39
G31 FF 61060 122200  780 230 3108    +1716012    -10          16    +11   41  48  206  -56  577 -128  577 -128  30  0  0 L3P 53
G32 FF 61060 122200  780 187 2409    +1547004   -193          11    -22   47  49  250  +74  295  +45  295   45  36  0  0 L3P 51
G11 FF 61060 123800  780 353  631    +4676570   -152           8    -19   37 112  140   +7  262 -101  262 -101  29  0  0 L3P 47
G12 FF 61060 123800  780 315  976    +6067419    +14           8     +9   34  79  154  +29  407  -17  407  -17  26  0  0 L3P 25
G25 FF 61060 123800  780 732 1004    -4488188    +13          10    -10   17  50   84   +3  280  -18  280  -18  11  0  0 L3P 11
G28 FF 61060 123800  780 555 2821    +6086005    -37          -2    +17   18 138   98   -4  332  -42  332  -42  13  0  0 L3P 30
G29 FF 61060 123800  780 700 2057    +3898317    -79           4    -15   21  64   86   -4  298   +2  298    2  14  0  0 L3P F8
G31 FF 61060 123800  780 294 3086    +1715977     -1           0    +20   36  48  165  -33  449 -147  449 -147  26  0  0 L3P 5B
G32 FF 61060 123800  780 130 2363    +1546813   -171         -15     +0   69  49  353 +154  334  +17  334   17  47  0  0 L3P 54
G11 FF 61060 125400  780 325  556    +4676431   -168          -4    -35   29 112  150  +14  170  -70  170  -70  20  0  0 L3P 41
G12 FF 61060 125400  780 251 1015    +6067421    -20           6    -25   42  79  189  +46  366  -22  366  -22  32  0  0 L3P 2C
G25 FF 61060 125400  780 658 1066    -4488163    +30          12     +6   19  50   89   +5  233  -67  233  -67  14  0  0 L3P 1B
G26 FF 61060 125400  780 185 2889    +3142727    +62          15     +1   34   1  254  -87  563 -163  563 -163  29  0  0 L3P 59
G28 FF 61060 125400  780 580 2693    +6085953    -67          -1    -13   23 138   95   -1  295  -44  295  -44  14  0  0 L3P 49
G29 FF 61060 125400  780 777 1999    +3898239    -57         -13     +6   21  64   83   -2  269  -91  269  -91  15  0  0 L3P 53
G31 FF 61060 125400  780 354 3049    +1715956   -109          -1    -88   25  48  140  -21  281 -109  281 -109  17  0  0 L3P 7D
G11 FF 61060 131000  780 286  494    +4676322   -155          14    -22   35 112  168  +24  121   +8  121    8  26  0  0 L3P 14
G12 FF 61060 131000  780 188 1054    +6067437    +57          17    +52   26  79  248  +80  350   -9  350   -9  21  0  0 L3P 26
G18 FF 61060 131000  780 131 1804    +4461711    -69          17    +28   32  77  357 -188  413  -54  413  -54  24  0  0 L3P 5C
G25 FF 61060 131000  780 584 1116    -4488149    +46           3    +22   17  50   95   +8  196  -42  196  -42  13  0  0 L3P 16
G26 FF 61060 131000  780 250 2910    +3142785     +6          15    -54   35   1  191  -49  323 -146  323 -146  29  0  0 L3P 3D
G28 FF 61060 131000  780 581 2549    +6085897    -71          -4    -17   19 138   95   +1  253  -18  253  -18  15  0  0 L3P 46
G29 FF 61060 131000  780 843 1710    +3898194    -78           4    -14   20  64   81   -1  181  -59  181  -59  13  0  0 L3P 1E
G31 FF 61060 131000  780 408 2994    +1715948    -55          11    -35   21  48  124  -13  188  -12  188  -12  16  0  0 L3P 47
G11 FF 61060 132600  780 239  445    +4676174    -94          -5    +39   33 112  198  +41  137  -32  137  -32  27  0  0 L3P 47
G12 FF 61060 132600  780 127 1091    +6067415    -61          -9    -65  109  79  361 +168  416 +108  416  108  76  0  0 L3P 8A
G18 FF 61060 132600  780 201 1797    +4461635   -130          35    -33   34  77  235  -83  378   -4  378   -4  20  0  0 L3P 41
G21 FF 61060 132600  780 118  670    -3840764   -141          13    -67   38  42  388  -97  150  +24  150   24  30  0  0 L3P 39
G25 FF 61060 132600  780 511 1159    -4488127    +25           3     +1   24  50  104  +11  177   -5  177   -5  16  0  0 L3P EE
G26 FF 61060 132600  780 317 2926    +3142856    +98          28    +38   39   1  154  -31  193 -128  193 -128  30  0  0 L3P 69
G28 FF 61060 132600  780 557 2414    +6085849    -99           0    -44   27 138   98   +4  226  +14  226   14  17  0  0 L3P 2D
G29 FF 61060 132600  780 834  939    +3898124    -74          -5    -10   16  64   81   +1  139  -26  139  -26  11  0  0 L3P 1B
G31 FF 61060 132600  780 453 2919    +1715914    -24          -4     -4   34  48  114   -8  168  -22  168  -22  27  0  0 L3P 22
G04 FF 61060 134200  780 110 3287     -393343    -53          15    -30   46  64  414  -27  145   +3  145    3  34  0  0 L3P F2
G05 FF 61060 134200  780 150  908    +2275911    +59         -12    +52   41  36  310  -91  228 -120  228 -120  27  0  0 L3P 4F
G11 FF 61060 134200  780 185  409    +4676077    -54          25    +79   41 112  252  +74  106  -77  106  -77  33  0  0 L3P 4F
G18 FF 61060 134200  780 274 1791    +4461527    -84          19    +12   37  77  176  -45  360  -83  360  -83  28  0  0 L3P 61
G21 FF 61060 134200  780 143  606    -3840840    -83           8     -9   39  42  322  -47  125  -20  125  -20  30  0  0 L3P FF
G25 FF 61060 134200  780 439 1199    -4488109    +65          -2    +41   26  50  116  +15  181  -30  181  -30  22  0  0 L3P 35
G26 FF 61060 134200  780 385 2935    +3142897    +56          12     -4   35   1  130  -20  148  -25  148  -25  24  0  0 L3P 1E
G28 FF 61060 134200  780 513 2305    +6085796    -59          -1     -4   31 138  103   +8  206   +0  206    0  22  0  0 L3P E9
G29 FF 61060 134200  780 767  728    +3898065    -17          -3    +47   19  64   83   +3  115  -35  115  -35  14  0  0 L3P 1F
G31 FF 61060 134200  780 484 2822    +1715885     -8         -13    +13   22  48  108   -4  147  -28  147  -28  16  0  0 L3P 34
G04 FF 61060 135800  780 111 3223     -393382     -3          -3    +20   51  64  407  +13  158   -5  158   -5  40  0  0 L3P E4
G05 FF 61060 135800  780 191  847    +2275949    -54          21    -61   35  36  246  -48  143   +8  143    8  28  0  0 L3P 1B
G11 FF 61060 135800  780 128  384    +4675900    -52         -25    +81   52 112  359 +161  127  -92  127  -92  41  0  0 L3P 69
G16 FF 61060 135800  780 115 2941    -1916629   -133          -2    -57   32  57  403 -221  252  -64  252  -64  26  0  0 L3P 6A
G18 FF 61060 135800  780 349 1783    +4461427   -127          12    -30   33  77  142  -28  266 -108  266 -108  24  0  0 L3P 8C
G21 FF 61060 135800  780 159  540    -3840883   -125          36    -51   44  42  291  -20   91  +35   91   35  36  0  0 L3P 1B
G25 FF 61060 135800  780 369 1235    -4488084    +34          -1    +11   22  50  134  +22  187   +6  187    6  17  0  0 L3P 10
G26 FF 61060 135800  780 455 2933    +3142949    +78           5    +18   22   1  113  -14  126  -27  126  -27  16  0  0 L3P 25
G28 FF 61060 135800  780 457 2223    +6085751    -70           7    -15   36 138  113  +12  191   +8  191    8  26  0  0 L3P 1C
G29 FF 61060 135800  780 693  690    +3898025    -52          18    +12   20  64   86   +4   92   -2   92   -2  14  0  0 L3P D6
G31 FF 61060 135800  780 495 2710    +1715867    -25         -11     -4   21  48  106   +0  135   +0  135    0  14  0  0 L3P E4
G04 FF 61060 141400  780 102 3158     -393400    -55           4    -32   49  66  440  +58  173  +41  173   41  37  0  0 L3P 0B
G05 FF 61060 141400  780 224  779    +2275918    -32          -7    -39   39  38  211  -26  140   +8  140    8  30  0  0 L3P 00
G16 FF 61060 141400  780 179 2963    -1916674   -110          19    -34   43  61  262  -95  167  -13  167  -13  29  0  0 L3P 6C
G18 FF 61060 141400  780 425 1771    +4461335    -54          18    +42   25  79  120  -18  183  -91  183  -91  20  0  0 L3P 49
G21 FF 61060 141400  780 164  472    -3840987    -90           4    -16   42  42  282   +1  109   -9  109   -9  31  0  0 L3P ED
G25 FF 61060 141400  780 300 1269    -4488061    +62          -1    +38   33  67  161  +34  209   +1  209    1  25  0  0 L3P FE
G26 FF 61060 141400  780 525 2914    +3143015    +94          14    +34   28   1  102  -10  106  -34  106  -34  21  0  0 L3P 0C
G28 FF 61060 141400  780 393 2163    +6085703    -30          14    +25   35 139  127  +19  202   -2  202   -2  28  0  0 L3P 20
G29 FF 61060 141400  780 619  693    +3897939    +24          -2    +87   26  67   92   +6   99  -46   99  -46  18  0  0 L3P 26
G31 FF 61060 141400  780 487 2595    +1715840    -34           4    -14   31  25  108   +3  135  +13  135   13  22  0  0 L3P FE
G05 FF 61060 143000  780 247  706    +2275938    -10           6    -17   30  38  193  -13  108  -14  108  -14  23  0  0 L3P 14
G16 FF 61060 143000  780 246 2981    -1916751     +8          15    +84   27  61  194  -52  142 -102  142 -102  20  0  0 L3P 4A
G18 FF 61060 143000  780 502 1750    +4461221   -110          -3    -13   23  79  105  -12  158  -27  158  -27  15  0  0 L3P 3B
G21 FF 61060 143000  780 158  406    -3841069    -66          -8     +8   36  42  292  +21  105   -5  105   -5  29  0  0 L3P F3
G25 FF 61060 143000  780 233 1300    -4488040    +36          -3    +12   38  67  203  +56  244  +31  244   31  26  0  0 L3P 16
G26 FF 61060 143000  780 592 2870    +3143072    +40          13    -21   19   1   94   -7  100  +13  100   13  13  0  0 L3P D6
G28 FF 61060 143000  780 325 2118    +6085669    -45          32    +10   31 139  150  +29  203  +12  203   12  22  0  0 L3P 2C
G29 FF 61060 143000  780 547  712    +3897877   -109          -3    -45   22  67   99   +9  102  +26  102   26  15  0  0 L3P 22
G31 FF 61060 143000  780 459 2490    +1715827    -12          10     +8   28  25  112   +7  137  +16  137   16  21  0  0 L3P 02
G05 FF 61060 144600  780 258  629    +2275934    -16          -5    -23   44  38  185   -3   93   -5   93   -5  30  0  0 L3P E5
G16 FF 61060 144600  780 315 2992    -1916840    -55          -1    +21   25  61  155  -32  129  -49  129  -49  17  0  0 L3P 4F
G18 FF 61060 144600  780 578 1712    +4461137    -75           6    +22   24  79   96   -8  133  -30  133  -30  15  0  0 L3P 16
G21 FF 61060 144600  780 141  343    -3841130   -121           3    -48   45  42  326  +51  118  +86  118   86  27  0  0 L3P 1D
G25 FF 61060 144600  780 167 1328    -4488036    -33         -22    -57   26  67  277 +106  299  +91  299   91  20  0  0 L3P 7B
G26 FF 61060 144600  780 653 2782    +3143122    +64           5     +4   20   1   89   -4  103  -14  103  -14  14  0  0 L3P D0
G28 FF 61060 144600  780 257 2083    +6085594    -44          10    +10   33 139  185  +47  246  +28  246   28  26  0  0 L3P 5A
G29 FF 61060 144600  780 476  739    +3897819    -45           1    +19   26  67  109  +12   93  -24   93  -24  20  0  0 L3P 1D
G31 FF 61060 144600  780 416 2402    +1715801    -32           4    -11   28  25  121  +12  161  +38  161   38  20  0  0 L3P 01
G05 FF 61060 150200  780 255  552    +2275938     +3          -7     -4   28  38  186   +6   90   +9   90    9  20  0  0 L3P AB
G16 FF 61060 150200  780 385 2993    -1916914    -72          -2     +5   28  61  130  -21   79  -56   79  -56  21  0  0 L3P 1D
G18 FF 61060 150200  780 649 1642    +4461052   -102          14     -5   24  79   89   -5  108  -24  108  -24  18  0  0 L3P 21
G21 FF 61060 150200  780 113  286    -3841172    -93          31    -20   45  42  401 +110  202  +33  202   33  37  0  0 L3P 0B
G25 FF 61060 150200  780 103 1354    -4487989   +105           2    +81   59  67  440 +261  328   -8  328   -8  45  0  0 L3P 47
G26 FF 61060 150200  780 698 2625    +3143167    +66          -8     +6   16   1   86   -2   94  -28   94  -28  12  0  0 L3P E5
G27 FF 61060 150200  780 105 2650     +225752   +134           1    +54   41  37  440 -251  298 -112  298 -112  32  0  0 L3P 55
G28 FF 61060 150200  780 189 2054    +6085546    -19          14    +36   48 139  247  +86  283  +31  283   31  38  0  0 L3P 61
G29 FF 61060 150200  780 408  770    +3897747    -49         -11    +15   22  67  123  +17   77  -38   77  -38  17  0  0 L3P 3B
G31 FF 61060 150200  780 364 2332    +1715784    -24           6     -4   29  25  136  +19  180  +25  180   25  20  0  0 L3P 05
G05 FF 61060 151800  780 239  479    +2275946    +83          -6    +77   44  38  198  +18   80  -77   80  -77  29  0  0 L3P 3E
G16 FF 61060 151800  780 456 2981    -1917008    -75         -23     +2   20  61  113  -14   79   +6   79    6  14  0  0 L3P F2
G18 FF 61060 151800  780 711 1507    +4460965   -111          19    -14   22  79   85   -3   73  -36   73  -36  14  0  0 L3P 1B
G23 FF 61060 151800  780 139 1464    -6019449    -75          30    -25   53  69  335 -155  284  -84  284  -84  44  0  0 L3P 7C
G26 FF 61060 151800  780 714 2401    +3143238    +73           6    +13   16   1   85   +0   68  -21   68  -21  11  0  0 L3P C3
G27 FF 61060 151800  780 166 2686     +225837   +111          11    +31   43  37  282 -105  202 -137  202 -137  33  0  0 L3P 6C
G28 FF 61060 151800  780 123 2028    +6085478   -110          -1    -55   49 139  374 +195  331  +81  331   81  41  0  0 L3P 70
G29 FF 61060 151800  780 342  804    +3897689    -67          -7     -3   27  67  143  +25   63   +0   63    0  21  0  0 L3P D8
G31 FF 61060 151800  780 305 2276    +1715781    -16          23     +5   34  25  158  +29  187   +4  187    4  27  0  0 L3P 0A
G05 FF 61060 153400  780 211  413    +2275957     -1          -1     -8   37  38  222  +34   78   +3   78    3  32  0  0 L3P AE
G16 FF 61060 153400  780 526 2950    -1917068    -31         -10    +45   24  61  102  -10   62  -45   62  -45  17  0  0 L3P 21
G18 FF 61060 153400  780 746 1269    +4460867    -68          14    +28   21  79   84   -1   50  -34   50  -34  15  0  0 L3P 0F
G23 FF 61060 153400  780 205 1433    -6019521     -6           7    +44   36  69  231  -74  211 -111  211 -111  27  0  0 L3P 2B
G26 FF 61060 153400  780 692 2181    +3143298    +67           8     +7   24   1   86   +2   60   -8   60   -8  16  0  0 L3P AA
G27 FF 61060 153400  780 229 2723     +225905    -20           2   -100   32  37  208  -57  113  +16  113   16  24  0  0 L3P 0B
G29 FF 61060 153400  780 277  840    +3897652    -85          17    -21   21  67  173  +37   43   -6   43   -6  14  0  0 L3P 00
G31 FF 61060 153400  780 244 2230    +1715769    +33          31    +53   40  25  194  +47  204   -8  204   -8  31  0  0 L3P 10
G05 FF 61060 155000  780 173  358    +2275975    -34          10    -41   28  38  268  +65   71  +55   71   55  23  0  0 L3P 0F
G16 FF 61060 155000  780 591 2886    -1917139   -104          -8    -27   26  61   94   -6   57  +15   57   15  16  0  0 L3P 15
G18 FF 61060 155000  780 739  984    +4460754   -115          -6    -18   19  79   84   +1   53   +4   53    4  13  0  0 L3P D9
G23 FF 61060 155000  780 271 1397    -6019582    -91          -7    -41   24  69  178  -42  170  -34  170  -34  19  0  0 L3P 4F
G26 FF 61060 155000  780 642 2031    +3143351    +90           3    +29   22   1   90   +5   70  -18   70  -18  15  0  0 L3P BD
G27 FF 61060 155000  780 294 2759     +225978   +131          -1    +51   23  37  165  -35   82  -57   82  -57  19  0  0 L3P 33
G29 FF 61060 155000  780 215  876    +3897574    -57           0     +7   29  67  219  +61   49  -19   49  -19  25  0  0 L3P 17
G31 FF 61060 155000  780 182 2192    +1715741     -4          23    +16   24  25  256  +86  245  +31  245   31  22  0  0 L3P 13
G05 FF 61060 160600  780 127  312    +2275960    +21          -9    +14   44  43  360 +136  137  +64  137   64  33  0  0 L3P 26
G16 FF 61060 160600  780 645 2774    -1917206    -93           0    -17   24  67   90   -4   47   +0   47    0  16  0  0 L3P BF
G18 FF 61060 160600  780 694  788    +4460687    -23          22    +74   16  80   86   +3   33  -44   33  -44  12  0  0 L3P FC
G23 FF 61060 160600  780 336 1353    -6019605     -3          12    +47   26  70  146  -26  110  -63  110  -63  19  0  0 L3P 22
G26 FF 61060 160600  780 577 1942    +3143412    +30          11    -30   24  14   95   +7   80  +37   80   37  18  0  0 L3P E6
G27 FF 61060 160600  780 361 2793     +226060    +60           0    -19   29  38  137  -23   64   +6   64    6  24  0  0 L3P CA
G29 FF 61060 160600  780 154  914    +3897518    -92           8    -29   59  68  300 +115   43  +20   43   20  44  0  0 L3P 10
G31 FF 61060 160600  780 120 2159    +1715700   -163           1   -143   38  25  380 +187  320 +171  320  171  28  0  0 L3P 69
G10 FF 61060 162200  780 160 1640    +5838433     +5          34    -20   34  25  292 -126  263 -114  263 -114  26  0  0 L3P 54
G16 FF 61060 162200  780 678 2600    -1917290    -65         -11    +11   21  67   87   -1   52  -13   52  -13  15  0  0 L3P FE
G18 FF 61060 162200  780 632  689    +4460580    -54           8    +43   24  80   90   +6   39  -34   39  -34  16  0  0 L3P E9
G23 FF 61060 162200  780 398 1297    -6019655    -50          10     +0   32  70  126  -16   67  -42   67  -42  23  0  0 L3P 0E
G26 FF 61060 162200  780 507 1890    +3143450    +35          -8    -25   21  14  104  +11  105  +29  105   29  16  0  0 L3P 18
G27 FF 61060 162200  780 430 2826     +226143    +75           6     -5   32  38  119  -16   49  -10   49  -10  24  0  0 L3P E2
G07 FF 61060 163800  780 116 3295    +1378996   +106          22    +55   55  54  393  -74  136 -130  136 -130  44  0  0 L3P 8B
G08 FF 61060 163800  780 185 2852    -5020395    +45          29     +1   48  66  254  -87   66  -39   66  -39  39  0  0 L3P 3C
G10 FF 61060 163800  780 231 1622    +5838440    -50          17    -75   35  25  206  -63  177  -11  177  -11  28  0  0 L3P 43
G15 FF 61060 163800  780 101  686    -3784315    -15          -3    +20   42  55  449 -132   69  -11   69  -11  36  0  0 L3P 21
G16 FF 61060 163800  780 678 2391    -1917344    -80           8     -4   18  67   87   +1   34   +0   34    0  12  0  0 L3P B0
G18 FF 61060 163800  780 563  644    +4460490    -40          11    +56   28  80   97   +8   31  -33   31  -33  20  0  0 L3P E9
G23 FF 61060 163800  780 454 1224    -6019708    -37           5    +13   23  70  113  -10   39  -36   39  -36  17  0  0 L3P 0D
G26 FF 61060 163800  780 433 1858    +3143528    +73          11    +13   24  14  117  +16  106   +6  106    6  20  0  0 L3P 00
G27 FF 61060 163800  780 502 2855     +226210    +53          -3    -26   27  38  105  -12   49   +4   49    4  19  0  0 L3P D5
G07 FF 61060 165400  780 133 3238    +1379063   +127          40    +75   42  54  344  -32   89  -58   89  -58  33  0  0 L3P 4C
G08 FF 61060 165400  780 249 2879    -5020336    +38          46     -6   42  66  192  -49   40  -12   40  -12  33  0  0 L3P 18
G10 FF 61060 165400  780 303 1601    +5838482     -7          34    -32   30  25  160  -36  126  -20  126  -20  23  0  0 L3P 17
G15 FF 61060 165400  780 127  623    -3784342    -32           4     +3   50  55  361  -61   81   +0   81    0  38  0  0 L3P AE
G16 FF 61060 165400  780 645 2213    -1917416   -128           9    -52   21  67   89   +4   38  +39   38   39  16  0  0 L3P 0B
G18 FF 61060 165400  780 492  629    +4460382   -113          -5    -16   29  80  107  +12   35   +5   35    5  19  0  0 L3P ED
G23 FF 61060 165400  780 500 1131    -6019772    -63         -11    -13   19  70  106   -6   38   -4   38   -4  14  0  0 L3P E9
G26 FF 61060 165400  780 360 1838    +3143570    +74          -4    +14   29  14  137  +25  133  +16  133   16  25  0  0 L3P 27
G27 FF 61060 165400  780 575 2879     +226275    +81         -14     +1   21  38   96   -8   48  -20   48  -20  14  0  0 L3P F4
G07 FF 61060 171000  780 141 3176    +1379095     +4          23    -48   26  54  327   -5  111  +41  111   41  21  0  0 L3P FC
G08 FF 61060 171000  780 316 2902    -5020325   +139          14    +95   30  66  154  -31   50  -79   50  -79  18  0  0 L3P 31
G10 FF 61060 171000  780 376 1574    +5838505    +54          34    +29   23  25  133  -23   86  -66   86  -66  18  0  0 L3P 33
G15 FF 61060 171000  780 144  555    -3784373    -73           6    -38   48  55  320  -26   95  +52   95   52  38  0  0 L3P 0A
G16 FF 61060 171000  780 590 2092    -1917481   -106          18    -30   20  67   94   +6   36  +30   36   30  16  0  0 L3P F9
G18 FF 61060 171000  780 422  631    +4460273    -92         -21     +5   27  80  120  +17   53   +0   53    0  20  0  0 L3P B3
G23 FF 61060 171000  780 529 1017    -6019815    -28          -6    +22   18  70  101   -3   32  -14   32  -14  12  0  0 L3P EC
G26 FF 61060 171000  780 288 1824    +3143656    -11          24    -72   29  14  167  +39  138  +81  138   81  21  0  0 L3P 3F
G27 FF 61060 171000  780 650 2892     +226357    +86          -9     +7   18  38   89   -6   39  -13   39  -13  12  0  0 L3P EA
G02 FF 61060 172600  780 109 2480     -208417   -177         -22    -95   52  58  423 -239  261   +4  261    4  42  0  0 L3P 36
G07 FF 61060 172600  780 138 3113    +1379139    +70          17    +19   36  54  333  +19  123  -31  123  -31  28  0  0 L3P 3C
G08 FF 61060 172600  780 384 2919    -5020284    +62          13    +18   32  66  130  -21   47   -6   47   -6  22  0  0 L3P FC
G10 FF 61060 172600  780 449 1537    +5838520   +105          25    +80   28  25  115  -15   58 -106   58 -106  20  0  0 L3P 54
G15 FF 61060 172600  780 150  486    -3784421    -91          -8    -56   53  55  307   -1  122  +26  122   26  37  0  0 L3P 13
G16 FF 61060 172600  780 523 2016    -1917581   -102          -9    -26   31  67  102  +10   62  +30   62   30  25  0  0 L3P 08
G18 FF 61060 172600  780 353  644    +4460195    -67          -6    +29   27  80  139  +24   51  -24   51  -24  22  0  0 L3P 10
G23 FF 61060 172600  780 537  890    -6019854    -35           3    +15   20  70  100   +0   26  -11   26  -11  15  0  0 L3P D3
G26 FF 61060 172600  780 218 1813    +3143699    +68           9     +8   46  14  216  +66  190  +51  190   51  33  0  0 L3P 21
G27 FF 61060 172600  780 726 2882     +226447    +72           4     -8   16  38   85   -4   30   +1   30    1  11  0  0 L3P 90
G02 FF 61060 174200  780 172 2516     -208491   -183         -18   -102   53  58  273 -100  175  -50  175  -50  38  0  0 L3P 72
G07 FF 61060 174200  780 125 3050    +1379218    +44          48     -7   41  54  366  +51   90   -7   90   -7  32  0  0 L3P ED
G08 FF 61060 174200  780 455 2929    -5020235    +79          19    +34   27  66  113  -14   36  -32   36  -32  21  0  0 L3P 22
G10 FF 61060 174200  780 518 1482    +5838541     -1          21    -26   24  25  103  -10   33   +7   33    7  16  0  0 L3P C8
G15 FF 61060 174200  780 145  418    -3784417    -94          30    -58   36  55  317  +23   84  +34   84   34  27  0  0 L3P 17
G16 FF 61060 174200  780 451 1969    -1917638    -60           6    +16   28  67  114  +15   66   +4   66    4  23  0  0 L3P EF
G18 FF 61060 174200  780 286  664    +4460107   -122          -1    -25   39  80  168  +36   47  +21   47   21  30  0  0 L3P 0B
G23 FF 61060 174200  780 523  768    -6019906    -60          -1    -10   30  70  102   +3   29  +12   29   12  22  0  0 L3P D1
G26 FF 61060 174200  780 150 1804    +3143755    -49           8   -109   29  14  308 +134  248 +158  248  158  20  0  0 L3P 7A
G27 FF 61060 174200  780 800 2796     +226509   +127          -9    +48   16  38   82   -2   41  -29   41  -29  11  0  0 L3P 01
G02 FF 61060 175800  780 235 2555     -208559    -10          -8    +71   32  58  202  -54   71 -132   71 -132  25  0  0 L3P 29
G07 FF 61060 175800  780 102 2988    +1379263    +35          44    -16   45  54  440 +110   72  +19   72   19  33  0  0 L3P 2F
G08 FF 61060 175800  780 526 2925    -5020202    +37           9     -8   24  66  102  -10   35   -1   35   -1  16  0  0 L3P CB
G10 FF 61060 175800  780 581 1400    +5838555    +53          12    +28   22  25   95   -6   37  -30   37  -30  15  0  0 L3P FA
G15 FF 61060 175800  780 128  353    -3784460    +23          22    +58   44  55  356  +59   91  -24   91  -24  35  0  0 L3P 23
G16 FF 61060 175800  780 378 1938    -1917702   -104          16    -28   34  67  131  +22   73  +28   73   28  26  0  0 L3P 3C
G18 FF 61060 175800  780 222  689    +4460009     +1          -7    +98   27  80  213  +59   59  -71   59  -71  18  0  0 L3P 16
G23 FF 61060 175800  780 489  667    -6019950    -40           3    +10   24  70  107   +7   32   -5   32   -5  17  0  0 L3P C8
G27 FF 61060 175800  780 853 2305     +226603   +125           8    +45   17  38   81   +0   31  -34   31  -34  11  0  0 L3P DC
G02 FF 61060 181400  780 300 2595     -208646    -86         -14     -4   35  59  162  -33   50  +14   50   14  27  0  0 L3P F5
G08 FF 61060 181400  780 597 2902    -5020155    +29          16    -16   20   6   94   -7   31  +11   31   11  15  0  0 L3P CC
G10 FF 61060 181400  780 631 1276    +5838575    +61           8    +36   26  25   91   -3   32  -32   32  -32  20  0  0 L3P E2
G15 FF 61060 181400  780 101  294    -3784502    +27          16    +63   31   0  444 +133  144  +49  144   49  25  0  0 L3P 1C
G16 FF 61060 181400  780 306 1916    -1917769    -64          19    +12   29  69  158  +35   96  +34   96   34  20  0  0 L3P 35
G18 FF 61060 181400  780 159  717    +4459919   -114          -1    -17   42  81  291 +111   58  +17   58   17  35  0  0 L3P 33
G23 FF 61060 181400  780 441  591    -6020007    -38          -8    +12   27  71  116  +11   44   -1   44   -1  19  0  0 L3P CC
G27 FF 61060 181400  780 814 1663     +226674    +42           3    -38   22  39   82   +2   28  +29   28   29  14  0  0 L3P D5
G02 FF 61060 183000  780 365 2636     -208711    -65           0    +17   30  59  136  -22   34   +1   34    1  25  0  0 L3P B4
G08 FF 61060 183000  780 665 2840    -5020123    +64           6    +20   21   6   88   -5   36   -9   36   -9  15  0  0 L3P B2
G10 FF 61060 183000  780 658 1107    +5838612    +34          20     +9   20  25   89   -1   24   +2   24    2  14  0  0 L3P A3
G16 FF 61060 183000  780 234 1900    -1917865   -139          -5    -63   27  69  202  +58  168 +100  168  100  21  0  0 L3P 6A
G23 FF 61060 183000  780 384  539    -6020073    -38         -25    +12   28  71  130  +18   74  +13   74   13  20  0  0 L3P FD
G27 FF 61060 183000  780 739 1538     +226739    +68          -9    -12   14  39   84   +3   37   +2   37    2   9  0  0 L3P B5
G01 FF 61060 184600  780 114 2574    -3419607    -14          -2    -54   39  21  405 -210  126  -96  126  -96  28  0  0 L3P 58
G02 FF 61060 184600  780 431 2679     -208789    -68           0    +14   33  59  118  -15   38   -2   38   -2  23  0  0 L3P E7
G08 FF 61060 184600  780 723 2704    -5020080    +16           6    -29   18   6   85   -2   36  +16   36   16  12  0  0 L3P C7
G10 FF 61060 184600  780 655  922    +5838608     +9          -8    -16   17  25   89   +1   48  +12   48   12  13  0  0 L3P D6
G16 FF 61060 184600  780 166 1886    -1917927     -2           6    +74   43  69  280 +113  212  +33  212   33  34  0  0 L3P 30
G23 FF 61060 184600  780 322  506    -6020104    -10          -9    +40   32  71  151  +27   77  -27   77  -27  23  0  0 L3P FA
G27 FF 61060 184600  780 660 1513     +226825   +110           1    +30   22  39   88   +6   28  -12   28  -12  14  0  0 L3P DA
G32 FF 61060 184600  780 153 1288    +1543032   -164           2     +8   26  14  304 -117  113  -63  113  -63  22  0  0 L3P 30
G01 FF 61060 190200  780 174 2611    -3419516   +105          50    +65   56  21  270  -93   18  -71   18  -71  44  0  0 L3P 2B
G02 FF 61060 190200  780 497 2724     -208881    -93         -13    -11   24  59  106  -11   48  +19   48   19  17  0  0 L3P 19
G08 FF 61060 190200  780 755 2453    -5020033    -18          11    -62   17   6   83   +0   30  +39   30   39  12  0  0 L3P C8
G10 FF 61060 190200  780 623  769    +5838642    +17           3     -8   16  25   91   +4   47  +20   47   20  10  0  0 L3P B3
G23 FF 61060 190200  780 257  488    -6020132    +38          11    +88   28  71  185  +45   61  -50   61  -50  23  0  0 L3P 0A
G27 FF 61060 190200  780 582 1513     +226906    +79           6     +0   23  39   95   +8   28   +9   28    9  18  0  0 L3P A8
G32 FF 61060 190200  780 212 1244    +1542897   -181          33     -9   32  14  223  -60   47  -39   47  -39  26  0  0 L3P 25
G01 FF 61060 191800  780 235 2649    -3419506    +27          22    -13   35  21  202  -52   30  +11   30   11  29  0  0 L3P F6
G02 FF 61060 191800  780 565 2770     -208961    -91         -14     -9   21  59   97   -8   51  +11   51   11  15  0  0 L3P E0
G08 FF 61060 191800  780 743 2158    -5020004    +40          -3     -4   17   6   84   +1   37  +20   37   20  12  0  0 L3P AB
G10 FF 61060 191800  780 572  666    +5838660    +68          -4    +43   18  25   96   +6   55  -31   55  -31  12  0  0 L3P F6
G14 FF 61060 191800  780 126 3265    -7299948    -49          31    -26   43  36  366 -119  110   -7  110   -7  33  0  0 L3P 48
G23 FF 61060 191800  780 192  482    -6020197    -15          -6    +35   50  71  243  +80   90   +2   90    2  35  0  0 L3P D1
G27 FF 61060 191800  780 504 1523     +226978    +96           1    +16   23  39  105  +12   36  -10   36  -10  18  0  0 L3P F4
G32 FF 61060 191800  780 269 1194    +1542693   -226          -7    -55   41  14  179  -35   53  +27   53   27  31  0  0 L3P 32
G01 FF 61060 193400  780 298 2688    -3419462    +59          28    +19   36  21  163  -33   35   -2   35   -2  28  0  0 L3P 0E
G02 FF 61060 193400  780 633 2818     -209038    -92         -13    -10   18  59   90   -6   53   +4   53    4  12  0  0 L3P C3
G08 FF 61060 193400  780 693 1965    -5019963    +53          -4     +9   13   6   86   +4   35   +0   35    0  10  0  0 L3P A7
G10 FF 61060 193400  780 511  604    +5838680    +56          -7    +31   27  25  104  +10   61  -19   61  -19  18  0  0 L3P 01
G14 FF 61060 193400  780 163 3216    -7299962    -62          39    -39   41  36  285  -58   81  -23   81  -23  30  0  0 L3P 3D
G23 FF 61060 193400  780 128  485    -6020247    -69          -7    -19   63  71  359 +176  110  +30  110   30  46  0  0 L3P 33
G27 FF 61060 193400  780 427 1536     +227063    +85          10     +6   27  39  119  +18   41  +19   41   19  20  0  0 L3P EC
G32 FF 61060 193400  780 322 1135    +1542563   -169          28     +3   21  14  152  -22   18  -13   18  -13  17  0  0 L3P 0C
G01 FF 61060 195000  780 362 2727    -3419440    +10          11    -30   34  21  137  -22   54  +26   54   26  24  0  0 L3P F8
G02 FF 61060 195000  780 703 2872     -209102     -6           1    +76   18  59   86   -4   43  -59   43  -59  13  0  0 L3P D1
G08 FF 61060 195000  780 626 1865    -5019914    +38           1     -6   22   6   91   +6   30   +6   30    6  15  0  0 L3P 93
G10 FF 61060 195000  780 445  572    +5838697    +15         -14    -10   26  25  115  +14   70  +30   70   30  18  0  0 L3P 01
G14 FF 61060 195000  780 193 3158    -7300009    +83          15   +106   33  36  243  -30   69 -102   69 -102  22  0  0 L3P 48
G22 FF 61060 195000  780 120 3293     +565131   -142          -1    -98   50   4  383 -126  121  +40  121   40  36  0  0 L3P 16
G27 FF 61060 195000  780 352 1550     +227137   +126           8    +47   23  39  140  +26   55  -20   55  -20  18  0  0 L3P 02
G32 FF 61060 195000  780 367 1065    +1542376   -202           6    -30   24  14  135  -14   37  +35   37   35  17  0  0 L3P 09
G01 FF 61060 200600  780 428 2765    -3419396    +19          20    -21   30  22  119  -16   45  +20   45   20  21  0  0 L3P FA
G02 FF 61060 200600  780 772 2938     -209182   -104          -2    -22   21  60   83   -2   44  +10   44   10  13  0  0 L3P C7
G03 FF 61060 200600  780 122 2244    -5930913    +24          49    -81   59  99  382 -207  210  -47  210  -47  49  0  0 L3P 5F
G08 FF 61060 200600  780 553 1814    -5019859    +81          14    +37   24   6   98   +9   22  -26   22  -26  17  0  0 L3P F4
G10 FF 61060 200600  780 377  559    +5838712    +33         -25     +8   28  26  132  +21   85   +4   85    4  21  0  0 L3P D6
G14 FF 61060 200600  780 211 3093    -7300014    -51          35    -28   34  37  223  -14   47  +11   47   11  26  0  0 L3P F3
G22 FF 61060 200600  780 156 3244     +565111    +14          20    +58   28  25  298  -61   87  -57   87  -57  21  0  0 L3P 16
G27 FF 61060 200600  780 279 1564     +227212    +89           6    +10   33  41  172  +42   78  +15   78   15  24  0  0 L3P EB
G32 FF 61060 200600  780 403  982    +1542204   -196          -1    -24   26  14  125   -8   48  +23   48   23  21  0  0 L3P EA
G01 FF 61060 202200  780 496 2803    -3419367    +23          11    -17   24  22  106  -11   46   +2   46    2  17  0  0 L3P D5
G02 FF 61060 202200  780 842 3066     -209260    -43          -2    +39   16  60   81   -1   42  -33   42  -33  10  0  0 L3P C4
G03 FF 61060 202200  780 188 2274    -5930810   +144          52    +39   38  99  250  -89  107 -108  107 -108  28  0  0 L3P 88
G08 FF 61060 202200  780 477 1788    -5019831    +84          -1    +40   29   6  109  +13   42  -23   42  -23  21  0  0 L3P FF
G10 FF 61060 202200  780 310  559    +5838739    -16         -22    -41   34  26  156  +31   88  +26   88   26  26  0  0 L3P 16
G14 FF 61060 202200  780 219 3023    -7300057    -32          14     -9   34  37  216   -1   61  +19   61   19  26  0  0 L3P DA
G22 FF 61060 202200  780 183 3187     +565053   -100           3    -56   45  25  255  -31   86  +40   86   40  30  0  0 L3P F2
G27 FF 61060 202200  780 209 1577     +227314    +82          32     +2   30  41  225  +73   95  +33   95   33  24  0  0 L3P E0
G32 FF 61060 202200  780 424  889    +1542035   -117          -5    +54   25  14  120   -3   56  -40   56  -40  19  0  0 L3P F8
G01 FF 61060 203800  780 565 2839    -3419333     +0           6    -40   30  22   97   -8   49  +25   49   25  23  0  0 L3P CF
G02 FF 61060 203800  780 878  691     -209325    -82          12     +0   17  60   81   +0   32  -10   32  -10  11  0  0 L3P A5
G03 FF 61060 203800  780 256 2307    -5930741   +123          20    +19   28  99  187  -48   67  -70   67  -70  22  0  0 L3P 44
G08 FF 61060 203800  780 402 1774    -5019789    +38          -2     -6   27   6  125  +20   47  +16   47   16  22  0  0 L3P EF
G10 FF 61060 203800  780 244  568    +5838745    +52         -40    +27   36  26  195  +50  107  -10  107  -10  27  0  0 L3P 38
G14 FF 61060 203800  780 214 2952    -7300075    +26          18    +49   29  37  220  +10   55  -33   55  -33  22  0  0 L3P 13
G17 FF 61060 203800  780 115 3167     +385866    +42         -36    -72   35  60  401 -210  153  +38  153   38  25  0  0 L3P 44
G22 FF 61060 203800  780 200 3123     +565013    -15           7    +29   51  25  235  -13   73  -27   73  -27  35  0  0 L3P E9
G27 FF 61060 203800  780 140 1587     +227364    +68           6    -12   29  41  328 +155  171  +84  171   84  22  0  0 L3P 2C
G32 FF 61060 203800  780 430  791    +1541863   -134         -13    +38   28  14  118   +1   61  -33   61  -33  22  0  0 L3P 08
G01 FF 61060 205400  780 637 2871    -3419308    +97          -7    +57   22  22   90   -6   54  -45   54  -45  13  0  0 L3P 01
G02 FF 61060 205400  780 811 1082     -209410    -90           5     -8   17  60   82   +2   27   -4   27   -4  11  0  0 L3P 88
G03 FF 61060 205400  780 326 2344    -5930645    +82          16    -23   32  99  150  -30   37   -7   37   -7  23  0  0 L3P FD
G08 FF 61060 205400  780 328 1766    -5019747    +98          -1    +54   44   6  149  +30   58   -7   58   -7  32  0  0 L3P FF
G10 FF 61060 205400  780 179  584    +5838788    +76         -21    +51   42  26  260  +91  103   -3  103   -3  33  0  0 L3P 18
G14 FF 61060 205400  780 198 2881    -7300091    +62          24    +85   46  37  237  +25   47  -69   47  -69  34  0  0 L3P 3C
G17 FF 61060 205400  780 176 3157     +386027   +105          16    -10   42  60  267  -91   93  -12   93  -12  32  0  0 L3P 19
G22 FF 61060 205400  780 205 3056     +564962   -142          -2    -97   39  25  228   +0   79  +59   79   59  25  0  0 L3P 15
G32 FF 61060 205400  780 418  697    +1541707   -159          -5    +13   21  14  121   +5   56   +7   56    7  14  0  0 L3P D2
G01 FF 61060 211000  780 709 2898    -3419261    +62           2    +23   16  22   86   -4   46  -21   46  -21  10  0  0 L3P D9
G02 FF 61060 211000  780 740 1165     -209500    -92          -6    -10   18  60   84   +3   32  +10   32   10  10  0  0 L3P A3
G03 FF 61060 211000  780 396 2385    -5930564    +70          -3    -35   26  99  127  -20   34  +19   34   19  20  0  0 L3P 0F
G08 FF 61060 211000  780 256 1761    -5019713    -13         -10    -57   22   6  186  +50   91  +55   91   55  17  0  0 L3P 09
G10 FF 61060 211000  780 116  606    +5838840    +48           7    +23   51  26  393 +204  108   -4  108   -4  39  0  0 L3P 02
G14 FF 61060 211000  780 171 2814    -7300134    -92           2    -69   58  37  271  +48   56  +51   56   51  44  0  0 L3P 01
G17 FF 61060 211000  780 234 3137     +386126    +80           4    -35   38  60  203  -49   95  +10   95   10  28  0  0 L3P E5
G22 FF 61060 211000  780 200 2988     +564919    -53          -3     -9   34  25  235  +13   81   +3   81    3  27  0  0 L3P BE
G32 FF 61060 211000  780 390  614    +1541515   -170         -31     +2   25  14  128  +10   88  +17   88   17  19  0  0 L3P FA
G01 FF 61060 212600  780 784 2907    -3419214    +39          11     +0   23  22   83   -2   38   -9   38   -9  16  0  0 L3P C4
G02 FF 61060 212600  780 668 1219     -209565    -72           8    +10   23  60   88   +5   18  -16   18  -16  15  0  0 L3P D9
G03 FF 61060 212600  780 468 2430    -5930463    +65          -2    -40   30  99  111  -14   35  +27   35   27  21  0  0 L3P 02
G08 FF 61060 212600  780 185 1757    -5019687    -51         -27    -96   31   6  252  +92  147 +133  147  133  25  0  0 L3P 6A
G14 FF 61060 212600  780 137 2752    -7300159    +12          -1    +35   39  37  335  +91   61  -17   61  -17  31  0  0 L3P 10
G17 FF 61060 212600  780 290 3105     +386228    +89          -4    -26   19  60  166  -29   93   +1   93    1  15  0  0 L3P DF
G22 FF 61060 212600  780 183 2921     +564887    -16           8    +29   34  25  255  +30   70   -7   70   -7  29  0  0 L3P E3
G32 FF 61060 212600  780 350  547    +1541358   -137         -24    +35   27  14  140  +16   98   -3   98   -3  19  0  0 L3P 0B
G01 FF 61060 214200  780 858 2808    -3419179    +63           8    +23   14  22   81   -1   38  -19   38  -19  11  0  0 L3P F0
G02 FF 61060 214200  780 596 1263     -209665   -110         -14    -28   21  60   94   +7   36  +29   36   29  15  0  0 L3P FB
G03 FF 61060 214200  780 540 2482    -5930366    +91          -6    -14   23  99  100  -10   35  +15   35   15  18  0  0 L3P 00
G04 FF 61060 214200  780 108 1895     -394008     +8          28    +31   43  70  428 -270  204 -100  204 -100  37  0  0 L3P 40
G08 FF 61060 214200  780 118 1752    -5019642    +94         -24    +50   42   6  389 +214  207  +27  207   27  29  0  0 L3P 47
G17 FF 61060 214200  780 341 3060     +386352   +109           9     -5   26  60  144  -18   72  -10   72  -10  18  0  0 L3P EA
G19 FF 61060 214200  780 136 3206    -6864979    +86          44   +103   36  98  340 -145  158 -113  158 -113  29  0  0 L3P A7
G22 FF 61060 214200  780 156 2857     +564839   -131           2    -86   45  25  295  +57   74  +62   74   62  38  0  0 L3P 1D
G32 FF 61060 214200  780 301  496    +1541220   -167           4     +4   28  14  160  +26   86  +12   86   12  21  0  0 L3P D4
G01 FF 61060 215800  780 859 1474    -3419124    +81          24    +41   19  22   81   +1   26  -29   26  -29  13  0  0 L3P FB
G02 FF 61060 215800  780 524 1302     -209741    -69         -12    +12   27  60  102  +10   36   -6   36   -6  20  0  0 L3P D7
G03 FF 61060 215800  780 613 2543    -5930274    +82         -14    -22   17  99   92   -7   40  +15   40   15  12  0  0 L3P F7
G04 FF 61060 215800  780 178 1896     -394053    -32           6    -10   38  70  264 -105  154  -80  154  -80  27  0  0 L3P 3D
G17 FF 61060 215800  780 384 2998     +386473    +90          21    -25   25  60  130  -11   59  +12   59   12  20  0  0 L3P 05
G19 FF 61060 215800  780 193 3180    -6865005    +55          34    +73   41  98  243  -69  123  -78  123  -78  30  0  0 L3P 5F
G22 FF 61060 215800  780 122 2798     +564792    +47          -2    +92   61  25  373 +111   70  -62   70  -62  40  0  0 L3P 1D
G28 FF 61060 215800  780 177  868    +6084198    -52          33     +2   28 142  264  -57   25   -8   25   -8  22  0  0 L3P 05
G32 FF 61060 215800  780 246  460    +1541052   -156           0    +16   20  14  193  +43  108  +17  108   17  15  0  0 L3P 0A
G01 FF 61060 221400  780 783 1366    -3419090    +72          18    +32   19  23   83   +2   26  -22   26  -22  13  0  0 L3P EB
G02 FF 61060 221400  780 453 1337     -209827    -60           3    +22   24  22  114  +14   39  -17   39  -17  16  0  0 L3P EA
G03 FF 61060 221400  780 685 2621    -5930168    +64          -6    -40   19 103   87   -4   38  +31   38   31  14  0  0 L3P FA
G04 FF 61060 221400  780 250 1898     -394071    -90          13    -67   37  71  191  -54   79   -9   79   -9  27  0  0 L3P 0D
G17 FF 61060 221400  780 416 2921     +386564   +100           8    -15   20  61  122   -6   70   +7   70    7  14  0  0 L3P B7
G19 FF 61060 221400  780 247 3142    -6865054    +21          12    +39   28  11  193  -39  114  -31  114  -31  22  0  0 L3P 33
G28 FF 61060 221400  780 212  803    +6084127    -49          17     +5   36 143  223  -31   47  +11   47   11  28  0  0 L3P F2
G31 FF 61060 221400  780 127 1118    +1715238     +7           7    +27   50  75  365 -150   46  -40   46  -40  41  0  0 L3P 00
G32 FF 61060 221400  780 188  436    +1540902    -98          18    +74   39  15  249  +77  140   -8  140   -8  29  0  0 L3P 20
G01 FF 61060 223000  780 705 1369    -3419076    +73          -6    +33   15  23   86   +4   43  -25   43  -25   9  0  0 L3P E0
G02 FF 61060 223000  780 382 1368     -209896    -57          13    +25   26  22  130  +21   33  -14   33  -14  19  0  0 L3P FC
G03 FF 61060 223000  780 756 2738    -5930084    +88         -22    -17   17 103   83   -3   51   +8   51    8  12  0  0 L3P EA
G04 FF 61060 223000  780 325 1901     -394086    -17          20     +5   33  71  151  -32   37  -29   37  -29  24  0  0 L3P F1
G17 FF 61060 223000  780 433 2831     +386667    +55           1    -60   27  61  118   -2   64  +28   64   28  20  0  0 L3P DB
G19 FF 61060 223000  780 294 3092    -6865080    +42           4    +60   36  11  164  -23  104  -66  104  -66  22  0  0 L3P 28
G28 FF 61060 223000  780 237  732    +6084067    -34          10    +21   29 143  200  -16   80   -1   80   -1  20  0  0 L3P DB
G31 FF 61060 223000  780 178 1066    +1715217    -16           6     +4   32  75  263  -73   36  +24   36   24  25  0  0 L3P E5
G32 FF 61060 223000  780 127  423    +1540745   -355          26   -184   44  15  360 +169  181  +40  181   40  30  0  0 L3P 4A
G01 FF 61060 224600  780 627 1388    -3419029    +34           2     -6   23  23   91   +7   35   +1   35    1  15  0  0 L3P 99
G02 FF 61060 224600  780 312 1397     -209966    -99          22    -17   24  22  155  +32   39  +29   39   29  19  0  0 L3P 15
G03 FF 61060 224600  780 820 2990    -5929994    +80         -32    -25   17 103   82   -1   54  +19   54   19  11  0  0 L3P 19
G04 FF 61060 224600  780 402 1902     -394111    -20          17     +3   22  71  125  -21   24  -21   24  -21  16  0  0 L3P CE
G06 FF 61060 224600  780 118 3053    +6043488     -2          75    -37   39   6  393 -209  123   +9  123    9  32  0  0 L3P 0C
G09 FF 61060 224600  780 121 2081    -7704147   -118          24   -116   37  75  383 -213  165   -5  165   -5  30  0  0 L3P 57
G17 FF 61060 224600  780 434 2734     +386768   +139          -8    +24   30  61  118   +2   59   -7   59   -7  23  0  0 L3P F8
G19 FF 61060 224600  780 333 3027    -6865085     +8          16    +26   32  11  147  -14   82  -36   82  -36  29  0  0 L3P 1B
G28 FF 61060 224600  780 251  658    +6084015    -36           9    +18   35 143  190   -6   78  -23   78  -23  28  0  0 L3P 10
G31 FF 61060 224600  780 225 1006    +1715197    +12           5    +32   36  75  211  -41   47  -19   47  -19  30  0  0 L3P FF
G01 FF 61060 230200  780 550 1411    -3418991    +48           2     +8   20  23   99  +10   32  -15   32  -15  14  0  0 L3P CD
G02 FF 61060 230200  780 243 1423     -210039   -126          27    -44   38  22  195  +53   44  +38   44   38  28  0  0 L3P 06
G03 FF 61060 230200  780 842   59    -5929891   +119         -30    +15   13 103   81   +0   52  -20   52  -20   9  0  0 L3P E4
G04 FF 61060 230200  780 480 1900     -394158     +5          -8    +28   28  71  109  -14   38  -25   38  -25  22  0  0 L3P F4
G06 FF 61060 230200  780 182 3066    +6043493    +60          46    +25   41   6  259  -92  121  -38  121  -38  29  0  0 L3P 30
G09 FF 61060 230200  780 190 2097    -7704188    -12         -16     -9   48  75  248  -90  103  -80  103  -80  36  0  0 L3P 4B
G17 FF 61060 230200  780 418 2638     +386884   +110          -2     -5   16  61  121   +6   54   +0   54    0  13  0  0 L3P AF
G19 FF 61060 230200  780 359 2948    -6865103    -94          16    -75   30  11  138   -7   68  +41   68   41  23  0  0 L3P 16
G28 FF 61060 230200  780 252  583    +6083960    -18           6    +37   31 143  189   +4   76  -28   76  -28  23  0  0 L3P 0E
G31 FF 61060 230200  780 266  939    +1715196    -22          24     -2   28  75  180  -24   42  +17   42   17  21  0  0 L3P E7
G01 FF 61060 231800  780 473 1434    -3418945     -5          10    -45   20  23  110  +14   26  +29   26   29  14  0  0 L3P EE
G02 FF 61060 231800  780 175 1446     -210117    -39          27    +43   36  22  266 +100   54  -21   54  -21  27  0  0 L3P 09
G03 FF 61060 231800  780 794  521    -5929784   +107         -24     +2   14 103   82   +2   42   +2   42    2  11  0  0 L3P C4
G04 FF 61060 231800  780 558 1890     -394174    -32          -3     -9   22  71   98  -10   35  +17   35   17  17  0  0 L3P E3
G06 FF 61060 231800  780 247 3073    +6043520    +66          39    +31   31   6  193  -50  110  -45  110  -45  20  0  0 L3P 18
G09 FF 61060 231800  780 261 2116    -7704176    -66          -1    -64   32  75  184  -49   37   +6   37    6  25  0  0 L3P FD
G17 FF 61060 231800  780 387 2552     +386998   +147           1    +33   37  61  129  +11   40  -38   40  -38  31  0  0 L3P 19
G19 FF 61060 231800  780 371 2860    -6865121    +10          15    +28   38  11  134   -1   61  -12   61  -12  31  0  0 L3P F7
G28 FF 61060 231800  780 241  510    +6083898    -53          -3     +1   36 143  197  +14   92  +20   92   20  27  0  0 L3P F9
G31 FF 61060 231800  780 297  863    +1715159     -4           6    +16   42  75  163  -13   68  -19   68  -19  37  0  0 L3P 05
G01 FF 61060 233400  780 398 1457    -3418904    +40          13     +0   33  23  126  +20   25  -10   25  -10  23  0  0 L3P E8
G02 FF 61060 233400  780 109 1466     -210282   -405         -59   -323  100  22  419 +247  150 +303  150  303  69  0  0 L3P 86
G03 FF 61060 233400  780 728  692    -5929693   +106         -33     +2   15 103   85   +3   55   -8   55   -8  11  0  0 L3P EE
G04 FF 61060 233400  780 637 1863     -394204    -43         -11    -21   28  71   90   -6   38  +16   38   16  19  0  0 L3P ED
G06 FF 61060 233400  780 314 3071    +6043550    +11          35    -25   34   6  155  -31   83   +2   83    2  25  0  0 L3P C3
G09 FF 61060 233400  780 334 2137    -7704191    -48         -13    -45   32  75  147  -30   28  +29   28   29  23  0  0 L3P 2B
G17 FF 61060 233400  780 345 2477     +387103   +176          -4    +62   23  61  142  +17   38  -42   38  -42  17  0  0 L3P 1A
G19 FF 61060 233400  780 367 2768    -6865156    -48          -2    -30   27  11  135   +4   75  +37   75   37  22  0  0 L3P 13
G28 FF 61060 233400  780 217  444    +6083852    -65           3    -11   27 143  217  +28  106  +13  106   13  24  0  0 L3P 16
G31 FF 61060 233400  780 316  780    +1715142    +42           9    +62   30  75  154   -6   70  -29   70  -29  26  0  0 L3P E6
G01 FF 61060 235000  780 324 1478    -3418881    +92          -2    +52   36  23  150  +31   35  -21   35  -21  25  0  0 L3P 05
G03 FF 61060 235000  780 658  790    -5929595    +56         -35    -49   16 103   88   +5   52  +41   52   41   9  0  0 L3P 03
G04 FF 61060 235000  780 712 1795     -394234    -41         -19    -18   25  71   85   -4   51  +18   51   18  19  0  0 L3P F1
G06 FF 61060 235000  780 380 3056    +6043565     -5          16    -40   32   6  131  -20   79  +15   79   15  22  0  0 L3P E3
G09 FF 61060 235000  780 408 2160    -7704210    +14         -31    +17   25  75  124  -20   43  -11   43  -11  20  0  0 L3P 03
G17 FF 61060 235000  780 294 2414     +387233   +131          16    +17   25  61  164  +28   29  -13   29  -13  19  0  0 L3P 19
G19 FF 61060 235000  780 347 2680    -6865163    -10           8     +8   33  11  141  +10   64   -4   64   -4  26  0  0 L3P D1
G28 FF 61060 235000  780 183  387    +6083803    -80           7    -26   35 143  255  +53   99  +34   99   34  29  0  0 L3P 1F
G31 FF 61060 235000  780 321  695    +1715119    -15           5     +6   24  75  152   +1   87  -11   87  -11  20  0  0 L3P C7
