CGGTTS     GENERIC DATA FORMAT VERSION = 2E
REV DATE = 2026-01-01                    
RCVR = POLARX5-TR                    R2CGGTTS v8.8    
CH = 99 
IMS = POLARX5-TR                    
LAB = PTB                           
X = +3844059.67 m 
Y =  +709661.67 m 
Z = +5023129.80 m 
FRAME = ITRF
COMMENTS =           IGS RINEX,AUSPOS XYZ          
INT DLY =   31.0 ns (GPS P1),   28.5 ns (GPS P2)     CAL_ID = 1001-2022           
CAB DLY =  205.7 ns 
REF DLY =   56.2 ns
REF = UTC(PTB)                      
CKSUM = 5E

SAT CL  MJD  STTIME TRKL ELV AZTH   REFSV      SRSV     REFSYS    SRSYS  DSG IOE MDTR SMDT MDIO SMDI MSIO SMSI ISG FR HC FRC CK
             hhmmss  s  .1dg .1dg    .1ns     .1ps/s     .1ns    .1ps/s .1ns     .1ns.1ps/s.1ns.1ps/s.1ns.1ps/s.1ns
G01 FF 61057 000600  780 326 1478    -3432213    -12         -11    -49   33 214  149  +31   73  +68   73   68  23  0  0 L3P 2C
G03 FF 61057 000600  780 660  788    -5965473    +52         -31    -51   18  92   88   +5   39  +39   39   39  12  0  0 L3P 0C
G04 FF 61057 000600  780 712 1793     -386209    -44         -41    -20   24  21   85   -4   54   +5   54    5  16  0  0 L3P C0
G06 FF 61057 000600  780 378 3057    +6031076    -17         -30    -55   31  10  132  -20   46  +30   46   30  20  0  0 L3P 00
G09 FF 61057 000600  780 405 2160    -7703350    +13         -40    +17   28  10  125  -20   79  -25   79  -25  21  0  0 L3P 1B
G17 FF 61057 000600  780 296 2418     +347605   +118         -24     +2   25  65  163  +27   71  +18   71   18  19  0  0 L3P 12
G19 FF 61057 000600  780 348 2681    -6859084    -21         -24     -3   32  34  141  +10   56   +0   56    0  24  0  0 L3P E1
G28 FF 61057 000600  780 183  387    +6102394    -85         -18    -31   48  94  255  +53   48  +34   48   34  35  0  0 L3P 28
G31 FF 61057 000600  780 320  695    +1722312     -4         -17    +17   25  31  152   +1   33  -25   33  -25  19  0  0 L3P DA
G01 FF 61057 002200  780 253 1498    -3432170    +92          -4    +54   37 214  188  +51   75  -24   75  -24  28  0  0 L3P 30
G03 FF 61057 002200  780 591  861    -5965385   +126         -42    +23   21  92   94   +7   48  -21   48  -21  15  0  0 L3P 11
G04 FF 61057 002200  780 776 1619     -386216    -29         -24     -5   19  21   83   -2   39   +4   39    4  12  0  0 L3P BA
G06 FF 61057 002200  780 443 3027    +6031119    -16         -24    -53   31  10  116  -14   36  +41   36   41  22  0  0 L3P FB
G09 FF 61057 002200  780 480 2185    -7703346     -3         -33     +0   30  10  109  -14   60   -9   60   -9  22  0  0 L3P D2
G17 FF 61057 002200  780 241 2365     +347727   +140         -14    +24   32  65  197  +45   81   -6   81   -6  25  0  0 L3P 07
G19 FF 61057 002200  780 315 2600    -6859092     +0         -14    +19   37  34  154  +17   57  -13   57  -13  27  0  0 L3P 1A
G28 FF 61057 002200  780 140  339    +6102304     -9         -56    +44   54  94  327 +105   90   -9   90   -9  42  0  0 L3P F9
G31 FF 61057 002200  780 310  613    +1722285     +7         -24    +28   28  31  156   +8   35  -12   35  -12  19  0  0 L3P E1
G01 FF 61057 003800  780 183 1515    -3432155    +56         -24    +19   44 214  255  +96  106  +14  106   14  31  0  0 L3P 46
G03 FF 61057 003800  780 522  922    -5965277    +32         -34    -71   25  92  102  +10   47  +58   47   58  18  0  0 L3P 1C
G04 FF 61057 003800  780 803 1229     -386249     +5         -35    +29   24  21   82   +0   44  -26   44  -26  15  0  0 L3P E2
G06 FF 61057 003800  780 503 2973    +6031147    +62         -31    +24   26  10  105   -9   40  -20   40  -20  18  0  0 L3P FC
G09 FF 61057 003800  780 557 2212    -7703346     +4         -30     +7   36  10   98   -9   53   -9   53   -9  25  0  0 L3P D0
G11 FF 61057 003800  780 102 3160    +4716728   -252           4   -118   38  67  452 -271   54  +55   54   55  26  0  0 L3P 40
G17 FF 61057 003800  780 183 2319     +347854   +139           2    +23   44  65  255  +80   74  -29   74  -29  35  0  0 L3P 26
G19 FF 61057 003800  780 272 2529    -6859104    -42          -9    -24   45  34  176  +29   67  +24   67   24  34  0  0 L3P 2C
G31 FF 61057 003800  780 286  538    +1722266    -12         -23     +9   30  31  168  +17   30  -15   30  -15  21  0  0 L3P F6
G01 FF 61057 005400  780 114 1529    -3432084   +216          10   +178   61 214  401 +233   84 -137   84 -137  43  0  0 L3P 7F
G03 FF 61057 005400  780 454  977    -5965179   +132         -35    +28   23  92  113  +14   50  -20   50  -20  16  0  0 L3P 2A
G04 FF 61057 005400  780 770  868     -386257     -7         -20    +17   13  21   83   +2   33   -8   33   -8   9  0  0 L3P A5
G06 FF 61057 005400  780 555 2888    +6031192    +42         -23     +5   20  10   98   -6   38   +3   38    3  14  0  0 L3P C3
G09 FF 61057 005400  780 635 2239    -7703356    +17         -35    +21   20  10   90   -6   57  -16   57  -16  12  0  0 L3P 08
G11 FF 61057 005400  780 164 3153    +4716578    -78         -19    +55   43  67  286 -107   47  -67   47  -67  30  0  0 L3P 65
G17 FF 61057 005400  780 124 2279     +347984   +193          20    +77   54  65  369 +171   69  -39   69  -39  42  0  0 L3P 61
G19 FF 61057 005400  780 221 2467    -6859134     +8         -22    +26   33  34  213  +49   94  -11   94  -11  25  0  0 L3P 21
G31 FF 61057 005400  780 251  474    +1722255    +29         -14    +50   34  31  190  +30   29  -30   29  -30  25  0  0 L3P 03
G03 FF 61057 011000  780 387 1026    -5965082    +84         -37    -19   23  92  129  +19   61  +29   61   29  17  0  0 L3P 31
G04 FF 61057 011000  780 706  721     -386288    +14         -28    +38   21  21   86   +4   39  -36   39  -36  14  0  0 L3P EA
G06 FF 61057 011000  780 590 2768    +6031239    +24         -11    -14   17  10   94   -3   33   +7   33    7  12  0  0 L3P C4
G07 FF 61057 011000  780 133 1779    +1362749    +54          12     +3   35 139  350 -180   77   +7   77    7  26  0  0 L3P 0C
G09 FF 61057 011000  780 713 2265    -7703357     +1         -34     +4   15  10   85   -4   52   -6   52   -6  11  0  0 L3P B0
G11 FF 61057 011000  780 225 3138    +4716421   -228         -48    -95   46  67  211  -56   56  +69   56   69  29  0  0 L3P 4E
G19 FF 61057 011000  780 167 2414    -6859110    +52          20    +70   47  34  278  +92   75  -27   75  -27  35  0  0 L3P 2F
G31 FF 61057 011000  780 206  422    +1722241    -25          -9     -5   43  31  228  +52   33  +25   33   25  35  0  0 L3P CA
G03 FF 61057 012600  780 321 1073    -5964974    +98         -28     -5   27  92  151  +28   68  +17   68   17  22  0  0 L3P 2A
G04 FF 61057 012600  780 635  669     -386312    +39         -29    +63   24  21   90   +6   38  -43   38  -43  16  0  0 L3P F3
G06 FF 61057 012600  780 603 2619    +6031266    +63         -21    +26   21  10   93   +0   43  -17   43  -17  14  0  0 L3P F0
G07 FF 61057 012600  780 202 1769    +1362794   +156           8   +105   43 139  234  -81   78  -92   78  -92  33  0  0 L3P 61
G09 FF 61057 012600  780 792 2283    -7703343    +39         -16    +42   19  10   82   -2   35  -26   35  -26  13  0  0 L3P 0D
G11 FF 61057 012600  780 284 3110    +4716292   -105         -49    +28   26  67  170  -33   51   -9   51   -9  19  0  0 L3P 20
G26 FF 61057 012600  780 118  541    +3124690    +65         -13     +5   63  73  387  -45   50   +2   50    2  49  0  0 L3P D5
G31 FF 61057 012600  780 154  382    +1722222     +3          -9    +23   30  31  299 +102   50   +1   50    1  26  0  0 L3P B1
G03 FF 61057 014200  780 256 1116    -5964859    +76         -13    -27   30  92  186  +44   70  +39   70   39  24  0  0 L3P 35
G04 FF 61057 014200  780 563  657     -386319     -2         -13    +22   19  21   97   +8   28  -16   28  -16  13  0  0 L3P D9
G06 FF 61057 014200  780 589 2467    +6031309    +59         -14    +22   24  10   94   +3   42   -7   42   -7  17  0  0 L3P E3
G07 FF 61057 014200  780 274 1759    +1362825    +49         -10     -3   27 139  176  -44   79  -21   79  -21  20  0  0 L3P 3C
G09 FF 61057 014200  780 869 2218    -7703350     -7         -20     -4   19  10   81   -1   37   -1   37   -1  12  0  0 L3P B7
G11 FF 61057 014200  780 339 3068    +4716205   -118          -9    +15   29  67  145  -20   23  -18   23  -18  20  0  0 L3P 28
G21 FF 61057 014200  780 139 2917    -3817959    -22          -3    +56   31 236  334 -146   20  -35   20  -35  30  0  0 L3P 3E
G26 FF 61057 014200  780 126  475    +3124774   +102          13    +42   44  73  362  -10   44  -12   44  -12  34  0  0 L3P 08
G03 FF 61057 015800  780 193 1156    -5964744   +127           3    +23   35  92  242  +78   71  -16   71  -16  26  0  0 L3P 30
G04 FF 61057 015800  780 492  665     -386346    -22         -17     +2   24  21  107  +12   33   +1   33    1  16  0  0 L3P B3
G06 FF 61057 015800  780 552 2340    +6031324    +14         -35    -23   27  10   98   +6   63  +22   63   22  20  0  0 L3P E5
G07 FF 61057 015800  780 347 1746    +1362843    +19         -41    -33   29 139  142  -27   84   +6   84    6  22  0  0 L3P 21
G09 FF 61057 015800  780 852  682    -7703346     +4         -13     +8   17  10   81   +1   30  -10   30  -10  13  0  0 L3P BC
G11 FF 61057 015800  780 387 3010    +4716061   -115         -25    +18   27  67  129  -13   30   -7   30   -7  17  0  0 L3P 13
G21 FF 61057 015800  780 201 2942    -3818026    -21           5    +57   43 236  234  -73   18  -47   18  -47  33  0  0 L3P 28
G26 FF 61057 015800  780 124  410    +3124831    +13          13    -47   56  73  366  +20   47  +47   47   47  41  0  0 L3P FF
G03 FF 61057 021400  780 130 1194    -5964652   +165          -5    +61   37  94  352 +164   78  -31   78  -31  34  0  0 L3P 4C
G04 FF 61057 021400  780 422  682     -386354    -59          -2    -36   24  22  120  +16   20  +32   20   32  18  0  0 L3P D2
G06 FF 61057 021400  780 498 2245    +6031372    +52         -22    +14   19  11  106  +10   63   -4   63   -4  13  0  0 L3P EE
G07 FF 61057 021400  780 420 1729    +1362902    +61         -23    +10   28   2  121  -18   66  -12   66  -12  22  0  0 L3P FF
G09 FF 61057 021400  780 776  666    -7703347    -22          -7    -19   20  11   83   +2   29  +19   29   19  14  0  0 L3P E8
G11 FF 61057 021400  780 425 2933    +4715931   -107         -31    +26   32  68  120   -7   33  -12   33  -12  25  0  0 L3P 18
G16 FF 61057 021400  780 143  682    -1893722   -112          -8    -36   47  39  323  -61   28  +35   28   35  37  0  0 L3P 1F
G21 FF 61057 021400  780 266 2962    -3818099    -22           3    +55   39 237  181  -43   16  -52   16  -52  27  0  0 L3P 30
G26 FF 61057 021400  780 112  347    +3124881    +87           5    +27   38  77  404  +61   59  -22   59  -22  28  0  0 L3P 09
G30 FF 61057 021400  780 166 1937     -902521    -49         -11    +75   32  60  283 -117   97  -54   97  -54  25  0  0 L3P 40
G04 FF 61057 023000  780 354  707     -386379    -11          -4    +13   35  22  139  +23   22  -12   22  -12  27  0  0 L3P E1
G06 FF 61057 023000  780 434 2177    +6031413     -4         -18    -41   30  11  117  +15   67  +43   67   43  22  0  0 L3P F7
G07 FF 61057 023000  780 494 1702    +1362941    +27         -33    -24   18   2  107  -12   66   +9   66    9  12  0  0 L3P E5
G09 FF 61057 023000  780 701  693    -7703352     +1          -9     +4   19  11   86   +4   28   -9   28   -9  14  0  0 L3P A3
G11 FF 61057 023000  780 448 2839    +4715794   -177         -40    -44   15  68  115   -3   42  +27   42   27  13  0  0 L3P 2B
G16 FF 61057 023000  780 165  613    -1893788    -72          -1     +4   33  39  281  -29   27   +3   27    3  26  0  0 L3P D2
G21 FF 61057 023000  780 332 2976    -3818193    -89         -17    -12   35 237  148  -27   28   +5   28    5  26  0  0 L3P 25
G30 FF 61057 023000  780 236 1939     -902636   -192          -7    -68   33  60  202  -59   83  +49   83   49  22  0  0 L3P 26
G04 FF 61057 024600  780 288  735     -386405    -46          -7    -22   37  22  167  +35   29  +28   29   28  26  0  0 L3P 04
G05 FF 61057 024600  780 111 3050    +2274056    +84          35    +78   31   1  418 -238   32  -75   32  -75  21  0  0 L3P 19
G06 FF 61057 024600  780 366 2128    +6031465   +110          -2    +72   28  11  135  +23   59  -50   59  -50  21  0  0 L3P 1E
G07 FF 61057 024600  780 565 1659    +1362986     -7         -37    -58   25   2   97   -8   60  +30   60   30  16  0  0 L3P F1
G09 FF 61057 024600  780 628  727    -7703370    +69         -23    +72   26  11   91   +6   37  -53   37  -53  19  0  0 L3P 0E
G11 FF 61057 024600  780 453 2736    +4715678   -146         -28    -13   36  68  114   +1   40  +11   40   11  26  0  0 L3P 19
G16 FF 61057 024600  780 176  542    -1893866    -73          -6     +3   40  39  264   -8   34   +0   34    0  28  0  0 L3P C2
G21 FF 61057 024600  780 400 2982    -3818259    -95          -8    -18   22 237  126  -19   17  +10   17   10  15  0  0 L3P 26
G30 FF 61057 024600  780 309 1942     -902781    -91         -32    +33   35  60  158  -35   89  -41   89  -41  27  0  0 L3P 31
G04 FF 61057 030200  780 225  767     -386418     +0           3    +24   35  22  210  +56   24  -18   24  -18  29  0  0 L3P CC
G05 FF 61057 030200  780 175 3063    +2274060    +58          34    +52   36   1  269 -100   30  -59   30  -59  25  0  0 L3P 14
G06 FF 61057 030200  780 295 2092    +6031484     -2         -19    -40   39  11  163  +36   83  +43   83   43  30  0  0 L3P 06
G07 FF 61057 030200  780 631 1586    +1363039    +68         -33    +17   23   2   91   -5   51  -18   51  -18  16  0  0 L3P F3
G09 FF 61057 030200  780 556  764    -7703358     +8          -8    +11   18  11   98   +9   25   -3   25   -3  14  0  0 L3P B9
G11 FF 61057 030200  780 440 2632    +4715567   -110         -11    +23   25  68  116   +5   33  -15   33  -15  17  0  0 L3P 13
G16 FF 61057 030200  780 176  470    -1893942   -113          -9    -37   29  39  265  +10   38  +24   38   24  24  0  0 L3P 1C
G21 FF 61057 030200  780 469 2976    -3818343    -70         -18     +8   31 237  111  -13   27   -5   27   -5  21  0  0 L3P 0C
G30 FF 61057 030200  780 383 1945     -902888   -150         -20    -26   26  60  131  -23   67   +7   67    7  19  0  0 L3P 06
G04 FF 61057 031800  780 163  801     -386446    +32          -2    +56   41  22  284 +103   41  -44   41  -44  35  0  0 L3P FA
G05 FF 61057 031800  780 241 3069    +2274015    -58         -19    -65   39   1  198  -53   50  +41   50   41  27  0  0 L3P 13
G06 FF 61057 031800  780 225 2063    +6031525    +72         -13    +34   36  11  209  +63   94  -14   94  -14  26  0  0 L3P 22
G07 FF 61057 031800  780 687 1461    +1363099    +49         -22     -2   21   2   87   -3   34   +4   34    4  14  0  0 L3P B4
G09 FF 61057 031800  780 486  803    -7703355     +4          -2     +7   20  11  107  +12   19   +7   19    7  15  0  0 L3P AE
G11 FF 61057 031800  780 411 2538    +4715440   -147         -11    -14   26  68  123   +9   37  +16   37   16  19  0  0 L3P 1F
G16 FF 61057 031800  780 163  402    -1894009    -28          -3    +48   44  39  284  +31   38  -22   38  -22  34  0  0 L3P 11
G21 FF 61057 031800  780 537 2952    -3818425   -105         -26    -28   24 237  100   -9   29  +12   29   12  17  0  0 L3P 37
G30 FF 61057 031800  780 458 1945     -903008   -117         -22     +7   34  60  113  -15   58  -22   58  -22  28  0  0 L3P 1C
G05 FF 61057 033400  780 308 3066    +2274017    +79         -23    +72   29   1  158  -32   49  -68   49  -68  19  0  0 L3P 36
G06 FF 61057 033400  780 156 2038    +6031567     -5          -8    -42   44  11  296 +126  103  +36  103   36  37  0  0 L3P 2C
G07 FF 61057 033400  780 720 1263    +1363147    +20         -23    -31   21   2   85   -1   31  +19   31   19  15  0  0 L3P CB
G09 FF 61057 033400  780 418  842    -7703366    -55         -10    -51   28  11  121  +16   32  +46   32   46  21  0  0 L3P 05
G11 FF 61057 033400  780 368 2457    +4715300    -36         -23    +97   32  68  135  +15   54  -56   54  -56  22  0  0 L3P 38
G16 FF 61057 033400  780 139  339    -1894123   -154         -44    -78   50  39  330  +67   76  +45   76   45  36  0  0 L3P 41
G21 FF 61057 033400  780 603 2897    -3818504    -83         -30     -6   17 237   93   -6   33   +0   33    0  10  0  0 L3P D4
G30 FF 61057 033400  780 535 1940     -903122   -113         -17    +11   22  60  101  -10   48  -10   48  -10  17  0  0 L3P 04
G05 FF 61057 035000  780 375 3051    +2274027    -31         -19    -37   32   1  133  -21   40  +20   40   20  22  0  0 L3P E3
G07 FF 61057 035000  780 718 1029    +1363206    +96         -13    +45   19   2   85   +1   21  -31   21  -31  13  0  0 L3P DF
G09 FF 61057 035000  780 352  882    -7703369     +7         -10    +11   25  11  140  +23   39   -1   39   -1  20  0  0 L3P D2
G11 FF 61057 035000  780 316 2390    +4715173   -190         -22    -57   38  68  154  +25   59  +51   59   51  25  0  0 L3P 3D
G13 FF 61057 035000  780 153 2650    -6894567    +26         -31    +16   47  31  305 -121   75  -19   75  -19  36  0  0 L3P 4D
G16 FF 61057 035000  780 106  284    -1894153    -36          -1    +40   37  39  428 +148   48  -22   48  -22  30  0  0 L3P 20
G21 FF 61057 035000  780 660 2794    -3818585    -75         -38     +3   20 237   88   -4   35   +8   35    8  14  0  0 L3P F2
G30 FF 61057 035000  780 611 1921     -903244   -107         -20    +17   21  60   92   -7   42  -17   42  -17  15  0  0 L3P F2
G05 FF 61057 040600  780 441 3018    +2274046    -16          -7    -23   31   1  116  -14   25  +15   25   15  21  0  0 L3P DD
G07 FF 61057 040600  780 684  844    +1363262    +55         -10     +4   21   4   87   +3   16   -3   16   -3  16  0  0 L3P A4
G09 FF 61057 040600  780 288  922    -7703355     +3           8     +7   24  11  167  +35   36  +19   36   19  19  0  0 L3P DD
G11 FF 61057 040600  780 259 2335    +4715054   -123         -12    +10   44  69  184  +40   67   +3   67    3  34  0  0 L3P 06
G13 FF 61057 040600  780 215 2690    -6894545     +4         -19     -6   34  48  221  -63   42   -3   42   -3  28  0  0 L3P EE
G21 FF 61057 040600  780 699 2620    -3818650    -76         -31     +2   17 238   86   -1   30  +10   30   10  12  0  0 L3P EE
G30 FF 61057 040600  780 685 1875     -903355   -105         -15    +19   18  61   87   -5   25  -17   25  -17  14  0  0 L3P 18
G05 FF 61057 042200  780 502 2962    +2274045    +42         -14    +35   29   1  105   -9   28  -33   28  -33  19  0  0 L3P 00
G07 FF 61057 042200  780 631  734    +1363305   +100         -17    +49   20   4   91   +5   19  -28   19  -28  13  0  0 L3P EA
G09 FF 61057 042200  780 225  961    -7703364    +21           2    +24   22  11  209  +56   50  -10   50  -10  15  0  0 L3P DD
G11 FF 61057 042200  780 199 2289    +4714924     -3         -14   +130   41  69  235  +70   75 -103   75 -103  29  0  0 L3P 56
G13 FF 61057 042200  780 278 2729    -6894550    -56         -34    -66   35  48  173  -38   37  +39   37   39  26  0  0 L3P 52
G14 FF 61057 042200  780 152 1605    -7292631    -35          16    -11   43 230  308 -132   65  -10   65  -10  34  0  0 L3P 2E
G21 FF 61057 042200  780 704 2392    -3818730   -115         -37    -38   14 238   86   +1   35  +31   35   31  10  0  0 L3P 18
G30 FF 61057 042200  780 753 1761     -903472    -70         -13    +54   17  61   84   -2   23  -35   23  -35  11  0  0 L3P EC
G05 FF 61057 043800  780 553 2875    +2274048    +35         -18    +28   23   1   98   -6   29  -14   29  -14  18  0  0 L3P 0C
G07 FF 61057 043800  780 569  677    +1363345    +88         -26    +37   20   4   96   +7   30  -21   30  -21  14  0  0 L3P ED
G09 FF 61057 043800  780 164 1000    -7703379    -14         -10    -11   41  11  283 +103   71  +16   71   16  31  0  0 L3P 18
G11 FF 61057 043800  780 138 2249    +4714798    -86         -12    +47   32  69  334 +144   84   -2   84   -2  27  0  0 L3P 37
G13 FF 61057 043800  780 343 2769    -6894521    -16         -15    -27   29  48  143  -25   20  +21   20   21  21  0  0 L3P 21
G14 FF 61057 043800  780 218 1581    -7292665    -33           4     -9   33 230  217  -66   56  -15   56  -15  26  0  0 L3P 23
G21 FF 61057 043800  780 673 2190    -3818796    -43         -29    +34   15 238   88   +3   31  -13   31  -13  10  0  0 L3P 23
G30 FF 61057 043800  780 799 1478     -903587   -126          -9     -2   18  61   82   -1   18   +3   18    3  12  0  0 L3P C9
G05 FF 61057 050600  780 599 2639    +2274061    +19         -17    +12   19   1   93   +0   32   -7   32   -7  14  0  0 L3P D1
G07 FF 61057 050600  780 454  645    +1363446    +12         -11    -39   22   4  113  +13   24  +33   24   33  16  0  0 L3P E4
G13 FF 61057 050600  780 462 2836    -6894524    +14         -35     +4   22  48  112  -14   27   -6   27   -6  14  0  0 L3P FC
G14 FF 61057 050600  780 337 1528    -7292717     +8          -8    +32   29 230  146  -27   58  -26   58  -26  24  0  0 L3P 34
G15 FF 61057 050600  780 167 2921    -3773764    -28          14     +7   49  68  281 -107   14  -27   14  -27  40  0  0 L3P 36
G18 FF 61057 050600  780 126 3293    +4489710   -178          11    -80   40  34  362  -59   37  +42   37   42  27  0  0 L3P 37
G21 FF 61057 050600  780 568 1995    -3818916    -89         -18    -12   30 238   97   +8   27  +18   27   18  23  0  0 L3P 39
G22 FF 61057 050600  780 200 1639     +578856    -40          -8     +3   33  34  236  -82   70  -20   70  -20  26  0  0 L3P F1
G30 FF 61057 050600  780 756  870     -903778   -140           9    -16   21  61   83   +2   10  +12   10   12  14  0  0 L3P BB
G05 FF 61057 052200  780 590 2485    +2274074    +10         -10     +3   19   1   94   +2   30   -2   30   -2  15  0  0 L3P 9F
G07 FF 61057 052200  780 389  649    +1363484    +67         -22    +16   25   4  128  +19   36  -10   36  -10  19  0  0 L3P 11
G08 FF 61057 052200  780 106  494    -5033605    +43         -19     +0   40  25  429  -56   61   +1   61    1  29  0  0 L3P CC
G13 FF 61057 052200  780 534 2873    -6894516     -9         -37    -20   18  48  101  -10   29   +1   29    1  13  0  0 L3P ED
G14 FF 61057 052200  780 404 1487    -7292728    +36           5    +60   24 230  125  -18   40  -52   40  -52  17  0  0 L3P 1B
G15 FF 61057 052200  780 232 2941    -3773801    -87          11    -52   38  68  205  -57   14  +40   14   40  31  0  0 L3P 10
G18 FF 61057 052200  780 142 3231    +4489619    -45          15    +53   30  34  325  -23   27  -34   27  -34  19  0  0 L3P 23
G21 FF 61057 052200  780 495 1941    -3818992   -127         -21    -50   28 238  106  +12   38  +51   38   51  19  0  0 L3P 52
G22 FF 61057 052200  780 272 1615     +578818    -66          -5    -23   34  34  177  -45   56  +33   56   33  26  0  0 L3P 0E
G30 FF 61057 052200  780 692  759     -903903   -107           3    +17   17  61   86   +4   14   -6   14   -6  11  0  0 L3P B4
G05 FF 61057 053800  780 555 2352    +2274076    -14         -15    -21   28   1   98   +5   38  +20   38   20  20  0  0 L3P E3
G07 FF 61057 053800  780 324  661    +1363546    +74          -9    +23   25   4  150  +27   30  -20   30  -20  19  0  0 L3P E7
G08 FF 61057 053800  780 115  428    -5033560    -34         -15    -77   63  25  397  -13   51  +41   51   41  42  0  0 L3P 11
G13 FF 61057 053800  780 607 2907    -6894506    +52         -37    +41   19  48   93   -7   28  -23   28  -23  13  0  0 L3P 25
G14 FF 61057 053800  780 468 1430    -7292773     -7         -18    +16   26 230  111  -12   43  -20   43  -20  17  0  0 L3P 25
G15 FF 61057 053800  780 300 2956    -3773832   -108          13    -72   32  68  162  -35    9  +52    9   52  27  0  0 L3P 16
G18 FF 61057 053800  780 146 3164    +4489496    -92         -15     +6   23  34  315   +2   44   -8   44   -8  18  0  0 L3P FE
G21 FF 61057 053800  780 420 1907    -3819053    -81          -7     -4   33 238  120  +18   37  +15   37   15  26  0  0 L3P 10
G22 FF 61057 053800  780 344 1587     +578757    -68         -25    -25   21  34  143  -28   64  +14   64   14  16  0  0 L3P 26
G30 FF 61057 053800  780 622  721     -904031    -92          -7    +32   22  61   91   +6   21  -24   21  -24  14  0  0 L3P BC
G05 FF 61057 055400  780 503 2252    +2274069    +14         -28     +7   34   1  105   +9   45   -6   45   -6  24  0  0 L3P CC
G07 FF 61057 055400  780 260  680    +1363582    +70         -22    +19   36   4  183  +42   45  +11   45   11  29  0  0 L3P F4
G08 FF 61057 055400  780 113  363    -5033504    +11          -1    -32   40  25  402  +24   39   +6   39    6  29  0  0 L3P C5
G13 FF 61057 055400  780 682 2935    -6894470    +16         -11     +6   18  48   87   -5   13   +2   13    2  13  0  0 L3P CF
G14 FF 61057 055400  780 525 1352    -7292797     -5         -18    +19   19 230  102   -7   38  -15   38  -15  12  0  0 L3P 28
G15 FF 61057 055400  780 369 2964    -3773875    -27           4     +8   26  68  135  -23   10  -19   10  -19  19  0  0 L3P 1C
G18 FF 61057 055400  780 139 3098    +4489416   -133          -1    -35   35  34  330  +28   33  +30   33   30  25  0  0 L3P 20
G21 FF 61057 055400  780 345 1886    -3819145   -104         -25    -26   22 238  142  +28   56  +31   56   31  15  0  0 L3P 4B
G22 FF 61057 055400  780 416 1549     +578704    -75         -37    -32   19  34  122  -18   67   +7   67    7  13  0  0 L3P 03
G30 FF 61057 055400  780 552  715     -904172   -127         -29     -4   19  61   98   +9   39  +15   39   15  12  0  0 L3P EA
G05 FF 61057 061000  780 440 2179    +2274092    -39          -7    -46   27  10  116  +14   48  +50   48   50  19  0  0 L3P 0D
G07 FF 61057 061000  780 198  704    +1363634    +69         -19    +18   37   4  236  +71   61   +6   61    6  29  0  0 L3P E5
G08 FF 61057 061000  780 101  301    -5033478    +23         -17    -20   37  26  447  +74   47  +31   47   31  26  0  0 L3P 00
G13 FF 61057 061000  780 758 2949    -6894447    -11           2    -21   13  51   83   -3   15  +20   15   20   9  0  0 L3P CC
G14 FF 61057 061000  780 571 1246    -7292811    +43         -14    +67   22 231   96   -4   31  -41   31  -41  15  0  0 L3P 0D
G15 FF 61057 061000  780 440 2960    -3773911    -76           0    -41   19  69  116  -16   16  +41   16   41  14  0  0 L3P FF
G18 FF 61057 061000  780 122 3032    +4489330    -85           1    +13   31  35  374  +67   12  -31   12  -31  24  0  0 L3P F5
G21 FF 61057 061000  780 271 1870    -3819200    -84          -8     -7   32 239  177  +45   53  +26   53   26  25  0  0 L3P 16
G22 FF 61057 061000  780 486 1497     +578678    -59         -16    -15   26  35  108  -12   47   -1   47   -1  19  0  0 L3P 11
G23 FF 61057 061000  780 103 3279    -6004884    +43          21    +93   61  26  447 -242   15  -61   15  -61  47  0  0 L3P 32
G30 FF 61057 061000  780 483  725     -904278    -95         -14    +29   20  71  108  +12   33  -17   33  -17  14  0  0 L3P 05
G05 FF 61057 062600  780 372 2128    +2274096    +47          -9    +40   25  10  133  +22   62  -20   62  -20  16  0  0 L3P 07
G07 FF 61057 062600  780 137  731    +1363680   +134         -22    +83   59   4  334 +143   93  -21   93  -21  42  0  0 L3P 2C
G13 FF 61057 062600  780 836 2902    -6894435    +41           4    +30   13  51   81   -1   18  -17   18  -17   8  0  0 L3P DF
G14 FF 61057 062600  780 598 1110    -7292831    -38         -11    -14   22 231   94   -2   31  +12   31   12  13  0  0 L3P F9
G15 FF 61057 062600  780 512 2939    -3773946   -103          -1    -68   20  69  104  -11   16  +46   16   46  14  0  0 L3P 2C
G21 FF 61057 062600  780 198 1857    -3819303   -154         -37    -77   32 239  236  +83   93  +80   93   80  24  0  0 L3P 6A
G22 FF 61057 062600  780 549 1421     +578619    -56         -33    -13   22  35   99   -7   58   +8   58    8  16  0  0 L3P E9
G23 FF 61057 062600  780 157 3250    -6004979    -23         -26    +27   32  26  296  -99   37  -43   37  -43  25  0  0 L3P 49
G24 FF 61057 062600  780 120 2587    +1597177   -242         -19    -91   35  22  386 -196   69  +69   69   69  26  0  0 L3P 7D
G30 FF 61057 062600  780 415  743     -904390   -143          -7    -19   21  71  122  +17   38  +29   38   29  16  0  0 L3P 04
G05 FF 61057 064200  780 302 2089    +2274104    -93          -8   -100   34  10  160  +35   75 +106   75  106  26  0  0 L3P 33
G13 FF 61057 064200  780 875 1735    -6894404    -24          25    -34   11  51   81   +0    9  +34    9   34   7  0  0 L3P C4
G14 FF 61057 064200  780 600  961    -7292855    -29         -12     -5   27 231   93   +1   37  +13   37   13  19  0  0 L3P F0
G15 FF 61057 064200  780 581 2892    -3774009    -20         -31    +15   25  69   95   -7   37   -4   37   -4  16  0  0 L3P FA
G21 FF 61057 064200  780 128 1845    -3819359    +23         -18   +100   36 239  358 +187  127  -20  127  -20  27  0  0 L3P 92
G22 FF 61057 064200  780 601 1310     +578590    -31         -20    +12   23  35   93   -4   50  -12   50  -12  17  0  0 L3P D7
G23 FF 61057 064200  780 208 3210    -6005004   -133          -3    -83   37  26  227  -51   13  +73   13   73  29  0  0 L3P 0F
G24 FF 61057 064200  780 182 2622    +1597039   -192         -13    -41   41  22  259  -89   49  +16   49   16  32  0  0 L3P 45
G30 FF 61057 064200  780 349  768     -904523   -153         -21    -29   29  71  141  +24   69  +31   69   31  23  0  0 L3P 1A
G05 FF 61057 065800  780 232 2059    +2274111    +30          -7    +24   51  10  204  +59  101   -4  101   -4  42  0  0 L3P F5
G13 FF 61057 065800  780 801 1426    -6894418    +78           1    +67   17  51   82   +2   31  -25   31  -25  10  0  0 L3P EF
G14 FF 61057 065800  780 578  826    -7292877     +1         -11    +25   20 231   95   +4   45  -10   45  -10  15  0  0 L3P FD
G15 FF 61057 065800  780 643 2799    -3774052    -62         -40    -27   20  69   90   -4   46  +10   46   10  13  0  0 L3P 0A
G17 FF 61057 065800  780 146 1203     +350468   +159         -11    +44   48  21  319 -123  150  -62  150  -62  37  0  0 L3P 60
G22 FF 61057 065800  780 633 1161     +578550    -35         -19     +8   20  35   90   -2   55   +2   55    2  13  0  0 L3P B1
G23 FF 61057 065800  780 251 3158    -6005057   -105          -8    -55   33  26  190  -29   27  +34   27   34  24  0  0 L3P 29
G24 FF 61057 065800  780 246 2657    +1596903   -185          -4    -34   26  22  194  -50   44  +27   44   27  19  0  0 L3P 3C
G30 FF 61057 065800  780 285  796     -904618    -85           3    +39   29  71  169  +35   71   +0   71    0  24  0  0 L3P D3
G05 FF 61057 071400  780 164 2033    +2274150   -156          25   -162   40  10  284 +115  117 +153  117  153  31  0  0 L3P 76
G13 FF 61057 071400  780 721 1415    -6894407    -29           2    -39   18  51   85   +4   43  +46   43   46  12  0  0 L3P EA
G14 FF 61057 071400  780 537  723    -7292911     -6         -22    +18   24 231  100   +6   64   -3   64   -3  17  0  0 L3P DE
G15 FF 61057 071400  780 688 2639    -3774082     -4         -36    +31   18  69   87   -2   47  -12   47  -12  12  0  0 L3P 11
G17 FF 61057 071400  780 201 1154     +350565   +154         -24    +39   32  21  234  -62  141  -32  141  -32  24  0  0 L3P 34
G22 FF 61057 071400  780 638  990     +578517    -71         -11    -28   22  35   90   +1   55  +25   55   25  15  0  0 L3P E2
G23 FF 61057 071400  780 285 3094    -6005097     +5           0    +55   33  26  169  -16   34  -32   34  -32  25  0  0 L3P FC
G24 FF 61057 071400  780 311 2693    +1596776   -218          15    -67   34  22  156  -31   31  +54   31   54  26  0  0 L3P 30
G30 FF 61057 071400  780 222  827     -904748    -69          -8    +55   36  71  212  +57  108   -7  108   -7  31  0  0 L3P 08
G13 FF 61057 073000  780 641 1429    -6894412    -36         -12    -46   17  51   90   +6   68  +51   68   51  12  0  0 L3P 07
G14 FF 61057 073000  780 483  652    -7292929     +9         -17    +33   27 231  108  +10   71  -21   71  -21  18  0  0 L3P 1B
G15 FF 61057 073000  780 701 2416    -3774111     -9         -31    +26   21  69   86   +0   54   +0   54    0  14  0  0 L3P B5
G17 FF 61057 073000  780 253 1099     +350678   +164         -21    +49   26  21  188  -36  133  -46  133  -46  21  0  0 L3P 5A
G19 FF 61057 073000  780 146 1327    -6859545    -32          -2    -13   43  37  320 -129  196   +1  196    1  31  0  0 L3P 29
G22 FF 61057 073000  780 615  837     +578473    -79         -13    -36   24  35   92   +3   64  +35   64   35  18  0  0 L3P F0
G23 FF 61057 073000  780 307 3019    -6005136    -56           9     -6   28  26  158   -8   36   +7   36    7  22  0  0 L3P C4
G24 FF 61057 073000  780 379 2728    +1596600   -153         -16     -2   22  22  132  -21   60   -2   60   -2  16  0  0 L3P F8
G30 FF 61057 073000  780 161  859     -904874   -144         -15    -20   35  71  288 +106  150  +60  150   60  29  0  0 L3P 46
G10 FF 61057 074600  780 133 3311    +5830974    -33         -11    -59   50  14  347 -108   63  +48   63   48  37  0  0 L3P 3E
G13 FF 61057 074600  780 562 1450    -6894403     +2         -13     -8   23  51   97   +9   87  +33   87   33  16  0  0 L3P ED
G14 FF 61057 074600  780 422  608    -7292944    -79          -9    -55   27 231  120  +15   75  +56   75   56  22  0  0 L3P 2C
G15 FF 61057 074600  780 676 2203    -3774132    -13         -18    +23   17  69   87   +3   58  +11   58   11  12  0  0 L3P 04
G17 FF 61057 074600  780 300 1034     +350792    +81         -17    -34   29  21  161  -22  122  +10  122   10  23  0  0 L3P 0D
G19 FF 61057 074600  780 204 1287    -6859558    -89           2    -71   31  37  231  -65  166  +33  166   33  25  0  0 L3P 4B
G22 FF 61057 074600  780 572  725     +578424    +13         -20    +57   21  35   96   +6   77  -23   77  -23  15  0  0 L3P F4
G23 FF 61057 074600  780 316 2938    -6005193    -24           0    +26   30  26  154   -1   48  -24   48  -24  21  0  0 L3P F9
G24 FF 61057 074600  780 449 2762    +1596468   -202          -3    -51   26  22  115  -15   57  +35   57   35  18  0  0 L3P 35
G10 FF 61057 080200  780 171 3260    +5830987    +34         -27     +8   40  18  273  -53   83  -22   83  -22  27  0  0 L3P 20
G12 FF 61057 080200  780 161 2163    +6066263    +14         -35    +10   49  60  291 -122  205  -61  205  -61  40  0  0 L3P 49
G13 FF 61057 080200  780 483 1472    -6894402    -16         -23    -26   25  52  108  +13  111  +40  111   40  20  0  0 L3P 29
G14 FF 61057 080200  780 358  584    -7292974    +35         -16    +59   29 232  138  +22   95  -35   95  -35  19  0  0 L3P 56
G15 FF 61057 080200  780 624 2057    -3774165     +1         -19    +36   25  70   91   +5   68  -16   68  -16  19  0  0 L3P 09
G17 FF 61057 080200  780 338  960     +350900   +174         -19    +60   26  21  145  -13  117  -54  117  -54  22  0  0 L3P 36
G19 FF 61057 080200  780 262 1241    -6859597    -64         -20    -46   26  38  183  -38  162   +9  162    9  20  0  0 L3P 3D
G22 FF 61057 080200  780 516  653     +578395     -5          -7    +38   21  36  103   +9   73  -23   73  -23  15  0  0 L3P DA
G23 FF 61057 080200  780 309 2855    -6005244    +18          -4    +68   33  27  157   +6   59  -31   59  -31  25  0  0 L3P 15
G24 FF 61057 080200  780 521 2794    +1596320   -181          -6    -30   19  22  102  -11   57  +28   57   28  13  0  0 L3P 1C
G10 FF 61057 081800  780 199 3201    +5831037    +32          -1     +6   29  18  235  -28   70  +11   70   11  22  0  0 L3P EA
G12 FF 61057 081800  780 230 2185    +6066257     -4         -45     -9   39  60  207  -61  169  -26  169  -26  29  0  0 L3P 49
G13 FF 61057 081800  780 407 1494    -6894389    +15         -20     +4   18  52  124  +20  126  +24  126   24  14  0  0 L3P 33
G14 FF 61057 081800  780 293  574    -7292988     -1          -7    +23   41 232  165  +34   98   +7   98    7  31  0  0 L3P FD
G15 FF 61057 081800  780 557 1970    -3774202    -68         -23    -33   27  70   98   +9   75  +27   75   27  21  0  0 L3P 20
G17 FF 61057 081800  780 365  877     +351019    +91         -11    -24   21  21  136   -7  100   -1  100   -1  19  0  0 L3P E2
G19 FF 61057 081800  780 317 1186    -6859615    -83         -21    -65   29  38  154  -24  136  +27  136   27  23  0  0 L3P 68
G22 FF 61057 081800  780 454  611     +578354    -43          -7     +0   34  36  113  +13   82   +8   82    8  23  0  0 L3P B4
G23 FF 61057 081800  780 289 2774    -6005286    +16           2    +66   36  27  167  +14   68  -25   68  -25  27  0  0 L3P 31
G24 FF 61057 081800  780 595 2821    +1596178   -135          -3    +16   19  22   94   -8   62   -7   62   -7  12  0  0 L3P FE
G10 FF 61057 083400  780 217 3134    +5831045    +41         -19    +14   44  18  217  -12   97   +1   97    1  32  0  0 L3P F2
G12 FF 61057 083400  780 301 2210    +6066266    +39         -40    +34   35  60  161  -36  138  -39  138  -39  27  0  0 L3P 53
G13 FF 61057 083400  780 332 1514    -6894372    +29         -13    +19   25  52  147  +30  147  +16  147   16  16  0  0 L3P 4A
G14 FF 61057 083400  780 228  575    -7293018    -70         -14    -46   34 232  207  +57  123  +62  123   62  26  0  0 L3P 4A
G15 FF 61057 083400  780 484 1918    -3774237    -40         -25     -5   33  70  108  +13   96  +36   96   36  29  0  0 L3P 2C
G17 FF 61057 083400  780 377  789     +351128   +128         -12    +13   32  21  132   -2   97   -3   97   -3  24  0  0 L3P EB
G19 FF 61057 083400  780 366 1120    -6859628    +27         -16    +46   25  38  136  -15  122  -29  122  -29  17  0  0 L3P 67
G22 FF 61057 083400  780 390  590     +578310    -97         -10    -54   24  36  128  +18   94  +49   94   49  18  0  0 L3P 1B
G23 FF 61057 083400  780 256 2700    -6005351    -61         -15    -11   36  27  186  +26  101  +44  101   44  26  0  0 L3P 30
G24 FF 61057 083400  780 671 2841    +1596026   -130          -9    +21   21  22   88   -5   71   -1   71   -1  15  0  0 L3P DE
G10 FF 61057 085000  780 223 3063    +5831062    +28         -27     +2   32  18  211   +0  113  +11  113   11  25  0  0 L3P EE
G12 FF 61057 085000  780 373 2238    +6066245    +30         -66    +26   25  60  133  -23  143  -29  143  -29  17  0  0 L3P 50
G13 FF 61057 085000  780 259 1533    -6894367   +120         -17   +110   31  52  184  +49  189  -11  189  -11  25  0  0 L3P 82
G14 FF 61057 085000  780 164  584    -7293016    +40          11    +64   41 232  283 +108  120  -14  120  -14  34  0  0 L3P 3F
G15 FF 61057 085000  780 409 1885    -3774271     -6         -24    +29   30  70  123  +19  122  +10  122   10  25  0  0 L3P 25
G17 FF 61057 085000  780 374  700     +351214   +151         -37    +36   22  21  133   +3  112   -6  112   -6  16  0  0 L3P E7
G19 FF 61057 085000  780 406 1040    -6859630    +17          -1    +35   31  38  124   -9  107  -31  107  -31  21  0  0 L3P 21
G22 FF 61057 085000  780 325  583     +578272    -66          -5    -23   30  36  150  +27  101  +36  101   36  23  0  0 L3P 02
G23 FF 61057 085000  780 215 2634    -6005405    -58         -22     -8   34  27  219  +45  140  +33  140   33  27  0  0 L3P 28
G24 FF 61057 085000  780 748 2840    +1595888   -166          -2    -14   15  22   84   -3   74  +15   74   15  10  0  0 L3P 0E
G10 FF 61057 090600  780 216 2990    +5831096    +62         -17    +36   41  18  217  +12  121  -16  121  -16  29  0  0 L3P 49
G12 FF 61057 090600  780 447 2269    +6066255    +32         -60    +27   17  60  115  -16  130  -43  130  -43  11  0  0 L3P 43
G13 FF 61057 090600  780 188 1549    -6894348    +12          -8     +2   44  52  249  +91  236  +69  236   69  31  0  0 L3P 48
G15 FF 61057 090600  780 335 1864    -3774283    -72          -3    -36   36  70  146  +29  140  +72  140   72  30  0  0 L3P 3D
G17 FF 61057 090600  780 356  619     +351339   +130         -21    +15   35  21  138   +9  106  -13  106  -13  25  0  0 L3P 1E
G19 FF 61057 090600  780 433  948    -6859637    -28          10    -10   25  38  118   -4  100   +6  100    6  19  0  0 L3P FB
G22 FF 61057 090600  780 261  587     +578219    -13         -17    +30   28  36  183  +42  128   -6  128   -6  22  0  0 L3P 13
G23 FF 61057 090600  780 166 2575    -6005437     +8          -5    +58   36  27  279  +83  171   -8  171   -8  28  0  0 L3P 2B
G24 FF 61057 090600  780 824 2757    +1595743   -114          -3    +37   18  22   82   -1   82  -20   82  -20  13  0  0 L3P 0C
G10 FF 61057 092200  780 198 2919    +5831123    +30         -16     +4   37  18  237  +28  141  +28  141   28  28  0  0 L3P 35
G12 FF 61057 092200  780 522 2302    +6066268    +40         -51    +36   21  60  102  -11  116  -39  116  -39  16  0  0 L3P 3B
G13 FF 61057 092200  780 119 1563    -6894315    +84          16    +74   42  52  386 +215  323  +72  323   72  31  0  0 L3P 56
G15 FF 61057 092200  780 262 1849    -3774334    -20         -20    +15   27  70  182  +48  189  +43  189   43  21  0  0 L3P 54
G17 FF 61057 092200  780 325  548     +351436    +68         -35    -47   37  21  150  +15  123  +46  123   46  26  0  0 L3P 22
G19 FF 61057 092200  780 443  847    -6859658     +4           7    +22   22  38  115   +0  102  -22  102  -22  18  0  0 L3P FC
G22 FF 61057 092200  780 198  599     +578205    +18          10    +61   33  36  236  +72  123  -28  123  -28  30  0  0 L3P 26
G23 FF 61057 092200  780 114 2523    -6005492    -70         -13    -20   45  27  399 +182  221  +75  221   75  33  0  0 L3P 53
G24 FF 61057 092200  780 868 1939    +1595615   -113          15    +39   15  22   81   +0   76  -22   76  -22  10  0  0 L3P 18
G25 FF 61057 092200  780 134 2405    -4494585    -81          18   -105   36  11  346 -162  209  +66  209   66  24  0  0 L3P 6E
G32 FF 61057 092200  780 154 3195    +1593281    -70          13   +101   37  53  302 -113  125  -59  125  -59  27  0  0 L3P 67
G10 FF 61057 093800  780 169 2852    +5831169    +15           6    -11   45  18  275  +54  149  +32  149   32  36  0  0 L3P 3A
G12 FF 61057 093800  780 599 2339    +6066284     -4         -40     -8   28  60   93   -8  100   -8  100   -8  20  0  0 L3P F4
G15 FF 61057 093800  780 191 1837    -3774370    +20         -21    +55   29  70  245  +87  241   +8  241    8  21  0  0 L3P 2D
G17 FF 61057 093800  780 284  491     +351565   +129         -16    +14   28  21  169  +25  120   +5  120    5  24  0  0 L3P 0B
G19 FF 61057 093800  780 436  747    -6859679    -26           3     -8   29  38  117   +3   98   -1   98   -1  22  0  0 L3P EC
G22 FF 61057 093800  780 138  616     +578131    -43         -22     +0   43  36  334 +143  167  +13  167   13  33  0  0 L3P 1B
G24 FF 61057 093800  780 804 1446    +1595466   -130          11    +21   18  22   82   +2   80  -10   80  -10  12  0  0 L3P FC
G25 FF 61057 093800  780 198 2438    -4494584    +30          -5     +6   50  11  238  -77  196  -17  196  -17  38  0  0 L3P 5A
G32 FF 61057 093800  780 211 3171    +1593105   -224           1    -54   32  53  224  -58  127  +41  127   41  24  0  0 L3P 2A
G10 FF 61057 095400  780 131 2791    +5831171    +12         -18    -15   50  18  349 +107  198  +64  198   64  36  0  0 L3P 68
G12 FF 61057 095400  780 676 2380    +6066286    +22         -42    +17   21  60   87   -5   98  -15   98  -15  15  0  0 L3P 23
G15 FF 61057 095400  780 123 1826    -3774424    +52         -42    +87   45  70  373 +197  335  +44  335   44  35  0  0 L3P 70
G17 FF 61057 095400  780 236  447     +351693   +130           2    +15   33  21  201  +42  120   -6  120   -6  24  0  0 L3P DF
G19 FF 61057 095400  780 412  657    -6859710    -40         -11    -22   27  38  122   +8  108  +13  108   13  20  0  0 L3P 1E
G24 FF 61057 095400  780 726 1395    +1595306   -215          -4    -63   20  22   85   +4   94  +56   94   56  13  0  0 L3P 12
G25 FF 61057 095400  780 264 2473    -4494573    -38         -16    -62   33  11  182  -44  188   -8  188   -8  24  0  0 L3P 55
G32 FF 61057 095400  780 265 3135    +1592941   -180           1     -9   25  53  181  -33  120  +11  120   11  17  0  0 L3P 14
G06 FF 61057 101000  780 151  903    +6032467     +0          15    -38   52  36  307  -90  177   -8  177   -8  37  0  0 L3P 01
G12 FF 61057 101000  780 754 2429    +6066313     +2         -15     -2   18  61   84   -3   83  +10   83   10  13  0  0 L3P C0
G17 FF 61057 101000  780 182  416     +351797   +151         -12    +36   36  23  256  +76  132  -10  132  -10  29  0  0 L3P 2B
G19 FF 61057 101000  780 374  583    -6859727    +21         -11    +39   25  39  133  +14  123  -15  123  -15  20  0  0 L3P 39
G24 FF 61057 101000  780 648 1395    +1595178   -181          10    -30   23  25   89   +6   95  +36   95   36  17  0  0 L3P 16
G25 FF 61057 101000  780 331 2511    -4494541    +15          -3     -9   37  12  148  -28  151   -8  151   -8  26  0  0 L3P 01
G32 FF 61057 101000  780 312 3086    +1592760   -196         -14    -25   35  55  156  -20  134  +12  134   12  24  0  0 L3P 42
G06 FF 61057 102600  780 193  842    +6032515    -25          27    -62   41  36  243  -48  147  +20  147   20  33  0  0 L3P 1E
G12 FF 61057 102600  780 831 2512    +6066325    +33          -7    +29   15  61   81   -1   84  -10   84  -10  10  0  0 L3P E1
G17 FF 61057 102600  780 126  395     +351900   +156         -19    +41   40  23  364 +163  164  -15  164  -15  35  0  0 L3P 49
G19 FF 61057 102600  780 325  525    -6859735     +4          -1    +22   37  39  150  +22  129  -12  129  -12  27  0  0 L3P 1D
G24 FF 61057 102600  780 569 1409    +1595025   -163           2    -11   16  25   96   +9  114  +16  114   16  11  0  0 L3P 0B
G25 FF 61057 102600  780 399 2551    -4494521   +109          -6    +85   31  12  126  -19  137  -66  137  -66  22  0  0 L3P 63
G32 FF 61057 102600  780 351 3022    +1592619   -130           8    +41   31  55  140  -12  117  -31  117  -31  22  0  0 L3P 22
G06 FF 61057 104200  780 227  775    +6032509    +31         -14     -7   42  36  209  -26  160   +1  160    1  28  0  0 L3P EC
G12 FF 61057 104200  780 886  186    +6066325     -4         -12     -9   16  61   81   +0   94   +6   94    6  11  0  0 L3P A6
G19 FF 61057 104200  780 269  484    -6859742    +14           9    +32   35  39  177  +36  130  +11  130   11  27  0  0 L3P 1C
G24 FF 61057 104200  780 493 1427    +1594876   -170          -2    -18   21  25  106  +13  129  +38  129   38  15  0  0 L3P 4B
G25 FF 61057 104200  780 469 2593    -4494500    +84          -8    +60   18  12  111  -13  126  -66  126  -66  12  0  0 L3P 43
G32 FF 61057 104200  780 378 2945    +1592439   -160          -9    +10   27  55  132   -6  130   +0  130    0  19  0  0 L3P 01
G06 FF 61057 105800  780 250  702    +6032549    +40         -10     +3   26  36  190  -13  149   +7  149    7  22  0  0 L3P F0
G11 FF 61057 105800  780 175 1153    +4711788   -142          14     -9   32  71  268  -83  225  -38  225  -38  24  0  0 L3P 56
G12 FF 61057 105800  780 813  634    +6066333    +20          -8    +16   17  61   82   +2   89  -12   89  -12  11  0  0 L3P E2
G19 FF 61057 105800  780 209  457    -6859761    -29           7    -10   32  39  224  +64  147  +25  147   25  23  0  0 L3P 2F
G24 FF 61057 105800  780 417 1447    +1594719   -178         -13    -27   14  25  121  +18  161  +48  161   48  10  0  0 L3P 5F
G25 FF 61057 105800  780 541 2638    -4494467     +6           3    -18   21  12  100   -9  110   -2  110   -2  14  0  0 L3P D7
G28 FF 61057 105800  780 137 3050    +6100320   -126          -3    -72   25  99  340 -157  196  +23  196   23  18  0  0 L3P 5A
G29 FF 61057 105800  780 168 2001    +3915310    -46          19    +18   38  48  280 -117  294  -82  294  -82  29  0  0 L3P 73
G32 FF 61057 105800  780 391 2857    +1592266   -145         -18    +26   24  55  128   -1  142  -17  142  -17  20  0  0 L3P 57
G06 FF 61057 111400  780 261  625    +6032575    +32         -20     -6   37  36  183   -3  159   +0  159    0  25  0  0 L3P DF
G11 FF 61057 111400  780 227 1101    +4711653   -145           8    -12   30  73  209  -46  187  -13  187  -13  21  0  0 L3P 34
G12 FF 61057 111400  780 738  706    +6066330     -2         -15     -7   12  61   84   +3   97  +12   97   12   9  0  0 L3P B4
G19 FF 61057 111400  780 147  441    -6859758    -49          28    -31   40  39  314 +131  148  +32  148   32  36  0  0 L3P 4C
G24 FF 61057 111400  780 344 1466    +1594589   -157           1     -5   27  25  143  +27  175  +20  175   20  21  0  0 L3P 26
G25 FF 61057 111400  780 613 2687    -4494455    +45          -8    +21   22  12   92   -7  111  -34  111  -34  14  0  0 L3P 13
G28 FF 61057 111400  780 200 3059    +6100279    -48           8     +6   48  99  236  -75  164  -20  164  -20  35  0  0 L3P 2C
G29 FF 61057 111400  780 239 2011    +3915218   -159         -12    -95   35  48  200  -59  249   +3  249    3  29  0  0 L3P 42
G32 FF 61057 111400  780 388 2764    +1592111   -142          -9    +29   24  55  129   +3  138  -12  138  -12  18  0  0 L3P 40
G06 FF 61057 113000  780 259  548    +6032628    +89          -4    +51   42  36  184   +6  145  -39  145  -39  30  0  0 L3P 2A
G11 FF 61057 113000  780 275 1040    +4711512   -122          -6    +11   29  73  175  -27  179   -6  179   -6  23  0  0 L3P 25
G12 FF 61057 113000  780 664  758    +6066335    -39         -15    -44   21  61   88   +5  100  +34  100   34  14  0  0 L3P 03
G24 FF 61057 113000  780 273 1484    +1594443   -106           1    +45   29  25  176  +43  204  -12  204  -12  20  0  0 L3P 2E
G25 FF 61057 113000  780 687 2743    -4494436    +63         -12    +39   23  12   87   -5  103  -28  103  -28  16  0  0 L3P 35
G28 FF 61057 113000  780 265 3060    +6100198     -2         -22    +51   37  99  181  -43  167  -60  167  -60  26  0  0 L3P 42
G29 FF 61057 113000  780 312 2024    +3915162    -81          -7    -17   28  48  156  -35  208   -3  208   -3  21  0  0 L3P 15
G32 FF 61057 113000  780 369 2675    +1591965   -155           8    +15   40  55  134   +8  133   -9  133   -9  30  0  0 L3P 1A
G06 FF 61057 114600  780 244  476    +6032661    +60          -6    +23   27  36  194  +16  153   +1  153    1  20  0  0 L3P EB
G11 FF 61057 114600  780 316  970    +4711380   -131         -10     +2   28  73  154  -16  172  -24  172  -24  22  0  0 L3P 2C
G12 FF 61057 114600  780 591  804    +6066329    +31         -25    +27   22  61   94   +7  114  -18  114  -18  14  0  0 L3P 17
G24 FF 61057 114600  780 203 1501    +1594312    -79          14    +73   33  25  231  +75  231   -9  231   -9  27  0  0 L3P 18
G25 FF 61057 114600  780 761 2816    -4494412    -13         -11    -37   19  12   83   -3  100  +22  100   22  12  0  0 L3P 06
G28 FF 61057 114600  780 331 3050    +6100164    -62          -5     -9   36  99  148  -27  140   -3  140   -3  25  0  0 L3P 02
G29 FF 61057 114600  780 387 2037    +3915097    -94         -11    -31   28  48  129  -22  182  -26  182  -26  22  0  0 L3P 67
G32 FF 61057 114600  780 336 2594    +1591761   -138         -32    +33   31  55  145  +15  169  -22  169  -22  22  0  0 L3P 69
G06 FF 61057 120200  780 217  411    +6032698    +23          -9    -13   38  37  217  +32  160   +6  160    6  27  0  0 L3P F0
G11 FF 61057 120200  780 346  891    +4711259    -71          -6    +62   29  74  142   -9  147  -58  147  -58  20  0  0 L3P 2E
G12 FF 61057 120200  780 520  849    +6066343    -22         -10    -27   21  62  102  +10  114  +29  114   29  15  0  0 L3P 11
G24 FF 61057 120200  780 136 1515    +1594152   -272          -6   -121   38  28  338 +160  297 +140  297  140  27  0  0 L3P 8E
G25 FF 61057 120200  780 835 2966    -4494398    +36         -21    +12   20  15   81   -1  106   -8  106   -8  13  0  0 L3P 0A
G28 FF 61057 120200  780 395 3027    +6100094    -12         -23    +42   26  99  127  -18  142  -39  142  -39  19  0  0 L3P 56
G29 FF 61057 120200  780 464 2050    +3915041    -88          -2    -25   36  49  112  -15  144   -1  144   -1  28  0  0 L3P 10
G31 FF 61057 120200  780 102 3120    +1721418    +97         -27   +118   27  38  454 -283  227  -83  227  -83  18  0  0 L3P 79
G32 FF 61057 120200  780 293 2523    +1591619   -202          -4    -31   20  56  164  +25  170  +53  170   53  14  0  0 L3P 30
G06 FF 61057 121800  780 179  356    +6032738   +102          -4    +65   50  37  259  +59  155  -36  155  -36  34  0  0 L3P 53
G11 FF 61057 121800  780 364  804    +4711128   -152         -10    -19   20  74  136   -3  143   +9  143    9  15  0  0 L3P 02
G12 FF 61057 121800  780 451  892    +6066341    +14         -16     +9   26  62  114  +14  129  +14  129   14  20  0  0 L3P 12
G25 FF 61057 121800  780 873  428    -4494363    +16          -9     -7   20  15   81   +0  104  +12  104   12  15  0  0 L3P DE
G28 FF 61057 121800  780 457 2986    +6100047    -45         -19     +8   30  99  113  -12  135  -13  135  -13  20  0  0 L3P 40
G29 FF 61057 121800  780 542 2061    +3914975    -83          -8    -19   18  49  100  -10  129  +13  129   13  14  0  0 L3P 39
G31 FF 61057 121800  780 166 3118    +1721429    -39           5    -18   32  38  282 -110  185  -16  185  -16  25  0  0 L3P 4D
G32 FF 61057 121800  780 243 2462    +1591456   -232          -2    -62   44  56  195  +41  201  +87  201   87  34  0  0 L3P 46
G06 FF 61057 123400  780 134  311    +6032774   +133          -3    +96   36  37  342 +121  154  -74  154  -74  27  0  0 L3P 4D
G11 FF 61057 123400  780 366  716    +4711011   -128           1     +5   31  74  135   +2  134   -8  134   -8  22  0  0 L3P D3
G12 FF 61057 123400  780 383  934    +6066348    +25         -15    +21   20  62  130  +20  147   -2  147   -2  15  0  0 L3P 05
G25 FF 61057 123400  780 807  900    -4494341    +31         -10     +7   15  15   82   +2  107   -6  107   -6  10  0  0 L3P D0
G28 FF 61057 123400  780 512 2919    +6100017    -75           2    -21   20  99  104   -8  115  +17  115   17  15  0  0 L3P 07
G29 FF 61057 123400  780 621 2066    +3914918    -87          -4    -23   24  49   91   -7  124  +14  124   14  17  0  0 L3P 19
G31 FF 61057 123400  780 230 3108    +1721405     -9           0    +12   36  38  206  -56  174  -15  174  -15  27  0  0 L3P 11
G32 FF 61057 123400  780 188 2409    +1591290   -236          -5    -65   41  56  249  +73  238  +87  238   87  31  0  0 L3P 66
G11 FF 61057 125000  780 352  631    +4710875   -143          -8    -10   34  74  140   +7  132   +0  132    0  27  0  0 L3P DE
G12 FF 61057 125000  780 318  975    +6066344     +8         -23     +3   22  62  153  +29  170  +13  170   13  17  0  0 L3P 01
G25 FF 61057 125000  780 732 1003    -4494316     -3          -7    -27   17  15   84   +3  107  +16  107   16  11  0  0 L3P EC
G28 FF 61057 125000  780 555 2821    +6099961    -37          -2    +17   17  99   98   -4  121  -18  121  -18  11  0  0 L3P 30
G29 FF 61057 125000  780 700 2055    +3914857    -68          -3     -4   22  49   86   -4  120   +4  120    4  15  0  0 L3P D5
G31 FF 61057 125000  780 294 3086    +1721360    -26         -26     -5   32  38  165  -33  177  -17  177  -17  25  0  0 L3P 49
G32 FF 61057 125000  780 130 2363    +1591114   -179         -17     -8   58  56  352 +152  293  +43  293   43  43  0  0 L3P 5D
G11 FF 61057 130600  780 325  556    +4710733   -199         -22    -66   34  74  150  +14  139  +41  139   41  25  0  0 L3P 46
G12 FF 61057 130600  780 254 1015    +6066366    -24          -5    -29   33  62  188  +45  173  +49  173   49  27  0  0 L3P 43
G25 FF 61057 130600  780 658 1065    -4494299    +28         -13     +4   24  15   89   +5  111   -4  111   -4  17  0  0 L3P FC
G26 FF 61057 130600  780 184 2889    +3127231    +87           5    +27   45  27  255  -88  236  -76  236  -76  33  0  0 L3P 5A
G28 FF 61057 130600  780 580 2693    +6099901    -50         -11     +3   25  99   95   -1  125   -1  125   -1  17  0  0 L3P FE
G29 FF 61057 130600  780 777 1997    +3914801    -59           2     +5   18  49   83   -2  115  -13  115  -13  12  0  0 L3P 0D
G31 FF 61057 130600  780 354 3049    +1721331    -92         -35    -72   26  38  140  -21  164  +38  164   38  19  0  0 L3P 47
G11 FF 61057 132200  780 286  494    +4710621   -139          -6     -6   40  74  168  +24  124   +9  124    9  30  0  0 L3P FC
G12 FF 61057 132200  780 191 1053    +6066364    +26         -11    +21   30  62  245  +78  198  +16  198   16  23  0  0 L3P 3F
G18 FF 61057 132200  780 129 1804    +4486798    -43           1    +54   34  39  360 -192  308 -101  308 -101  25  0  0 L3P 70
G25 FF 61057 132200  780 584 1115    -4494268    +52          -5    +28   21  15   95   +8  105  -19  105  -19  16  0  0 L3P 22
G26 FF 61057 132200  780 249 2910    +3127283     -8          -1    -68   29  27  192  -49  202  +27  202   27  21  0  0 L3P 24
G28 FF 61057 132200  780 581 2549    +6099846    -99         -15    -46   22  99   95   +1  127  +34  127   34  15  0  0 L3P 49
G29 FF 61057 132200  780 843 1704    +3914751    -52          13    +12   19  49   81   -1   99  -18   99  -18  13  0  0 L3P 13
G31 FF 61057 132200  780 409 2994    +1721324    -54         -22    -34   18  38  124  -13  135  +12  135   12  13  0  0 L3P 32
G11 FF 61057 133800  780 238  445    +4710484    -60         -16    +73   31  74  199  +41  139  -48  139  -48  24  0  0 L3P 56
G18 FF 61057 133800  780 200 1798    +4486728   -104          25     -7   42  39  237  -84  252  -38  252  -38  27  0  0 L3P 68
G21 FF 61057 133800  780 117  670    -3821282   -149         -16    -71   44   3  390  -98  170  +24  170   24  36  0  0 L3P 3C
G25 FF 61057 133800  780 511 1158    -4494256    +18         -16     -6   21  15  104  +11  118  +11  118   11  14  0  0 L3P 1D
G26 FF 61057 133800  780 316 2926    +3127355    +98          14    +38   32  27  154  -31  158  -55  158  -55  25  0  0 L3P 5E
G28 FF 61057 133800  780 557 2413    +6099788    -54         -22     +0   23  99   98   +4  132  +12  132   12  16  0  0 L3P 1F
G29 FF 61057 133800  780 834  937    +3914683    -87           6    -23   19  49   81   +1   94   +7   94    7  13  0  0 L3P D4
G31 FF 61057 133800  780 453 2919    +1721298    +24         -28    +44   32  38  114   -8  132  -41  132  -41  28  0  0 L3P 41
G04 FF 61057 135400  780 110 3287     -387334    -31           8     -8   61  27  413  -27  187   +1  187    1  40  0  0 L3P E1
G05 FF 61057 135400  780 149  909    +2274278    +80           2    +74   55  13  312  -92  175  -87  175  -87  41  0  0 L3P 3F
G11 FF 61057 135400  780 185  409    +4710384     +6          12   +139   45  74  252  +75  124  -95  124  -95  35  0  0 L3P 40
G18 FF 61057 135400  780 272 1792    +4486616    -86           6    +12   39  39  177  -46  225  -71  225  -71  28  0  0 L3P 59
G21 FF 61057 135400  780 143  607    -3821345    -50          -5    +27   39   3  323  -47  145  -30  145  -30  29  0  0 L3P 16
G25 FF 61057 135400  780 440 1198    -4494232    +88         -14    +64   22  15  116  +15  127  -37  127  -37  19  0  0 L3P 5D
G26 FF 61057 135400  780 384 2935    +3127409    +79          10    +19   26  27  130  -21  133  -47  133  -47  18  0  0 L3P 4D
G28 FF 61057 135400  780 514 2304    +6099741    -58         -19     -4   30 101  103   +8  133  +14  133   14  21  0  0 L3P 21
G29 FF 61057 135400  780 766  728    +3914610    -22          -6    +42   19  49   83   +3   94  -32   94  -32  13  0  0 L3P FA
G31 FF 61057 135400  780 484 2822    +1721276     +7         -30    +27   24  38  108   -4  118  -33  118  -33  17  0  0 L3P 2B
G04 FF 61057 141000  780 111 3223     -387371    -10          -9    +14   49  28  407  +12  190   -5  190   -5  38  0  0 L3P FC
G05 FF 61057 141000  780 190  848    +2274307    -81          25    -86   37  14  247  -49  122  +39  122   39  30  0  0 L3P 2F
G11 FF 61057 141000  780 128  384    +4710231    -35         -12    +98   55  75  359 +161  140  -84  140  -84  44  0  0 L3P 52
G16 FF 61057 141000  780 113 2941    -1896994   -112          -3    -36   42  49  409 -228  257  -47  257  -47  30  0  0 L3P 80
G18 FF 61057 141000  780 347 1784    +4486527   -102          11     -4   27  40  142  -28  159  -53  159  -53  21  0  0 L3P 4D
G21 FF 61057 141000  780 159  540    -3821405    -72           9     +6   44   3  291  -20  120  -17  120  -17  36  0  0 L3P E8
G25 FF 61057 141000  780 369 1235    -4494218    +19         -20     -5   26  16  134  +22  140  +11  140   11  19  0  0 L3P 1A
G26 FF 61057 141000  780 454 2933    +3127453    +62          -3     +2   20  37  114  -14  114  -25  114  -25  15  0  0 L3P 12
G28 FF 61057 141000  780 457 2222    +6099700    -79          -7    -26   26 102  113  +12  132  +25  132   25  17  0  0 L3P 37
G29 FF 61057 141000  780 692  690    +3914566    -56          14     +8   17  50   86   +4   77   -1   77   -1  12  0  0 L3P C7
G31 FF 61057 141000  780 496 2710    +1721255    +17         -16    +38   22  22  106   +0  115  -33  115  -33  15  0  0 L3P 1E
G04 FF 61057 142600  780 103 3158     -387402    -35         -17    -11   42  28  439  +58  213  +27  213   27  30  0  0 L3P 2C
G05 FF 61057 142600  780 223  780    +2274272     +0         -16     -6   38  14  212  -27  138   -3  138   -3  29  0  0 L3P F1
G16 FF 61057 142600  780 177 2963    -1897033    +10          31    +86   41  49  265  -97  167 -118  167 -118  30  0  0 L3P 89
G18 FF 61057 142600  780 423 1771    +4486426    -66           4    +32   31  40  120  -18  134  -54  134  -54  23  0  0 L3P 2F
G21 FF 61057 142600  780 164  472    -3821493    -72          -5     +5   41   3  282   +0  127  -12  127  -12  29  0  0 L3P ED
G25 FF 61057 142600  780 301 1268    -4494196    +62         -21    +38   33  16  161  +34  149  -18  149  -18  25  0  0 L3P 5E
G26 FF 61057 142600  780 524 2915    +3127512    +45          -2    -15   25  37  102  -10   94   -8   94   -8  18  0  0 L3P FA
G28 FF 61057 142600  780 393 2162    +6099653    -62          -3     -8   27 102  127  +19  136   +6  136    6  22  0  0 L3P 1A
G29 FF 61057 142600  780 618  693    +3914485     +0          -6    +64   28  50   92   +6   84  -39   84  -39  20  0  0 L3P F4
G31 FF 61057 142600  780 487 2595    +1721244    -29          -7     -8   27  22  107   +3  101   +8  101    8  20  0  0 L3P E2
G05 FF 61057 144200  780 247  707    +2274285    -28          -9    -33   27  14  193  -13  121  +22  121   22  19  0  0 L3P 19
G16 FF 61057 144200  780 244 2981    -1897109    -12          28    +64   25  49  196  -53  126  -98  126  -98  19  0  0 L3P 74
G18 FF 61057 144200  780 500 1751    +4486315   -119         -14    -22   25  40  106  -12  119   -7  119   -7  18  0  0 L3P 39
G21 FF 61057 144200  780 158  406    -3821572   -111         -10    -34   29   3  293  +21  117  +15  117   15  24  0  0 L3P 1E
G25 FF 61057 144200  780 233 1299    -4494166    +29         -13     +5   43  16  203  +56  161  +19  161   19  31  0  0 L3P 35
G26 FF 61057 144200  780 591 2871    +3127569    +52          -2     -8   21  37   94   -7   83   -2   83   -2  14  0  0 L3P D1
G28 FF 61057 144200  780 326 2117    +6099617    -61          13     -7   29 102  150  +29  133  +15  133   15  20  0  0 L3P 2D
G29 FF 61057 144200  780 546  712    +3914417   -103         -13    -39   21  50   99   +9   90  +23   90   23  14  0  0 L3P 00
G31 FF 61057 144200  780 459 2490    +1721222    -43         -10    -22   26  22  112   +7  101  +21  101   21  20  0  0 L3P FC
G05 FF 61057 145800  780 258  630    +2274291     -4          -8     -9   30  14  185   -3  112   -9  112   -9  23  0  0 L3P D4
G16 FF 61057 145800  780 313 2992    -1897219    -74          -8     +2   29  49  156  -32  125  -25  125  -25  21  0  0 L3P 47
G18 FF 61057 145800  780 576 1713    +4486223    -77         -11    +21   25  40   96   -8   99  -35   99  -35  15  0  0 L3P 30
G21 FF 61057 145800  780 141  343    -3821677   -146         -40    -68   47   3  326  +51  126  +30  126   30  32  0  0 L3P 2E
G25 FF 61057 145800  780 168 1328    -4494160    +14         -30     -9   30  16  277 +105  194  +29  194   29  23  0  0 L3P 56
G26 FF 61057 145800  780 652 2784    +3127618    +61         -11     +0   21  37   89   -4   81  -11   81  -11  14  0  0 L3P F7
G28 FF 61057 145800  780 257 2082    +6099536    -85         -17    -31   33 102  185  +47  168  +54  168   54  24  0  0 L3P 79
G29 FF 61057 145800  780 476  738    +3914360    -23          -9    +41   27  50  109  +12   82  -33   82  -33  21  0  0 L3P 14
G31 FF 61057 145800  780 417 2402    +1721192    -41         -20    -20   33  22  121  +12  116  +30  116   30  23  0  0 L3P 12
G05 FF 61057 151400  780 255  553    +2274300    +35          -5    +29   34  14  186   +6  100  -22  100  -22  23  0  0 L3P FA
G16 FF 61057 151400  780 383 2993    -1897289    -97          -6    -21   22  49  131  -21  101   +4  101    4  16  0  0 L3P 18
G18 FF 61057 151400  780 648 1644    +4486142   -124           1    -26   27  40   89   -5   79   +5   79    5  19  0  0 L3P EA
G21 FF 61057 151400  780 113  286    -3821696   -140          15    -63   46   3  400 +109   70  +10   70   10  34  0  0 L3P FD
G25 FF 61057 151400  780 104 1353    -4494125    +18         -18     -6   64  16  438 +259  197   +4  197    4  49  0  0 L3P 3B
G26 FF 61057 151400  780 698 2629    +3127670    +57         -17     -3   25  37   86   -2   80   +6   80    6  17  0  0 L3P DF
G27 FF 61057 151400  780 103 2649     +205444    +42          41    -36   47  77  445 -256  223  -56  223  -56  33  0  0 L3P 4F
G28 FF 61057 151400  780 189 2053    +6099507    -34           6    +19   43 102  247  +86  178  +25  178   25  38  0  0 L3P 57
G29 FF 61057 151400  780 407  769    +3914294    -95         -14    -31   27  50  123  +17   85  +27   85   27  21  0  0 L3P 25
G31 FF 61057 151400  780 364 2331    +1721182    -43         -10    -23   27  22  136  +19  116  +29  116   29  20  0  0 L3P 2D
G05 FF 61057 153000  780 240  480    +2274296    +75         -14    +69   39  14  198  +17   97  -58   97  -58  27  0  0 L3P 45
G16 FF 61057 153000  780 454 2982    -1897381    -67         -24     +9   19  49  114  -14  101  -19  101  -19  11  0  0 L3P 4C
G18 FF 61057 153000  780 710 1511    +4486041   -100          -6     -3   19  40   86   -3   78   -4   78   -4  13  0  0 L3P CD
G23 FF 61057 153000  780 138 1464    -6006588    -47           5     +3   48  30  337 -157  177  -68  177  -68  38  0  0 L3P 5B
G26 FF 61057 153000  780 714 2405    +3127744    +44          -1    -16   18  37   85   +0   69  +16   69   16  13  0  0 L3P EE
G27 FF 61057 153000  780 165 2686     +205483   +115           6    +38   33  77  284 -107  178  -90  178  -90  27  0  0 L3P 63
G28 FF 61057 153000  780 123 2028    +6099461   -109          11    -55   51 102  373 +194  207  +93  207   93  43  0  0 L3P 72
G29 FF 61057 153000  780 341  803    +3914235    -52         -11    +12   31  50  144  +25   89   -4   89   -4  24  0  0 L3P F0
G31 FF 61057 153000  780 306 2275    +1721165    -59          -7    -39   33  22  158  +29  123  +35  123   35  27  0  0 L3P 32
G05 FF 61057 154600  780 212  414    +2274317    +49           2    +44   43  14  222  +34   73  -62   73  -62  35  0  0 L3P F3
G16 FF 61057 154600  780 524 2951    -1897443    -43         -13    +33   21  49  102  -10   79  -37   79  -37  15  0  0 L3P 43
G18 FF 61057 154600  780 746 1275    +4485951    -69          -2    +29   18  40   84   -1   65  -27   65  -27  12  0  0 L3P 19
G23 FF 61057 154600  780 204 1433    -6006647    -41          -6     +9   34  30  232  -74  140  -78  140  -78  27  0  0 L3P 31
G26 FF 61057 154600  780 692 2184    +3127800    +57          -3     -4   15  37   86   +2   67   -6   67   -6  11  0  0 L3P D1
G27 FF 61057 154600  780 228 2722     +205569    +30          18    -48   36  77  209  -57  133   -1  133   -1  27  0  0 L3P 1A
G29 FF 61057 154600  780 277  839    +3914185    -96           0    -32   25  50  173  +37   88  +26   88   26  19  0  0 L3P 1C
G31 FF 61057 154600  780 244 2230    +1721153    +32           0    +52   42  22  194  +47  139  -14  139  -14  32  0  0 L3P 1B
G05 FF 61057 160200  780 174  358    +2274334   -114           8   -120   38  15  267  +64   49  +72   49   72  28  0  0 L3P 23
G16 FF 61057 160200  780 589 2888    -1897513    -94          -9    -18   22  50   94   -6   74   +4   74    4  14  0  0 L3P F0
G18 FF 61057 160200  780 740  989    +4485848    -89         -17     +9   19  41   84   +1   68  -10   68  -10  13  0  0 L3P 09
G23 FF 61057 160200  780 270 1397    -6006695    -69          -7    -19   29  31  178  -42  118  +11  118   11  23  0  0 L3P 3D
G26 FF 61057 160200  780 643 2033    +3127849   +110         -12    +50   23  37   90   +5   74  -41   74  -41  15  0  0 L3P 0C
G27 FF 61057 160200  780 293 2758     +205630   +120           2    +42   26  78  165  -35  107  -53  107  -53  21  0  0 L3P 2B
G29 FF 61057 160200  780 214  876    +3914108    -53         -14    +11   28  53  219  +61   99  -22   99  -22  23  0  0 L3P 28
G31 FF 61057 160200  780 182 2192    +1721144    -48          12    -28   32  39  256  +85  146  +37  146   37  25  0  0 L3P 3E
G05 FF 61057 161800  780 128  313    +2274317    -13         -15    -18   51  15  358 +135   51  -30   51  -30  37  0  0 L3P 20
G16 FF 61057 161800  780 644 2778    -1897575   -103           3    -27   20  50   90   -4   58   +9   58    9  14  0  0 L3P EF
G18 FF 61057 161800  780 695  791    +4485768    -28          -3    +70   23  41   86   +3   53  -45   53  -45  16  0  0 L3P 09
G23 FF 61057 161800  780 335 1353    -6006727    -16           8    +34   27  31  146  -26   91  -40   91  -40  20  0  0 L3P 0C
G26 FF 61057 161800  780 579 1943    +3127910    +29          -9    -32   22  37   95   +7   72  +21   72   21  17  0  0 L3P FB
G27 FF 61057 161800  780 360 2793     +205727    +92          25    +15   29  78  138  -23   77  -25   77  -25  23  0  0 L3P 2C
G29 FF 61057 161800  780 153  913    +3914053    -89          -8    -25   53  53  301 +116   94  +16   94   16  42  0  0 L3P 20
G31 FF 61057 161800  780 121 2158    +1721102   -134         -10   -113   35  39  379 +186  192 +117  192  117  27  0  0 L3P 99
G10 FF 61057 163400  780 159 1640    +5831817    +23           8     -3   40  15  295 -129  140  -21  140  -21  31  0  0 L3P 22
G16 FF 61057 163400  780 677 2606    -1897665    -78         -14     -2   24  50   87   -1   62   -7   62   -7  16  0  0 L3P F6
G18 FF 61057 163400  780 633  690    +4485668    -81          -9    +17   29  41   90   +5   47  -28   47  -28  20  0  0 L3P 08
G23 FF 61057 163400  780 397 1297    -6006786    -50          -3     +0   21  31  126  -17   76  -21   76  -21  16  0  0 L3P 0E
G26 FF 61057 163400  780 508 1890    +3127958    +54         -18     -6   25  37  104  +11   81   +8   81    8  19  0  0 L3P FE
G27 FF 61057 163400  780 429 2826     +205790    +86          14     +8   24  78  119  -16   68  -29   68  -29  17  0  0 L3P 27
G07 FF 61057 165000  780 115 3296    +1365634    +44           1     -7   52  24  395  -75   66   +1   66    1  40  0  0 L3P D1
G08 FF 61057 165000  780 184 2851    -5031769    +53          23    +10   38  65  256  -88  100  -36  100  -36  31  0  0 L3P 47
G10 FF 61057 165000  780 229 1622    +5831824    -44         -10    -70   26  15  207  -63  124  +12  124   12  23  0  0 L3P 2B
G15 FF 61057 165000  780 100  687    -3775254    +12           3    +47   44 116  451 -133   32  -39   32  -39  37  0  0 L3P 25
G16 FF 61057 165000  780 678 2397    -1897728    -82          -5     -6   19  50   87   +1   49   +0   49    0  13  0  0 L3P D7
G18 FF 61057 165000  780 564  645    +4485578    -33          -5    +64   24  41   97   +8   35  -52   35  -52  17  0  0 L3P 03
G23 FF 61057 165000  780 454 1225    -6006834    -72          -2    -22   27  31  114  -11   56   -9   56   -9  18  0  0 L3P F7
G26 FF 61057 165000  780 435 1858    +3128022    +93         -13    +32   28  37  117  +16   79  -24   79  -24  23  0  0 L3P 39
G27 FF 61057 165000  780 500 2855     +205856    +15           5    -62   18  78  106  -12   58  +29   58   29  14  0  0 L3P 01
G07 FF 61057 170600  780 133 3239    +1365695   +135          13    +84   38  24  345  -33   55  -51   55  -51  31  0  0 L3P 3C
G08 FF 61057 170600  780 248 2878    -5031712    +10          39    -33   43  65  193  -49   67   +0   67    0  32  0  0 L3P FF
G10 FF 61057 170600  780 302 1601    +5831867    +10           8    -17   30  15  161  -37   83  -18   83  -18  24  0  0 L3P 0A
G15 FF 61057 170600  780 127  624    -3775281    -20          10    +15   44 116  362  -62   27  -18   27  -18  35  0  0 L3P 23
G16 FF 61057 170600  780 646 2217    -1897806   -100         -10    -24   21  50   89   +3   51  +15   51   15  14  0  0 L3P 07
G18 FF 61057 170600  780 494  630    +4485476   -108         -13    -11   20  41  106  +12   30   -5   30   -5  15  0  0 L3P F8
G23 FF 61057 170600  780 499 1132    -6006901    -70         -21    -20   22  31  106   -6   55  -10   55  -10  17  0  0 L3P 04
G26 FF 61057 170600  780 362 1838    +3128070    +74         -22    +14   31  37  136  +24   88   -6   88   -6  26  0  0 L3P 17
G27 FF 61057 170600  780 573 2879     +205916    +66          -8    -12   21  78   96   -8   52  -15   52  -15  15  0  0 L3P 02
G07 FF 61057 172200  780 140 3178    +1365739    +52           8     +1   30  24  327   -6   55  -22   55  -22  24  0  0 L3P E6
G08 FF 61057 172200  780 315 2901    -5031704   +114           5    +71   29  65  155  -31   67  -75   67  -75  20  0  0 L3P 27
G10 FF 61057 172200  780 375 1575    +5831890    -14           6    -41   22  15  133  -23   67   +1   67    1  17  0  0 L3P DB
G15 FF 61057 172200  780 144  556    -3775317    -81           8    -46   50 116  320  -27   19  +38   19   38  41  0  0 L3P 14
G16 FF 61057 172200  780 591 2095    -1897861   -100           9    -24   23  50   94   +6   39  +17   39   17  17  0  0 L3P 08
G18 FF 61057 172200  780 423  631    +4485367   -109         -28    -11   26  41  120  +16   41   +3   41    3  20  0  0 L3P E8
G23 FF 61057 172200  780 528 1018    -6006937    -25         -10    +25   19  31  101   -3   35  -30   35  -30  14  0  0 L3P 03
G26 FF 61057 172200  780 290 1824    +3128140    +38         -11    -22   27  37  166  +38   86  +20   86   20  19  0  0 L3P 21
G27 FF 61057 172200  780 649 2893     +205989   +105         -10    +27   17  78   89   -6   42  -32   42  -32  11  0  0 L3P 1E
G02 FF 61057 173800  780 107 2479     -187189   -109         -21    -27   54  75  430 -247  152  -35  152  -35  44  0  0 L3P 7B
G07 FF 61057 173800  780 138 3114    +1365775    +57          -5     +6   38  24  333  +18   51   -8   51   -8  28  0  0 L3P F8
G08 FF 61057 173800  780 383 2919    -5031653    +13          15    -30   31  65  130  -21   38  +16   38   16  21  0  0 L3P 10
G10 FF 61057 173800  780 447 1538    +5831909   +105          -1    +78   24  15  115  -15   58  -81   58  -81  17  0  0 L3P 43
G15 FF 61057 173800  780 150  487    -3775351    -38           7     -3   37 116  307   -2   15   -1   15   -1  27  0  0 L3P CD
G16 FF 61057 173800  780 525 2019    -1897954    -71         -12     +6   37  50  102  +10   57   +2   57    2  29  0  0 L3P F4
G18 FF 61057 173800  780 355  644    +4485294   -116          -8    -18   30  41  139  +24   24   +4   24    4  23  0  0 L3P F4
G23 FF 61057 173800  780 537  892    -6006985    -24          -9    +26   22  31  100   +0   25  -32   25  -32  15  0  0 L3P F5
G26 FF 61057 173800  780 219 1813    +3128199    -15          -9    -75   33  37  215  +66   98  +67   98   67  25  0  0 L3P 43
G27 FF 61057 173800  780 724 2883     +206069    +90          -4    +12   19  78   85   -4   29  -15   29  -15  13  0  0 L3P FE
G02 FF 61057 175400  780 170 2516     -187278   -192         -32   -110   55  75  276 -102  117  +34  117   34  41  0  0 L3P 6A
G07 FF 61057 175400  780 125 3051    +1365832    +45           4     -6   37  24  365  +50   44  +10   44   10  30  0  0 L3P DD
G08 FF 61057 175400  780 453 2929    -5031624    +71           3    +28   30  65  114  -14   35  -33   35  -33  21  0  0 L3P 0B
G10 FF 61057 175400  780 517 1484    +5831935    -11           1    -38   21  15  103  -10   45  +17   45   17  14  0  0 L3P F6
G15 FF 61057 175400  780 145  419    -3775388   -122           5    -87   42 116  317  +23   10  +64   10   64  31  0  0 L3P 1A
G16 FF 61057 175400  780 453 1971    -1898021   -115          -5    -39   32  50  113  +15   61  +33   61   33  26  0  0 L3P 20
G18 FF 61057 175400  780 288  664    +4485199   -130          -9    -32   29  41  167  +36   24  +28   24   28  24  0  0 L3P 2F
G23 FF 61057 175400  780 523  770    -6007034    -89         -10    -39   33  31  102   +3   22  +27   22   27  25  0  0 L3P EF
G26 FF 61057 175400  780 151 1804    +3128264    +27          -2    -33   25  37  305 +132  112  +77  112   77  18  0  0 L3P 3E
G27 FF 61057 175400  780 799 2800     +206133    +87         -15    +10   19  78   82   -2   36   -7   36   -7  13  0  0 L3P E4
G02 FF 61057 181000  780 233 2554     -187334    -65          -7    +17   34  97  204  -54   79  -33   79  -33  26  0  0 L3P 1F
G07 FF 61057 181000  780 103 2990    +1365882    -22           4    -73   34  25  439 +108   53  +79   53   79  27  0  0 L3P 2B
G08 FF 61057 181000  780 525 2926    -5031592     -4          -4    -47   22  32  102  -10   27  +29   27   29  15  0  0 L3P F8
G10 FF 61057 181000  780 580 1402    +5831943    +55         -16    +29   22  15   95   -6   49  -38   49  -38  16  0  0 L3P 1A
G15 FF 61057 181000  780 129  354    -3775406    +19          18    +54   40  18  355  +59    3  -42    3  -42  31  0  0 L3P EE
G16 FF 61057 181000  780 380 1939    -1898097   -103         -12    -27   33  52  131  +22   65  +14   65   14  25  0  0 L3P 37
G18 FF 61057 181000  780 223  688    +4485087    -76         -28    +22   27  42  211  +59   36  -31   36  -31  18  0  0 L3P 2C
G23 FF 61057 181000  780 489  668    -6007091    -52         -16     -2   15  32  107   +7   22   -4   22   -4  11  0  0 L3P C8
G27 FF 61057 181000  780 853 2323     +206224    +95          -5    +17   13  79   81   +0   23  -19   23  -19   9  0  0 L3P D3
G02 FF 61057 182600  780 298 2594     -187410   -114          -4    -32   31  97  163  -33   61  +16   61   16  23  0  0 L3P 13
G08 FF 61057 182600  780 596 2902    -5031545    +48           2     +5   20  32   94   -7   22   -6   22   -6  13  0  0 L3P B5
G10 FF 61057 182600  780 630 1279    +5831969    +65         -16    +39   23  15   91   -3   36  -36   36  -36  17  0  0 L3P 22
G15 FF 61057 182600  780 102  294    -3775453     +9           5    +45   30  18  442 +131   18  -11   18  -11  23  0  0 L3P F4
G16 FF 61057 182600  780 308 1917    -1898145    -53          14    +23   23  52  157  +34   51   -3   51   -3  17  0  0 L3P 03
G18 FF 61057 182600  780 160  717    +4485005   -161         -15    -63   48  42  289 +109   31  +38   31   38  37  0  0 L3P 44
G23 FF 61057 182600  780 441  591    -6007141    -20         -18    +30   32  32  116  +11   26  -17   26  -17  22  0  0 L3P 02
G27 FF 61057 182600  780 815 1668     +206288    +30         -15    -48   18  79   82   +1   21  +34   21   34  12  0  0 L3P F1
G02 FF 61057 184200  780 363 2636     -187488    -45          -4    +37   26  97  137  -22   37  -34   37  -34  20  0  0 L3P 21
G08 FF 61057 184200  780 664 2841    -5031518    +72         -13    +29   16  32   88   -5   28  -21   28  -21  11  0  0 L3P 0D
G10 FF 61057 184200  780 658 1111    +5832006     +2          -3    -24   15  15   89   -1   24  +15   24   15  10  0  0 L3P BD
G16 FF 61057 184200  780 236 1901    -1898238   -113          -7    -37   41  52  200  +57   82  +48   82   48  31  0  0 L3P 31
G23 FF 61057 184200  780 385  539    -6007191    -56         -20     -6   30  32  130  +18   29   +2   29    2  20  0  0 L3P CF
G27 FF 61057 184200  780 740 1539     +206353    +94         -24    +17   19  79   84   +3   28  -17   28  -17  12  0  0 L3P 0A
G01 FF 61057 185800  780 112 2573    -3429653    -65         -12   -103   46 224  410 -215  102  +16  102   16  33  0  0 L3P 67
G02 FF 61057 185800  780 429 2679     -187573   -108         -11    -26   27  97  119  -15   34  +13   34   13  19  0  0 L3P 3B
G08 FF 61057 185800  780 722 2708    -5031482    +25         -18    -18   23  32   85   -2   28   +5   28    5  16  0  0 L3P E6
G10 FF 61057 185800  780 655  926    +5832000     +0         -35    -27   20  15   89   +1   41  +15   41   15  14  0  0 L3P CA
G16 FF 61057 185800  780 167 1887    -1898316     -5         -11    +71   38  52  278 +110   96  -32   96  -32  31  0  0 L3P 52
G23 FF 61057 185800  780 323  506    -6007240    -10         -21    +40   29  32  151  +27   31  -22   31  -22  20  0  0 L3P F6
G27 FF 61057 185800  780 662 1513     +206427   +101         -24    +24   21  79   88   +6   28   +0   28    0  14  0  0 L3P D4
G32 FF 61057 185800  780 153 1288    +1587341   -123         -12    +49   29  25  306 -118   80  -48   80  -48  24  0  0 L3P 68
G01 FF 61057 191400  780 172 2611    -3429565   +100          39    +62   48 224  272  -95   37  -79   37  -79  36  0  0 L3P 63
G02 FF 61057 191400  780 495 2723     -187665    -90         -24     -8   24  97  106  -11   34   +8   34    8  17  0  0 L3P EE
G08 FF 61057 191400  780 755 2458    -5031432    +13         -10    -30   19  32   83   -1   20  +21   20   21  13  0  0 L3P DC
G10 FF 61057 191400  780 624  772    +5832049     -6         -11    -32   20  15   91   +4   21  +24   21   24  12  0  0 L3P BF
G16 FF 61057 191400  780 101 1873    -1898358     -7          19    +69   47  52  450 +280   85  -34   85  -34  33  0  0 L3P 46
G23 FF 61057 191400  780 258  488    -6007255    +41          11    +91   35  32  184  +44    5  -59    5  -59  27  0  0 L3P FE
G27 FF 61057 191400  780 583 1513     +206494    +45         -31    -33   25  79   95   +8   41  +41   41   41  18  0  0 L3P F2
G32 FF 61057 191400  780 211 1244    +1587208   -191          20    -20   35  25  224  -61   49   +5   49    5  28  0  0 L3P FE
G01 FF 61057 193000  780 234 2649    -3429575    +24          -7    -13   38 224  204  -53   42  -18   42  -18  29  0  0 L3P 37
G02 FF 61057 193000  780 563 2769     -187751    -84         -31     -2   22  97   97   -8   32   +1   32    1  15  0  0 L3P C2
G08 FF 61057 193000  780 743 2163    -5031402    +37         -21     -7   19  32   84   +1   26  +26   26   26  14  0  0 L3P DF
G10 FF 61057 193000  780 573  667    +5832064    +83         -20    +57   21  15   96   +6   25  -40   25  -40  13  0  0 L3P F4
G14 FF 61057 193000  780 125 3267    -7293919    -49          22    -25   54 236  369 -121    5  -11    5  -11  42  0  0 L3P 2C
G23 FF 61057 193000  780 193  482    -6007316     -9          -1    +41   41  32  242  +80   21  -33   21  -33  32  0  0 L3P DF
G27 FF 61057 193000  780 505 1523     +206580    +85         -20     +8   23  79  105  +12   49   +5   49    5  18  0  0 L3P DA
G32 FF 61057 193000  780 268 1195    +1587011   -223         -12    -51   35  25  179  -35   65  +31   65   31  27  0  0 L3P 36
G01 FF 61057 194600  780 296 2687    -3429511    +84          22    +46   34 224  163  -33   10  -44   10  -44  27  0  0 L3P 38
G02 FF 61057 194600  780 631 2817     -187809    -83         -11     -1   21  97   91   -6   19   -1   19   -1  13  0  0 L3P CD
G08 FF 61057 194600  780 694 1967    -5031359    +60         -20    +17   17  32   86   +4   30   +0   30    0  12  0  0 L3P D2
G10 FF 61057 194600  780 512  605    +5832092    +84         -18    +58   33  15  104  +10   26  -29   26  -29  23  0  0 L3P 1B
G14 FF 61057 194600  780 163 3217    -7293942    -78          22    -54   39 236  286  -59    4  +26    4   26  30  0  0 L3P 23
G23 FF 61057 194600  780 129  484    -6007362    -66           1    -16   41  32  357 +174   13  +25   13   25  30  0  0 L3P 00
G27 FF 61057 194600  780 429 1536     +206659    +99         -15    +22   22  79  119  +17   53   +2   53    2  16  0  0 L3P FD
G32 FF 61057 194600  780 321 1135    +1586874   -148          15    +24   26  25  152  -22   33  -21   33  -21  20  0  0 L3P 26
G01 FF 61057 200200  780 360 2726    -3429503    +80         -11    +43   37 225  137  -22   26  -20   26  -20  25  0  0 L3P 22
G02 FF 61057 200200  780 701 2870     -187885    -27          -6    +55   19  98   86   -4   18  -43   18  -43  11  0  0 L3P F9
G08 FF 61057 200200  780 628 1867    -5031322    +49         -25     +5   22  34   91   +6   34   +3   34    3  15  0  0 L3P BA
G10 FF 61057 200200  780 446  572    +5832102    +48         -31    +22   31  44  115  +14   37   +2   37    2  22  0  0 L3P C6
G14 FF 61057 200200  780 192 3160    -7293969     +5          14    +29   54 238  244  -31    7  -24    7  -24  36  0  0 L3P 06
G22 FF 61057 200200  780 119 3295     +576513   -125          -8    -82   48  47  387 -129   30  +37   30   37  37  0  0 L3P 32
G27 FF 61057 200200  780 354 1550     +206729   +160         -21    +83   24  80  139  +26   61  -55   61  -55  20  0  0 L3P 21
G32 FF 61057 200200  780 367 1065    +1586682   -229         -14    -57   23  26  135  -14   41  +37   41   37  16  0  0 L3P 35
G01 FF 61057 201800  780 426 2764    -3429466    +55         -10    +18   28 225  119  -16   25  -10   25  -10  20  0  0 L3P 33
G02 FF 61057 201800  780 770 2936     -187967    -67         -10    +15   19  98   83   -2   19  -12   19  -12  13  0  0 L3P 0C
G03 FF 61057 201800  780 120 2244    -5957784    -27          32   -133   57  15  386 -211   63  +83   63   83  49  0  0 L3P 4E
G08 FF 61057 201800  780 554 1815    -5031275    +57         -20    +14   25  34   98   +9   38   -3   38   -3  19  0  0 L3P F1
G10 FF 61057 201800  780 379  559    +5832115     +7         -43    -19   25  44  131  +21   47  +15   47   15  18  0  0 L3P FF
G14 FF 61057 201800  780 211 3095    -7294011    -52          -5    -28   42 238  223  -14   17  +11   17   11  30  0  0 L3P 09
G22 FF 61057 201800  780 155 3245     +576479    +39          -1    +82   34  47  300  -62   18  -60   18  -60  25  0  0 L3P 10
G27 FF 61057 201800  780 281 1564     +206802    +95         -23    +18   29  80  171  +41   74   -7   74   -7  20  0  0 L3P FB
G32 FF 61057 201800  780 402  982    +1586515   -191         -16    -19   26  26  125   -8   35   +9   35    9  20  0  0 L3P F6
G01 FF 61057 203400  780 494 2802    -3429434     +8         -14    -30   22 225  106  -11   22  +17   22   17  15  0  0 L3P 06
G02 FF 61057 203400  780 840 3059     -188054    -56         -18    +26   14  98   81   -1   22  -19   22  -19   9  0  0 L3P F0
G03 FF 61057 203400  780 187 2273    -5957688   +159          27    +54   35  15  252  -90   53  -56   53  -56  26  0  0 L3P 57
G08 FF 61057 203400  780 479 1788    -5031242    +60         -28    +16   26  34  109  +13   57   -6   57   -6  20  0  0 L3P 11
G10 FF 61057 203400  780 311  559    +5832148    +24         -35     -3   26  44  156  +31   44   -3   44   -3  21  0  0 L3P D4
G14 FF 61057 203400  780 218 3025    -7294043     +3         -14    +27   30 238  216   -2   24   -3   24   -3  23  0  0 L3P DE
G22 FF 61057 203400  780 182 3188     +576428    +48         -10    +91   48  47  256  -31   18  -60   18  -60  34  0  0 L3P 29
G27 FF 61057 203400  780 210 1577     +206908   +126          10    +48   36  80  224  +72   59  -36   59  -36  27  0  0 L3P 2B
G32 FF 61057 203400  780 424  889    +1586336   -135         -31    +36   18  26  120   -3   43  -40   43  -40  16  0  0 L3P 16
G01 FF 61057 205000  780 563 2838    -3429407    +25         -24    -12   30 225   97   -8   26   +9   26    9  20  0  0 L3P EE
G02 FF 61057 205000  780 879  650     -188116    -61          -1    +21   16  98   81   +0   12  -18   12  -18  11  0  0 L3P C6
G03 FF 61057 205000  780 255 2306    -5957605    +41           8    -65   27  15  188  -49   57  +31   57   31  21  0  0 L3P 0F
G08 FF 61057 205000  780 403 1774    -5031200    +69         -28    +26   29  34  124  +20   68   +1   68    1  22  0  0 L3P EC
G10 FF 61057 205000  780 245  568    +5832165    +40         -44    +14   35  44  193  +50   51   -9   51   -9  25  0  0 L3P F3
G14 FF 61057 205000  780 214 2953    -7294045     -6           6    +17   25 238  220  +10   15  -10   15  -10  18  0  0 L3P F7
G17 FF 61057 205000  780 113 3167     +356204   +127         -25    +12   34  68  409 -218   36  -20   36  -20  25  0  0 L3P 30
G22 FF 61057 205000  780 199 3125     +576386    -15         -10    +29   46  47  235  -14   14  -24   14  -24  32  0  0 L3P 18
G27 FF 61057 205000  780 142 1587     +206954    +66         -19    -11   33  80  326 +152   93  +19   93   19  25  0  0 L3P 2C
G32 FF 61057 205000  780 429  792    +1586176   -161         -26    +10   31  26  118   +1   40  -15   40  -15  24  0  0 L3P 0A
G01 FF 61057 210600  780 635 2871    -3429372    +60         -24    +23   27 225   90   -6   23  -19   23  -19  17  0  0 L3P 1B
G02 FF 61057 210600  780 813 1079     -188201    -98          -8    -16   21  98   82   +2   14   +6   14    6  14  0  0 L3P B5
G03 FF 61057 210600  780 324 2343    -5957542    +82         -30    -23   40  15  151  -30   65   -4   65   -4  29  0  0 L3P 02
G08 FF 61057 210600  780 329 1766    -5031151    +77         -20    +33   44  34  148  +30   74   +5   74    5  33  0  0 L3P F8
G10 FF 61057 210600  780 181  584    +5832219    +89         -15    +63   37  44  258  +89   22  -36   22  -36  31  0  0 L3P 2A
G14 FF 61057 210600  780 198 2883    -7294093    +82         -19   +106   42 238  236  +25   31  -71   31  -71  32  0  0 L3P 5D
G17 FF 61057 210600  780 173 3158     +356346    +89           7    -26   56  68  271  -93    0   +0    0    0  40  0  0 L3P AA
G22 FF 61057 210600  780 205 3058     +576348    -65          -7    -22   42  47  229   +0   13   +6   13    6  27  0  0 L3P C2
G32 FF 61057 210600  780 418  698    +1586018   -191         -19    -19   19  26  121   +5   33  +24   33   24  14  0  0 L3P 12
G01 FF 61057 212200  780 708 2898    -3429344    +52         -32    +14   13 225   86   -4   31  -11   31  -11   9  0  0 L3P FF
G02 FF 61057 212200  780 742 1165     -188288   -114         -16    -32   22  98   84   +3   21  +25   21   25  15  0  0 L3P F4
G03 FF 61057 212200  780 395 2384    -5957458    +89         -47    -17   30  15  127  -20   58  -12   58  -12  23  0  0 L3P 42
G08 FF 61057 212200  780 257 1761    -5031110    +24         -21    -19   33  34  185  +49   84   +8   84    8  25  0  0 L3P FD
G10 FF 61057 212200  780 118  606    +5832287    +79          28    +53   63  44  388 +200    1  -37    1  -37  53  0  0 L3P 01
G14 FF 61057 212200  780 172 2816    -7294097    -35           0    -11   62 238  270  +47   20  +23   20   23  45  0  0 L3P 08
G17 FF 61057 212200  780 232 3138     +356423   +194         -26    +79   49  68  205  -50   28  -63   28  -63  36  0  0 L3P 41
G22 FF 61057 212200  780 200 2990     +576292    -79         -22    -35   36  47  235  +13   22  +19   22   19  26  0  0 L3P 0E
G32 FF 61057 212200  780 390  615    +1585841   -181         -31    -10   23  26  128  +10   46   +8   46    8  16  0  0 L3P F3
G01 FF 61057 213800  780 782 2907    -3429292    +70         -17    +33   21 225   83   -2   24  -26   24  -26  15  0  0 L3P 1C
G02 FF 61057 213800  780 670 1219     -188342    -51           9    +31   15  98   88   +5    7  -21    7  -21  11  0  0 L3P B7
G03 FF 61057 213800  780 466 2429    -5957344    +39         -36    -67   24  15  111  -14   31  +38   31   38  19  0  0 L3P 33
G08 FF 61057 213800  780 187 1757    -5031094    -28         -46    -71   42  34  250  +91  112  +70  112   70  31  0  0 L3P 42
G14 FF 61057 213800  780 138 2754    -7294129    -22          -9     +2   44 238  333  +89   32   +9   32    9  33  0  0 L3P FF
G17 FF 61057 213800  780 288 3107     +356551   +134          -8    +20   22  68  168  -30   14  -10   14  -10  17  0  0 L3P 0F
G22 FF 61057 213800  780 183 2923     +576257    -78         -15    -35   35  47  254  +29   14  +40   14   40  27  0  0 L3P 1B
G32 FF 61057 213800  780 350  548    +1585672   -170         -36     +2   39  26  140  +16   47   +5   47    5  27  0  0 L3P F4
G01 FF 61057 215400  780 856 2814    -3429245    +69          -6    +32    8 225   81   -1   20  -18   20  -18   6  0  0 L3P E8
G02 FF 61057 215400  780 598 1263     -188468    -42         -39    +40   22  98   93   +7   45   -8   45   -8  15  0  0 L3P F4
G03 FF 61057 215400  780 539 2481    -5957233    +77         -26    -29   26  15  100  -10   21  +30   21   30  19  0  0 L3P 16
G04 FF 61057 215400  780 108 1895     -387984    +52          34    +76   40  32  429 -271   57  -73   57  -73  34  0  0 L3P 45
G08 FF 61057 215400  780 119 1752    -5031030   +169         -23   +126   62  34  385 +210  101 -102  101 -102  41  0  0 L3P 82
G17 FF 61057 215400  780 339 3062     +356650    +69         -20    -46   24  68  145  -19   21  +15   21   15  16  0  0 L3P 0F
G19 FF 61057 215400  780 136 3206    -6860450    +61          27    +80   43  50  342 -146   16  -60   16  -60  28  0  0 L3P 32
G22 FF 61057 215400  780 157 2859     +576225    -34          -5     +9   43  47  294  +56   12   -9   12   -9  32  0  0 L3P E7
G32 FF 61057 215400  780 302  496    +1585530   -134         -12    +37   26  26  160  +26   29  -30   29  -30  17  0  0 L3P 25
G01 FF 61057 221000  780 861 1486    -3429200    +46          -1     +9   15 226   81   +1   12   -9   12   -9  10  0  0 L3P BC
G02 FF 61057 221000  780 526 1301     -188537    -81         -21     +1   26   2  102  +10   44   +7   44    7  19  0  0 L3P A8
G03 FF 61057 221000  780 611 2541    -5957134    +98         -28     -8   16  15   92   -7   28  +12   28   12  13  0  0 L3P EC
G04 FF 61057 221000  780 178 1896     -388060    -10         -19    +13   35  33  265 -105   94  -17   94  -17  24  0  0 L3P 37
G17 FF 61057 221000  780 382 3001     +356776   +115          -6     +1   23  69  131  -12   11   -2   11   -2  16  0  0 L3P C2
G19 FF 61057 221000  780 193 3180    -6860442    +12          34    +30   47   1  244  -70    2  -13    2  -13  34  0  0 L3P D1
G22 FF 61057 221000  780 123 2800     +576181    +24           2    +67   69  49  371 +109   12  -25   12  -25  47  0  0 L3P 04
G28 FF 61057 221000  780 177  868    +6098188     -9          23    +44   40 106  264  -57   22  -59   22  -59  32  0  0 L3P 2C
G32 FF 61057 221000  780 247  460    +1585384   -157           7    +15   26  26  192  +43   16   -8   16   -8  21  0  0 L3P ED
G01 FF 61057 222600  780 785 1367    -3429172   +103          -9    +65   17 226   82   +2   15  -42   15  -42  13  0  0 L3P 19
G02 FF 61057 222600  780 455 1336     -188616    -45         -22    +37   23   2  113  +14   57  -20   57  -20  18  0  0 L3P FF
G03 FF 61057 222600  780 684 2619    -5957034   +100         -30     -6   20  15   87   -5   30   +8   30    8  15  0  0 L3P D4
G04 FF 61057 222600  780 250 1898     -388084    -87         -19    -63   50  33  191  -55   78  +35   78   35  39  0  0 L3P 3C
G17 FF 61057 222600  780 414 2924     +356864    +22         -28    -93   25  69  122   -6   31  +70   31   70  17  0  0 L3P 03
G19 FF 61057 222600  780 246 3143    -6860487    -12           6     +6   35   1  194  -39   18   -8   18   -8  26  0  0 L3P E0
G28 FF 61057 222600  780 211  803    +6098121    -69           7    -16   31 106  223  -31   22   -8   22   -8  24  0  0 L3P E1
G31 FF 61057 222600  780 126 1118    +1720658    -88           2    -68   49  42  366 -151   72  +39   72   39  32  0  0 L3P 2A
G32 FF 61057 222600  780 188  436    +1585241    -99          29    +73   42  26  248  +77   -4  -54   -4  -54  36  0  0 L3P 23
G01 FF 61057 224200  780 707 1370    -3429151    +85         -24    +47   15 226   86   +4   31  -24   31  -24  10  0  0 L3P 0B
G02 FF 61057 224200  780 384 1368     -188675    -59          -2    +23   27   2  130  +21   53  -12   53  -12  19  0  0 L3P F2
G03 FF 61057 224200  780 755 2735    -5956940    +93         -37    -13   15  15   84   -3   31   +3   31    3  12  0  0 L3P D9
G04 FF 61057 224200  780 325 1900     -388089    -35          -1    -11   33  33  151  -32   55   -6   55   -6  24  0  0 L3P DE
G17 FF 61057 224200  780 432 2834     +356966    +85         -37    -30   25  69  118   -2   35  +27   35   27  19  0  0 L3P 13
G19 FF 61057 224200  780 294 3092    -6860517    +38          -6    +56   28   1  165  -23   32  -45   32  -45  18  0  0 L3P 1A
G28 FF 61057 224200  780 236  732    +6098065    -30           2    +23   29 106  200  -17   21  -23   21  -23  22  0  0 L3P F5
G31 FF 61057 224200  780 177 1066    +1720615     +0         -21    +21   31  42  264  -73   79  -15   79  -15  25  0  0 L3P 12
G32 FF 61057 224200  780 128  423    +1585080   -265          32    -94   52  26  359 +168   -1  +79   -1   79  44  0  0 L3P 2F
G01 FF 61057 225800  780 629 1388    -3429099     -7          -8    -45   24 226   91   +6   26  +36   26   36  17  0  0 L3P 0B
G02 FF 61057 225800  780 314 1397     -188754    -88          -3     -6   32   2  154  +32   64  +26   64   26  25  0  0 L3P E8
G03 FF 61057 225800  780 819 2982    -5956846    +78         -45    -28   20  15   82   -1   32  +16   32   16  13  0  0 L3P 15
G04 FF 61057 225800  780 401 1901     -388129    +58         -19    +82   22  33  125  -21   60  -67   60  -67  16  0  0 L3P 22
G06 FF 61057 225800  780 116 3053    +6034186    +34          30     -3   37  93  399 -216   -1   +7   -1    7  27  0  0 L3P E9
G09 FF 61057 225800  780 119 2081    -7703546   -214          31   -210   39  94  390 -221   56 +157   56  157  27  0  0 L3P 84
G17 FF 61057 225800  780 433 2737     +357067   +113         -46     -2   24  69  118   +2   37   +5   37    5  19  0  0 L3P E6
G19 FF 61057 225800  780 332 3028    -6860527    -35           1    -16   36   1  147  -14   17   -2   17   -2  30  0  0 L3P D6
G28 FF 61057 225800  780 250  658    +6098005    -62          -6     -8   34 106  190   -6   22   +8   22    8  27  0  0 L3P D4
G31 FF 61057 225800  780 224 1006    +1720597    +43         -19    +63   47  42  211  -41   65  -60   65  -60  38  0  0 L3P 2D
G01 FF 61057 231400  780 552 1411    -3429062    +32          -7     -6   29 226   98  +10   32   +2   32    2  18  0  0 L3P C4
G02 FF 61057 231400  780 245 1423     -188823    -52           7    +29   39   2  194  +52   66  -11   66  -11  31  0  0 L3P E9
G03 FF 61057 231400  780 843   42    -5956741   +125         -41    +19   16  15   81   +0   28  -10   28  -10  12  0  0 L3P E6
G04 FF 61057 231400  780 479 1899     -388154    +18         -20    +42   22  33  109  -14   58  -41   58  -41  18  0  0 L3P 2C
G06 FF 61057 231400  780 180 3066    +6034193    +49           2    +13   39  93  261  -93   14  -24   14  -24  27  0  0 L3P 0D
G09 FF 61057 231400  780 188 2097    -7703609    -66         -28    -63   47  94  251  -92   94  +41   94   41  40  0  0 L3P 48
G17 FF 61057 231400  780 418 2642     +357187    +94         -35    -20   22  69  121   +6   34  +16   34   16  16  0  0 L3P FD
G19 FF 61057 231400  780 359 2949    -6860553    -59          -8    -41   32   1  138   -7   21  +39   21   39  24  0  0 L3P 06
G28 FF 61057 231400  780 252  583    +6097954    -65          -6    -12   30 106  189   +4   22   +9   22    9  24  0  0 L3P E5
G31 FF 61057 231400  780 265  938    +1720601     -6           4    +15   29  42  181  -24   35  -29   35  -29  23  0  0 L3P EA
G01 FF 61057 233000  780 475 1434    -3429032    +16         -13    -21   23 226  109  +14   43  +19   43   19  16  0  0 L3P 1D
G02 FF 61057 233000  780 177 1446     -188911    -35          -2    +47   36   2  263  +98   80  -40   80  -40  27  0  0 L3P FC
G03 FF 61057 233000  780 796  516    -5956636   +111         -37     +6   16  15   82   +2   22   -8   22   -8  11  0  0 L3P D4
G04 FF 61057 233000  780 558 1889     -388173    -41         -17    -17   22  33   98  -10   51  +18   51   18  17  0  0 L3P 0D
G06 FF 61057 233000  780 245 3073    +6034208   +118         -17    +82   47  93  195  -51   25  -69   25  -69  30  0  0 L3P 4D
G09 FF 61057 233000  780 259 2116    -7703582     -9           2     -5   41  94  185  -50   61   -3   61   -3  32  0  0 L3P CB
G17 FF 61057 233000  780 388 2555     +357300   +210         -33    +95   38  69  129  +11   32  -78   32  -78  30  0  0 L3P 37
G19 FF 61057 233000  780 371 2861    -6860557     -6           6    +13   29   1  134   -1   16   -3   16   -3  25  0  0 L3P B3
G28 FF 61057 233000  780 240  510    +6097913    -21           4    +32   40 106  197  +14   11  -29   11  -29  30  0  0 L3P F7
G31 FF 61057 233000  780 296  863    +1720565    -69         -12    -49   34  42  163  -13   33  +15   33   15  27  0  0 L3P 11
G01 FF 61057 234600  780 399 1457    -3428998     +9         -15    -29   26 226  126  +20   55  +24   55   24  19  0  0 L3P 3E
G03 FF 61057 234600  780 729  690    -5956542   +128         -45    +22   18  15   84   +3   32  -12   32  -12  14  0  0 L3P 0B
G04 FF 61057 234600  780 637 1862     -388202    -14         -24     +9   29  33   90   -6   41  -19   41  -19  20  0  0 L3P EC
G06 FF 61057 234600  780 312 3071    +6034225    +93         -36    +57   34  93  156  -31   35  -30   35  -30  25  0  0 L3P 26
G09 FF 61057 234600  780 331 2137    -7703588     -9          -2     -5   33  94  148  -30   57   -9   57   -9  24  0  0 L3P F4
G17 FF 61057 234600  780 346 2480     +357414   +145         -29    +30   26  69  142  +17   30  -12   30  -12  20  0  0 L3P 1D
G19 FF 61057 234600  780 367 2769    -6860581    -49          -1    -31   26   1  135   +4   30  +48   30   48  21  0  0 L3P FA
G28 FF 61057 234600  780 217  444    +6097851   -102          -7    -49   33 106  217  +28   24  +44   24   44  27  0  0 L3P 2C
G31 FF 61057 234600  780 315  780    +1720539     -4         -19    +16   35  42  154   -6   30  -25   30  -25  25  0  0 L3P EF
