CGGTTS     GENERIC DATA FORMAT VERSION = 2E
REV DATE = 2026-01-01                    
RCVR = POLARX5-TR                    R2CGGTTS v8.8    
CH = 99 
IMS = POLARX5-TR                    
LAB = PTB                           
X = +3844059.67 m 
Y =  +709661.67 m 
Z = +5023129.80 m 
FRAME = ITRF
COMMENTS =           IGS RINEX,AUSPOS XYZ          
INT DLY =   31.0 ns (GPS P1),   28.5 ns (GPS P2)     CAL_ID = 1001-2022           
CAB DLY =  205.7 ns 
REF DLY =   56.2 ns
REF = UTC(PTB)                      
CKSUM = 5E

SAT CL  MJD  STTIME TRKL ELV AZTH   REFSV      SRSV     REFSYS    SRSYS  DSG IOE MDTR SMDT MDIO SMDI MSIO SMSI ISG FR HC FRC CK
             hhmmss  s  .1dg .1dg    .1ns     .1ps/s     .1ns    .1ps/s .1ns     .1ns.1ps/s.1ns.1ps/s.1ns.1ps/s.1ns
G01 FF 61059 001400  780 252 1498    -3425591   +123           2    +84   34   0  189  +51   53  -45   53  -45  27  0  0 L3P 0E
G03 FF 61059 001400  780 590  862    -5947394   +121         -44    +16   18  33   94   +7   37  -21   37  -21  13  0  0 L3P 0E
G04 FF 61059 001400  780 776 1620     -390245    -46         -19    -22   18  47   83   -2   33  +11   33   11  13  0  0 L3P DC
G06 FF 61059 001400  780 444 3026    +6037457     -3          -3    -39   33  81  116  -14   14  +37   14   37  25  0  0 L3P F5
G09 FF 61059 001400  780 482 2185    -7703839    -15         -18    -13   25  15  108  -13   56  -10   56  -10  19  0  0 L3P 31
G17 FF 61059 001400  780 240 2363     +367549    +99           1    -16   35  91  197  +45   78  +26   78   26  27  0  0 L3P 0F
G19 FF 61059 001400  780 315 2599    -6862151    -50         -18    -32   32   4  154  +18   59  +16   59   16  25  0  0 L3P 1E
G28 FF 61059 001400  780 140  339    +6093088    +37         -42    +91   54 120  327 +105   81  -17   81  -17  41  0  0 L3P 3D
G31 FF 61059 001400  780 310  613    +1718721    +14           6    +35   27  45  156   +8   24   -7   24   -7  17  0  0 L3P B9
G01 FF 61059 003000  780 182 1515    -3425567    +40         -12     +1   37   0  257  +97   71  +21   71   21  29  0  0 L3P E8
G03 FF 61059 003000  780 521  923    -5947284    +65         -35    -40   26  33  102  +10   33  +34   33   34  18  0  0 L3P FD
G04 FF 61059 003000  780 804 1229     -390278     -1         -29    +22   24  47   82   +0   38  -21   38  -21  15  0  0 L3P D8
G06 FF 61059 003000  780 504 2972    +6037477     +6         -17    -31   27  81  105   -9   22  +16   22   16  18  0  0 L3P F8
G09 FF 61059 003000  780 559 2212    -7703837    -20         -14    -18   33  15   98   -9   44   +5   44    5  24  0  0 L3P E1
G11 FF 61059 003000  780 102 3160    +4693833   -196           7    -63   37  93  453 -272   70   +5   70    5  25  0  0 L3P 05
G17 FF 61059 003000  780 182 2318     +367675   +136          17    +21   44  91  256  +81   72  -16   72  -16  33  0  0 L3P 25
G19 FF 61059 003000  780 271 2528    -6862168    -89         -18    -71   41   4  176  +29   66  +54   66   54  29  0  0 L3P 36
G31 FF 61059 003000  780 286  538    +1718698    -58           3    -38   24  45  168  +17   24  +18   24   18  18  0  0 L3P 08
G01 FF 61059 004600  780 113 1529    -3425507   +136          11    +98   54   0  405 +237   58  -69   58  -69  38  0  0 L3P 47
G03 FF 61059 004600  780 453  977    -5947193   +128         -44    +23   23  33  113  +14   44  -11   44  -11  16  0  0 L3P 29
G04 FF 61059 004600  780 770  868     -390289    -31         -16     -7   16  47   83   +2   30   +9   30    9  12  0  0 L3P AD
G06 FF 61059 004600  780 556 2887    +6037506    +92         -23    +55   20  81   98   -5   30  -34   30  -34  14  0  0 L3P 13
G09 FF 61059 004600  780 637 2239    -7703845    +38         -19    +40   17  15   90   -6   43  -24   43  -24  11  0  0 L3P 14
G11 FF 61059 004600  780 163 3154    +4693691   -207          -8    -74   34  93  286 -108   51  +11   51   11  25  0  0 L3P 38
G17 FF 61059 004600  780 123 2278     +367809   +129          41    +14   55  91  372 +174   62   +2   62    2  43  0  0 L3P 06
G19 FF 61059 004600  780 221 2467    -6862215    -47         -47    -29   44   4  213  +50  103  +29  103   29  36  0  0 L3P 39
G31 FF 61059 004600  780 251  474    +1718672    +27          -4    +47   35  45  190  +30   31  -33   31  -33  27  0  0 L3P 01
G03 FF 61059 010200  780 386 1027    -5947086   +140         -38    +36   25  33  129  +19   52   +1   52    1  19  0  0 L3P 0A
G04 FF 61059 010200  780 707  721     -390315     +5         -20    +29   18  47   86   +4   33  -30   33  -30  13  0  0 L3P BD
G06 FF 61059 010200  780 591 2765    +6037554    +75         -10    +38   20  81   94   -3   25  -33   25  -33  13  0  0 L3P 06
G07 FF 61059 010200  780 134 1779    +1371635    +46          23     -5   30   7  348 -177   58   +0   58    0  20  0  0 L3P DD
G09 FF 61059 010200  780 715 2264    -7703837    +26          -9    +28   21  15   85   -4   37  -27   37  -27  16  0  0 L3P 09
G11 FF 61059 010200  780 224 3138    +4693542   -204         -30    -71   53  93  211  -56   48  +57   48   57  34  0  0 L3P 38
G19 FF 61059 010200  780 166 2414    -6862183     +6           2    +25   41   4  279  +92   74   +7   74    7  31  0  0 L3P C3
G31 FF 61059 010200  780 206  422    +1718655    -44           0    -23   32  45  228  +52   30  +30   30   30  27  0  0 L3P CC
G03 FF 61059 011800  780 320 1073    -5946976    +90         -28    -14   31  33  152  +28   59  +18   59   18  25  0  0 L3P 32
G04 FF 61059 011800  780 635  669     -390334    +29         -16    +53   26  47   90   +6   31  -36   31  -36  17  0  0 L3P F0
G06 FF 61059 011800  780 603 2616    +6037585    +61         -14    +25   25  81   93   +0   32  -18   32  -18  18  0  0 L3P 07
G07 FF 61059 011800  780 203 1769    +1371678   +124          17    +73   37   7  233  -80   54  -72   54  -72  30  0  0 L3P 2D
G09 FF 61059 011800  780 794 2281    -7703836    +37          -6    +39   16  15   82   -2   30  -26   30  -26  11  0  0 L3P 00
G11 FF 61059 011800  780 284 3110    +4693416   -146         -27    -13   19  93  170  -33   39  +12   39   12  15  0  0 L3P 30
G26 FF 61059 011800  780 118  540    +3135054    +73           0    +13   58  36  387  -45   28   +6   28    6  44  0  0 L3P D0
G31 FF 61059 011800  780 155  382    +1718634    -11          -2     +9   32  45  299 +102   47  +19   47   19  26  0  0 L3P 04
G03 FF 61059 013400  780 255 1116    -5946872    +71         -24    -34   31  33  186  +45   61  +31   61   31  25  0  0 L3P 1B
G04 FF 61059 013400  780 563  658     -390347    -12          -6    +12   20  47   97   +8   25   -9   25   -9  16  0  0 L3P BC
G06 FF 61059 013400  780 589 2465    +6037629    +45          -5     +9   18  81   94   +3   32   +4   32    4  12  0  0 L3P BE
G07 FF 61059 013400  780 275 1759    +1371710     +7           0    -44   33   7  175  -44   59  +11   59   11  24  0  0 L3P DF
G09 FF 61059 013400  780 871 2206    -7703837    +11          -5    +13   16  15   81   -1   33  -10   33  -10  10  0  0 L3P DC
G11 FF 61059 013400  780 339 3068    +4693325   -111          10    +22   29  93  145  -20   14  -24   14  -24  19  0  0 L3P 25
G21 FF 61059 013400  780 139 2917    -3831117    -99         -17    -24   35  22  333 -146   19  +30   19   30  31  0  0 L3P 33
G26 FF 61059 013400  780 126  474    +3135104    +96          -8    +36   47  36  361  -10   44  -15   44  -15  35  0  0 L3P 07
G03 FF 61059 015000  780 192 1157    -5946772    +91         -25    -13   26  33  244  +78   65   -1   65   -1  20  0  0 L3P 0E
G04 FF 61059 015000  780 492  665     -390374    -58         -10    -34   20  47  107  +12   31  +26   31   26  14  0  0 L3P EE
G06 FF 61059 015000  780 551 2338    +6037638    +18         -31    -19   23  81   98   +6   56  +19   56   19  18  0  0 L3P 13
G07 FF 61059 015000  780 348 1746    +1371742    +19         -17    -32   22   7  142  -27   64  +15   64   15  17  0  0 L3P 0F
G09 FF 61059 015000  780 850  681    -7703828    +36           7    +38   14  15   81   +1   25  -33   25  -33  10  0  0 L3P D7
G11 FF 61059 015000  780 387 3010    +4693181   -113          -7    +20   26  93  129  -13   24   -3   24   -3  20  0  0 L3P F1
G21 FF 61059 015000  780 202 2942    -3831167    -73           5     +2   37  22  234  -72    8   +6    8    6  27  0  0 L3P A4
G26 FF 61059 015000  780 124  409    +3135174    +31           4    -29   55  36  367  +21   43  +35   43   35  37  0  0 L3P EA
G03 FF 61059 020600  780 129 1194    -5946669   +107         -18     +2   41  35  354 +166   74  -10   74  -10  36  0  0 L3P 48
G04 FF 61059 020600  780 422  682     -390380    -59          10    -36   25  48  120  +16   25  +42   25   42  18  0  0 L3P E6
G06 FF 61059 020600  780 497 2244    +6037688    +66         -10    +30   28   4  106  +10   54  -14   54  -14  19  0  0 L3P 19
G07 FF 61059 020600  780 421 1728    +1371804    +61          -4    +10   31  13  121  -18   52   -5   52   -5  24  0  0 L3P DA
G09 FF 61059 020600  780 774  667    -7703853    -34         -14    -31   18  16   83   +3   40  +34   40   34  13  0  0 L3P EF
G11 FF 61059 020600  780 424 2933    +4693060    -98          -4    +35   36  94  120   -7   28  -24   28  -24  27  0  0 L3P 14
G16 FF 61059 020600  780 143  680    -1906817    -59          -8    +17   48   7  322  -60   27  -12   27  -12  37  0  0 L3P 04
G21 FF 61059 020600  780 266 2962    -3831239    -37          10    +38   31  23  181  -43   18  -33   18  -33  23  0  0 L3P 1E
G26 FF 61059 020600  780 112  346    +3135225    +47           3    -13   43  39  405  +62   55  +10   55   10  30  0  0 L3P D4
G30 FF 61059 020600  780 166 1937     -923857    -77         -18    +47   41  46  283 -117   77  -41   77  -41  34  0  0 L3P 51
G04 FF 61059 022200  780 354  707     -390413    -16          -2     +7   31  48  139  +23   32   -8   32   -8  23  0  0 L3P B6
G06 FF 61059 022200  780 433 2176    +6037722    -24         -11    -60   29   4  118  +15   62  +48   62   48  21  0  0 L3P 07
G07 FF 61059 022200  780 495 1702    +1371852    +35          -5    -16   17  13  106  -12   47  +13   47   13  10  0  0 L3P FB
G09 FF 61059 022200  780 699  693    -7703849    +21          -7    +24   21  16   86   +4   39  -16   39  -16  16  0  0 L3P 03
G11 FF 61059 022200  780 447 2839    +4692908   -162         -28    -29   21  94  115   -3   44   +9   44    9  16  0  0 L3P 14
G16 FF 61059 022200  780 165  612    -1906886    -99          -5    -22   42   7  281  -28   21  +14   21   14  30  0  0 L3P EA
G21 FF 61059 022200  780 332 2976    -3831334    -63         -13    +12   28  23  148  -27   32  -12   32  -12  23  0  0 L3P 1B
G30 FF 61059 022200  780 236 1940     -923972   -161         -15    -37   32  46  202  -59   62  +15   62   15  24  0  0 L3P 1F
G04 FF 61059 023800  780 288  736     -390440    -39          -7    -16   30  48  167  +35   41  +23   41   23  23  0  0 L3P EF
G05 FF 61059 023800  780 111 3050    +2275146    +80          35    +74   30   3  416 -235   15  -65   15  -65  22  0  0 L3P 12
G06 FF 61059 023800  780 365 2127    +6037777    +65           8    +29   28   4  136  +23   52  -10   52  -10  20  0  0 L3P FB
G07 FF 61059 023800  780 566 1658    +1371893    +56         -13     +5   23  13   97   -8   48   -4   48   -4  15  0  0 L3P EF
G09 FF 61059 023800  780 626  727    -7703861    +80         -18    +82   25  16   91   +6   48  -63   48  -63  18  0  0 L3P 1B
G11 FF 61059 023800  780 453 2736    +4692793   -124         -15     +9   31  94  114   +1   38   +1   38    1  21  0  0 L3P EA
G16 FF 61059 023800  780 176  540    -1906963    -78          -8     -2   54   7  264   -8   20   -1   20   -1  38  0  0 L3P BC
G21 FF 61059 023800  780 400 2982    -3831395   -123          -2    -48   25  23  126  -19   20  +32   20   32  18  0  0 L3P 15
G30 FF 61059 023800  780 309 1943     -924118   -106         -42    +18   22  46  158  -35   74  -21   74  -21  18  0  0 L3P 34
G04 FF 61059 025400  780 225  767     -390453    +53           2    +75   32  48  210  +56   38  -47   38  -47  26  0  0 L3P FB
G05 FF 61059 025400  780 175 3063    +2275134    +39          16    +33   29   3  268  -99   33  -37   33  -37  20  0  0 L3P 1A
G06 FF 61059 025400  780 294 2091    +6037806    +28           2     -8   46   4  164  +37   68  +11   68   11  35  0  0 L3P E8
G07 FF 61059 025400  780 632 1584    +1371952    +77          -4    +25   21  13   91   -5   41  -23   41  -23  15  0  0 L3P EF
G09 FF 61059 025400  780 554  765    -7703845    -16           1    -14   22  16   98   +9   32  +12   32   12  17  0  0 L3P D3
G11 FF 61059 025400  780 440 2633    +4692681   -105           0    +28   21  94  116   +5   31  -27   31  -27  16  0  0 L3P 03
G16 FF 61059 025400  780 175  469    -1907043    -88         -14    -12   54   7  265  +10   24   +9   24    9  41  0  0 L3P E3
G21 FF 61059 025400  780 469 2976    -3831490    -61         -25    +14   27  23  111  -13   42  -14   42  -14  19  0  0 L3P 2C
G30 FF 61059 025400  780 383 1946     -924227   -124         -32     +0   28  46  131  -23   56   -8   56   -8  21  0  0 L3P FC
G04 FF 61059 031000  780 163  801     -390485    +36          -8    +58   45  48  284 +103   53  -61   53  -61  39  0  0 L3P 12
G05 FF 61059 031000  780 242 3069    +2275118    -94          -6   -101   39   3  198  -53   44  +71   44   71  27  0  0 L3P 14
G06 FF 61059 031000  780 224 2062    +6037856    +54          17    +17   29   4  210  +63   67   -8   67   -8  24  0  0 L3P EF
G07 FF 61059 031000  780 687 1458    +1372008    +50           4     -1   16  13   87   -3   32  +12   32   12  11  0  0 L3P B1
G09 FF 61059 031000  780 485  803    -7703843    -31           5    -29   26  16  108  +12   30  +31   30   31  17  0  0 L3P E1
G11 FF 61059 031000  780 410 2539    +4692564    -96          11    +37   26  94  123   +9   28  -23   28  -23  20  0  0 L3P 0F
G16 FF 61059 031000  780 162  401    -1907118    -46         -17    +31   33   7  285  +32   24  -16   24  -16  25  0  0 L3P F9
G21 FF 61059 031000  780 537 2952    -3831562   -104         -25    -29   29  23  100   -9   37  +16   37   16  21  0  0 L3P 1C
G30 FF 61059 031000  780 458 1946     -924337   -122         -23     +1   40  46  113  -15   45  -18   45  -18  31  0  0 L3P 13
G04 FF 61059 032600  780 104  837     -390495    -50           4    -28   34  48  437 +240   47  +44   47   44  28  0  0 L3P 01
G05 FF 61059 032600  780 309 3066    +2275115   +108         -16   +102   29   3  158  -32   53  -86   53  -86  20  0  0 L3P 3F
G06 FF 61059 032600  780 155 2037    +6037876    -49           3    -85   40   4  298 +128   84  +69   84   69  35  0  0 L3P 2F
G07 FF 61059 032600  780 720 1259    +1372049     +8          -5    -43   18  13   85   -1   38  +32   38   32  13  0  0 L3P D7
G09 FF 61059 032600  780 417  843    -7703851    -21          -1    -19   22  16  121  +16   40  +14   40   14  18  0  0 L3P ED
G11 FF 61059 032600  780 368 2458    +4692413    -66         -12    +67   35  94  135  +15   52  -38   52  -38  23  0  0 L3P 42
G16 FF 61059 032600  780 138  338    -1907218   -168         -44    -92   32   7  332  +68   49  +57   49   57  24  0  0 L3P 34
G21 FF 61059 032600  780 603 2897    -3831642   -106         -33    -31   21  23   93   -6   45  +17   45   17  14  0  0 L3P 10
G30 FF 61059 032600  780 535 1940     -924461   -151         -27    -27   20  46  101  -10   46  +24   46   24  17  0  0 L3P 15
G05 FF 61059 034200  780 376 3050    +2275132     +7          -6     +0   28   3  133  -21   41   -7   41   -7  20  0  0 L3P A5
G07 FF 61059 034200  780 718 1025    +1372104    +95           2    +44   16  13   85   +1   32  -32   32  -32  12  0  0 L3P CE
G09 FF 61059 034200  780 351  883    -7703856    +21          -3    +24   28  16  140  +23   47  -12   47  -12  23  0  0 L3P 05
G11 FF 61059 034200  780 316 2391    +4692300   -147           3    -14   37  94  154  +25   47  +19   47   19  27  0  0 L3P 1C
G13 FF 61059 034200  780 153 2651    -6892770    -29         -31    -40   45  44  304 -120   63  +27   63   27  34  0  0 L3P 36
G16 FF 61059 034200  780 105  283    -1907257    +13         -10    +89   34   7  431 +150   31  -49   31  -49  25  0  0 L3P 18
G21 FF 61059 034200  780 660 2793    -3831724    -91         -44    -16   17  23   88   -4   49  +16   49   16  13  0  0 L3P 11
G30 FF 61059 034200  780 611 1922     -924573    -76         -20    +48   20  46   92   -7   37  -39   37  -39  14  0  0 L3P 09
G05 FF 61059 035800  780 441 3018    +2275159    -31          15    -38   29   3  116  -14   27  +37   27   37  21  0  0 L3P 05
G07 FF 61059 035800  780 684  841    +1372166    +50          14     -1   20  13   87   +3   24   -1   24   -1  14  0  0 L3P A4
G09 FF 61059 035800  780 286  922    -7703836     +7          18     +9   22  16  168  +35   39   -2   39   -2  17  0  0 L3P E5
G11 FF 61059 035800  780 259 2336    +4692159   -113         -10    +20   46  94  184  +40   64  -10   64  -10  34  0  0 L3P 3C
G13 FF 61059 035800  780 215 2690    -6892753    +15         -24     +5   33  44  220  -63   47  -12   47  -12  29  0  0 L3P 25
G21 FF 61059 035800  780 698 2619    -3831793    -67         -41     +8   19  23   86   -1   45   +0   45    0  14  0  0 L3P DD
G30 FF 61059 035800  780 685 1876     -924694    -87         -22    +37   21  46   87   -5   35  -24   35  -24  15  0  0 L3P 1D
G05 FF 61059 041400  780 502 2962    +2275156    +42           5    +35   23   3  105   -9   32  -33   32  -33  16  0  0 L3P D9
G07 FF 61059 041400  780 630  733    +1372216   +118          15    +67   24  13   91   +5   20  -38   20  -38  16  0  0 L3P EF
G09 FF 61059 041400  780 224  962    -7703853    +19           3    +21   21  16  211  +57   53   -9   53   -9  17  0  0 L3P DE
G11 FF 61059 041400  780 199 2289    +4692046    +60           1   +193   42  95  236  +70   59 -138   59 -138  28  0  0 L3P 66
G13 FF 61059 041400  780 279 2730    -6892751     +1         -33     -9   31  45  173  -38   42  +13   42   13  23  0  0 L3P FD
G14 FF 61059 041400  780 153 1604    -7296691    -79           5    -55   31  15  306 -130   47  +38   47   38  26  0  0 L3P 29
G21 FF 61059 041400  780 704 2391    -3831863    -50         -38    +25   15  24   86   +1   43  -12   43  -12  10  0  0 L3P FA
G30 FF 61059 041400  780 753 1762     -924809    -70         -17    +54   17  62   84   -2   34  -31   34  -31  13  0  0 L3P FA
G05 FF 61059 043000  780 554 2874    +2275167    +47          10    +40   27   3   98   -6   27  -23   27  -23  21  0  0 L3P ED
G07 FF 61059 043000  780 568  676    +1372252    +49           3     -2   23  13   96   +7   29   +6   29    6  15  0  0 L3P A2
G09 FF 61059 043000  780 162 1000    -7703848    +30          11    +32   39  16  285 +104   56  -18   56  -18  30  0  0 L3P 29
G11 FF 61059 043000  780 138 2249    +4691911    -70          -6    +63   44  95  334 +145   71  -37   71  -37  36  0  0 L3P 3D
G13 FF 61059 043000  780 344 2769    -6892737    -13         -29    -23   27  45  143  -25   35  +27   35   27  22  0  0 L3P 35
G14 FF 61059 043000  780 219 1580    -7296731    -20         -13     +4   35  15  216  -65   48  -21   48  -21  30  0  0 L3P 15
G21 FF 61059 043000  780 673 2190    -3831927    -50         -31    +25   18  24   88   +3   39  -10   39  -10  13  0  0 L3P 04
G30 FF 61059 043000  780 799 1479     -924925   -133         -14     -9   14  62   82   -1   26   +2   26    2  10  0  0 L3P CB
G05 FF 61059 045800  780 599 2637    +2275169    +37           1    +30   28   3   93   +0   30  -26   30  -26  20  0  0 L3P DA
G07 FF 61059 045800  780 453  645    +1372341    +52           5     +1   23  13  113  +13   23   -3   23   -3  16  0  0 L3P AA
G13 FF 61059 045800  780 463 2837    -6892724     -2         -33    -12   25  45  112  -14   32   +5   32    5  17  0  0 L3P EE
G14 FF 61059 045800  780 338 1527    -7296772    +14         -13    +38   23  15  145  -27   44  -30   44  -30  20  0  0 L3P 32
G15 FF 61059 045800  780 168 2921    -3779774    -31          35     +4   40  59  280 -106   12  -23   12  -23  31  0  0 L3P 29
G18 FF 61059 045800  780 127 3292    +4472959   -145          18    -48   39  60  362  -58   31  +10   31   10  28  0  0 L3P 3C
G21 FF 61059 045800  780 567 1995    -3832044    -93         -21    -18   24  24   97   +8   31  +18   31   18  19  0  0 L3P 16
G22 FF 61059 045800  780 201 1638     +571308    -50         -15     -6   24  23  235  -81   52   +4   52    4  17  0  0 L3P CF
G30 FF 61059 045800  780 756  870     -925121   -137          -2    -13   15  62   83   +2   16   +4   16    4  11  0  0 L3P AD
G05 FF 61059 051400  780 589 2483    +2275179    -16           4    -23   21   3   94   +2   27   +9   27    9  15  0  0 L3P B7
G07 FF 61059 051400  780 387  649    +1372386    +73           1    +21   23  13  129  +19   28  -21   28  -21  17  0  0 L3P FF
G08 FF 61059 051400  780 106  493    -5026063    +46          -6     +2   51  33  428  -56   36   +3   36    3  37  0  0 L3P C6
G13 FF 61059 051400  780 534 2873    -6892711    +35         -29    +24   22  45  101  -10   26  -29   26  -29  16  0  0 L3P 33
G14 FF 61059 051400  780 405 1486    -7296787    +13          -5    +37   26  15  125  -17   34  -27   34  -27  20  0  0 L3P 29
G15 FF 61059 051400  780 233 2941    -3779817    -75          27    -40   36  59  204  -57   14  +21   14   21  28  0  0 L3P 23
G18 FF 61059 051400  780 142 3230    +4472867   -122          19    -25   31  60  324  -22   21  +17   21   17  22  0  0 L3P 12
G21 FF 61059 051400  780 495 1941    -3832112    -88         -17    -13   23  24  106  +12   31   +8   31    8  16  0  0 L3P F2
G22 FF 61059 051400  780 273 1615     +571268    -49         -12     -5   26  23  176  -45   42  +21   42   21  22  0  0 L3P F3
G30 FF 61059 051400  780 692  759     -925237    -97           1    +27   18  62   86   +4   12  -21   12  -21  14  0  0 L3P CD
G05 FF 61059 053000  780 555 2351    +2275168     +2         -13     -5   23   3   98   +5   40   +8   40    8  17  0  0 L3P 9B
G07 FF 61059 053000  780 323  661    +1372447   +114          13    +63   28  13  151  +28   23  -49   23  -49  20  0  0 L3P 14
G08 FF 61059 053000  780 115  428    -5026038    +53         -24     +9   55  33  397  -13   46  -16   46  -16  39  0  0 L3P 16
G13 FF 61059 053000  780 607 2907    -6892701    +12         -29     +2   19  45   93   -7   21   -3   21   -3  13  0  0 L3P CF
G14 FF 61059 053000  780 469 1429    -7296826     -8         -22    +16   26  15  111  -12   43  -19   43  -19  19  0  0 L3P 2A
G15 FF 61059 053000  780 300 2956    -3779854    -67          23    -32   31  59  162  -35   13  +18   13   18  27  0  0 L3P 24
G18 FF 61059 053000  780 146 3164    +4472749   -124          -7    -27   38  60  315   +3   35  +14   35   14  26  0  0 L3P 13
G21 FF 61059 053000  780 420 1908    -3832180    -76         -13     -1   36  24  121  +18   30  +14   30   14  28  0  0 L3P F4
G22 FF 61059 053000  780 345 1586     +571218    -87         -19    -43   20  23  143  -27   48  +29   48   29  16  0  0 L3P 21
G30 FF 61059 053000  780 623  721     -925369    -88         -11    +36   22  62   91   +6   21  -29   21  -29  16  0  0 L3P E9
G05 FF 61059 054600  780 502 2251    +2275183    +41          -6    +34   28   3  105   +9   37  -23   37  -23  20  0  0 L3P E8
G07 FF 61059 054600  780 259  680    +1372491    +91           7    +40   36  13  184  +43   35   -7   35   -7  29  0  0 L3P EA
G08 FF 61059 054600  780 113  363    -5025984    +29         -13    -15   30  33  402  +24   36   +0   36    0  24  0  0 L3P D9
G13 FF 61059 054600  780 682 2935    -6892684    +21         -21    +10   18  45   87   -5   16   -3   16   -3  13  0  0 L3P F3
G14 FF 61059 054600  780 526 1351    -7296838    -10         -10    +14   28  15  102   -7   32   -9   32   -9  21  0  0 L3P F5
G15 FF 61059 054600  780 370 2964    -3779898    -58          13    -23   29  59  134  -23   17   +5   17    5  22  0  0 L3P 16
G18 FF 61059 054600  780 139 3097    +4472663    -84           1    +13   31  60  330  +29   29   +3   29    3  22  0  0 L3P E3
G21 FF 61059 054600  780 344 1886    -3832243    -88          -4    -13   22  24  142  +28   28  +16   28   16  16  0  0 L3P 19
G22 FF 61059 054600  780 417 1548     +571159    -60         -36    -15   29  23  122  -18   56   +7   56    7  20  0  0 L3P F6
G30 FF 61059 054600  780 553  715     -925501   -131         -25     -7   20  62   98   +9   33  +12   33   12  14  0  0 L3P D0
G05 FF 61059 060200  780 440 2179    +2275188    -30          -1    -36   21  19  116  +14   40  +42   40   42  16  0  0 L3P F9
G07 FF 61059 060200  780 197  704    +1372544    +70           4    +19   35  35  237  +72   50  +16   50   16  28  0  0 L3P EE
G08 FF 61059 060200  780 100  300    -5025940    +18         -13    -26   42  36  448  +75   37  +42   37   42  32  0  0 L3P 00
G13 FF 61059 060200  780 759 2949    -6892667     +6         -20     -5   21  46   83   -3   16  +12   16   12  14  0  0 L3P E6
G14 FF 61059 060200  780 571 1243    -7296860    +18         -14    +42   24  16   96   -4   30  -32   30  -32  17  0  0 L3P 03
G15 FF 61059 060200  780 441 2960    -3779947    -39          -5     -3   18  61  116  -16   18  +28   18   28  14  0  0 L3P 16
G18 FF 61059 060200  780 121 3031    +4472592    -63          25    +33   42  61  375  +68    5  -47    5  -47  31  0  0 L3P FF
G21 FF 61059 060200  780 270 1870    -3832314   -105          -3    -30   30  25  177  +46   36  +36   36   36  26  0  0 L3P 17
G22 FF 61059 060200  780 487 1495     +571124   -105         -31    -61   30  40  108  -12   46  +42   46   42  24  0  0 L3P 10
G23 FF 61059 060200  780 103 3279    -6013495    -67          14    -17   64  51  446 -240   16   -6   16   -6  53  0  0 L3P 16
G30 FF 61059 060200  780 483  725     -925599   -119          -7     +5   22  70  108  +12   18   -5   18   -5  15  0  0 L3P DC
G05 FF 61059 061800  780 372 2127    +2275205    +55           9    +48   26  19  133  +22   41  -24   41  -24  18  0  0 L3P 0A
G07 FF 61059 061800  780 136  731    +1372583    +74          -6    +23   38  35  337 +145  101  +39  101   39  29  0  0 L3P 39
G13 FF 61059 061800  780 836 2900    -6892652    +45         -14    +34   14  46   81   -1   18  -18   18  -18   9  0  0 L3P 0D
G14 FF 61059 061800  780 598 1108    -7296880     -9         -11    +15   22  16   94   -2   31  -11   31  -11  15  0  0 L3P F8
G15 FF 61059 061800  780 512 2939    -3779966    -91          10    -56   19  61  104  -11   13  +45   13   45  15  0  0 L3P 26
G21 FF 61059 061800  780 198 1857    -3832406   -129         -24    -54   33  25  237  +83   66  +61   66   61  25  0  0 L3P 4F
G22 FF 61059 061800  780 550 1419     +571077    -23         -35    +22   20  40   99   -7   51  -19   51  -19  15  0  0 L3P FA
G23 FF 61059 061800  780 158 3250    -6013587    -28         -30    +22   37  51  296  -99   34  -40   34  -40  28  0  0 L3P 3D
G24 FF 61059 061800  780 121 2587    +1571150   -131         -29    +20   39  34  384 -193   63   +0   63    0  28  0  0 L3P 1E
G30 FF 61059 061800  780 415  744     -925726   -138         -15    -14   17  70  122  +17   30  +24   30   24  13  0  0 L3P 03
G05 FF 61059 063400  780 302 2089    +2275201    -35          -1    -42   36  19  160  +35   58  +49   58   49  29  0  0 L3P 1B
G13 FF 61059 063400  780 875 1723    -6892633    +30          -5    +20   14  46   81   +0   14   -8   14   -8   9  0  0 L3P C7
G14 FF 61059 063400  780 600  959    -7296885    -18           7     +6   25  16   93   +1   24   +2   24    2  18  0  0 L3P A7
G15 FF 61059 063400  780 581 2891    -3780018    -54          -8    -19   19  61   95   -7   30  +19   30   19  13  0  0 L3P 01
G21 FF 61059 063400  780 128 1846    -3832456    +28          -1   +103   35  25  359 +188   87  -40   87  -40  28  0  0 L3P 58
G22 FF 61059 063400  780 602 1308     +571046    -22         -23    +22   17  40   93   -4   44  -12   44  -12  12  0  0 L3P DB
G23 FF 61059 063400  780 208 3209    -6013603   -112           2    -62   40  51  227  -51    5  +55    5   55  32  0  0 L3P DE
G24 FF 61059 063400  780 183 2622    +1571022   -199         -11    -47   51  34  257  -88   45  +27   45   27  37  0  0 L3P 46
G30 FF 61059 063400  780 349  768     -925857   -176         -26    -52   22  70  141  +24   63  +52   63   52  19  0  0 L3P 27
G05 FF 61059 065000  780 232 2059    +2275212    +48           3    +41   38  19  204  +59   76  -18   76  -18  31  0  0 L3P 15
G13 FF 61059 065000  780 800 1426    -6892628    +33         -11    +23   17  46   82   +2   22   +1   22    1  11  0  0 L3P C0
G14 FF 61059 065000  780 577  824    -7296926    +12         -11    +36   24  16   95   +4   49   -7   49   -7  17  0  0 L3P F2
G15 FF 61059 065000  780 643 2798    -3780060    -62         -16    -27   21  61   90   -4   38   +5   38    5  14  0  0 L3P E6
G17 FF 61059 065000  780 147 1202     +370282   +207          -9    +92   46  19  317 -121  168 -112  168 -112  35  0  0 L3P 73
G22 FF 61059 065000  780 633 1158     +571003    -30         -24    +14   20  40   90   -2   52   +3   52    3  14  0  0 L3P A0
G23 FF 61059 065000  780 251 3157    -6013653   -115           1    -65   36  51  190  -29   18  +50   18   50  27  0  0 L3P 11
G24 FF 61059 065000  780 246 2658    +1570888   -189           0    -37   25  34  194  -49   38  +30   38   30  20  0  0 L3P 2D
G30 FF 61059 065000  780 285  796     -925959    -76         -10    +48   30  70  169  +35   77   +1   77    1  25  0  0 L3P F9
G05 FF 61059 070600  780 163 2033    +2275236   -116          20   -123   38  19  285 +116   95 +135   95  135  29  0  0 L3P 75
G13 FF 61059 070600  780 720 1415    -6892640    -20         -33    -31   19  46   85   +4   48  +33   48   33  12  0  0 L3P 00
G14 FF 61059 070600  780 536  721    -7296955    -37         -17    -14   26  16  100   +7   66  +31   66   31  18  0  0 L3P 0C
G15 FF 61059 070600  780 688 2637    -3780106    -24         -28    +11   18  61   87   -2   49   -4   49   -4  12  0  0 L3P FB
G17 FF 61059 070600  780 202 1153     +370414   +105          13    -10   33  19  233  -62  141  +28  141   28  23  0  0 L3P 17
G22 FF 61059 070600  780 638  987     +570965    -56         -19    -12   19  40   90   +1   56  +21   56   21  14  0  0 L3P E9
G23 FF 61059 070600  780 285 3093    -6013707     +8          -5    +58   36  51  169  -16   34  -28   34  -28  28  0  0 L3P 21
G24 FF 61059 070600  780 312 2693    +1570752   -191           9    -40   31  34  156  -31   39  +36   39   36  23  0  0 L3P 1D
G30 FF 61059 070600  780 222  827     -926083    -64         -15    +60   41  70  212  +57  122   -3  122   -3  35  0  0 L3P FB
G13 FF 61059 072200  780 640 1429    -6892647    -57         -49    -67   20  46   90   +6   74  +67   74   67  14  0  0 L3P 29
G14 FF 61059 072200  780 482  651    -7296969     +5          -8    +29   25  16  108  +10   79   -4   79   -4  18  0  0 L3P F6
G15 FF 61059 072200  780 701 2413    -3780133    -20         -21    +15   22  61   86   +0   55   +8   55    8  15  0  0 L3P C8
G17 FF 61059 072200  780 254 1097     +370517   +164           5    +49   24  19  188  -36  136  -37  136  -37  21  0  0 L3P 46
G19 FF 61059 072200  780 146 1327    -6862587    -20           2     -1   35  18  319 -128  187  +16  187   16  27  0  0 L3P 41
G22 FF 61059 072200  780 614  834     +570925    -63         -17    -19   17  40   92   +3   67  +27   67   27  14  0  0 L3P E9
G23 FF 61059 072200  780 307 3019    -6013758    -75          -8    -25   32  51  158   -7   50  +22   50   22  23  0  0 L3P F9
G24 FF 61059 072200  780 380 2729    +1570599   -144           1     +7   31  34  131  -21   54   -5   54   -5  21  0  0 L3P E7
G30 FF 61059 072200  780 161  860     -926208   -140         -20    -16   35  70  288 +106  192  +91  192   91  28  0  0 L3P 4B
G10 FF 61059 073800  780 134 3310    +5835452    +93          12    +68   45  45  346 -107   40  -28   40  -28  36  0  0 L3P 39
G13 FF 61059 073800  780 561 1450    -6892633    -17         -45    -27   20  46   97   +9   92  +47   92   47  14  0  0 L3P 21
G14 FF 61059 073800  780 421  608    -7296986    -19          -3     +5   31  16  120  +15   96  +35   96   35  24  0  0 L3P 03
G15 FF 61059 073800  780 676 2201    -3780164    -26         -19     +9   20  61   87   +3   66  +11   66   11  15  0  0 L3P F3
G17 FF 61059 073800  780 301 1032     +370628    +60           7    -55   29  19  161  -22  135  +56  135   56  23  0  0 L3P 14
G19 FF 61059 073800  780 205 1287    -6862601    -61           5    -43   28  18  230  -65  176  +16  176   16  23  0  0 L3P 3C
G22 FF 61059 073800  780 570  723     +570876     +6         -24    +51   23  40   96   +6   88   -8   88   -8  16  0  0 L3P CF
G23 FF 61059 073800  780 316 2937    -6013792    +22           6    +72   24  51  154   +0   54  -55   54  -55  18  0  0 L3P 08
G24 FF 61059 073800  780 450 2763    +1570456   -152           3     -1   20  34  114  -15   59   +1   59    1  15  0  0 L3P D7
G10 FF 61059 075400  780 171 3260    +5835455    +34          -8     +9   37  45  272  -53   78   +5   78    5  28  0  0 L3P F4
G12 FF 61059 075400  780 163 2163    +6066943    +25         -41    +20   47  68  287 -119  181  -45  181  -45  39  0  0 L3P 7B
G13 FF 61059 075400  780 483 1472    -6892639     -3         -61    -13   21  46  108  +13  126  +35  126   35  16  0  0 L3P 3D
G14 FF 61059 075400  780 357  584    -7297016    -14         -10    +10   27  16  138  +22  130  +15  130   15  18  0  0 L3P 27
G15 FF 61059 075400  780 623 2056    -3780188    +20          -9    +55   27  61   91   +5   73  -13   73  -13  21  0  0 L3P FF
G17 FF 61059 075400  780 338  958     +370729   +138          -3    +23   28  19  145  -13  139  -30  139  -30  24  0  0 L3P 3F
G19 FF 61059 075400  780 263 1241    -6862633    -37         -10    -19   25  18  183  -38  185  +53  185   53  19  0  0 L3P 63
G22 FF 61059 075400  780 515  652     +570843    -28         -14    +17   20  40  103   +9   97   +1   97    1  13  0  0 L3P C3
G23 FF 61059 075400  780 309 2854    -6013835    -15          11    +35   30  51  157   +6   62   -6   62   -6  23  0  0 L3P EB
G24 FF 61059 075400  780 522 2794    +1570302   -201          -5    -49   26  34  102  -11   67  +42   67   42  18  0  0 L3P 1F
G10 FF 61059 081000  780 200 3200    +5835493    +43          -1    +18   26  47  235  -27   83   +2   83    2  20  0  0 L3P D5
G12 FF 61059 081000  780 232 2185    +6066943    -59         -46    -64   38  72  205  -60  170  +49  170   49  27  0  0 L3P 5B
G13 FF 61059 081000  780 406 1494    -6892622     -5         -54    -16   18  53  124  +20  139  +42  139   42  16  0  0 L3P 38
G14 FF 61059 081000  780 291  574    -7297025    -20           0     +3   32  17  165  +35  149  +47  149   47  25  0  0 L3P 0A
G15 FF 61059 081000  780 556 1969    -3780224    -43         -13     -8   20  64   98   +9   85  +17   85   17  19  0  0 L3P 0F
G17 FF 61059 081000  780 365  875     +370843   +123          -2     +8   25  28  136   -7  147  +10  147   10  20  0  0 L3P F6
G19 FF 61059 081000  780 317 1186    -6862647   -113         -11    -94   32  19  154  -24  160  +48  160   48  27  0  0 L3P 69
G22 FF 61059 081000  780 453  610     +570800     +5         -17    +49   29  41  114  +13  107  -21  107  -21  21  0  0 L3P FA
G23 FF 61059 081000  780 288 2773    -6013891     +1           6    +51   33  52  167  +15   85   -6   85   -6  23  0  0 L3P E6
G24 FF 61059 081000  780 597 2822    +1570160   -121          -2    +30   24  34   94   -7   75  -15   75  -15  19  0  0 L3P 0B
G12 FF 61059 082600  780 303 2210    +6066955     +5         -39     +0   29  72  160  -36  146   -9  146   -9  19  0  0 L3P 15
G13 FF 61059 082600  780 331 1514    -6892611     +7         -54     -3   25  53  147  +30  170  +38  170   38  17  0  0 L3P 24
G14 FF 61059 082600  780 226  575    -7297055    -82          -7    -58   46  17  208  +58  193  +82  193   82  36  0  0 L3P 51
G15 FF 61059 082600  780 483 1917    -3780272    -71         -27    -36   29  64  108  +13  108  +54  108   54  26  0  0 L3P 5C
G17 FF 61059 082600  780 377  786     +370951    +75          -4    -40   22  28  132   -1  141  +29  141   29  17  0  0 L3P 08
G19 FF 61059 082600  780 366 1119    -6862665     +9         -11    +28   24  19  135  -15  161  -41  161  -41  17  0  0 L3P 4F
G22 FF 61059 082600  780 388  590     +570751    -62         -23    -18   26  41  128  +19  132  +40  132   40  20  0  0 L3P 1A
G23 FF 61059 082600  780 256 2699    -6013945    -58           0     -8   37  52  186  +26  118  +46  118   46  27  0  0 L3P 39
G24 FF 61059 082600  780 672 2841    +1570008   -126          -9    +25   16  34   88   -5   87   -4   87   -4  11  0  0 L3P FA
G10 FF 61059 084200  780 223 3062    +5835529    +60         -13    +35   32  47  211   +0  128   +0  128    0  24  0  0 L3P F2
G12 FF 61059 084200  780 375 2238    +6066962    +61         -36    +56   23  72  133  -23  138  -42  138  -42  16  0  0 L3P 5D
G13 FF 61059 084200  780 258 1533    -6892599    +62         -51    +52   36  53  185  +49  208   +4  208    4  27  0  0 L3P 3F
G14 FF 61059 084200  780 162  584    -7297064     -9           7    +14   46  17  285 +109  227  +60  227   60  37  0  0 L3P 2D
G15 FF 61059 084200  780 408 1885    -3780310    +23         -31    +59   26  64  123  +19  137  -12  137  -12  22  0  0 L3P 50
G17 FF 61059 084200  780 374  698     +371059   +105          -7     -9   29  28  133   +3  152  +35  152   35  21  0  0 L3P 08
G19 FF 61059 084200  780 406 1039    -6862667     -9           4     +9   38  19  124   -9  138  -11  138  -11  29  0  0 L3P 1C
G22 FF 61059 084200  780 324  583     +570715    -59         -17    -14   23  41  150  +27  160  +61  160   61  20  0  0 L3P 14
G23 FF 61059 084200  780 214 2633    -6014003    -67         -10    -17   36  52  219  +45  153  +40  153   40  26  0  0 L3P 33
G24 FF 61059 084200  780 749 2840    +1569862   -180         -10    -29   12  34   84   -3   95  +28   95   28   8  0  0 L3P 21
G10 FF 61059 085800  780 216 2989    +5835560    +31          -6     +6   33  47  218  +13  149   +9  149    9  25  0  0 L3P 1A
G12 FF 61059 085800  780 449 2269    +6066972    +67         -30    +62   26  72  115  -16  131  -37  131  -37  18  0  0 L3P 69
G13 FF 61059 085800  780 187 1549    -6892587     +9         -49     -1   41  53  250  +92  254  +62  254   62  28  0  0 L3P 4D
G15 FF 61059 085800  780 334 1864    -3780314    -48          -2    -13   29  64  146  +29  153  +58  153   58  27  0  0 L3P 54
G17 FF 61059 085800  780 355  617     +371167    +92          -8    -23   34  28  139   +9  171  +31  171   31  24  0  0 L3P 0C
G19 FF 61059 085800  780 433  947    -6862685    -48           3    -30   24  19  118   -4  146  +36  146   36  19  0  0 L3P 2D
G22 FF 61059 085800  780 260  587     +570669    -51         -20     -6   23  41  183  +43  211  +34  211   34  16  0  0 L3P 0C
G23 FF 61059 085800  780 166 2575    -6014024    +45          17    +95   41  52  279  +84  176  -40  176  -40  30  0  0 L3P 59
G24 FF 61059 085800  780 825 2754    +1569730   -153           4     -2   16  34   82   -1   99  +13   99   13  12  0  0 L3P F5
G10 FF 61059 091400  780 197 2918    +5835577    +41         -12    +16   30  47  237  +28  174  +15  174   15  21  0  0 L3P 50
G12 FF 61059 091400  780 525 2302    +6066965    -21         -41    -26   26  72  102  -11  143  +15  143   15  19  0  0 L3P 36
G13 FF 61059 091400  780 118 1563    -6892563    +93         -35    +83   44  53  388 +217  313   +8  313    8  32  0  0 L3P 4D
G15 FF 61059 091400  780 261 1849    -3780380    -35         -34     +0   27  64  183  +48  211  +44  211   44  24  0  0 L3P 36
G17 FF 61059 091400  780 324  547     +371272    +81         -14    -33   43  28  150  +16  194  +37  194   37  31  0  0 L3P 27
G19 FF 61059 091400  780 444  847    -6862709    +13          -3    +32   27  19  115   +0  166  -12  166  -12  19  0  0 L3P 28
G22 FF 61059 091400  780 197  599     +570644     +0          -2    +44   29  41  237  +73  237  +18  237   18  25  0  0 L3P 0F
G23 FF 61059 091400  780 114 2523    -6014088    -49           0     +1   52  52  401 +184  227  +55  227   55  36  0  0 L3P 22
G24 FF 61059 091400  780 868 1919    +1569591   -106           9    +45    9  34   81   +0  107  -19  107  -19   7  0  0 L3P 1D
G25 FF 61059 091400  780 135 2405    -4490505    +35          30    +11   62  22  345 -162  218  -22  218  -22  43  0  0 L3P 47
G32 FF 61059 091400  780 155 3195    +1563796    -73          37    +99   40 102  302 -113  146  -47  146  -47  28  0  0 L3P 82
G10 FF 61059 093000  780 168 2851    +5835638    +37          24    +12   47  47  276  +54  167   +9  167    9  38  0  0 L3P 39
G12 FF 61059 093000  780 601 2339    +6066988    +41         -23    +37   25  72   93   -8  136  -21  136  -21  18  0  0 L3P 38
G15 FF 61059 093000  780 190 1837    -3780397    +32         -17    +67   32  64  246  +88  248   +4  248    4  25  0  0 L3P 40
G17 FF 61059 093000  780 283  490     +371397    +84           2    -30   25  28  170  +26  204  +57  204   57  21  0  0 L3P 04
G19 FF 61059 093000  780 436  747    -6862714     -8           9    +11   27  19  117   +4  155   -1  155   -1  20  0  0 L3P E4
G22 FF 61059 093000  780 136  617     +570556    -30         -48    +14   51  41  337 +145  312  +28  312   28  39  0  0 L3P 32
G24 FF 61059 093000  780 803 1444    +1569443   -139           6    +12   20  34   82   +2  117  +13  117   13  12  0  0 L3P 01
G25 FF 61059 093000  780 199 2438    -4490509    -23           3    -47   43  22  238  -77  218  +20  218   20  33  0  0 L3P 34
G32 FF 61059 093000  780 212 3171    +1563603   -221           9    -49   35 102  223  -58  168  +34  168   34  26  0  0 L3P 4B
G10 FF 61059 094600  780 131 2790    +5835626    -46         -12    -71   35  47  351 +108  215  +74  215   74  26  0  0 L3P 64
G12 FF 61059 094600  780 678 2380    +6066997    +22         -18    +17   20  72   87   -5  134  -19  134  -19  14  0  0 L3P 4B
G15 FF 61059 094600  780 122 1826    -3780440    +63         -26    +98   35  64  375 +199  306  -22  306  -22  26  0  0 L3P 7C
G17 FF 61059 094600  780 234  446     +371519    +59          13    -56   31  28  202  +43  211  +28  211   28  25  0  0 L3P 14
G19 FF 61059 094600  780 412  657    -6862747    -17          -7     +2   20  19  122   +8  182  +20  182   20  16  0  0 L3P 07
G24 FF 61059 094600  780 725 1395    +1569289   -184          -2    -33   18  34   85   +4  137  +36  137   36  12  0  0 L3P 40
G25 FF 61059 094600  780 264 2474    -4490497    +36          -7    +12   31  22  182  -44  204  -42  204  -42  22  0  0 L3P 43
G32 FF 61059 094600  780 265 3135    +1563453   -221          24    -50   22 102  181  -33  147  +35  147   35  15  0  0 L3P 54
G06 FF 61059 100200  780 152  902    +6038721    +74         -10    +39   44  57  306  -89  326  -42  326  -42  30  0  0 L3P 3D
G12 FF 61059 100200  780 756 2430    +6067011    +38          -4    +34   22  75   83   -3  123  -30  123  -30  16  0  0 L3P FE
G17 FF 61059 100200  780 181  415     +371630   +193          16    +78   37  29  258  +77  204  -53  204  -53  29  0  0 L3P 3B
G19 FF 61059 100200  780 374  582    -6862771     +9         -14    +27   33  57  133  +14  183  -16  183  -16  25  0  0 L3P 3C
G24 FF 61059 100200  780 646 1395    +1569163   -188          18    -36   21  35   89   +6  136  +41  136   41  15  0  0 L3P 34
G25 FF 61059 100200  780 331 2512    -4490455     -5          11    -29   32  23  148  -28  170   +8  170    8  23  0  0 L3P F7
G32 FF 61059 100200  780 312 3086    +1563274   -185           7    -13   30 103  156  -20  156   -4  156   -4  22  0  0 L3P 1F
G06 FF 61059 101800  780 193  841    +6038792    -15          28    -50   22  57  243  -47  252  -33  252  -33  17  0  0 L3P 3E
G12 FF 61059 101800  780 833 2514    +6067030    +23          11    +18   15  75   81   -1  112  -13  112  -13  10  0  0 L3P F8
G17 FF 61059 101800  780 124  395     +371728   +209           4    +94   45  29  369 +167  248  -44  248  -44  36  0  0 L3P 57
G19 FF 61059 101800  780 325  525    -6862778    +21          -3    +39   37  57  150  +22  178  -49  178  -49  26  0  0 L3P 55
G24 FF 61059 101800  780 568 1409    +1569008   -180           8    -28   14  35   96   +9  156  +25  156   25  11  0  0 L3P 27
G25 FF 61059 101800  780 400 2552    -4490437   +124           6   +100   30  23  126  -19  149  -94  149  -94  22  0  0 L3P 55
G32 FF 61059 101800  780 351 3022    +1563122   -100          20    +72   38 103  140  -12  136  -55  136  -55  27  0  0 L3P 47
G06 FF 61059 103400  780 227  774    +6038797    -17          -1    -52   36  57  209  -26  229  +10  229   10  26  0  0 L3P 2F
G11 FF 61059 103400  780 120 1200    +4689068   -213          51    -80   46  99  385 -177  354  +11  354   11  35  0  0 L3P 5F
G12 FF 61059 103400  780 885  253    +6067037    +30          13    +26   20  75   81   +0  111  -24  111  -24  13  0  0 L3P EF
G19 FF 61059 103400  780 269  484    -6862787    +32           5    +50   40  57  178  +37  182   -4  182   -4  31  0  0 L3P 18
G24 FF 61059 103400  780 491 1427    +1568862   -184           7    -32   16  35  107  +13  156  +23  156   23  11  0  0 L3P 37
G25 FF 61059 103400  780 470 2594    -4490423    +62          -3    +38   25  23  111  -13  135  -47  135  -47  17  0  0 L3P 3E
G32 FF 61059 103400  780 378 2944    +1562950   -174          12     -2   34 103  132   -6  134   -8  134   -8  23  0  0 L3P 1D
G06 FF 61059 105000  780 250  700    +6038842    +82          10    +47   31  57  190  -13  177  -35  177  -35  27  0  0 L3P 32
G11 FF 61059 105000  780 175 1154    +4688909   -149          20    -16   35  99  268  -82  299  -61  299  -61  28  0  0 L3P 89
G12 FF 61059 105000  780 811  638    +6067058    +12          31     +7   17  75   82   +2   89  -14   89  -14  10  0  0 L3P DB
G19 FF 61059 105000  780 209  457    -6862800     +7          10    +26   33  57  225  +64  200   +2  200    2  24  0  0 L3P DB
G24 FF 61059 105000  780 416 1447    +1568699   -172         -11    -21   26  35  121  +18  172  +24  172   24  19  0  0 L3P 57
G25 FF 61059 105000  780 541 2639    -4490388    +45           9    +21   18  23  100   -9  114  -27  114  -27  14  0  0 L3P 1F
G28 FF 61059 105000  780 137 3051    +6091076    -56           6     -1   34 125  341 -157  198  -25  198  -25  23  0  0 L3P 50
G29 FF 61059 105000  780 168 2002    +3904290    -42          10    +21   44  41  280 -117  326  -80  326  -80  37  0  0 L3P 49
G32 FF 61059 105000  780 391 2856    +1562770   -127          -2    +45   26 103  128   -1  140  -36  140  -36  20  0  0 L3P 41
G06 FF 61059 110600  780 261  624    +6038879    +62          13    +27   38  57  183   -3  183  -24  183  -24  27  0  0 L3P 32
G11 FF 61059 110600  780 227 1101    +4688781   -184          19    -51   28  99  209  -46  236  -31  236  -31  21  0  0 L3P 63
G12 FF 61059 110600  780 736  708    +6067046    -23          14    -27   19  75   84   +3  103  +35  103   35  13  0  0 L3P FC
G19 FF 61059 110600  780 147  441    -6862811    -83          17    -65   41  57  314 +132  221  +84  221   84  37  0  0 L3P 43
G24 FF 61059 110600  780 343 1466    +1568560   -173          -4    -22   27  35  143  +27  183  +22  183   22  20  0  0 L3P 3D
G25 FF 61059 110600  780 614 2687    -4490368    +46           6    +22   26  23   92   -7  104  -31  104  -31  18  0  0 L3P 11
G28 FF 61059 110600  780 200 3059    +6091017    -46           0     +9   49 125  236  -75  184  -28  184  -28  37  0  0 L3P 44
G29 FF 61059 110600  780 239 2012    +3904200   -139         -20    -75   47  41  200  -59  240  -15  240  -15  37  0  0 L3P 54
G32 FF 61059 110600  780 388 2764    +1562617   -181           9     -9   24 103  129   +3  133  +15  133   15  19  0  0 L3P 29
G06 FF 61059 112200  780 259  547    +6038901    +68           1    +33   32  57  184   +6  198   -6  198   -6  24  0  0 L3P 02
G11 FF 61059 112200  780 276 1041    +4688640   -167           6    -34   32  99  174  -27  189   -4  189   -4  24  0  0 L3P 3C
G12 FF 61059 112200  780 662  759    +6067055    -42          18    -46   19  75   88   +5  109  +44  109   44  14  0  0 L3P 17
G24 FF 61059 112200  780 272 1484    +1568411   -121          -8    +30   23  35  176  +43  206   -6  206   -6  17  0  0 L3P 22
G25 FF 61059 112200  780 687 2743    -4490345    +39           7    +15   22  23   87   -5   99   -7   99   -7  16  0  0 L3P EE
G28 FF 61059 112200  780 265 3060    +6090937    -22         -28    +32   43 125  181  -43  183  -47  183  -47  28  0  0 L3P 70
G29 FF 61059 112200  780 312 2024    +3904138    -56         -20     +8   25  41  156  -35  197  -28  197  -28  19  0  0 L3P 4D
G32 FF 61059 112200  780 368 2675    +1562478   -184          36    -12   33 103  134   +8  121  +12  121   12  25  0  0 L3P 3A
G06 FF 61059 113800  780 244  475    +6038939    +50           5    +15   35  57  195  +17  202   -2  202   -2  25  0  0 L3P FD
G11 FF 61059 113800  780 316  971    +4688507   -133           1     +0   30  99  154  -16  180  -11  180  -11  23  0  0 L3P 19
G12 FF 61059 113800  780 589  805    +6067049    +15           8    +10   22  75   94   +7  130   -4  130   -4  14  0  0 L3P D7
G24 FF 61059 113800  780 202 1501    +1568284    -67          10    +84   45  35  232  +76  229  -16  229  -16  35  0  0 L3P 4D
G25 FF 61059 113800  780 762 2817    -4490342    -26         -13    -50   18  23   83   -3  111  +40  111   40  12  0  0 L3P 0F
G28 FF 61059 113800  780 331 3051    +6090896   -120         -16    -65   29 125  148  -27  158  +28  158   28  20  0  0 L3P 7D
G29 FF 61059 113800  780 387 2037    +3904077   -114         -20    -50   31  41  129  -22  163  +16  163   16  24  0  0 L3P 52
G32 FF 61059 113800  780 336 2593    +1562265   -155         -13    +17   30 103  146  +15  171   +8  171    8  22  0  0 L3P 3D
G06 FF 61059 115400  780 216  410    +6038965    +57          -2    +22   40  57  218  +32  214   +4  214    4  30  0  0 L3P E9
G11 FF 61059 115400  780 347  891    +4688389   -109          10    +24   34  99  142   -9  177  -41  177  -41  25  0  0 L3P 54
G12 FF 61059 115400  780 518  849    +6067060    -37          14    -42   19  75  103  +10  135  +47  135   47  13  0  0 L3P 27
G24 FF 61059 115400  780 135 1515    +1568134   -241           5    -90   35  35  340 +163  294 +104  294  104  25  0  0 L3P 68
G25 FF 61059 115400  780 835 2967    -4490310    +30          -5     +6   19  23   81   -1  106   -6  106   -6  12  0  0 L3P E0
G28 FF 61059 115400  780 395 3028    +6090850     +2         -10    +56   30 125  127  -18  142  -52  142  -52  23  0  0 L3P 47
G29 FF 61059 115400  780 464 2050    +3904017    -81         -19    -17   34  41  112  -15  145   +7  145    7  27  0  0 L3P 1F
G31 FF 61059 115400  780 102 3120    +1717852    +67          10    +87   38  67  454 -283  228  -78  228  -78  26  0  0 L3P 72
G32 FF 61059 115400  780 293 2522    +1562130   -206          17    -34   27 103  165  +25  173  +57  173   57  20  0  0 L3P 53
G06 FF 61059 121000  780 179  355    +6038998    +79          -3    +44   45  57  260  +60  238  +10  238   10  32  0  0 L3P 2C
G11 FF 61059 121000  780 364  805    +4688255   -144           4    -11   20  99  136   -3  157  -19  157  -19  14  0  0 L3P 2B
G12 FF 61059 121000  780 449  892    +6067066    -10          17    -15   23  75  114  +14  140  +17  140   17  18  0  0 L3P 19
G25 FF 61059 121000  780 873  434    -4490279    +25           3     +1   19  23   81   +0  105   +7  105    7  13  0  0 L3P AB
G28 FF 61059 121000  780 457 2986    +6090800    -83         -10    -28   31 126  113  -12  131   +4  131    4  21  0  0 L3P 1E
G29 FF 61059 121000  780 542 2061    +3903962   -102         -13    -38   25  41  100  -10  133  +27  133   27  19  0  0 L3P 3D
G31 FF 61059 121000  780 166 3119    +1717844    -31          22    -10   26  67  282 -110  193  -21  193  -21  19  0  0 L3P 4B
G32 FF 61059 121000  780 242 2462    +1561958   -224          10    -52   38 103  196  +41  209  +79  209   79  28  0  0 L3P 67
G06 FF 61059 122600  780 133  310    +6039056    +56          21    +21   37  57  344 +122  248  -10  248  -10  29  0  0 L3P 35
G11 FF 61059 122600  780 366  716    +4688130   -129           7     +4   27  99  135   +2  156  +18  156   18  21  0  0 L3P 11
G12 FF 61059 122600  780 381  934    +6067069     +5          15     +1   22  75  130  +20  157  +24  157   24  16  0  0 L3P F8
G25 FF 61059 122600  780 806  902    -4490261    +34          -2    +10   15  23   82   +2  114   +1  114    1  10  0  0 L3P B1
G28 FF 61059 122600  780 512 2919    +6090754    -76          -4    -21   22 126  104   -8  120  +16  120   16  16  0  0 L3P 2A
G29 FF 61059 122600  780 621 2067    +3903907    -82          -6    -18   25  41   92   -7  121  +14  121   14  18  0  0 L3P 0F
G31 FF 61059 122600  780 230 3108    +1717817    -16          14     +5   34  67  206  -56  178   -5  178   -5  25  0  0 L3P 19
G32 FF 61059 122600  780 187 2409    +1561796   -175          12     -3   44 103  249  +74  242  +53  242   53  34  0  0 L3P 53
G11 FF 61059 124200  780 353  631    +4688003   -163           7    -30   28  99  140   +7  171  +41  171   41  21  0  0 L3P 09
G12 FF 61059 124200  780 316  975    +6067070     +2          11     -3   30  75  154  +29  186  +32  186   32  22  0  0 L3P FB
G25 FF 61059 124200  780 732 1003    -4490237    +11           0    -12   13  23   84   +3  120  +13  120   13   9  0  0 L3P C2
G28 FF 61059 124200  780 555 2821    +6090694    -18         -11    +37   14 126   98   -4  126  -29  126  -29  11  0  0 L3P 50
G29 FF 61059 124200  780 700 2057    +3903840    -59         -13     +4   17  41   86   -4  125   +3  125    3  12  0  0 L3P E0
G31 FF 61059 124200  780 294 3086    +1717792    +45           8    +66   38  67  165  -33  166  -52  166  -52  27  0  0 L3P 55
G32 FF 61059 124200  780 130 2363    +1561600   -206         -19    -34   59 103  353 +153  312  +51  312   51  43  0  0 L3P 5F
G11 FF 61059 125800  780 325  556    +4687863   -186          -4    -53   30  99  150  +14  189  +36  189   36  23  0  0 L3P 5A
G12 FF 61059 125800  780 252 1015    +6067084    -37          21    -42   35  75  189  +46  205  +67  205   67  28  0  0 L3P 48
G25 FF 61059 125800  780 658 1066    -4490215    +35          -2    +11   23  23   89   +5  131   +0  131    0  16  0  0 L3P D9
G26 FF 61059 125800  780 185 2889    +3137575    +75          13    +15   39   3  254  -87  205  -54  205  -54  30  0  0 L3P 50
G28 FF 61059 125800  780 580 2693    +6090646    -55          -7     -1   21 126   95   -1  125   +2  125    2  14  0  0 L3P F0
G29 FF 61059 125800  780 777 1999    +3903762    -66         -29     -2   17  41   83   -2  135  -13  135  -13  12  0  0 L3P 39
G31 FF 61059 125800  780 354 3049    +1717766    -73           3    -53   25  67  140  -21  157  +35  157   35  18  0  0 L3P 3A
G11 FF 61059 131400  780 286  494    +4687752   -160          12    -27   31  99  168  +24  176  +21  176   21  25  0  0 L3P 4B
G12 FF 61059 131400  780 189 1053    +6067078    +28          10    +23   27  75  247  +79  244  +25  244   25  21  0  0 L3P 3D
G18 FF 61059 131400  780 130 1804    +4470074    -22          17    +75   42  64  358 -189  300 -115  300 -115  30  0  0 L3P 6E
G25 FF 61059 131400  780 584 1115    -4490200    +55          -9    +31   24  23   95   +8  138  -19  138  -19  17  0  0 L3P 23
G26 FF 61059 131400  780 250 2910    +3137630    -36          10    -96   29   3  191  -49  180  +43  180   43  22  0  0 L3P 21
G28 FF 61059 131400  780 581 2549    +6090587    -73         -13    -18   20 126   95   +1  130  +14  130   14  15  0  0 L3P 2F
G29 FF 61059 131400  780 843 1708    +3903718    -55         -12     +9   17  41   81   -1  117  -12  117  -12  11  0  0 L3P 16
G31 FF 61059 131400  780 409 2994    +1717752    -44           8    -24   21  67  124  -13  139   +9  139    9  15  0  0 L3P 16
G11 FF 61059 133000  780 238  445    +4687615    -85           3    +48   28  99  199  +41  182  -47  182  -47  23  0  0 L3P 47
G18 FF 61059 133000  780 200 1798    +4469995    -95          31     +2   44  64  236  -83  252  -50  252  -50  28  0  0 L3P 4B
G21 FF 61059 133000  780 118  670    -3834341   -111           5    -36   36  29  389  -97  226  -14  226  -14  27  0  0 L3P 3F
G25 FF 61059 133000  780 511 1159    -4490177    +25          -9     +1   16  23  104  +11  138   +1  138    1  11  0  0 L3P E1
G26 FF 61059 133000  780 316 2926    +3137704   +117          26    +57   33   3  154  -31  148  -67  148  -67  25  0  0 L3P 52
G28 FF 61059 133000  780 557 2414    +6090534    -64         -14     -9   26 126   98   +4  132  +20  132   20  17  0  0 L3P 1C
G29 FF 61059 133000  780 834  939    +3903646    -79         -23    -16   21  41   81   +1  118   +4  118    4  14  0  0 L3P F2
G31 FF 61059 133000  780 453 2919    +1717723    -16          -1     +5   33  67  114   -8  136  -15  136  -15  26  0  0 L3P 1B
G04 FF 61059 134600  780 110 3287     -391352   -101           9    -78   48  52  414  -27  248  +33  248   33  33  0  0 L3P 31
G05 FF 61059 134600  780 149  908    +2275380    +25          11    +19   44  21  311  -91  228  -82  228  -82  33  0  0 L3P 3A
G11 FF 61059 134600  780 185  409    +4687501    -56          17    +77   41  99  252  +74  162  -73  162  -73  33  0  0 L3P 50
G18 FF 61059 134600  780 273 1791    +4469877   -114           6    -17   27  64  176  -46  243  -78  243  -78  24  0  0 L3P 79
G21 FF 61059 134600  780 143  607    -3834404    -69          14     +6   34  29  322  -47  180  -47  180  -47  27  0  0 L3P 31
G25 FF 61059 134600  780 439 1199    -4490159    +69         -14    +46   25  23  116  +15  152  -20  152  -20  20  0  0 L3P 52
G26 FF 61059 134600  780 385 2935    +3137743    +98           8    +37   31   3  130  -21  145  -41  145  -41  21  0  0 L3P 25
G28 FF 61059 134600  780 513 2304    +6090489    -66          -7    -12   30 126  103   +8  133  +25  133   25  21  0  0 L3P 29
G29 FF 61059 134600  780 766  728    +3903596    -29         -13    +35   17  41   83   +3  105  -13  105  -13  12  0  0 L3P 24
G31 FF 61059 134600  780 484 2822    +1717695    -10          -9    +10   26  67  108   -4  126  -22  126  -22  17  0  0 L3P 30
G04 FF 61059 140200  780 111 3223     -391385     +8           5    +31   53  54  407  +13  249  -17  249  -17  37  0  0 L3P 0C
G05 FF 61059 140200  780 190  847    +2275410    -32          43    -39   34  26  246  -48  152   -7  152   -7  28  0  0 L3P 17
G11 FF 61059 140200  780 128  384    +4687348    -84         -15    +49   62 101  359 +161  177  -51  177  -51  48  0  0 L3P 7E
G16 FF 61059 140200  780 114 2941    -1910066    -76           6     +0   36  59  405 -223  245  -19  245  -19  25  0  0 L3P 38
G18 FF 61059 140200  780 348 1783    +4469796   -150          23    -53   30  66  142  -28  159   +2  159    2  24  0  0 L3P 3D
G21 FF 61059 140200  780 159  540    -3834459    -52          31    +23   42  29  291  -20  136  -22  136  -22  34  0  0 L3P 2A
G25 FF 61059 140200  780 369 1235    -4490132    +26          -7     +2   26  35  134  +22  157   +2  157    2  19  0  0 L3P F3
G26 FF 61059 140200  780 455 2933    +3137799    +86           6    +26   18   3  113  -14  130  -31  130  -31  14  0  0 L3P 1A
G28 FF 61059 140200  780 457 2223    +6090441    -69          -5    -14   31 127  113  +12  139  +26  139   26  21  0  0 L3P 3C
G29 FF 61059 140200  780 693  690    +3903546    -37           4    +27   20  43   86   +4   95   -6   95   -6  14  0  0 L3P CE
G31 FF 61059 140200  780 495 2710    +1717667    -52          -5    -31   16   0  106   +0  129  +15  129   15  12  0  0 L3P FD
G04 FF 61059 141800  780 102 3158     -391397    -59          15    -36   36  54  440  +58  245  +37  245   37  28  0  0 L3P 41
G05 FF 61059 141800  780 224  780    +2275389    -11          16    -18   35  26  211  -27  148   +6  148    6  28  0  0 L3P 10
G16 FF 61059 141800  780 179 2963    -1910116    -93          29    -17   40  59  263  -96  193  -43  193  -43  26  0  0 L3P 6C
G18 FF 61059 141800  780 424 1771    +4469683    -32           3    +65   30  66  120  -18  141  -64  141  -64  23  0  0 L3P 3C
G21 FF 61059 141800  780 164  472    -3834557    -58           5    +17   38  29  282   +1  150   -8  150   -8  30  0  0 L3P F8
G25 FF 61059 141800  780 300 1269    -4490107    +67          -4    +43   30  35  161  +34  162  -22  162  -22  23  0  0 L3P 2F
G26 FF 61059 141800  780 524 2915    +3137860    +53           9     -7   20   3  102  -10  112  -11  112  -11  16  0  0 L3P F2
G28 FF 61059 141800  780 393 2163    +6090394    -22           1    +32   28 127  127  +19  149   -7  149   -7  22  0  0 L3P 30
G29 FF 61059 141800  780 619  693    +3903470    -16         -11    +48   26  43   92   +6  103  -20  103  -20  16  0  0 L3P 18
G31 FF 61059 141800  780 487 2595    +1717644    -61          -9    -40   31   0  108   +3  130  +33  130   33  20  0  0 L3P 00
G05 FF 61059 143400  780 247  706    +2275388    -17           8    -24   25  26  193  -13  141   +7  141    7  19  0  0 L3P FB
G16 FF 61059 143400  780 245 2981    -1910204    -28          15    +48   33  59  195  -52  156  -97  156  -97  23  0  0 L3P 68
G18 FF 61059 143400  780 501 1750    +4469571   -117         -17    -21   30  66  105  -12  140   -2  140   -2  21  0  0 L3P 28
G21 FF 61059 143400  780 158  406    -3834626   -101           8    -26   30  29  292  +21  141  +12  141   12  24  0  0 L3P 12
G25 FF 61059 143400  780 233 1300    -4490087    +33          -7     +9   43  35  203  +56  175   +5  175    5  31  0  0 L3P F8
G26 FF 61059 143400  780 592 2870    +3137916    +51           7     -9   19   3   94   -7  102   -4  102   -4  13  0  0 L3P CC
G28 FF 61059 143400  780 325 2118    +6090366    -52          25     +2   32 127  150  +29  147  +15  147   15  21  0  0 L3P 30
G29 FF 61059 143400  780 547  712    +3903398    -98         -22    -34   21  43   99   +9  110  +20  110   20  15  0  0 L3P 11
G31 FF 61059 143400  780 459 2490    +1717636    -16           3     +4   27   0  112   +7  124   +5  124    5  21  0  0 L3P BC
G05 FF 61059 145000  780 258  629    +2275392    +19           6    +12   34  26  185   -3  134  -33  134  -33  25  0  0 L3P 11
G16 FF 61059 145000  780 314 2992    -1910294    -14          -3    +62   30  59  155  -32  135  -75  135  -75  20  0  0 L3P 45
G18 FF 61059 145000  780 577 1713    +4469496    -87           2     +9   19  66   96   -8  114  -25  114  -25  13  0  0 L3P 21
G21 FF 61059 145000  780 141  343    -3834727   -133         -21    -58   36  29  326  +51  153  +24  153   24  24  0  0 L3P 3F
G25 FF 61059 145000  780 167 1328    -4490079    -13         -22    -36   29  35  277 +106  193  +24  193   24  21  0  0 L3P 62
G26 FF 61059 145000  780 653 2783    +3137964    +62          -3     +2   20   3   89   -4   96  -20   96  -20  14  0  0 L3P DE
G28 FF 61059 145000  780 257 2083    +6090279    -82          -9    -27   34 127  185  +47  187  +45  187   45  26  0  0 L3P 6E
G29 FF 61059 145000  780 476  739    +3903339    -46         -19    +17   26  43  109  +12  100  -21  100  -21  20  0  0 L3P 34
G31 FF 61059 145000  780 416 2402    +1717603    -25         -10     -4   27   0  121  +12  140  +18  140   18  19  0  0 L3P FA
G05 FF 61059 150600  780 255  552    +2275389    +10          -3     +3   36  26  186   +6  124  -11  124  -11  25  0  0 L3P FC
G16 FF 61059 150600  780 384 2993    -1910374    -73          -9     +3   20  59  130  -21  111  -15  111  -15  17  0  0 L3P 28
G18 FF 61059 150600  780 649 1643    +4469407   -103           5     -7   25  66   89   -5   93  -12   93  -12  18  0  0 L3P 0A
G21 FF 61059 150600  780 113  286    -3834752    -98          27    -23   49  29  400 +110  108  -18  108  -18  37  0  0 L3P 51
G25 FF 61059 150600  780 103 1353    -4490041    +19          -7     -5   52  35  439 +261  183  +20  183   20  40  0  0 L3P 25
G26 FF 61059 150600  780 698 2626    +3138018    +68          -7     +8   14   3   86   -2   88   -7   88   -7  11  0  0 L3P D3
G27 FF 61059 150600  780 104 2650     +218945    +84          23     +5   43  53  442 -252  254  -56  254  -56  31  0  0 L3P 3A
G28 FF 61059 150600  780 189 2054    +6090244    -22           9    +32   43 127  247  +86  199  +21  199   21  38  0  0 L3P 50
G29 FF 61059 150600  780 408  770    +3903269    -66         -28     -2   23  43  123  +17  105   +8  105    8  18  0  0 L3P 06
G31 FF 61059 150600  780 364 2332    +1717592    -31          -2    -10   24   0  136  +19  140  +15  140   15  17  0  0 L3P 04
G05 FF 61059 152200  780 239  479    +2275407    +55           7    +48   27  26  198  +18  111  -45  111  -45  20  0  0 L3P 2B
G16 FF 61059 152200  780 455 2982    -1910457    -53         -19    +23   22  59  113  -14  103  -24  103  -24  16  0  0 L3P 4C
G18 FF 61059 152200  780 710 1508    +4469311   -116           1    -19   20  66   85   -3   87   +4   87    4  13  0  0 L3P D3
G23 FF 61059 152200  780 139 1464    -6015194     +5          -5    +55   55  56  335 -156  182  -64  182  -64  43  0  0 L3P 53
G26 FF 61059 152200  780 714 2402    +3138088    +67           5     +6   14   3   85   +0   75   -1   75   -1   9  0  0 L3P 91
G27 FF 61059 152200  780 165 2686     +219018    +74          20     -4   43  53  283 -106  189  -73  189  -73  32  0  0 L3P 4B
G28 FF 61059 152200  780 123 2028    +6090179   -113          -5    -58   44 127  374 +194  243  +85  243   85  39  0  0 L3P 81
G29 FF 61059 152200  780 342  804    +3903208    -59         -28     +5   31  43  143  +25  108   -7  108   -7  22  0  0 L3P 09
G31 FF 61059 152200  780 306 2276    +1717577    -82           4    -61   32   0  158  +29  139  +40  139   40  25  0  0 L3P 18
G05 FF 61059 153800  780 211  414    +2275414     +9           9     +3   41  26  222  +34  100  -26  100  -26  31  0  0 L3P DD
G16 FF 61059 153800  780 525 2950    -1910517    -66          -6    +10   27  59  102  -10   81  -19   81  -19  17  0  0 L3P 27
G18 FF 61059 153800  780 746 1271    +4469222    -77           5    +20   22  66   84   -1   75  -23   75  -23  15  0  0 L3P FD
G23 FF 61059 153800  780 204 1433    -6015235    -29           2    +21   32  56  231  -74  145  -47  145  -47  25  0  0 L3P 31
G26 FF 61059 153800  780 692 2182    +3138143    +49           2    -11   19   3   86   +2   75   +1   75    1  14  0  0 L3P AA
G27 FF 61059 153800  780 228 2723     +219082     +2           9    -76   39  53  208  -57  142  +11  142   11  29  0  0 L3P 0A
G29 FF 61059 153800  780 277  839    +3903174    -82          -2    -19   23  43  173  +37   94   +8   94    8  17  0  0 L3P 02
G31 FF 61059 153800  780 244 2230    +1717564    +61          10    +81   33   0  194  +47  144  -50  144  -50  26  0  0 L3P 25
G05 FF 61059 155400  780 173  358    +2275435    -64          23    -70   28  26  268  +64   74  +40   74   40  22  0  0 L3P 10
G16 FF 61059 155400  780 590 2887    -1910606   -100         -22    -24   22  59   94   -6   88   +6   88    6  14  0  0 L3P 07
G18 FF 61059 155400  780 739  985    +4469113   -129         -11    -32   19  66   84   +1   78  +10   78   10  13  0  0 L3P 15
G23 FF 61059 155400  780 270 1397    -6015293    -77          -8    -27   30  56  178  -42  137  -13  137  -13  23  0  0 L3P 52
G26 FF 61059 155400  780 642 2032    +3138195   +113          -3    +53   20   3   90   +5   83  -41   83  -41  14  0  0 L3P E9
G27 FF 61059 155400  780 293 2758     +219160   +117          11    +39   31  53  165  -35  112  -50  112  -50  23  0  0 L3P 3B
G29 FF 61059 155400  780 215  876    +3903096    -34         -18    +29   35  43  219  +61  108  -28  108  -28  29  0  0 L3P 5E
G31 FF 61059 155400  780 182 2192    +1717543    -53           8    -32   25   0  256  +86  153  +30  153   30  23  0  0 L3P 0D
G05 FF 61059 161000  780 127  313    +2275417     +5           1     -2   38  29  359 +136   72  -45   72  -45  29  0  0 L3P F0
G16 FF 61059 161000  780 645 2775    -1910663    -61          -9    +15   22  62   90   -4   72  -17   72  -17  15  0  0 L3P 03
G18 FF 61059 161000  780 695  789    +4469042    -44          14    +52   19  67   86   +3   63  -30   63  -30  14  0  0 L3P 01
G23 FF 61059 161000  780 336 1353    -6015322     -7           9    +44   23  57  146  -26   97  -47   97  -47  18  0  0 L3P 15
G26 FF 61059 161000  780 578 1942    +3138255    +34           0    -26   22  11   95   +7   78  +19   78   19  15  0  0 L3P F0
G27 FF 61059 161000  780 360 2793     +219243    +58          23    -22   31  54  137  -23   94   +2   94    2  24  0  0 L3P DC
G29 FF 61059 161000  780 154  913    +3903030   -106         -20    -43   58  44  300 +115  105  +25  105   25  44  0  0 L3P 3B
G31 FF 61059 161000  780 121 2159    +1717494   -150         -21   -130   37   0  379 +187  208 +139  208  139  28  0  0 L3P 92
G10 FF 61059 162600  780 160 1640    +5836257    -24          19    -49   30  24  293 -127  148  -22  148  -22  22  0  0 L3P 5C
G16 FF 61059 162600  780 678 2602    -1910744    -98         -17    -22   13  62   87   -1   72   +8   72    8  10  0  0 L3P ED
G18 FF 61059 162600  780 632  689    +4468942    -61           7    +35   23  67   90   +5   60  -40   60  -40  17  0  0 L3P EF
G23 FF 61059 162600  780 398 1297    -6015372    -31           7    +19   24  57  126  -16   79  -33   79  -33  18  0  0 L3P 31
G26 FF 61059 162600  780 507 1890    +3138296    +23         -17    -38   20  11  104  +11   93  +30   93   30  14  0  0 L3P 17
G27 FF 61059 162600  780 430 2826     +219317    +84          21     +5   31  54  119  -16   83  -24   83  -24  24  0  0 L3P 01
G07 FF 61059 164200  780 116 3296    +1374528    +90          17    +39   43  70  394  -74  105  -44  105  -44  33  0  0 L3P 54
G08 FF 61059 164200  780 184 2852    -5024198     +8          34    -36   51  79  255  -87  128  -23  128  -23  37  0  0 L3P 55
G10 FF 61059 164200  780 230 1622    +5836263    -43           1    -68   27  24  207  -63  117  +28  117   28  23  0  0 L3P 24
G15 FF 61059 164200  780 101  687    -3781298    -19         -13    +16   44  72  450 -132   58  -19   58  -19  38  0  0 L3P 4D
G16 FF 61059 164200  780 678 2393    -1910813    -91         -13    -15   22  62   87   +1   63   +9   63    9  16  0  0 L3P EC
G18 FF 61059 164200  780 563  645    +4468847    -34           5    +62   22  67   97   +8   52  -47   52  -47  16  0  0 L3P 02
G23 FF 61059 164200  780 454 1225    -6015425    -26           2    +24   24  57  114  -11   68  -35   68  -35  17  0  0 L3P 10
G26 FF 61059 164200  780 434 1858    +3138368    +87          -3    +27   24  11  117  +16   87  -15   87  -15  19  0  0 L3P 36
G27 FF 61059 164200  780 501 2855     +219383    +52          10    -27   25  54  105  -12   77   +6   77    6  17  0  0 L3P E5
G07 FF 61059 165800  780 133 3238    +1374580   +134          20    +82   43  70  345  -32  100  -61  100  -61  33  0  0 L3P 45
G08 FF 61059 165800  780 249 2879    -5024155    +42          34     -2   45  79  192  -49   91  -31   91  -31  34  0  0 L3P 31
G10 FF 61059 165800  780 303 1601    +5836294    +39           7    +14   31  24  161  -36   99  -30   99  -30  24  0  0 L3P 19
G15 FF 61059 165800  780 127  623    -3781338    -29         -20     +6   43  72  361  -62   56  -22   56  -22  34  0  0 L3P 19
G16 FF 61059 165800  780 645 2214    -1910888   -104         -15    -28   20  62   89   +4   63  +16   63   16  14  0  0 L3P 1F
G18 FF 61059 165800  780 493  629    +4468744   -102          -6     -5   27  67  106  +12   46  -12   46  -12  19  0  0 L3P 22
G23 FF 61059 165800  780 499 1131    -6015492    -65         -17    -15   22  57  106   -6   69   -8   69   -8  17  0  0 L3P 1D
G26 FF 61059 165800  780 361 1838    +3138421    +59          -8     -2   30  11  137  +25   96   +9   96    9  24  0  0 L3P F1
G27 FF 61059 165800  780 574 2879     +219446    +83          -4     +4   19  54   96   -8   69  -26   69  -26  14  0  0 L3P 0C
G07 FF 61059 171400  780 141 3177    +1374630    +69          21    +18   38  70  327   -6   96  -30   96  -30  26  0  0 L3P 1D
G08 FF 61059 171400  780 315 2902    -5024149   +151          -2   +107   22  79  155  -31   88 -100   88 -100  14  0  0 L3P 5C
G10 FF 61059 171400  780 376 1574    +5836324    +10          14    -15   26  24  133  -23   79  -15   79  -15  20  0  0 L3P 22
G15 FF 61059 171400  780 144  555    -3781366    -93         -14    -57   38  72  320  -26   41  +40   41   40  32  0  0 L3P 14
G16 FF 61059 171400  780 590 2093    -1910952    -93          -6    -17   20  62   94   +6   52   +9   52    9  15  0  0 L3P D8
G18 FF 61059 171400  780 422  631    +4468643    -84         -14    +13   29  67  120  +17   50  -17   50  -17  22  0  0 L3P 1C
G23 FF 61059 171400  780 529 1017    -6015528    -26          -5    +24   18  57  101   -3   49  -26   49  -26  12  0  0 L3P 0F
G26 FF 61059 171400  780 289 1824    +3138497     +6          10    -55   27  11  167  +39   90  +43   90   43  20  0  0 L3P 11
G27 FF 61059 171400  780 649 2892     +219518    +80          -7     +0   14  54   89   -6   58  -17   58  -17   9  0  0 L3P EA
G02 FF 61059 173000  780 109 2480     -201347   -168         -21    -87   45  84  425 -242  180  +24  180   24  39  0  0 L3P 5B
G07 FF 61059 173000  780 138 3113    +1374687    +48          28     -3   33  70  333  +19   78   +4   78    4  26  0  0 L3P F0
G08 FF 61059 173000  780 384 2919    -5024108    +32          -3    -12   32  79  130  -21   63   -3   63   -3  22  0  0 L3P ED
G10 FF 61059 173000  780 448 1537    +5836341   +103           6    +78   25  24  115  -15   68  -86   68  -86  18  0  0 L3P 3C
G15 FF 61059 173000  780 150  486    -3781396    -65         -10    -30   36  72  307   -2   32  +13   32   13  27  0  0 L3P F8
G16 FF 61059 173000  780 524 2017    -1911050    -85         -30     -8   32  62  102  +10   69   +5   69    5  25  0  0 L3P E0
G18 FF 61059 173000  780 354  644    +4468559    -91          -5     +5   28  67  139  +24   38  -13   38  -13  23  0  0 L3P 13
G23 FF 61059 173000  780 537  891    -6015575    -36          -4    +14   18  57  100   +0   39  -23   39  -23  13  0  0 L3P F9
G26 FF 61059 173000  780 218 1813    +3138541    +39          -4    -22   43  11  216  +66  108  +32  108   32  32  0  0 L3P 23
G27 FF 61059 173000  780 725 2882     +219603    +67           1    -12   18  54   85   -4   41   -9   41   -9  11  0  0 L3P BD
G02 FF 61059 174600  780 171 2516     -201425   -158         -20    -76   58  84  274 -100  141   -1  141   -1  43  0  0 L3P 33
G07 FF 61059 174600  780 125 3050    +1374739    +38          31    -13   32  70  366  +51   75  +12   75   12  26  0  0 L3P 14
G08 FF 61059 174600  780 454 2929    -5024061    +82           1    +37   31  79  114  -14   44  -44   44  -44  23  0  0 L3P 18
G10 FF 61059 174600  780 518 1483    +5836366    +14           7    -11   21  24  103  -10   52   -2   52   -2  13  0  0 L3P D8
G15 FF 61059 174600  780 145  418    -3781423    -95          -3    -60   33  72  317  +23   15  +48   15   48  25  0  0 L3P 0C
G16 FF 61059 174600  780 452 1970    -1911112    -92         -20    -16   34  62  114  +15   65  +12   65   12  29  0  0 L3P 1B
G18 FF 61059 174600  780 287  664    +4468469   -146          -2    -49   37  67  168  +36   31  +40   31   40  28  0  0 L3P 36
G23 FF 61059 174600  780 523  769    -6015617    -59           2     -9   33  57  102   +3   28   +4   28    4  26  0  0 L3P B9
G26 FF 61059 174600  780 151 1804    +3138604     +3           1    -57   33  11  307 +134  117  +83  117   83  23  0  0 L3P 1D
G27 FF 61059 174600  780 800 2798     +219667   +117         -12    +37   16  54   82   -2   45  -26   45  -26  12  0  0 L3P 1E
G02 FF 61059 180200  780 235 2555     -201483    -50           3    +32   37  85  203  -54   93  -53   93  -53  27  0  0 L3P FF
G07 FF 61059 180200  780 102 2989    +1374790     -6          28    -58   39  72  440 +109   76  +63   76   63  30  0  0 L3P 34
G08 FF 61059 180200  780 526 2926    -5024024    +57           6    +13   21   5  102  -10   36   -9   36   -9  14  0  0 L3P CF
G10 FF 61059 180200  780 581 1401    +5836376    +54          -8    +29   19  58   95   -6   55  -33   55  -33  14  0  0 L3P 0D
G15 FF 61059 180200  780 129  353    -3781441    +53          25    +88   34   5  356  +59    5  -69    5  -69  30  0  0 L3P F4
G16 FF 61059 180200  780 379 1938    -1911180    -85         -14     -9   26  63  131  +22   59   +3   59    3  19  0  0 L3P 00
G18 FF 61059 180200  780 222  689    +4468358    -21         -18    +75   29  68  212  +59   43  -77   43  -77  21  0  0 L3P 43
G23 FF 61059 180200  780 489  667    -6015672    -61          -6    -11   18  58  107   +7   28   -1   28   -1  13  0  0 L3P E0
G27 FF 61059 180200  780 853 2311     +219760   +100          10    +21   16  68   81   +0   31  -23   31  -23  11  0  0 L3P D7
G02 FF 61059 181800  780 299 2595     -201560   -148           5    -66   35  85  162  -33   71  +35   71   35  26  0  0 L3P 1A
G08 FF 61059 181800  780 597 2902    -5023977    +27          11    -18   21   5   94   -7   33  +11   33   11  13  0  0 L3P E4
G10 FF 61059 181800  780 631 1277    +5836404    +58          -4    +33   22  58   91   -3   42  -34   42  -34  17  0  0 L3P FE
G15 FF 61059 181800  780 102  294    -3781485    +50          15    +85   31   5  443 +133   17  -38   17  -38  26  0  0 L3P 1D
G16 FF 61059 181800  780 306 1917    -1911238    -59           1    +17   23  63  158  +35   51   -6   51   -6  15  0  0 L3P F6
G18 FF 61059 181800  780 159  717    +4468273   -109         -11    -13   49  68  290 +110   36   +4   36    4  38  0  0 L3P 26
G23 FF 61059 181800  780 441  591    -6015725    -50         -11     +0   22  58  116  +11   29   -2   29   -2  16  0  0 L3P D9
G27 FF 61059 181800  780 814 1665     +219825    +39          -2    -41   22  68   82   +1   30  +29   30   29  15  0  0 L3P E3
G02 FF 61059 183400  780 364 2636     -201633    -75           9     +6   27  85  136  -22   45   -9   45   -9  23  0  0 L3P D9
G08 FF 61059 183400  780 665 2840    -5023945    +70           0    +26   23   5   88   -5   36  -18   36  -18  16  0  0 L3P EC
G10 FF 61059 183400  780 658 1109    +5836445    +31          12     +6   15  58   89   -1   26   -3   26   -3  10  0  0 L3P C9
G16 FF 61059 183400  780 235 1900    -1911339   -130         -26    -53   35  63  201  +58   83  +53   83   53  28  0  0 L3P 3B
G23 FF 61059 183400  780 384  539    -6015783    -48         -22     +2   30  58  130  +18   35   -5   35   -5  20  0  0 L3P EB
G27 FF 61059 183400  780 739 1539     +219884    +43         -19    -36   16  68   84   +3   40  +17   40   17  10  0  0 L3P 01
G01 FF 61059 185000  780 113 2574    -3423004    -19         -23    -57   36   9  407 -211  108   -8  108   -8  27  0  0 L3P 2E
G02 FF 61059 185000  780 430 2679     -201710    -73          12     +9   31  85  119  -15   37   -4   37   -4  21  0  0 L3P D3
G08 FF 61059 185000  780 723 2705    -5023906    +26          -3    -19   19   5   85   -2   34   +7   34    7  13  0  0 L3P BC
G10 FF 61059 185000  780 655  924    +5836445     +3         -11    -22   18  58   89   +1   40  +12   40   12  13  0  0 L3P D0
G16 FF 61059 185000  780 166 1886    -1911400    -19         -15    +57   38  63  279 +112   80  -14   80  -14  30  0  0 L3P 49
G23 FF 61059 185000  780 322  506    -6015818     +2          -9    +52   29  58  151  +27   28  -35   28  -35  21  0  0 L3P FE
G27 FF 61059 185000  780 661 1513     +219965   +118         -14    +38   19  68   88   +6   35  -15   35  -15  13  0  0 L3P 1F
G32 FF 61059 185000  780 153 1288    +1557821   -185         -13    -14   28   1  305 -117   85   -9   85   -9  23  0  0 L3P 2F
G01 FF 61059 190600  780 173 2611    -3422899    +67          44    +29   55   9  270  -94   36  -48   36  -48  42  0  0 L3P 34
G02 FF 61059 190600  780 497 2723     -201802   -105          -2    -23   19  85  106  -11   38  +17   38   17  15  0  0 L3P 0C
G08 FF 61059 190600  780 755 2455    -5023857    +14           3    -30   19   5   83   +0   27  +18   27   18  12  0  0 L3P D4
G10 FF 61059 190600  780 623  770    +5836484    +45           4    +20   19  58   91   +4   26  -10   26  -10  13  0  0 L3P D6
G16 FF 61059 190600  780 100 1873    -1911450    +11           9    +88   47  63  455 +285   76  -46   76  -46  34  0  0 L3P 3F
G23 FF 61059 190600  780 258  488    -6015841    +29          17    +79   33  58  185  +44    5  -54    5  -54  26  0  0 L3P 0F
G27 FF 61059 190600  780 582 1513     +220042    +66         -14    -14   20  68   95   +8   37  +18   37   18  15  0  0 L3P F0
G32 FF 61059 190600  780 212 1244    +1557687   -192          18    -20   32   1  223  -60   53   +0   53    0  27  0  0 L3P E2
G01 FF 61059 192200  780 235 2649    -3422897    +32           9     -6   43   9  203  -52   37  -16   37  -16  34  0  0 L3P FC
G02 FF 61059 192200  780 564 2769     -201883    -81          -4     +1   17  85   97   -8   35   +2   35    2  11  0  0 L3P AE
G08 FF 61059 192200  780 743 2160    -5023828    +32         -10    -12   19   5   84   +1   35  +30   35   30  13  0  0 L3P D6
G10 FF 61059 192200  780 572  666    +5836504    +60           0    +35   18  58   96   +6   25  -29   25  -29  12  0  0 L3P EA
G14 FF 61059 192200  780 126 3266    -7297951    -38          22    -15   47  23  367 -120   15   -4   15   -4  35  0  0 L3P 1D
G23 FF 61059 192200  780 193  482    -6015906     +1           0    +51   51  58  243  +80   22  -30   22  -30  37  0  0 L3P DA
G27 FF 61059 192200  780 504 1523     +220112    +99         -20    +19   25  68  105  +12   48   +0   48    0  20  0  0 L3P D3
G32 FF 61059 192200  780 269 1194    +1557490   -218         -14    -46   42   1  179  -35   69  +22   69   22  32  0  0 L3P 37
G01 FF 61059 193800  780 297 2688    -3422853    +66          16    +28   41   9  163  -33   27  -17   27  -17  30  0  0 L3P 2B
G02 FF 61059 193800  780 633 2818     -201955   -107           2    -25   19  85   91   -6   33  +17   33   17  13  0  0 L3P E9
G08 FF 61059 193800  780 693 1966    -5023791    +62         -16    +17   25   5   86   +4   43   +2   43    2  17  0  0 L3P DB
G10 FF 61059 193800  780 511  605    +5836530    +59           1    +34   27  58  104  +10   24  -15   24  -15  20  0  0 L3P EE
G14 FF 61059 193800  780 163 3216    -7297964    -44          31    -21   32  23  285  -59    3  +19    3   19  24  0  0 L3P 07
G23 FF 61059 193800  780 128  485    -6015960    -87          -6    -37   49  58  358 +176   21  +37   21   37  35  0  0 L3P 3A
G27 FF 61059 193800  780 428 1536     +220193   +112         -16    +32   27  68  119  +18   55   -9   55   -9  20  0  0 L3P 18
G32 FF 61059 193800  780 321 1135    +1557360   -178          21     -6   21   1  152  -22   33   -3   33   -3  18  0  0 L3P DB
G01 FF 61059 195400  780 362 2726    -3422831    +29           1     -9   36   9  137  -22   34   +0   34    0  24  0  0 L3P B4
G02 FF 61059 195400  780 702 2871     -202017    -34          18    +48   20  85   86   -4   20  -42   20  -42  13  0  0 L3P DF
G08 FF 61059 195400  780 627 1866    -5023743    +33         -10    -11   22   5   91   +6   42   +9   42    9  14  0  0 L3P CA
G10 FF 61059 195400  780 445  572    +5836546    +39          -6    +14   24  58  115  +14   34   +3   34    3  19  0  0 L3P E2
G14 FF 61059 195400  780 192 3159    -7298011    +52           6    +75   45  23  244  -31   28  -53   28  -53  33  0  0 L3P 21
G22 FF 61059 195400  780 119 3294     +568958   -138          11    -93   65  43  384 -127   44  +71   44   71  47  0  0 L3P 50
G27 FF 61059 195400  780 353 1550     +220268   +129         -17    +49   16  68  139  +26   61  -24   61  -24  14  0  0 L3P 39
G32 FF 61059 195400  780 367 1065    +1557167   -230          -7    -59   27   1  135  -14   46  +45   46   45  18  0  0 L3P 25
G01 FF 61059 201000  780 427 2765    -3422777    +16          19    -24   28  10  119  -16   26  +16   26   16  18  0  0 L3P 13
G02 FF 61059 201000  780 772 2937     -202101    -90          15     -9   21  96   83   -2   28   +4   28    4  14  0  0 L3P 9D
G03 FF 61059 201000  780 121 2244    -5939879     -6          23   -110   54  86  383 -208   57  +70   57   70  47  0  0 L3P 3A
G08 FF 61059 201000  780 553 1815    -5023699    +72         -11    +28   20  17   98   +9   37  -23   37  -23  15  0  0 L3P 11
G10 FF 61059 201000  780 378  559    +5836545    +18         -34     -7   28  61  131  +21   51  +12   51   12  21  0  0 L3P EE
G14 FF 61059 201000  780 211 3094    -7298034    -43           9    -20   38  24  223  -14   40   -2   40   -2  28  0  0 L3P D6
G22 FF 61059 201000  780 155 3244     +568909    +52           5    +96   33  43  298  -61   61  -46   61  -46  24  0  0 L3P 0C
G27 FF 61059 201000  780 280 1564     +220340   +105         -16    +25   34  69  171  +41   70  -20   70  -20  25  0  0 L3P 0B
G32 FF 61059 201000  780 403  982    +1556996   -203         -11    -31   27   5  125   -8   37   +9   37    9  21  0  0 L3P DD
G01 FF 61059 202600  780 495 2802    -3422751     -2           7    -41   28  10  106  -11   25  +22   25   22  21  0  0 L3P D1
G02 FF 61059 202600  780 841 3064     -202180    -49          15    +33   19  96   81   -1   26  -30   26  -30  13  0  0 L3P DB
G03 FF 61059 202600  780 188 2274    -5939786   +129          15    +24   39  86  251  -89   53  -11   53  -11  33  0  0 L3P 51
G08 FF 61059 202600  780 478 1788    -5023664    +74         -18    +30   26  17  109  +13   50  -12   50  -12  21  0  0 L3P 2A
G10 FF 61059 202600  780 310  559    +5836585    +17         -18     -8   35  61  156  +31   43   +7   43    7  26  0  0 L3P E2
G14 FF 61059 202600  780 218 3024    -7298068    +20          -3    +43   38  24  216   -2   46  -11   46  -11  27  0  0 L3P 01
G22 FF 61059 202600  780 183 3187     +568864    -70           2    -26   47  43  256  -31   75  +12   75   12  32  0  0 L3P FC
G27 FF 61059 202600  780 209 1577     +220442    +99           9    +20   29  69  224  +73   52  -25   52  -25  23  0  0 L3P 06
G32 FF 61059 202600  780 424  889    +1556829   -127         -13    +44   25   5  120   -3   37  -44   37  -44  20  0  0 L3P 11
G01 FF 61059 204200  780 565 2838    -3422728     +7          -8    -32   24  10   97   -8   35  +29   35   29  18  0  0 L3P EC
G02 FF 61059 204200  780 878  678     -202246    -85          27     -4   15  96   81   +0   20   -5   20   -5  11  0  0 L3P A0
G03 FF 61059 204200  780 256 2307    -5939706   +111          -6     +6   33  86  187  -49  117   -2  117   -2  22  0  0 L3P 22
G08 FF 61059 204200  780 403 1774    -5023620    +13         -17    -31   32  17  125  +20   58  +38   58   38  24  0  0 L3P 17
G10 FF 61059 204200  780 244  568    +5836600    +36         -27    +11   37  61  194  +50   80  +50   80   50  28  0  0 L3P 08
G14 FF 61059 204200  780 214 2952    -7298067    -46          19    -23   40  24  220  +10   32  +27   32   27  31  0  0 L3P 08
G17 FF 61059 204200  780 114 3167     +376012    +97          -7    -18   35  35  404 -213  199  +58  199   58  26  0  0 L3P 4E
G22 FF 61059 204200  780 200 3124     +568815    -14          -4    +30   42  43  235  -13   83  +20   83   20  31  0  0 L3P DC
G27 FF 61059 204200  780 141 1587     +220496    +38         -13    -42   35  69  327 +154   76  +26   76   26  25  0  0 L3P 32
G32 FF 61059 204200  780 429  791    +1556656   -140         -21    +31   28   5  118   +1   33  -29   33  -29  23  0  0 L3P 07
G01 FF 61059 205800  780 636 2871    -3422706    +77         -24    +37   23  10   90   -6   50  -13   50  -13  15  0  0 L3P 01
G02 FF 61059 205800  780 812 1081     -202331   -111          21    -29   20  96   82   +2   15  +14   15   14  13  0  0 L3P CC
G03 FF 61059 205800  780 325 2344    -5939612    +51         -12    -54   33  86  150  -30   49   -7   49   -7  24  0  0 L3P 18
G08 FF 61059 205800  780 328 1766    -5023569    +88          -9    +44   47  17  148  +30   61   -9   61   -9  34  0  0 L3P 1C
G10 FF 61059 205800  780 180  584    +5836638    +40         -13    +15   43  61  259  +90  165 +195  165  195  40  0  0 L3P 6A
G14 FF 61059 205800  780 198 2882    -7298099    +69           9    +92   41  24  236  +25   71   -3   71   -3  32  0  0 L3P 0F
G17 FF 61059 205800  780 175 3157     +376166    +98          36    -17   51  35  268  -91  204   -5  204   -5  36  0  0 L3P 2A
G22 FF 61059 205800  780 205 3057     +568776    -64          -1    -19   38  43  228   +0  158  +72  158   72  25  0  0 L3P 26
G32 FF 61059 205800  780 418  697    +1556501   -201         -11    -29   23   5  121   +5   52  +79   52   79  16  0  0 L3P 04
G01 FF 61059 211400  780 709 2898    -3422666    +69         -23    +29   20  10   86   -4   77  +17   77   17  16  0  0 L3P 16
G02 FF 61059 211400  780 740 1165     -202430    -92           1    -10   21  96   84   +3   41  +27   41   27  14  0  0 L3P AF
G03 FF 61059 211400  780 396 2384    -5939544    +60         -44    -45   32  86  127  -20   49   +8   49    8  24  0  0 L3P 1B
G08 FF 61059 211400  780 256 1761    -5023535     +2         -17    -42   33  17  186  +50   70  +11   70   11  24  0  0 L3P FB
G10 FF 61059 211400  780 117  606    +5836687    +44          12    +19   72  61  391 +202  307  +55  307   55  54  0  0 L3P 3D
G14 FF 61059 211400  780 172 2815    -7298122    -64           8    -41   46  24  270  +47  158  +59  158   59  44  0  0 L3P 44
G17 FF 61059 211400  780 234 3137     +376246   +114           5     -1   45  35  204  -49  237  -54  237  -54  38  0  0 L3P 28
G22 FF 61059 211400  780 200 2988     +568727    -82          -7    -38   43  43  235  +13  239   +3  239    3  38  0  0 L3P 0F
G32 FF 61059 211400  780 390  615    +1556318   -172         -29     -1   25   5  128  +10  146  +88  146   88  19  0  0 L3P 2E
G01 FF 61059 213000  780 783 2907    -3422622    +37         -17     -3   24  10   83   -2  111   +1  111    1  17  0  0 L3P C9
G02 FF 61059 213000  780 668 1219     -202484    -60          25    +22   21  96   88   +5   60  +19   60   19  15  0  0 L3P DC
G03 FF 61059 213000  780 467 2430    -5939431    +42         -32    -63   31  86  111  -14   44  +89   44   89  25  0  0 L3P 2C
G08 FF 61059 213000  780 186 1757    -5023513    -52         -37    -96   40  17  251  +91   90  +83   90   83  30  0  0 L3P 2D
G14 FF 61059 213000  780 137 2753    -7298166     +2         -14    +25   37  24  334  +90  183  -30  183  -30  30  0  0 L3P 3B
G17 FF 61059 213000  780 289 3106     +376366    +93          15    -22   21  35  167  -29  248  +51  248   51  16  0  0 L3P 34
G22 FF 61059 213000  780 183 2921     +568689    -50          -2     -6   36  43  255  +30  269  +97  269   97  28  0  0 L3P 34
G32 FF 61059 213000  780 350  547    +1556148   -134         -34    +38   30   5  140  +16  235 +100  235  100  23  0  0 L3P 36
G01 FF 61059 214600  780 857 2810    -3422582    +43         -15     +3   22  10   81   -1  104   -6  104   -6  15  0  0 L3P DF
G02 FF 61059 214600  780 596 1263     -202588    -94           0    -13   24  96   94   +7   83  +13   83   13  17  0  0 L3P DB
G03 FF 61059 214600  780 540 2481    -5939330   +103         -31     -1   27  86  100  -10   92  +34   92   34  21  0  0 L3P 11
G04 FF 61059 214600  780 108 1895     -392029   +107           1   +130   54  57  429 -270  103 -236  103 -236  46  0  0 L3P 7C
G08 FF 61059 214600  780 118 1752    -5023471   +127         -39    +83   58  17  388 +213   88  -74   88  -74  39  0  0 L3P 80
G17 FF 61059 214600  780 340 3060     +376477    +78          16    -37   22  35  144  -18  194  -38  194  -38  17  0  0 L3P 4F
G19 FF 61059 214600  780 136 3206    -6863464    +66          40    +84   35  70  341 -145  419 -114  419 -114  25  0  0 L3P 8D
G22 FF 61059 214600  780 157 2858     +568645    -87          -4    -42   47  43  295  +56  270  +20  270   20  35  0  0 L3P 39
G32 FF 61059 214600  780 301  496    +1556012   -164          -6     +8   27   5  160  +26  252   +1  252    1  21  0  0 L3P D6
G01 FF 61059 220200  780 860 1478    -3422527    +75           4    +35   19  11   81   +1   88  -46   88  -46  13  0  0 L3P F6
G02 FF 61059 220200  780 525 1302     -202677    -93         -12    -12   23  12  102  +10   65  -21   65  -21  18  0  0 L3P F4
G03 FF 61059 220200  780 612 2542    -5939240    +91         -14    -13   24   1   92   -7  104   +9  104    9  16  0  0 L3P DE
G04 FF 61059 220200  780 178 1896     -392056     -3           0    +20   23  58  264 -105   69   -3   69   -3  16  0  0 L3P E1
G17 FF 61059 220200  780 383 2999     +376590   +121          21     +6   25  36  130  -11  168  -10  168  -10  21  0  0 L3P 2B
G19 FF 61059 220200  780 193 3180    -6863495    +19          22    +37   57  20  244  -69  333 -115  333 -115  52  0  0 L3P 78
G22 FF 61059 220200  780 123 2799     +568584    +40         -28    +84   72  45  372 +111  247 -118  247 -118  45  0  0 L3P 8A
G28 FF 61059 220200  780 177  868    +6088901    -46          21     +8   39 131  264  -57   90  +15   90   15  30  0  0 L3P 15
G32 FF 61059 220200  780 246  460    +1555850   -168          -3     +4   21   5  193  +43  251  +15  251   15  20  0  0 L3P FA
G01 FF 61059 221800  780 784 1366    -3422498    +70          -5    +30   22  11   82   +2   74  -40   74  -40  15  0  0 L3P F1
G02 FF 61059 221800  780 453 1336     -202748    -62          -4    +20   20  12  113  +14   45  -33   45  -33  16  0  0 L3P EE
G03 FF 61059 221800  780 685 2620    -5939134   +104          -9     +0   18   1   87   -4   94   +5   94    5  14  0  0 L3P C1
G04 FF 61059 221800  780 250 1898     -392085    -71          -7    -48   43  58  191  -54   62  +16   62   16  34  0  0 L3P 17
G17 FF 61059 221800  780 415 2922     +376693    +58          14    -57   27  36  122   -6  142   +4  142    4  20  0  0 L3P F4
G19 FF 61059 221800  780 246 3143    -6863521    +10          13    +28   27  20  193  -39  226  -97  226  -97  19  0  0 L3P 5E
G28 FF 61059 221800  780 212  803    +6088832    -64           4     -9   39 131  223  -31  140  +34  140   34  31  0  0 L3P 0C
G31 FF 61059 221800  780 127 1118    +1717030    -76         -22    -56   50  19  365 -150   58  +21   58   21  38  0  0 L3P 33
G32 FF 61059 221800  780 188  436    +1555706   -108          17    +63   40   5  248  +77  229  -21  229  -21  35  0  0 L3P 42
G01 FF 61059 223400  780 706 1369    -3422484    +50         -29    +10   17  11   86   +4   75  -16   75  -16  11  0  0 L3P 07
G02 FF 61059 223400  780 383 1368     -202830    -50          -8    +32   29  12  130  +21   42  -22   42  -22  22  0  0 L3P E8
G03 FF 61059 223400  780 756 2737    -5939047    +96         -20     -7   20   1   83   -3   98  -10   98  -10  14  0  0 L3P F9
G04 FF 61059 223400  780 325 1901     -392100    -22          -1     +0   36  58  151  -32   39  -20   39  -20  27  0  0 L3P DE
G17 FF 61059 223400  780 433 2832     +376792    +65           3    -50   33  36  118   -2  125  +27  125   27  25  0  0 L3P 06
G19 FF 61059 223400  780 294 3092    -6863553     +7          -1    +25   27  20  164  -23  193  -71  193  -71  16  0  0 L3P 3E
G28 FF 61059 223400  780 237  732    +6088770    -54          -6     +1   33 131  200  -16  161  +11  161   11  22  0  0 L3P 0B
G31 FF 61059 223400  780 178 1066    +1717006    -26         -26     -5   26  19  264  -73   50   +5   50    5  21  0  0 L3P E6
G32 FF 61059 223400  780 128  423    +1555543   -279          20   -107   49   5  360 +168  264  +84  264   84  42  0  0 L3P 5D
G01 FF 61059 225000  780 628 1388    -3422437    +42         -20     +2   18  11   91   +7   57  -18   57  -18  12  0  0 L3P F5
G02 FF 61059 225000  780 313 1397     -202899   -110           2    -28   30  12  155  +32   44  +36   44   36  24  0  0 L3P F3
G03 FF 61059 225000  780 819 2987    -5938947    +84         -20    -19   17   1   82   -1   92  +15   92   15  11  0  0 L3P 05
G04 FF 61059 225000  780 402 1902     -392131    +53         -10    +76   20  58  125  -21   35  -67   35  -67  16  0  0 L3P 10
G06 FF 61059 225000  780 117 3053    +6040415     +6          46    -29   42 104  395 -211  230  -50  230  -50  31  0  0 L3P 3A
G09 FF 61059 225000  780 121 2081    -7703973   -142          35   -140   38  79  385 -216   48  +32   48   32  32  0  0 L3P 59
G17 FF 61059 225000  780 434 2735     +376894   +141          -5    +26   31  36  118   +2  114  -37  114  -37  22  0  0 L3P 2B
G19 FF 61059 225000  780 333 3027    -6863557     +7          12    +25   33  20  147  -14  152  -53  152  -53  28  0  0 L3P 34
G28 FF 61059 225000  780 251  658    +6088714    -47          -9     +7   37 131  190   -6  165   +0  165    0  30  0  0 L3P F3
G31 FF 61059 225000  780 225 1006    +1716985    +19         -28    +39   39  19  211  -41   61  -14   61  -14  32  0  0 L3P 29
G01 FF 61059 230600  780 550 1411    -3422396    +26         -17    -14   23  11   98  +10   41   -6   41   -6  15  0  0 L3P E1
G02 FF 61059 230600  780 244 1423     -202970   -120           9    -39   31  12  195  +52   57  +60   57   60  26  0  0 L3P F9
G03 FF 61059 230600  780 842   53    -5938836    +94          -9     -9   20   1   81   +0   87  +15   87   15  14  0  0 L3P B6
G04 FF 61059 230600  780 480 1900     -392170    +26         -26    +49   32  58  109  -14   44  -42   44  -42  25  0  0 L3P 19
G06 FF 61059 230600  780 181 3066    +6040415   +112          12    +77   42 104  260  -92  206  -83  206  -83  30  0  0 L3P 58
G09 FF 61059 230600  780 189 2097    -7704041    -65         -31    -63   35  79  249  -91   68  +41   68   41  27  0  0 L3P 49
G17 FF 61059 230600  780 418 2640     +377017   +112           7     -3   20  36  121   +6   85   -7   85   -7  16  0  0 L3P C5
G19 FF 61059 230600  780 359 2949    -6863578    -94           8    -75   29  20  138   -7  131  +53  131   53  23  0  0 L3P 3E
G28 FF 61059 230600  780 252  583    +6088658    -17         -13    +38   28 131  189   +4  173  -13  173  -13  21  0  0 L3P 4F
G31 FF 61059 230600  780 265  939    +1716985    -22          -8     -2   35  19  180  -24   79  +42   79   42  27  0  0 L3P 0A
G01 FF 61059 232200  780 474 1434    -3422351    -21         -10    -61   24  11  110  +14   24  +30   24   30  17  0  0 L3P ED
G02 FF 61059 232200  780 176 1446     -203050    -46           8    +36   38  12  265  +99   74  -25   74  -25  29  0  0 L3P 09
G03 FF 61059 232200  780 795  519    -5938729   +110          -1     +7   20   1   82   +2   83  -11   83  -11  14  0  0 L3P CE
G04 FF 61059 232200  780 558 1890     -392185    -17         -20     +6   24  58   98  -10   46  +19   46   19  18  0  0 L3P 03
G06 FF 61059 232200  780 247 3073    +6040426   +104         -10    +69   41 104  194  -50  189  -95  189  -95  26  0  0 L3P 84
G09 FF 61059 232200  780 260 2116    -7704014    -69          -2    -67   26  79  184  -49   39  +25   39   25  23  0  0 L3P 28
G17 FF 61059 232200  780 387 2553     +377116   +164          -4    +49   42  36  129  +11   71  -63   71  -63  34  0  0 L3P 26
G19 FF 61059 232200  780 371 2861    -6863593     +1          12    +19   32  20  134   -1  113  -25  113  -25  27  0  0 L3P 16
G28 FF 61059 232200  780 241  510    +6088610    -15          -9    +40   41 131  197  +14  183   -5  183   -5  32  0  0 L3P 12
G31 FF 61059 232200  780 297  863    +1716953    -12         -21     +9   40  19  163  -13  121  +11  121   11  34  0  0 L3P 0C
G01 FF 61059 233800  780 398 1457    -3422322    +27         -20    -13   24  11  126  +20   35   +9   35    9  17  0  0 L3P F2
G03 FF 61059 233800  780 728  692    -5938641   +146         -12    +42   18   1   85   +3   95  -43   95  -43  14  0  0 L3P 11
G04 FF 61059 233800  780 637 1862     -392209    -35         -22    -12   32  58   90   -6   50  +13   50   13  21  0  0 L3P E5
G06 FF 61059 233800  780 313 3071    +6040455    +27         -15     -8   30 104  156  -31  156  -17  156  -17  21  0  0 L3P 47
G09 FF 61059 233800  780 333 2137    -7704024    -10          -9     -7   27  79  147  -30   36   -2   36   -2  21  0  0 L3P EA
G17 FF 61059 233800  780 345 2478     +377231   +140           1    +25   24  36  142  +17   52  -51   52  -51  19  0  0 L3P 0B
G19 FF 61059 233800  780 367 2769    -6863623    -65          -1    -47   28  20  135   +4  112  +30  112   30  23  0  0 L3P 27
G28 FF 61059 233800  780 217  444    +6088562    -89          -4    -34   29 131  217  +28  225  +76  225   76  23  0  0 L3P 52
G31 FF 61059 233800  780 316  780    +1716931     +4         -23    +24   29  19  154   -6  142  -17  142  -17  23  0  0 L3P 1B
G01 FF 61059 235400  780 324 1478    -3422297    +36         -33     -4   40  11  150  +31   54  +31   54   31  27  0  0 L3P FD
G03 FF 61059 235400  780 659  790    -5938542    +27         -12    -76   15   1   88   +5   86  +59   86   59   9  0  0 L3P FD
G04 FF 61059 235400  780 712 1794     -392235    -34         -26    -11   25  58   85   -4   62  +18   62   18  18  0  0 L3P FC
G06 FF 61059 235400  780 380 3057    +6040488    +10         -16    -25   30 104  131  -20  132   -2  132   -2  21  0  0 L3P 1A
G09 FF 61059 235400  780 407 2160    -7704051    +19         -34    +21   28  79  124  -20   50  -23   50  -23  23  0  0 L3P 20
G17 FF 61059 235400  780 295 2415     +377355   +116          15     +1   24  36  163  +28   36   +3   36    3  18  0  0 L3P E0
G19 FF 61059 235400  780 347 2680    -6863637    -45           2    -27   27  20  141  +10   89   +5   89    5  22  0  0 L3P F6
G28 FF 61059 235400  780 183  387    +6088511    -54          -3     +1   42 131  255  +53  266  +40  266   40  32  0  0 L3P 24
G31 FF 61059 235400  780 321  695    +1716912    -19         -22     +1   26  19  152   +1  148   +2  148    2  21  0  0 L3P DE
