CGGTTS     GENERIC DATA FORMAT VERSION = 2E
REV DATE = 2026-01-01                    
RCVR = POLARX5-TR                    R2CGGTTS v8.8    
CH = 99 
IMS = POLARX5-TR                    
LAB = PTB                           
X = +3844059.67 m 
Y =  +709661.67 m 
Z = +5023129.80 m 
FRAME = ITRF
COMMENTS =           IGS RINEX,AUSPOS XYZ          
INT DLY =   31.0 ns (GPS P1),   28.5 ns (GPS P2)     CAL_ID = 1001-2022           
CAB DLY =  205.7 ns 
REF DLY =   56.2 ns
REF = UTC(PTB)                      
CKSUM = 5E

SAT CL  MJD  STTIME TRKL ELV AZTH   REFSV      SRSV     REFSYS    SRSYS  DSG IOE MDTR SMDT MDIO SMDI MSIO SMSI ISG FR HC FRC CK
             hhmmss  s  .1dg .1dg    .1ns     .1ps/s     .1ns    .1ps/s .1ns     .1ns.1ps/s.1ns.1ps/s.1ns.1ps/s.1ns
G01 FF 61056 001000  780 326 1478    -3435438    -54         -32    -92   33 201  149  +31   60  +91   60   91  24  0  0 L3P 26
G03 FF 61056 001000  780 661  788    -5974350    +48         -19    -56   18  10   88   +5   29  +41   29   41  12  0  0 L3P F7
G04 FF 61056 001000  780 712 1793     -384175    -42         -45    -18   24   8   85   -4   41   +4   41    4  16  0  0 L3P AE
G06 FF 61056 001000  780 377 3057    +6027829    -21         -41    -58   28   0  132  -21   32  +35   32   35  18  0  0 L3P 01
G09 FF 61056 001000  780 404 2160    -7703047    +19         -43    +23   32   9  125  -20   68  -31   68  -31  23  0  0 L3P 08
G17 FF 61056 001000  780 297 2419     +337646   +120         -19     +4   23 175  162  +27   65  +17   65   17  18  0  0 L3P 23
G19 FF 61056 001000  780 348 2681    -6857540    -40         -40    -22   27   7  141  +10   43  +10   43   10  20  0  0 L3P F0
G28 FF 61056 001000  780 183  387    +6106938    -77         -40    -25   54  81  255  +53   25  +13   25   13  40  0  0 L3P 0E
G31 FF 61056 001000  780 320  695    +1724080     -1         -31    +20   25  96  152   +1   37  -28   37  -28  20  0  0 L3P DC
G01 FF 61056 002600  780 254 1498    -3435403    +44         -32     +6   32 201  187  +51   61   -4   61   -4  26  0  0 L3P F7
G03 FF 61056 002600  780 591  861    -5974268   +126         -36    +22   20  10   94   +7   42  -21   42  -21  14  0  0 L3P FE
G04 FF 61056 002600  780 776 1618     -384178    -22         -25     +2   19   8   83   -2   25   +0   25    0  12  0  0 L3P 99
G06 FF 61056 002600  780 442 3027    +6027868    -13         -38    -51   36   0  116  -14   26  +45   26   45  25  0  0 L3P 0A
G09 FF 61056 002600  780 480 2185    -7703037    -13         -30    -10   29   9  109  -14   44   -7   44   -7  21  0  0 L3P F2
G17 FF 61056 002600  780 242 2365     +337777   +197           1    +81   33 175  196  +44   69  -41   69  -41  26  0  0 L3P 39
G19 FF 61056 002600  780 315 2600    -6857547    +10         -30    +28   33   7  154  +17   44  -20   44  -20  24  0  0 L3P 0C
G28 FF 61056 002600  780 140  339    +6106850    +15         -77    +67   53  81  328 +105   51  -32   51  -32  41  0  0 L3P 26
G31 FF 61056 002600  780 310  613    +1724062    +24         -30    +45   28  96  156   +8   30  -27   30  -27  19  0  0 L3P F7
G01 FF 61056 004200  780 183 1515    -3435384    +31         -50     -6   33 201  255  +95   86  +26   86   26  25  0  0 L3P 1D
G03 FF 61056 004200  780 522  922    -5974158    +27         -25    -76   29  10  102  +10   39  +55   39   55  20  0  0 L3P 0C
G04 FF 61056 004200  780 803 1229     -384216    -19         -41     +5   20   8   82   +0   32  -10   32  -10  13  0  0 L3P AD
G06 FF 61056 004200  780 502 2974    +6027889    +11         -53    -27   17   0  105   -9   37  +13   37   13  12  0  0 L3P F5
G09 FF 61056 004200  780 556 2212    -7703046    +20         -36    +24   36   9   98   -9   40  -22   40  -22  25  0  0 L3P EF
G11 FF 61056 004200  780 102 3160    +4728167   -297         -13   -164   47  54  452 -271   24  +89   24   89  32  0  0 L3P 62
G17 FF 61056 004200  780 184 2320     +337902   +160          15    +44   50 175  254  +80   63  -42   63  -42  39  0  0 L3P 27
G19 FF 61056 004200  780 272 2529    -6857560    -27         -25     -9   38   7  176  +29   56  +22   56   22  31  0  0 L3P 15
G31 FF 61056 004200  780 286  538    +1724038    -35         -35    -14   28  96  168  +17   29   -2   29   -2  21  0  0 L3P FF
G01 FF 61056 005800  780 114 1529    -3435311   +202         -12   +165   53 201  400 +231   61 -141   61 -141  40  0  0 L3P 67
G03 FF 61056 005800  780 454  976    -5974054   +125         -21    +21   18  10  113  +14   37  -15   37  -15  13  0  0 L3P 23
G04 FF 61056 005800  780 770  869     -384230     -9         -31    +14   15   8   83   +2   25  -10   25  -10  10  0  0 L3P B2
G06 FF 61056 005800  780 554 2889    +6027935    +56         -44    +19   25   0   98   -6   34   -9   34   -9  17  0  0 L3P F7
G09 FF 61056 005800  780 634 2239    -7703058    -12         -44     -9   23   9   90   -6   43   +0   43    0  15  0  0 L3P B5
G11 FF 61056 005800  780 164 3153    +4728038    -46         -14    +87   40  54  286 -107   17  -67   17  -67  27  0  0 L3P 56
G17 FF 61056 005800  780 125 2280     +338021   +197          23    +81   61 175  367 +169   65  -40   65  -40  46  0  0 L3P 4E
G19 FF 61056 005800  780 221 2467    -6857588     +9         -36    +27   35   7  213  +49   87   -7   87   -7  26  0  0 L3P 17
G31 FF 61056 005800  780 251  474    +1724026    -16         -27     +4   33  96  190  +30   25   -7   25   -7  24  0  0 L3P DE
G03 FF 61056 011400  780 387 1026    -5973964   +111         -30     +8   24  10  129  +19   51  +14   51   14  18  0  0 L3P 12
G04 FF 61056 011400  780 706  721     -384268     -6         -46    +18   21   8   86   +4   35  -23   35  -23  14  0  0 L3P BF
G06 FF 61056 011400  780 590 2769    +6027988     +4         -27    -33   21   0   94   -3   26  +18   26   18  14  0  0 L3P E2
G07 FF 61056 011400  780 132 1779    +1358301    +27          11    -24   28  32  352 -181   67   +9   67    9  21  0  0 L3P 01
G09 FF 61056 011400  780 713 2265    -7703050     -9         -34     -5   15   9   85   -4   33   +2   33    2  10  0  0 L3P 94
G11 FF 61056 011400  780 225 3137    +4727878   -190         -47    -57   48  54  211  -56   45  +61   45   61  31  0  0 L3P 40
G19 FF 61056 011400  780 167 2414    -6857564     +2           5    +20   36   7  278  +91   66   +0   66    0  27  0  0 L3P C3
G31 FF 61056 011400  780 206  422    +1724003    -41         -30    -21   39  96  228  +52   25  +14   25   14  32  0  0 L3P EC
G03 FF 61056 013000  780 321 1072    -5973858    +83         -24    -20   25  10  151  +28   60  +26   60   26  20  0  0 L3P 09
G04 FF 61056 013000  780 635  670     -384288    +41         -44    +65   24   8   90   +6   31  -44   31  -44  16  0  0 L3P D0
G06 FF 61056 013000  780 603 2620    +6028016   +104         -34    +67   21   0   93   +0   34  -42   34  -42  14  0  0 L3P E1
G07 FF 61056 013000  780 202 1769    +1358339   +162           0   +111   31  32  234  -81   65 -103   65 -103  25  0  0 L3P 3D
G09 FF 61056 013000  780 791 2283    -7703055     +0         -35     +3   16   9   82   -2   29   +5   29    5  11  0  0 L3P 9C
G11 FF 61056 013000  780 284 3110    +4727745   -108         -52    +25   26  54  170  -33   49   -6   49   -6  19  0  0 L3P 1D
G26 FF 61056 013000  780 118  542    +3119504    +33         -12    -27   62  89  388  -45   29  +19   29   19  48  0  0 L3P 20
G31 FF 61056 013000  780 154  382    +1723984    +33         -30    +53   33  96  299 +102   24  -31   24  -31  27  0  0 L3P 21
G03 FF 61056 014600  780 257 1115    -5973737    +79          -1    -25   26  10  185  +44   52  +34   52   34  21  0  0 L3P 0E
G04 FF 61056 014600  780 563  657     -384297     +3         -29    +27   21   8   97   +8   23  -19   23  -19  16  0  0 L3P D7
G06 FF 61056 014600  780 589 2469    +6028067    +56         -19    +18   23   0   94   +3   27   -5   27   -5  16  0  0 L3P E5
G07 FF 61056 014600  780 273 1759    +1358367    +63         -21    +12   27  32  176  -45   67  -24   67  -24  19  0  0 L3P 41
G09 FF 61056 014600  780 868 2223    -7703056    -17         -32    -13   16   9   81   -1   30   +7   30    7  10  0  0 L3P BE
G11 FF 61056 014600  780 339 3068    +4727656   -110         -14    +23   29  54  145  -20   19  -24   19  -24  20  0  0 L3P 3A
G21 FF 61056 014600  780 139 2917    -3811288    -30         -10    +49   33 223  334 -146   11  -32   11  -32  32  0  0 L3P 3F
G26 FF 61056 014600  780 126  476    +3119582    +87           8    +27   36  89  362  -11   17  -17   17  -17  29  0  0 L3P 17
G03 FF 61056 020200  780 193 1156    -5973630   +112           6     +9   28  42  242  +77   55   -1   55   -1  23  0  0 L3P E1
G04 FF 61056 020200  780 491  664     -384323    -21         -37     +3   27   9  107  +12   26   +1   26    1  18  0  0 L3P A0
G06 FF 61056 020200  780 552 2341    +6028083    +62         -43    +24   24   3   98   +6   46   -7   46   -7  17  0  0 L3P D0
G07 FF 61056 020200  780 346 1747    +1358404    +43         -33     -9   24 128  142  -28   67   -5   67   -5  17  0  0 L3P 12
G09 FF 61056 020200  780 853  683    -7703050     +9         -20    +12   14  27   81   +1   25   -5   25   -5  10  0  0 L3P AB
G11 FF 61056 020200  780 387 3009    +4727511   -137         -30     -4   28  55  129  -13   27   -1   27   -1  18  0  0 L3P FE
G21 FF 61056 020200  780 201 2941    -3811362    -46         -15    +32   43 224  234  -73   14  -33   14  -33  32  0  0 L3P 20
G26 FF 61056 020200  780 125  410    +3119643    +35          12    -25   44  90  366  +20   12  +38   12   38  33  0  0 L3P E6
G03 FF 61056 021800  780 131 1194    -5973554   +115         -17    +12   36  42  351 +163   81   +0   81    0  31  0  0 L3P 0B
G04 FF 61056 021800  780 422  682     -384339    -45         -30    -21   23   9  120  +16   21  +25   21   25  17  0  0 L3P D5
G06 FF 61056 021800  780 498 2246    +6028132    +75         -31    +38   31   3  106  +10   47  -11   47  -11  21  0  0 L3P 07
G07 FF 61056 021800  780 420 1729    +1358461    +50         -25     -1   32 128  121  -18   55  -10   55  -10  24  0  0 L3P 17
G09 FF 61056 021800  780 777  666    -7703063    -29         -30    -26   17  27   83   +2   30  +25   30   25  13  0  0 L3P EE
G11 FF 61056 021800  780 425 2932    +4727380   -131         -33     +2   29  55  120   -7   30   +6   30    6  22  0  0 L3P D4
G16 FF 61056 021800  780 143  682    -1887164   -113         -26    -37   45   3  323  -61   32  +19   32   19  35  0  0 L3P 14
G21 FF 61056 021800  780 266 2962    -3811441    +14         -19    +93   30 224  181  -43   18  -64   18  -64  21  0  0 L3P 3F
G26 FF 61056 021800  780 112  347    +3119698    +60           9     -1   32  90  404  +61   20   -5   20   -5  25  0  0 L3P B7
G30 FF 61056 021800  780 166 1936     -891895    -48         -38    +76   39 113  283 -117   91  -59   91  -59  32  0  0 L3P 72
G04 FF 61056 023400  780 354  706     -384363    -10         -31    +14   34   9  139  +23   24  -11   24  -11  26  0  0 L3P DF
G06 FF 61056 023400  780 435 2178    +6028175    +11         -24    -26   33   3  117  +15   54  +31   54   31  22  0  0 L3P F9
G07 FF 61056 023400  780 493 1703    +1358510    +25         -25    -26   19 128  107  -12   42  +13   42   13  13  0  0 L3P 1B
G09 FF 61056 023400  780 702  692    -7703063     -1         -27     +2   19  27   86   +4   28   -5   28   -5  13  0  0 L3P B3
G11 FF 61056 023400  780 448 2839    +4727247   -148         -38    -14   21  55  115   -3   34   +9   34    9  16  0  0 L3P 0A
G16 FF 61056 023400  780 165  614    -1887219    -71          -8     +6   37   3  282  -29   11   -4   11   -4  30  0  0 L3P C0
G21 FF 61056 023400  780 332 2976    -3811517    -80         -19     -1   31 224  148  -27   22   -5   22   -5  22  0  0 L3P FF
G30 FF 61056 023400  780 236 1939     -892005   -152         -28    -28   32 113  202  -59   77  +32   77   32  24  0  0 L3P 38
G04 FF 61056 025000  780 288  735     -384387    -47         -32    -23   36   9  167  +35   30  +29   30   29  24  0  0 L3P F9
G05 FF 61056 025000  780 110 3050    +2273492   +118          15   +112   28  65  419 -239    6  -86    6  -86  20  0  0 L3P 2D
G06 FF 61056 025000  780 366 2129    +6028205    +74         -30    +36   26   3  135  +23   65  -22   65  -22  19  0  0 L3P 0F
G07 FF 61056 025000  780 564 1660    +1358547    +15         -37    -36   22 128   97   -8   46  +19   46   19  15  0  0 L3P 24
G09 FF 61056 025000  780 628  727    -7703073    +61         -33    +65   22  27   91   +6   34  -43   34  -43  16  0  0 L3P FB
G11 FF 61056 025000  780 453 2736    +4727131   -103         -27    +30   34  55  113   +1   30  -18   30  -18  23  0  0 L3P 0C
G16 FF 61056 025000  780 176  542    -1887299    -74         -15     +2   40   3  264   -8   15   -4   15   -4  28  0  0 L3P CB
G21 FF 61056 025000  780 400 2982    -3811591    -87         -17     -9   29 224  126  -19   15   +6   15    6  21  0  0 L3P FF
G30 FF 61056 025000  780 309 1942     -892128   -133         -32     -9   35 113  158  -35   71  -14   71  -14  26  0  0 L3P 2C
G04 FF 61056 030600  780 225  767     -384407     +4         -29    +28   32   9  210  +56   34  -11   34  -11  27  0  0 L3P DC
G05 FF 61056 030600  780 175 3063    +2273503    +79          21    +73   38  65  269 -100   10  -62   10  -62  27  0  0 L3P 28
G06 FF 61056 030600  780 296 2092    +6028237    -13         -34    -51   40   3  163  +36   77  +45   77   45  32  0  0 L3P 12
G07 FF 61056 030600  780 631 1587    +1358600    +54         -33     +3   20 128   91   -5   40   -4   40   -4  14  0  0 L3P D1
G09 FF 61056 030600  780 557  764    -7703063    +30         -20    +33   19  27   98   +8   29  -11   29  -11  13  0  0 L3P FB
G11 FF 61056 030600  780 440 2632    +4727027    -99          -3    +34   24  55  116   +5   16  -24   16  -24  18  0  0 L3P 01
G16 FF 61056 030600  780 176  471    -1887377   -135         -20    -59   43   3  265  +10   16  +34   16   34  34  0  0 L3P 14
G21 FF 61056 030600  780 469 2976    -3811676    -51         -28    +27   31 224  111  -13   26  -17   26  -17  21  0  0 L3P 42
G30 FF 61056 030600  780 383 1945     -892252   -178         -38    -54   25 113  131  -23   59  +24   59   24  19  0  0 L3P 44
G04 FF 61056 032200  780 163  801     -384442    +31         -42    +55   41   9  284 +103   58  -48   58  -48  34  0  0 L3P 0C
G05 FF 61056 032200  780 241 3069    +2273463    -71         -24    -76   43  65  198  -54   36  +55   36   55  30  0  0 L3P 2E
G06 FF 61056 032200  780 226 2063    +6028274    +74         -33    +36   35   3  209  +62   84  -25   84  -25  26  0  0 L3P 1B
G07 FF 61056 032200  780 686 1462    +1358646    +39         -36    -13   17 128   87   -3   36  +16   36   16  12  0  0 L3P 1C
G09 FF 61056 032200  780 487  803    -7703068    -16         -21    -12   20  27  107  +12   28  +14   28   14  13  0  0 L3P FF
G11 FF 61056 032200  780 411 2538    +4726888   -141         -14     -8   27  55  123   +9   28   +8   28    8  20  0  0 L3P F2
G16 FF 61056 032200  780 163  403    -1887459    -40         -29    +36   40   3  284  +31   20  -20   20  -20  29  0  0 L3P F7
G21 FF 61056 032200  780 537 2952    -3811758   -106         -34    -28   21 224  100   -9   28  +15   28   15  15  0  0 L3P 2E
G30 FF 61056 032200  780 458 1945     -892361    -93         -27    +31   37 113  113  -15   41  -43   41  -43  31  0  0 L3P 26
G04 FF 61056 033800  780 104  836     -384453   -135         -29   -111   53   9  438 +240   59 +104   59  104  41  0  0 L3P 48
G05 FF 61056 033800  780 308 3066    +2273461   +108         -32   +102   26  65  158  -32   46  -84   46  -84  17  0  0 L3P 59
G06 FF 61056 033800  780 157 2038    +6028334     -3          -9    -40   45   3  295 +125   79  +37   79   37  40  0  0 L3P 0F
G07 FF 61056 033800  780 719 1265    +1358696     -1         -35    -53   19 128   85   -1   35  +32   35   32  13  0  0 L3P 09
G09 FF 61056 033800  780 419  842    -7703073    -39         -23    -35   23  27  121  +16   40  +36   40   36  18  0  0 L3P 10
G11 FF 61056 033800  780 368 2457    +4726741    -92         -33    +41   29  55  134  +15   51  -13   51  -13  21  0  0 L3P 2A
G16 FF 61056 033800  780 139  340    -1887560   -133         -56    -57   40   3  329  +67   46  +40   46   40  31  0  0 L3P 19
G21 FF 61056 033800  780 603 2897    -3811835   -108         -36    -29   19 224   93   -6   34  +16   34   16  12  0  0 L3P 30
G30 FF 61056 033800  780 535 1939     -892480   -119         -28     +5   22 113  101  -10   36   -4   36   -4  18  0  0 L3P 08
G05 FF 61056 035400  780 375 3051    +2273470    -18         -28    -23   31  65  133  -21   39  +17   39   17  22  0  0 L3P 1C
G07 FF 61056 035400  780 718 1030    +1358751    +84         -29    +33   16 128   85   +1   28  -24   28  -24  12  0  0 L3P 1B
G09 FF 61056 035400  780 353  882    -7703073    +38         -20    +42   30  27  139  +23   45  -12   45  -12  23  0  0 L3P 13
G11 FF 61056 035400  780 316 2390    +4726617   -210         -30    -77   36  55  153  +25   52  +61   52   61  24  0  0 L3P 2B
G13 FF 61056 035400  780 153 2650    -6895458    +18         -21     +8   54  58  306 -122   64   -7   64   -7  41  0  0 L3P 1C
G16 FF 61056 035400  780 106  285    -1887601    -43         -25    +33   47   3  427 +147   30  -10   30  -10  32  0  0 L3P 0A
G21 FF 61056 035400  780 660 2794    -3811922    -94         -47    -16   22 224   88   -4   41  +19   41   19  16  0  0 L3P 1E
G30 FF 61056 035400  780 611 1921     -892602    -84         -30    +40   17 113   92   -7   36  -19   36  -19  12  0  0 L3P 06
G05 FF 61056 041000  780 441 3018    +2273498     +1          -6     -4   25  65  116  -14   23  +10   23   10  19  0  0 L3P CD
G07 FF 61056 041000  780 685  845    +1358814    +48         -16     -3   20 128   87   +3   20   +2   20    2  16  0  0 L3P BB
G09 FF 61056 041000  780 289  922    -7703065    -31          -8    -27   27  27  166  +34   48  +34   48   34  19  0  0 L3P 12
G11 FF 61056 041000  780 259 2335    +4726498   -141         -24     -8   43  56  184  +40   59  +20   59   20  32  0  0 L3P 23
G13 FF 61056 041000  780 214 2689    -6895415    +16          12     +6   41  61  221  -63   21  -17   21  -17  31  0  0 L3P 00
G21 FF 61056 041000  780 699 2620    -3811979    -60         -24    +17   14 225   86   -1   32   -4   32   -4  10  0  0 L3P F0
G30 FF 61056 041000  780 685 1875     -892716   -115         -28     +9   19 114   87   -5   29   -4   29   -4  14  0  0 L3P FE
G05 FF 61056 042600  780 502 2963    +2273493    +72         -16    +67   25  65  105   -9   32  -47   32  -47  17  0  0 L3P 28
G07 FF 61056 042600  780 632  735    +1358853   +112         -26    +61   23 128   90   +5   25  -37   25  -37  15  0  0 L3P 1D
G09 FF 61056 042600  780 226  961    -7703074    +25         -14    +28   25  27  209  +55   63   -6   63   -6  18  0  0 L3P 05
G11 FF 61056 042600  780 199 2289    +4726370    -88         -24    +45   42  56  235  +70   65  -42   65  -42  31  0  0 L3P 42
G13 FF 61056 042600  780 278 2729    -6895437    -13         -21    -23   35  61  173  -38   41  +24   41   24  27  0  0 L3P 2E
G14 FF 61056 042600  780 151 1605    -7290601    -36           8    -12   26 217  309 -133   50   -7   50   -7  22  0  0 L3P 03
G21 FF 61056 042600  780 704 2392    -3812056   -109         -26    -31   14 225   86   +1   34  +24   34   24   9  0  0 L3P 06
G30 FF 61056 042600  780 752 1760     -892832    -67         -25    +57   17 114   84   -2   28  -37   28  -37  11  0  0 L3P 1D
G05 FF 61056 044200  780 553 2875    +2273500    +15         -15     +9   22  65   98   -6   32   -2   32   -2  17  0  0 L3P CE
G07 FF 61056 044200  780 570  677    +1358889    +64         -38    +13   16 128   96   +7   35   -2   35   -2   9  0  0 L3P EF
G09 FF 61056 044200  780 165 1000    -7703083    -38         -20    -34   35  27  282 +102   84  +36   84   36  26  0  0 L3P 2F
G11 FF 61056 044200  780 138 2249    +4726247    -87         -19    +46   51  56  333 +144   67   -4   67   -4  38  0  0 L3P 34
G13 FF 61056 044200  780 343 2769    -6895410     -2          -3    -12   24  61  143  -25   26   +6   26    6  19  0  0 L3P DA
G14 FF 61056 044200  780 218 1581    -7290639    -35          -8    -11   38 217  218  -66   53  -15   53  -15  28  0  0 L3P 3F
G21 FF 61056 044200  780 674 2190    -3812126    -51         -22    +26   17 225   88   +3   33   -6   33   -6  12  0  0 L3P EC
G30 FF 61056 044200  780 799 1477     -892943   -132         -17     -8   16 114   82   -1   22   +7   22    7  11  0  0 L3P E1
G05 FF 61056 051000  780 599 2639    +2273514    +10         -11     +4   23  65   93   +0   33   -7   33   -7  15  0  0 L3P C7
G07 FF 61056 051000  780 455  645    +1358981    +24         -33    -27   23 128  113  +13   29  +26   29   26  16  0  0 L3P 21
G13 FF 61056 051000  780 462 2836    -6895406    -17         -16    -27   25  61  112  -14   29  +14   29   14  16  0  0 L3P 24
G14 FF 61056 051000  780 336 1529    -7290695     +6         -23    +29   29 217  146  -27   61  -18   61  -18  24  0  0 L3P 3D
G15 FF 61056 051000  780 167 2920    -3770740    -15          19    +20   46  11  281 -107    5  -35    5  -35  40  0  0 L3P 01
G18 FF 61056 051000  780 126 3294    +4498065   -184         -10    -86   29  21  363  -59   25  +53   25   53  21  0  0 L3P 40
G21 FF 61056 051000  780 568 1994    -3812246    -86         -12     -9   31 225   96   +8   29  +15   29   15  24  0  0 L3P 10
G22 FF 61056 051000  780 200 1639     +582604    -16          -4    +28   33 104  237  -83   56  -36   56  -36  25  0  0 L3P 18
G30 FF 61056 051000  780 756  870     -893137   -136          -4    -12   18 114   83   +2   17   +7   17    7  13  0  0 L3P C5
G05 FF 61056 052600  780 590 2486    +2273525    +11          -5     +5   16  65   94   +2   31   +2   31    2  11  0  0 L3P A0
G07 FF 61056 052600  780 389  649    +1359027    +91         -36    +39   27 128  128  +19   35  -29   35  -29  20  0  0 L3P 4C
G08 FF 61056 052600  780 106  494    -5037344    +36         -29     -7   51  21  429  -57   44   +4   44    4  36  0  0 L3P E4
G13 FF 61056 052600  780 533 2873    -6895408    +22         -28    +12   18  61  101  -10   35  -19   35  -19  13  0  0 L3P 2E
G14 FF 61056 052600  780 403 1487    -7290701    +51          -7    +75   29 217  125  -18   44  -60   44  -60  21  0  0 L3P 2F
G15 FF 61056 052600  780 232 2941    -3770784    -90           9    -54   31  11  205  -57   13  +38   13   38  23  0  0 L3P 07
G18 FF 61056 052600  780 142 3231    +4498000    -81          18    +17   32  21  325  -23    4  -10    4  -10  21  0  0 L3P DA
G21 FF 61056 052600  780 495 1941    -3812332   -100         -24    -23   29 225  106  +12   43  +28   43   28  20  0  0 L3P 32
G22 FF 61056 052600  780 271 1616     +582557    -71          -9    -28   25 104  178  -45   51  +36   51   36  19  0  0 L3P 1E
G30 FF 61056 052600  780 692  759     -893265   -119         -12     +5   17 114   86   +4   23   +5   23    5  12  0  0 L3P CC
G05 FF 61056 054200  780 555 2353    +2273517     -9         -18    -15   28  65   98   +5   46  +13   46   13  20  0  0 L3P F3
G07 FF 61056 054200  780 324  661    +1359084    +92         -28    +41   22 128  150  +27   33  -25   33  -25  18  0  0 L3P 27
G08 FF 61056 054200  780 115  429    -5037296    -19         -23    -63   62  21  397  -13   38  +40   38   40  42  0  0 L3P 16
G13 FF 61056 054200  780 606 2906    -6895385    +47         -15    +37   17  61   93   -7   30  -19   30  -19  13  0  0 L3P 1D
G14 FF 61056 054200  780 468 1431    -7290748    -21         -31     +3   25 217  111  -12   54   -9   54   -9  17  0  0 L3P 09
G15 FF 61056 054200  780 299 2956    -3770832    -92          -5    -57   29  11  162  -35   20  +29   20   29  22  0  0 L3P 20
G18 FF 61056 054200  780 146 3165    +4497857    -90         -31     +8   30  21  315   +2   39  -11   39  -11  23  0  0 L3P 09
G21 FF 61056 054200  780 420 1907    -3812386    -56          -3    +22   35 225  120  +18   34   +2   34    2  28  0  0 L3P EA
G22 FF 61056 054200  780 344 1587     +582507    -75         -17    -32   23 104  143  -28   55  +19   55   19  17  0  0 L3P 2C
G30 FF 61056 054200  780 622  721     -893394    -86         -22    +38   20 114   91   +6   29  -25   29  -25  13  0  0 L3P FD
G05 FF 61056 055800  780 503 2252    +2273515    +16         -25    +10   26  65  105   +9   47  -23   47  -23  18  0  0 L3P 13
G07 FF 61056 055800  780 261  680    +1359127    +59         -34     +7   38 128  183  +42   43  +10   43   10  30  0  0 L3P 0A
G08 FF 61056 055800  780 113  364    -5037239    +64          -7    +20   45  21  401  +24   30  -16   30  -16  33  0  0 L3P F5
G13 FF 61056 055800  780 681 2934    -6895357    +19           3     +9   17  61   87   -5   18   -2   18   -2  11  0  0 L3P D0
G14 FF 61056 055800  780 525 1353    -7290767     -9         -27    +15   24 217  102   -7   50  -17   50  -17  16  0  0 L3P 24
G15 FF 61056 055800  780 369 2964    -3770864    -27          -3     +8   25  11  135  -23   16  -17   16  -17  17  0  0 L3P 1F
G18 FF 61056 055800  780 139 3098    +4497764   -114         -31    -17   31  21  330  +28   39  +20   39   20  21  0  0 L3P 38
G21 FF 61056 055800  780 345 1885    -3812474   -105         -17    -28   18 225  142  +28   53  +31   53   31  14  0  0 L3P 49
G22 FF 61056 055800  780 416 1550     +582441    -80         -42    -37   24 104  122  -18   71  +22   71   22  17  0  0 L3P 12
G30 FF 61056 055800  780 552  715     -893521   -137         -31    -13   20 114   98   +9   37  +17   37   17  13  0  0 L3P 04
G05 FF 61056 061400  780 441 2180    +2273545    -21         -12    -27   23  67  116  +14   44  +32   44   32  17  0  0 L3P 0B
G07 FF 61056 061400  780 199  704    +1359190    +56         -31     +5   41 130  236  +71   60  +29   60   29  33  0  0 L3P 0B
G08 FF 61056 061400  780 101  301    -5037219    +39         -30     -4   41  22  446  +74   53  +26   53   26  31  0  0 L3P E8
G13 FF 61056 061400  780 758 2949    -6895342     -4          12    -15   22  62   83   -3   20  +10   20   10  15  0  0 L3P D5
G14 FF 61056 061400  780 571 1247    -7290779    -12         -20    +12   23 218   96   -4   39  -11   39  -11  16  0  0 L3P 1E
G15 FF 61056 061400  780 440 2960    -3770890    -64           3    -28   22  25  116  -16   18  +32   18   32  17  0  0 L3P 03
G18 FF 61056 061400  780 122 3032    +4497704    -22          -2    +75   32  22  374  +67    6  -67    6  -67  22  0  0 L3P FC
G21 FF 61056 061400  780 271 1870    -3812536    -89          -3    -11   38 226  177  +45   57  +28   57   28  28  0  0 L3P 3A
G22 FF 61056 061400  780 485 1498     +582416    -56         -25    -13   30 105  108  -12   55   +1   55    1  22  0  0 L3P F2
G23 FF 61056 061400  780 102 3279    -6000607   +110          -7   +160   77  13  448 -243   30 -123   30 -123  60  0  0 L3P 58
G30 FF 61056 061400  780 483  725     -893633   -106         -26    +18   18 115  108  +12   35  -14   35  -14  13  0  0 L3P 27
G05 FF 61056 063000  780 373 2128    +2273541    +41         -22    +36   26  67  133  +22   62   -5   62   -5  18  0  0 L3P FB
G07 FF 61056 063000  780 138  731    +1359238   +163         -33   +112   51 130  333 +142  103  -32  103  -32  39  0  0 L3P 68
G13 FF 61056 063000  780 835 2902    -6895336    +48           9    +38   17  62   81   -1   24  -23   24  -23  11  0  0 L3P F1
G14 FF 61056 063000  780 598 1112    -7290797    -11         -15    +13   17 218   94   -2   37   -4   37   -4  11  0  0 L3P FA
G15 FF 61056 063000  780 511 2940    -3770929    -95          -3    -59   17  25  104  -11   18  +41   18   41  12  0  0 L3P 0D
G21 FF 61056 063000  780 198 1857    -3812627    -97         -20    -19   33 226  236  +83   97  +43   97   43  24  0  0 L3P 53
G22 FF 61056 063000  780 549 1422     +582364    -61         -35    -17   21 105   99   -7   60   +7   60    7  16  0  0 L3P DB
G23 FF 61056 063000  780 157 3250    -6000674    -20         -26    +30   31  13  297  -99   36  -42   36  -42  23  0  0 L3P 24
G24 FF 61056 063000  780 119 2586    +1610136   -204         -34    -54   37  10  388 -197   72  +38   72   38  28  0  0 L3P 55
G30 FF 61056 063000  780 415  743     -893739   -157         -13    -33   24 115  122  +17   35  +39   35   39  17  0  0 L3P 29
G05 FF 61056 064600  780 303 2089    +2273541    -39         -27    -44   27  67  160  +35   84  +68   84   68  23  0  0 L3P 3C
G13 FF 61056 064600  780 876 1742    -6895306    -18          29    -28   15  62   81   +0   16  +33   16   33  11  0  0 L3P FD
G14 FF 61056 064600  780 600  963    -7290817    -10         -12    +14   27 218   93   +1   40   +1   40    1  19  0  0 L3P C8
G15 FF 61056 064600  780 580 2892    -3770995    -20         -35    +15   22  25   95   -7   39   -5   39   -5  15  0  0 L3P 04
G21 FF 61056 064600  780 129 1845    -3812687    -43          -6    +35   31 226  357 +187  139  +33  139   33  22  0  0 L3P 6B
G22 FF 61056 064600  780 601 1312     +582322    -38         -36     +5   28 105   93   -4   62   -8   62   -8  20  0  0 L3P CD
G23 FF 61056 064600  780 207 3210    -6000707   -163         -11   -113   31  13  227  -51   17  +88   17   88  26  0  0 L3P 39
G24 FF 61056 064600  780 181 2621    +1609998   -203         -28    -52   38  10  259  -89   55  +21   55   21  30  0  0 L3P 42
G30 FF 61056 064600  780 349  768     -893875   -139         -30    -15   29 115  141  +24   69  +25   69   25  23  0  0 L3P 42
G05 FF 61056 070200  780 233 2059    +2273561    +42         -13    +36   49  67  203  +59  111   +5  111    5  39  0  0 L3P 13
G13 FF 61056 070200  780 801 1426    -6895313    +92          12    +82   19  62   82   +2   36  -37   36  -37  11  0  0 L3P FF
G14 FF 61056 070200  780 578  827    -7290845     +4         -17    +28   18 218   95   +4   52  -13   52  -13  14  0  0 L3P 05
G15 FF 61056 070200  780 642 2800    -3771035    -58         -41    -23   20  25   90   -4   46  +13   46   13  13  0  0 L3P EB
G17 FF 61056 070200  780 145 1204     +340532   +146          -7    +30   48   8  320 -123  183  -36  183  -36  40  0  0 L3P 2D
G22 FF 61056 070200  780 633 1163     +582285    -14         -31    +29   26 105   90   -2   64  -15   64  -15  17  0  0 L3P 01
G23 FF 61056 070200  780 251 3158    -6000742   -107           2    -57   40  13  190  -29   17  +36   17   36  29  0  0 L3P 0C
G24 FF 61056 070200  780 245 2657    +1609866   -173         -16    -23   32  10  195  -50   49  +31   49   31  21  0  0 L3P 35
G30 FF 61056 070200  780 284  796     -893980    -70         -16    +54   26 115  169  +36   88   +7   88    7  20  0  0 L3P 0F
G05 FF 61056 071800  780 164 2033    +2273595   -148          16   -154   34  67  283 +115  139 +161  139  161  25  0  0 L3P 9E
G13 FF 61056 071800  780 721 1415    -6895304    -35          11    -45   14  62   85   +4   51  +52   51   52  10  0  0 L3P E8
G14 FF 61056 071800  780 537  723    -7290872    -30         -22     -6   31 218  100   +6   67  +12   67   12  23  0  0 L3P F8
G15 FF 61056 071800  780 687 2640    -3771074    -21         -46    +14   22  25   87   -2   56   +0   56    0  14  0  0 L3P DA
G17 FF 61056 071800  780 201 1155     +340632   +175         -19    +60   29   8  235  -63  177  -38  177  -38  24  0  0 L3P 4E
G22 FF 61056 071800  780 638  992     +582253    -55         -22    -12   24 105   90   +1   63  +19   63   19  17  0  0 L3P F2
G23 FF 61056 071800  780 285 3094    -6000797    -15          -4    +35   25  13  169  -16   36  -17   36  -17  19  0  0 L3P 2D
G24 FF 61056 071800  780 311 2693    +1609731   -202          -7    -52   39  10  157  -31   46  +52   46   52  30  0  0 L3P 1C
G30 FF 61056 071800  780 222  827     -894105    -77         -23    +47   37 115  212  +58  138  +18  138   18  32  0  0 L3P 40
G13 FF 61056 073400  780 641 1429    -6895318    -20         -13    -30   23  62   90   +6   83  +45   83   45  16  0  0 L3P 06
G14 FF 61056 073400  780 483  653    -7290892     +2         -19    +26   24 218  108  +10   76  -14   76  -14  16  0  0 L3P 27
G15 FF 61056 073400  780 701 2417    -3771098     -7         -36    +28   23  25   86   +0   64   +2   64    2  15  0  0 L3P CA
G17 FF 61056 073400  780 253 1099     +340722   +163         -40    +47   34   8  189  -36  180  -54  180  -54  26  0  0 L3P 4C
G19 FF 61056 073400  780 145 1327    -6858012    -36         -30    -18   44  13  320 -129  234  +33  234   33  33  0  0 L3P 52
G22 FF 61056 073400  780 615  838     +582202    -61         -31    -18   21 105   92   +3   75  +23   75   23  15  0  0 L3P E2
G23 FF 61056 073400  780 307 3020    -6000843    -50          -2     +0   33  13  158   -8   42   +2   42    2  24  0  0 L3P A1
G24 FF 61056 073400  780 379 2728    +1609565   -122         -29    +28   30  10  132  -21   68  -23   68  -23  20  0  0 L3P 43
G30 FF 61056 073400  780 161  859     -894229   -167         -28    -43   40 115  288 +106  202 +107  202  107  32  0  0 L3P 7E
G10 FF 61056 075000  780 133 3311    +5828698    +31          -7     +5   40  98  348 -109   58   -1   58   -1  32  0  0 L3P 01
G13 FF 61056 075000  780 562 1450    -6895310    -12         -14    -22   26  62   97   +9  106  +42  106   42  17  0  0 L3P 1B
G14 FF 61056 075000  780 422  609    -7290904    -56          -8    -32   29 218  120  +15   81  +44   81   44  25  0  0 L3P 14
G15 FF 61056 075000  780 676 2204    -3771122     -2         -27    +34   15  25   87   +3   72   +0   72    0  10  0  0 L3P B3
G17 FF 61056 075000  780 300 1035     +340847   +114         -26     -2   26   8  162  -22  145  -40  145  -40  21  0  0 L3P 10
G19 FF 61056 075000  780 204 1287    -6858012    -65         -12    -47   31  13  231  -65  223  +21  223   21  26  0  0 L3P 39
G22 FF 61056 075000  780 572  725     +582160    +30         -32    +73   20 105   96   +6   85  -33   85  -33  14  0  0 L3P F2
G23 FF 61056 075000  780 316 2938    -6000896     -5          -8    +45   30  13  154   -1   56  -31   56  -31  22  0  0 L3P F4
G24 FF 61056 075000  780 449 2762    +1609421   -129         -28    +21   27  10  115  -15   72   -9   72   -9  19  0  0 L3P 23
G10 FF 61056 080600  780 170 3261    +5828712    +49         -21    +23   45  99  273  -54   74  -26   74  -26  31  0  0 L3P 3B
G12 FF 61056 080600  780 160 2163    +6065902    +26         -34    +21   37 104  292 -123  213  -83  213  -83  31  0  0 L3P 62
G13 FF 61056 080600  780 484 1472    -6895314     -6         -29    -16   23  63  108  +13  137  +51  137   51  17  0  0 L3P 3E
G14 FF 61056 080600  780 358  584    -7290926     +2          -7    +26   24 219  138  +22  101  -11  101  -11  16  0  0 L3P 21
G15 FF 61056 080600  780 624 2058    -3771159    -14         -32    +21   22  26   91   +5   85   -2   85   -2  18  0  0 L3P E9
G17 FF 61056 080600  780 338  961     +340955   +164         -25    +48   28  16  145  -13  138  -35  138  -35  22  0  0 L3P 4F
G19 FF 61056 080600  780 262 1241    -6858061    -31         -45    -13   23  14  183  -38  204  -34  204  -34  18  0  0 L3P 4F
G22 FF 61056 080600  780 516  653     +582127    -10         -23    +33   24 112  103   +9   88  -17   88  -17  16  0  0 L3P 07
G23 FF 61056 080600  780 309 2855    -6000947    +22         -12    +72   30  14  157   +6   75  -27   75  -27  24  0  0 L3P 20
G24 FF 61056 080600  780 521 2794    +1609280   -175         -25    -25   11  10  103  -11   68  +24   68   24   9  0  0 L3P 1E
G10 FF 61056 082200  780 199 3201    +5828759     +3           1    -23   39  99  235  -28   68  +35   68   35  28  0  0 L3P 11
G12 FF 61056 082200  780 229 2185    +6065896    -31         -44    -36   31 104  208  -62  188  +12  188   12  22  0  0 L3P 5D
G13 FF 61056 082200  780 407 1494    -6895297     +1         -23     -9   25  63  124  +20  159  +45  159   45  20  0  0 L3P 30
G14 FF 61056 082200  780 293  574    -7290955     -7         -12    +16   39 219  164  +34  116  +11  116   11  28  0  0 L3P 38
G15 FF 61056 082200  780 557 1970    -3771189    -45         -28     -9   27  26   98   +8   89  +19   89   19  21  0  0 L3P 24
G17 FF 61056 082200  780 365  878     +341076   +143         -15    +27   27  16  136   -7  120  -46  120  -46  21  0  0 L3P 2B
G19 FF 61056 082200  780 317 1186    -6858075    -38         -40    -20   31  14  154  -24  181   -2  181   -2  23  0  0 L3P 2D
G22 FF 61056 082200  780 455  611     +582086    -10         -22    +33   30 112  113  +13   92   -2   92   -2  21  0  0 L3P D3
G23 FF 61056 082200  780 289 2774    -6000994    -23         -11    +27   33  14  167  +14   93   +8   93    8  23  0  0 L3P 0A
G24 FF 61056 082200  780 595 2821    +1609146   -138         -16    +12   21  10   94   -8   69   -8   69   -8  12  0  0 L3P 07
G10 FF 61056 083800  780 217 3135    +5828765    +39         -18    +13   41  99  217  -12   95   +5   95    5  32  0  0 L3P 14
G12 FF 61056 083800  780 300 2210    +6065906     -3         -38     -7   27 104  162  -36  158  -28  158  -28  23  0  0 L3P 44
G13 FF 61056 083800  780 332 1514    -6895274     -9          -9    -20   20  63  147  +30  177  +39  177   39  14  0  0 L3P 39
G14 FF 61056 083800  780 228  575    -7290991    -12         -25    +11   30 219  207  +57  150  +22  150   22  24  0  0 L3P 3F
G15 FF 61056 083800  780 484 1918    -3771230    -53         -36    -17   29  26  108  +13  112  +38  112   38  26  0  0 L3P 4F
G17 FF 61056 083800  780 377  790     +341184   +148         -18    +32   26  16  132   -2  109  -31  109  -31  20  0  0 L3P 29
G19 FF 61056 083800  780 366 1120    -6858077    +32         -25    +50   27  14  136  -15  143  -57  143  -57  19  0  0 L3P 64
G22 FF 61056 083800  780 390  590     +582045    -76         -22    -33   22 112  128  +18  107  +36  107   36  16  0  0 L3P 30
G23 FF 61056 083800  780 257 2700    -6001059    -66         -29    -16   41  14  186  +26  129  +49  129   49  29  0  0 L3P 5D
G24 FF 61056 083800  780 671 2841    +1608986   -127         -32    +23   17  10   88   -5   83   -2   83   -2  12  0  0 L3P 05
G10 FF 61056 085400  780 223 3064    +5828778    +39         -30    +13   30  99  211   +0  114   -1  114   -1  23  0  0 L3P 08
G12 FF 61056 085400  780 372 2238    +6065901    +31         -47    +26   33 104  134  -23  137  -38  137  -38  21  0  0 L3P 60
G13 FF 61056 085400  780 259 1533    -6895271    +75         -16    +65   39  63  184  +49  214   +6  214    6  30  0  0 L3P 3A
G14 FF 61056 085400  780 164  583    -7290978    +88          10   +112   51 219  283 +107  147  -28  147  -28  40  0  0 L3P 82
G15 FF 61056 085400  780 409 1886    -3771258     +5         -30    +41   30  26  123  +19  125   +1  125    1  25  0  0 L3P 06
G17 FF 61056 085400  780 374  701     +341279   +108         -34     -8   27  16  133   +3  116  +21  116   21  20  0  0 L3P FC
G19 FF 61056 085400  780 405 1040    -6858090    +15         -21    +33   26  14  124   -9  119  -42  119  -42  18  0  0 L3P 3E
G22 FF 61056 085400  780 326  583     +582018    -58          -7    -14   27 112  150  +27  110  +38  110   38  21  0  0 L3P 15
G23 FF 61056 085400  780 215 2634    -6001107    -40         -28    +10   45  14  219  +45  152   +7  152    7  34  0  0 L3P 0E
G24 FF 61056 085400  780 747 2840    +1608850   -162         -23    -11   18  10   84   -3   81   +7   81    7  13  0  0 L3P ED
G10 FF 61056 091000  780 216 2991    +5828808    +70         -25    +44   46  99  217  +12  126  -18  126  -18  33  0  0 L3P 5F
G12 FF 61056 091000  780 446 2269    +6065906    +16         -47    +12   18 104  115  -16  126  -32  126  -32  13  0  0 L3P 57
G13 FF 61056 091000  780 188 1549    -6895249     +9          -3     -1   40  63  249  +91  244  +36  244   36  28  0  0 L3P 2B
G15 FF 61056 091000  780 335 1864    -3771279   -112         -17    -77   35  26  146  +29  143  +82  143   82  29  0  0 L3P 6E
G17 FF 61056 091000  780 357  620     +341394   +160         -31    +45   36  16  138   +9  120  -28  120  -28  25  0  0 L3P 21
G19 FF 61056 091000  780 433  948    -6858100    -40         -14    -22   33  14  118   -4  111  +19  111   19  25  0  0 L3P 15
G22 FF 61056 091000  780 262  587     +581968    -27         -16    +16   16 112  182  +42  142  +20  142   20  14  0  0 L3P 24
G23 FF 61056 091000  780 167 2575    -6001129    +53          -2   +103   38  14  278  +83  169  -40  169  -40  28  0  0 L3P 57
G24 FF 61056 091000  780 823 2758    +1608705   -136         -24    +14   14  10   82   -1   87  -10   87  -10  11  0  0 L3P 10
G10 FF 61056 092600  780 198 2920    +5828833    +24         -25     -2   36  99  237  +28  150  +37  150   37  25  0  0 L3P 46
G12 FF 61056 092600  780 521 2302    +6065908    +38         -49    +33   25 104  102  -11  119  -38  119  -38  18  0  0 L3P 61
G13 FF 61056 092600  780 119 1563    -6895209    +45          26    +35   38  63  385 +214  293  +63  293   63  28  0  0 L3P 6E
G15 FF 61056 092600  780 262 1849    -3771335    -55         -39    -20   20  26  182  +48  177  +44  177   44  15  0  0 L3P 5E
G17 FF 61056 092600  780 326  549     +341491    +53         -45    -63   31  16  149  +15  144  +55  144   55  22  0  0 L3P 28
G19 FF 61056 092600  780 443  847    -6858111    +19          -7    +37   26  14  115   +0  112  -35  112  -35  19  0  0 L3P 20
G22 FF 61056 092600  780 199  599     +581943    -43           1     +0   30 112  235  +71  157  +30  157   30  25  0  0 L3P 01
G23 FF 61056 092600  780 114 2524    -6001199    -82         -24    -32   45  14  398 +181  228  +84  228   84  32  0  0 L3P 66
G24 FF 61056 092600  780 868 1950    +1608583   -103          -2    +47   14  10   81   +0   77  -29   77  -29  10  0  0 L3P 16
G25 FF 61056 092600  780 134 2404    -4496612    -83          20   -107   41  47  346 -163  198  +37  198   37  33  0  0 L3P 76
G32 FF 61056 092600  780 154 3195    +1607984    -45           1   +126   40  42  302 -114  132  -65  132  -65  26  0  0 L3P 54
G10 FF 61056 094200  780 169 2853    +5828887    +22           3     -4   56  99  275  +54  155  +28  155   28  43  0  0 L3P 3C
G12 FF 61056 094200  780 598 2339    +6065929    +18         -33    +14   24 104   94   -8  103  -12  103  -12  17  0  0 L3P 40
G15 FF 61056 094200  780 191 1837    -3771355    +14         -25    +50   30  26  244  +87  200  -11  200  -11  22  0  0 L3P 3B
G17 FF 61056 094200  780 285  492     +341623   +107         -25     -9   32  16  169  +25  150  +41  150   41  26  0  0 L3P 1A
G19 FF 61056 094200  780 436  748    -6858144    -18         -22     +1   29  14  117   +3  113   +9  113    9  22  0  0 L3P F2
G22 FF 61056 094200  780 138  616     +581871    -22         -30    +21   50 112  333 +142  225  +34  225   34  36  0  0 L3P 2F
G24 FF 61056 094200  780 805 1448    +1608427   -114         -14    +36   16  10   82   +2   86  -20   86  -20  10  0  0 L3P 10
G25 FF 61056 094200  780 198 2438    -4496623    +42         -14    +18   40  47  238  -77  183  -30  183  -30  32  0  0 L3P 66
G32 FF 61056 094200  780 211 3171    +1607808   -227         -12    -57   38  42  224  -58  142  +53  142   53  28  0  0 L3P 57
G10 FF 61056 095800  780 131 2791    +5828896    +10         -13    -16   46  99  349 +106  199  +60  199   60  32  0  0 L3P 7C
G12 FF 61056 095800  780 675 2380    +6065932     -4         -34     -8   21 104   88   -5  108   +7  108    7  15  0  0 L3P FA
G15 FF 61056 095800  780 123 1826    -3771413    +15         -49    +51   31  26  371 +196  255  +35  255   35  25  0  0 L3P 65
G17 FF 61056 095800  780 236  448     +341744   +131         -15    +15   33  16  200  +42  177   +2  177    2  28  0  0 L3P 09
G19 FF 61056 095800  780 412  657    -6858166    -17         -27     +1   31  14  122   +8  135  +14  135   14  24  0  0 L3P 16
G24 FF 61056 095800  780 727 1396    +1608268   -197         -29    -47   17  10   85   +4  106  +51  106   51  11  0  0 L3P 46
G25 FF 61056 095800  780 264 2473    -4496620    -14         -34    -38   32  47  182  -44  193   -7  193   -7  22  0  0 L3P 4C
G32 FF 61056 095800  780 264 3135    +1607649   -176          -7     -6   19  42  181  -34  137  +11  137   11  13  0  0 L3P 3B
G06 FF 61056 101400  780 151  904    +6029220    +38         -18     +1   43  32  308  -91  245  +10  245   10  32  0  0 L3P 01
G12 FF 61056 101400  780 753 2429    +6065955    -15         -11    -20   20 105   84   -3  102  +27  102   27  15  0  0 L3P 19
G17 FF 61056 101400  780 183  416     +341859   +166         -10    +50   40  17  255  +75  199   -3  199   -3  32  0  0 L3P 21
G19 FF 61056 101400  780 374  583    -6858189    +17         -33    +36   31  15  133  +14  164   +3  164    3  24  0  0 L3P 13
G24 FF 61056 101400  780 648 1396    +1608143   -199          -5    -49   22  11   89   +6  111  +55  111   55  16  0  0 L3P 26
G25 FF 61056 101400  780 331 2511    -4496590    +17         -23     -7   33  53  148  -28  174   -3  174   -3  24  0  0 L3P 1B
G32 FF 61056 101400  780 312 3086    +1607473   -193         -18    -23   33  73  156  -20  152   +8  152    8  22  0  0 L3P 28
G06 FF 61056 103000  780 193  843    +6029276    -47           2    -84   36  32  244  -48  224  +59  224   59  28  0  0 L3P 29
G12 FF 61056 103000  780 830 2512    +6065962    -21          -8    -25   14 105   81   -1  106  +18  106   18  10  0  0 L3P 03
G17 FF 61056 103000  780 126  396     +341959   +169         -22    +53   35  17  362 +161  251   +0  251    0  25  0  0 L3P 13
G19 FF 61056 103000  780 325  525    -6858206    +14         -32    +32   31  15  150  +22  184  -16  184  -16  22  0  0 L3P 2E
G24 FF 61056 103000  780 570 1409    +1607998   -147          -7     +3   17  11   96   +9  126   +9  126    9  11  0  0 L3P F3
G25 FF 61056 103000  780 399 2551    -4496541    +38           4    +14   28  53  126  -19  139  -27  139  -27  20  0  0 L3P 42
G32 FF 61056 103000  780 351 3022    +1607331   -118           4    +53   29  73  140  -12  134  -37  134  -37  20  0  0 L3P 24
G06 FF 61056 104600  780 226  776    +6029287    +45         -23     +8   31  32  209  -26  228   -7  228   -7  21  0  0 L3P 14
G11 FF 61056 104600  780 119 1199    +4723362   -180           5    -47   66  58  386 -178  263  +29  263   29  45  0  0 L3P 6F
G12 FF 61056 104600  780 887  147    +6065967    +25          -7    +21   16 105   81   +0  108  -16  108  -16  11  0  0 L3P 17
G19 FF 61056 104600  780 270  484    -6858212     -8         -21    +10   33  15  177  +36  193  +25  193   25  26  0  0 L3P 29
G24 FF 61056 104600  780 493 1427    +1607848   -140         -13    +10   28  11  106  +13  146  +27  146   27  19  0  0 L3P 4D
G25 FF 61056 104600  780 469 2593    -4496539    +63         -18    +39   23  53  111  -13  139  -53  139  -53  16  0  0 L3P 6D
G32 FF 61056 104600  780 378 2945    +1607152   -153         -11    +18   30  73  132   -6  145  -10  145  -10  21  0  0 L3P 3C
G06 FF 61056 110200  780 250  702    +6029335    +19         -11    -18   34  32  190  -13  203   -9  203   -9  27  0  0 L3P 04
G11 FF 61056 110200  780 174 1153    +4723222   -154         -12    -21   30  60  268  -83  263  +16  263   16  24  0  0 L3P 3D
G12 FF 61056 110200  780 814  632    +6065971     -6          -8    -11   16 105   82   +2  104   +0  104    0  11  0  0 L3P B1
G19 FF 61056 110200  780 210  457    -6858234    -17         -26     +1   34  15  224  +64  204  +14  204   14  25  0  0 L3P 0D
G24 FF 61056 110200  780 418 1447    +1607686   -174         -31    -24   22  11  121  +18  183  +39  183   39  16  0  0 L3P 54
G25 FF 61056 110200  780 541 2638    -4496501     -7          -2    -31   22  53  100   -9  120   +6  120    6  16  0  0 L3P D0
G28 FF 61056 110200  780 137 3050    +6104899    -56          -5     -3   31  87  340 -157  221  -19  221  -19  24  0  0 L3P 40
G29 FF 61056 110200  780 168 2001    +3920797     -8         -10    +56   34  29  280 -116  263  -62  263  -62  23  0  0 L3P 53
G32 FF 61056 110200  780 391 2857    +1606982   -155         -17    +15   23  73  128   -1  151  -11  151  -11  17  0  0 L3P 44
G06 FF 61056 111800  780 261  626    +6029361    +38         -21     +1   41  32  183   -3  196   -1  196   -1  28  0  0 L3P EF
G11 FF 61056 111800  780 227 1101    +4723097   -184          -9    -51   21  60  209  -46  237  -18  237  -18  16  0  0 L3P 52
G12 FF 61056 111800  780 739  705    +6065974     -1          -9     -6   15 105   84   +3  106   +9  106    9  11  0  0 L3P CA
G19 FF 61056 111800  780 147  441    -6858206   -122          20   -104   36  15  313 +131  216 +110  216  110  33  0  0 L3P 60
G24 FF 61056 111800  780 344 1466    +1607548   -143         -24     +7   27  11  142  +27  201   +6  201    6  21  0  0 L3P 0A
G25 FF 61056 111800  780 613 2687    -4496483    +42          -8    +18   21  53   92   -7  114  -34  114  -34  13  0  0 L3P 25
G28 FF 61056 111800  780 200 3059    +6104834    -37         -19    +16   46  87  236  -75  196  -40  196  -40  34  0  0 L3P 66
G29 FF 61056 111800  780 239 2011    +3920720   -114         -26    -50   48  29  200  -59  249  -27  249  -27  38  0  0 L3P 70
G32 FF 61056 111800  780 388 2765    +1606833   -158          -3    +13   32  73  129   +3  142  -12  142  -12  25  0  0 L3P 38
G06 FF 61056 113400  780 260  549    +6029399    +79         -19    +41   36  32  184   +6  192  -30  192  -30  26  0  0 L3P 3B
G11 FF 61056 113400  780 275 1040    +4722957   -131         -22     +2   26  60  175  -27  207  -28  207  -28  23  0  0 L3P 46
G12 FF 61056 113400  780 665  757    +6065979    -26          -9    -30   22 105   88   +5  108  +20  108   20  16  0  0 L3P 15
G24 FF 61056 113400  780 273 1484    +1607416    -86         -12    +64   32  11  175  +43  217  -27  217  -27  22  0  0 L3P 4D
G25 FF 61056 113400  780 687 2743    -4496470    +52         -17    +28   22  53   87   -5  109  -24  109  -24  15  0  0 L3P 40
G28 FF 61056 113400  780 265 3060    +6104769    +10         -33    +63   36  87  181  -43  184  -71  184  -71  23  0  0 L3P 5A
G29 FF 61056 113400  780 312 2023    +3920665   -111         -20    -47   32  29  156  -35  202   -7  202   -7  23  0  0 L3P 2B
G32 FF 61056 113400  780 369 2675    +1606679   -137           7    +34   32  73  134   +8  140  -20  140  -20  25  0  0 L3P 2F
G06 FF 61056 115000  780 244  477    +6029444    +35         -10     -2   37  32  194  +16  185   +0  185    0  25  0  0 L3P F1
G11 FF 61056 115000  780 316  970    +4722827   -127         -24     +6   35  60  154  -16  187  -20  187  -20  26  0  0 L3P 3E
G12 FF 61056 115000  780 592  804    +6065976    +31         -16    +26   26 105   94   +7  121   -8  121   -8  17  0  0 L3P 08
G24 FF 61056 115000  780 204 1501    +1607289    -53           5    +97   28  11  230  +75  245  -32  245  -32  22  0  0 L3P 24
G25 FF 61056 115000  780 761 2816    -4496450     -8         -20    -31   20  53   83   -3  110  +21  110   21  13  0  0 L3P F0
G28 FF 61056 115000  780 331 3050    +6104734   -110         -17    -56   37  87  148  -27  150  +21  150   21  27  0  0 L3P 45
G29 FF 61056 115000  780 387 2036    +3920599    -54         -25     +9   33  29  129  -22  170  -22  170  -22  25  0  0 L3P 47
G32 FF 61056 115000  780 336 2594    +1606483   -176         -26     -5   39  73  145  +15  173  +11  173   11  28  0  0 L3P 48
G06 FF 61056 120600  780 217  412    +6029473    +54         -17    +16   39  33  217  +32  192  -11  192  -11  29  0  0 L3P 35
G11 FF 61056 120600  780 346  891    +4722707    -77         -14    +56   35  61  142   -9  161  -68  161  -68  24  0  0 L3P 40
G12 FF 61056 120600  780 521  848    +6065979    -23         -17    -28   23 106  102  +10  128  +31  128   31  16  0  0 L3P 39
G24 FF 61056 120600  780 137 1515    +1607133   -247           0    -97   36  17  337 +159  295 +119  295  119  27  0  0 L3P 82
G25 FF 61056 120600  780 835 2966    -4496433    +45         -21    +21   19  54   81   -1  114  -19  114  -19  13  0  0 L3P 32
G28 FF 61056 120600  780 395 3027    +6104655     +5         -45    +59   33  87  127  -18  151  -48  151  -48  24  0  0 L3P 53
G29 FF 61056 120600  780 464 2049    +3920539    -81         -21    -17   38  30  112  -15  151   +7  151    7  29  0  0 L3P 20
G31 FF 61056 120600  780 101 3120    +1723215    +53         -13    +74   29 102  454 -283  231  -64  231  -64  19  0  0 L3P 5B
G32 FF 61056 120600  780 293 2523    +1606338   -181          -5    -11   24  74  164  +25  178  +33  178   33  17  0  0 L3P 46
G06 FF 61056 122200  780 180  356    +6029511   +104         -15    +66   45  33  259  +59  193  -38  193  -38  31  0  0 L3P 5A
G11 FF 61056 122200  780 363  804    +4722569   -171         -24    -38   23  61  136   -3  152  +20  152   20  17  0  0 L3P 20
G12 FF 61056 122200  780 452  891    +6065992    +11          -9     +6   20 106  114  +14  130   +2  130    2  16  0  0 L3P DB
G25 FF 61056 122200  780 873  425    -4496394    +23          -6     -1   19  54   81   +0  106   +0  106    0  14  0  0 L3P B8
G28 FF 61056 122200  780 457 2986    +6104613    -43         -35    +11   31  87  113  -12  135  -18  135  -18  20  0  0 L3P 4B
G29 FF 61056 122200  780 543 2060    +3920481    -69         -18     -6   23  30  100  -10  134   -7  134   -7  17  0  0 L3P 0B
G31 FF 61056 122200  780 166 3118    +1723208    +70           0    +91   31 102  282 -110  192  -96  192  -96  21  0  0 L3P 46
G32 FF 61056 122200  780 243 2462    +1606177   -223          -3    -52   37  74  195  +41  202  +80  202   80  27  0  0 L3P 35
G06 FF 61056 123800  780 135  311    +6029563    +94           1    +56   37  33  340 +120  199  -44  199  -44  28  0  0 L3P 3D
G11 FF 61056 123800  780 366  716    +4722451   -127         -15     +6   37  61  135   +2  140  -20  140  -20  27  0  0 L3P 17
G12 FF 61056 123800  780 384  933    +6065979    +30         -26    +25   21 106  130  +20  153  -13  153  -13  15  0  0 L3P 41
G25 FF 61056 123800  780 807  900    -4496374    +34          -9    +10   14  54   82   +2  103  -15  103  -15  10  0  0 L3P FA
G28 FF 61056 123800  780 512 2919    +6104581    -72         -16    -18   27  87  104   -8  112   +9  112    9  19  0  0 L3P 1D
G29 FF 61056 123800  780 621 2065    +3920426    -69         -13     -5   26  30   91   -7  118   -2  118   -2  19  0  0 L3P FB
G31 FF 61056 123800  780 230 3108    +1723181     -3          -7    +17   33 102  206  -56  175  -14  175  -14  26  0  0 L3P 2E
G32 FF 61056 123800  780 188 2409    +1606011   -181          -5    -11   47  74  248  +73  230  +46  230   46  35  0  0 L3P 42
G11 FF 61056 125400  780 352  631    +4722326   -175         -13    -42   37  61  140   +7  133  +36  133   36  27  0  0 L3P 24
G12 FF 61056 125400  780 319  974    +6065985    -25         -24    -29   26 106  152  +29  170  +36  170   36  18  0  0 L3P 57
G25 FF 61056 125400  780 733 1002    -4496352    -14         -10    -38   23  54   84   +3  103  +25  103   25  15  0  0 L3P 0B
G28 FF 61056 125400  780 555 2821    +6104516    -40         -29    +14   18  87   98   -4  119  -21  119  -21  12  0  0 L3P 33
G29 FF 61056 125400  780 700 2055    +3920360    -67         -17     -3   21  30   86   -4  114   +0  114    0  15  0  0 L3P D0
G31 FF 61056 125400  780 294 3086    +1723154    -50         -15    -30   31 102  165  -33  157   -6  157   -6  24  0  0 L3P 36
G32 FF 61056 125400  780 131 2363    +1605829   -205         -23    -34   59  74  351 +152  293  +70  293   70  43  0  0 L3P 6C
G11 FF 61056 131000  780 325  556    +4722180   -176         -31    -43   37  61  150  +14  149  +23  149   23  25  0  0 L3P 36
G12 FF 61056 131000  780 254 1014    +6066006    -31          -7    -36   36 106  187  +45  176  +72  176   72  28  0  0 L3P 41
G25 FF 61056 131000  780 658 1065    -4496336    +30         -16     +6   22  54   89   +5  111   -2  111   -2  16  0  0 L3P EA
G26 FF 61056 131000  780 184 2889    +3122034    +82          -9    +22   36  19  256  -88  210  -83  210  -83  29  0  0 L3P 4A
G28 FF 61056 131000  780 580 2693    +6104470    -37         -24    +17   28  87   95   -1  112  -15  112  -15  19  0  0 L3P 2E
G29 FF 61056 131000  780 777 1996    +3920299    -74         -17    -11   20  30   83   -2  109   -4  109   -4  14  0  0 L3P 14
G31 FF 61056 131000  780 354 3049    +1723124   -101         -25    -80   35 102  140  -21  142  +44  142   44  25  0  0 L3P 3F
G11 FF 61056 132600  780 286  494    +4722065   -151         -18    -18   38  61  168  +24  140  +24  140   24  29  0  0 L3P 45
G12 FF 61056 132600  780 192 1053    +6065998    +24         -19    +20   29 106  243  +77  216  +30  216   30  23  0  0 L3P 4E
G18 FF 61056 132600  780 129 1804    +4495158   -116         -25    -19   32  26  361 -193  308  -55  308  -55  23  0  0 L3P 8A
G25 FF 61056 132600  780 584 1114    -4496309    +39         -13    +15   24  54   95   +8  110   -5  110   -5  17  0  0 L3P 07
G26 FF 61056 132600  780 249 2910    +3122081    -24         -20    -84   36  19  192  -49  170  +38  170   38  25  0  0 L3P 4A
G28 FF 61056 132600  780 581 2549    +6104413   -101         -31    -48   20  87   95   +1  114  +38  114   38  14  0  0 L3P 2F
G29 FF 61056 132600  780 843 1701    +3920252    -44          -3    +20   19  30   81   -1   95  -19   95  -19  13  0  0 L3P F8
G31 FF 61056 132600  780 409 2994    +1723114    -38         -15    -18   22 102  124  -13  120   +6  120    6  15  0  0 L3P 19
G11 FF 61056 134200  780 238  445    +4721932    -54         -23    +79   27  61  199  +41  152  -54  152  -54  22  0  0 L3P 46
G18 FF 61056 134200  780 199 1798    +4495100    -36          10    +62   44  26  237  -84  224 -121  224 -121  29  0  0 L3P 70
G21 FF 61056 134200  780 117  670    -3814638   -103         -23    -26   47 230  390  -98  202   -6  202   -6  38  0  0 L3P 3F
G25 FF 61056 134200  780 511 1158    -4496295    +47         -21    +23   20  54  104  +11  126   -2  126   -2  14  0  0 L3P 16
G26 FF 61056 134200  780 315 2926    +3122160    +95           1    +35   35  19  155  -31  137  -41  137  -41  26  0  0 L3P 28
G28 FF 61056 134200  780 557 2413    +6104355    -76         -37    -23   27  87   98   +4  119  +28  119   28  19  0  0 L3P 3F
G29 FF 61056 134200  780 833  936    +3920187    -83          -7    -20   21  30   81   +1   91   +7   91    7  14  0  0 L3P B9
G31 FF 61056 134200  780 453 2919    +1723080    +25         -30    +46   35 102  114   -8  124  -30  124  -30  29  0  0 L3P 38
G04 FF 61056 135800  780 110 3287     -385294    -61          10    -37   70  14  413  -27  228  +23  228   23  48  0  0 L3P 29
G05 FF 61056 135800  780 149  909    +2273721    +22          -7    +16   45  70  312  -92  210  -71  210  -71  35  0  0 L3P 27
G11 FF 61056 135800  780 185  409    +4721819    -69          -9    +64   47  61  253  +75  149  -37  149  -37  37  0  0 L3P 5A
G18 FF 61056 135800  780 272 1792    +4494997   -100           1     -2   33  26  177  -46  184  -44  184  -44  25  0  0 L3P 51
G21 FF 61056 135800  780 143  607    -3814689    -13           1    +64   39 230  323  -48  156  -69  156  -69  32  0  0 L3P 4E
G25 FF 61056 135800  780 440 1198    -4496264    +72         -13    +48   26  54  116  +15  125  -33  125  -33  20  0  0 L3P 54
G26 FF 61056 135800  780 384 2935    +3122200   +106         -17    +46   21  19  130  -21  133  -54  133  -54  15  0  0 L3P 50
G28 FF 61056 135800  780 514 2304    +6104306    -73         -35    -19   30  87  103   +8  123  +28  123   28  22  0  0 L3P 2B
G29 FF 61056 135800  780 766  727    +3920118    -31         -15    +32   17  30   83   +3   93  -13   93  -13  12  0  0 L3P FA
G31 FF 61056 135800  780 484 2822    +1723062    +13         -28    +33   23 102  108   -4  115  -36  115  -36  16  0  0 L3P 40
G04 FF 61056 141400  780 111 3222     -385344    +23         -21    +47   53  15  406  +12  251  -18  251  -18  42  0  0 L3P 23
G05 FF 61056 141400  780 190  848    +2273748    -49          14    -55   35  71  247  -49  154   +6  154    6  29  0  0 L3P 1F
G11 FF 61056 141400  780 127  384    +4721683    -24         -20   +109   47  62  360 +162  164  -85  164  -85  39  0  0 L3P 6F
G16 FF 61056 141400  780 112 2941    -1890419    -74          -3     +2   44  20  412 -230  256  -53  256  -53  31  0  0 L3P 35
G18 FF 61056 141400  780 346 1784    +4494899    -93          -8     +5   31  27  142  -28  154  -44  154  -44  23  0  0 L3P 4D
G21 FF 61056 141400  780 159  540    -3814749    -68          15     +9   42 230  292  -20  133  -11  133  -11  34  0  0 L3P 28
G25 FF 61056 141400  780 370 1234    -4496259    +15         -31     -9   28  55  134  +22  144  +22  144   22  21  0  0 L3P 27
G26 FF 61056 141400  780 453 2933    +3122253    +47         -22    -14   16  19  114  -14  119   -8  119   -8  13  0  0 L3P 25
G28 FF 61056 141400  780 457 2222    +6104270    -73         -19    -19   28  87  113  +12  125  +26  125   26  19  0  0 L3P 44
G29 FF 61056 141400  780 692  689    +3920075    -54           7     +9   17  31   86   +4   84   +2   84    2  11  0  0 L3P A8
G31 FF 61056 141400  780 496 2710    +1723038     -4         -21    +16   18   9  106   +0  116  -12  116  -12  12  0  0 L3P FB
G04 FF 61056 143000  780 103 3158     -385369    -63         -23    -39   48  15  439  +58  270  +39  270   39  34  0  0 L3P 4A
G05 FF 61056 143000  780 223  781    +2273724    -16         -16    -21   35  71  212  -27  155   -1  155   -1  27  0  0 L3P 0B
G16 FF 61056 143000  780 177 2963    -1890465    +43          23   +119   51  20  266  -98  181 -144  181 -144  36  0  0 L3P 8D
G18 FF 61056 143000  780 423 1772    +4494794    -70         -20    +28   29  27  120  -18  137  -31  137  -31  22  0  0 L3P 53
G21 FF 61056 143000  780 164  472    -3814838   -103           0    -26   44 230  282   +0  142   +8  142    8  32  0  0 L3P EE
G25 FF 61056 143000  780 301 1268    -4496234    +60         -29    +36   36  55  160  +34  159  -17  159  -17  28  0  0 L3P 5F
G26 FF 61056 143000  780 523 2915    +3122318    +24         -14    -36   31  19  102  -10   99   +7   99    7  23  0  0 L3P F7
G28 FF 61056 143000  780 393 2162    +6104223    -40         -20    +13   25  89  127  +18  136   +1  136    1  20  0  0 L3P 04
G29 FF 61056 143000  780 618  693    +3919992     +7         -16    +71   25  31   92   +6   95  -39   95  -39  17  0  0 L3P 12
G31 FF 61056 143000  780 487 2595    +1723024    -31         -15    -10   26   9  107   +3  111  +14  111   14  19  0  0 L3P 03
G05 FF 61056 144600  780 247  707    +2273743    +10          -3     +4   36  71  193  -13  136   -5  136   -5  26  0  0 L3P F3
G16 FF 61056 144600  780 243 2981    -1890552    -22           9    +54   33  20  196  -53  149 -100  149 -100  24  0  0 L3P 5A
G18 FF 61056 144600  780 500 1751    +4494695   -133         -24    -36   28  27  106  -12  124  +10  124   10  18  0  0 L3P 4D
G21 FF 61056 144600  780 158  406    -3814928   -111         -16    -34   38 230  293  +21  138   +1  138    1  31  0  0 L3P 2A
G25 FF 61056 144600  780 234 1299    -4496202    +30         -20     +6   43  55  202  +56  169  +17  169   17  31  0  0 L3P 37
G26 FF 61056 144600  780 591 2871    +3122369    +62         -21     +2   27  19   94   -7   95   -7   95   -7  18  0  0 L3P F1
G28 FF 61056 144600  780 326 2117    +6104192    -57           0     -4   26  89  149  +29  135  +12  135   12  20  0  0 L3P 10
G29 FF 61056 144600  780 546  711    +3919924    -90         -23    -26   21  31   99   +9  101  +19  101   19  15  0  0 L3P 18
G31 FF 61056 144600  780 459 2490    +1723000    -57         -19    -36   23   9  112   +7  113  +33  113   33  19  0  0 L3P 14
G05 FF 61056 150200  780 258  630    +2273749    +16          -2    +11   32  71  185   -3  122  -19  122  -19  22  0  0 L3P 0A
G16 FF 61056 150200  780 312 2992    -1890656    -65         -21    +11   34  20  156  -33  140  -36  140  -36  23  0  0 L3P 46
G18 FF 61056 150200  780 576 1714    +4494597    -80         -28    +18   22  27   96   -8  111  -32  111  -32  14  0  0 L3P 38
G21 FF 61056 150200  780 141  343    -3815038   -157         -52    -80   41 230  326  +51  133   +0  133    0  28  0  0 L3P 13
G25 FF 61056 150200  780 168 1327    -4496192    +28         -33     +5   38  55  277 +105  201  +19  201   19  28  0  0 L3P 4B
G26 FF 61056 150200  780 652 2785    +3122426    +76         -22    +16   23  19   89   -4   90  -18   90  -18  15  0  0 L3P 15
G28 FF 61056 150200  780 257 2082    +6104115    -95         -25    -42   30  89  185  +47  166  +62  166   62  21  0  0 L3P 4E
G29 FF 61056 150200  780 476  738    +3919874    -16         -11    +47   26  31  109  +12   91  -37   91  -37  19  0  0 L3P 36
G31 FF 61056 150200  780 417 2402    +1722975    -36         -25    -15   34   9  121  +12  128  +25  128   25  23  0  0 L3P 22
G05 FF 61056 151800  780 255  553    +2273750     +9          -6     +4   20  71  186   +6  113  -18  113  -18  13  0  0 L3P EF
G16 FF 61056 151800  780 382 2994    -1890724    -80         -16     -4   22  20  131  -21  116   -3  116   -3  17  0  0 L3P 17
G18 FF 61056 151800  780 648 1645    +4494507   -141         -25    -43   24  27   89   -5   96  +16   96   16  18  0  0 L3P 36
G21 FF 61056 151800  780 113  286    -3815051   -131          10    -54   53 230  400 +109   36  -12   36  -12  40  0  0 L3P 23
G25 FF 61056 151800  780 104 1353    -4496151    +95         -15    +71   59  55  438 +259  206  -42  206  -42  49  0  0 L3P 79
G26 FF 61056 151800  780 697 2630    +3122478    +65         -28     +4   20  19   86   -2   91   +3   91    3  15  0  0 L3P D1
G27 FF 61056 151800  780 103 2649     +198751    +23          12    -55   46  32  446 -257  255  -14  255  -14  34  0  0 L3P 53
G28 FF 61056 151800  780 189 2053    +6104083    -58          -7     -4   46  89  247  +86  176  +33  176   33  40  0  0 L3P 40
G29 FF 61056 151800  780 407  769    +3919808    -94         -16    -30   30  31  123  +17  100  +37  100   37  22  0  0 L3P 32
G31 FF 61056 151800  780 364 2331    +1722964    -51         -17    -31   25   9  136  +18  133  +38  133   38  20  0  0 L3P 2E
G05 FF 61056 153400  780 240  480    +2273750    +61         -11    +55   31  71  198  +17   87  -86   87  -86  23  0  0 L3P 2C
G16 FF 61056 153400  780 453 2982    -1890817    -43         -36    +33   20  20  114  -14  117  -28  117  -28  14  0  0 L3P 53
G18 FF 61056 153400  780 709 1512    +4494413    -95         -25     +3   18  27   86   -3   91  -10   91  -10  13  0  0 L3P FB
G23 FF 61056 153400  780 138 1464    -6002295    -75         -20    -25   56  18  337 -158  194   -3  194   -3  46  0  0 L3P 53
G26 FF 61056 153400  780 714 2406    +3122553    +42         -11    -18   17  19   85   +0   79  +21   79   21  11  0  0 L3P F3
G27 FF 61056 153400  780 164 2686     +198804   +136         -10    +59   43  32  285 -107  203 -116  203 -116  34  0  0 L3P 8A
G28 FF 61056 153400  780 123 2027    +6104032    -83          -6    -30   54  89  373 +193  204  +59  204   59  46  0  0 L3P 4D
G29 FF 61056 153400  780 341  803    +3919753    -38         -11    +26   26  31  144  +25  106  -24  106  -24  21  0  0 L3P 36
G31 FF 61056 153400  780 306 2275    +1722947    -76         -13    -56   39   9  158  +29  145  +49  145   49  31  0  0 L3P 51
G05 FF 61056 155000  780 212  415    +2273776    +41           8    +35   39  71  222  +34   44  -58   44  -58  33  0  0 L3P 00
G16 FF 61056 155000  780 523 2951    -1890874    -28         -19    +49   23  20  102  -10   89  -47   89  -47  14  0  0 L3P 47
G18 FF 61056 155000  780 746 1277    +4494326    -80         -18    +18   21  27   84   -1   78  -21   78  -21  14  0  0 L3P 1C
G23 FF 61056 155000  780 203 1433    -6002352    -29         -29    +21   38  18  232  -74  165  -79  165  -79  28  0  0 L3P 5F
G26 FF 61056 155000  780 693 2186    +3122610    +50         -11    -11   24  19   86   +2   82   +3   82    3  17  0  0 L3P C9
G27 FF 61056 155000  780 227 2722     +198876    +21         -12    -56   42  32  209  -58  163  +17  163   17  31  0  0 L3P 3A
G29 FF 61056 155000  780 277  839    +3919697   -101          -5    -37   25  31  173  +38  101  +31  101   31  19  0  0 L3P 39
G31 FF 61056 155000  780 245 2230    +1722938    +22          -3    +43   39   9  194  +47  161  -10  161  -10  32  0  0 L3P 1A
G05 FF 61056 160600  780 174  359    +2273789   -102          11   -108   35  72  267  +64   27  +74   27   74  27  0  0 L3P 3C
G16 FF 61056 160600  780 588 2889    -1890958   -106         -34    -30   22  30   94   -6   94  +11   94   11  14  0  0 L3P 29
G18 FF 61056 160600  780 740  991    +4494221   -136         -30    -38   18  28   84   +1   80  +18   80   18  13  0  0 L3P 07
G23 FF 61056 160600  780 270 1397    -6002400    -70         -26    -20   29  19  178  -42  153  +17  153   17  23  0  0 L3P 3D
G26 FF 61056 160600  780 643 2033    +3122666    +88         -12    +28   28  22   90   +5   89  -22   89  -22  18  0  0 L3P 16
G27 FF 61056 160600  780 292 2758     +198946   +106         -13    +29   28  33  166  -35  138  -38  138  -38  22  0  0 L3P 73
G29 FF 61056 160600  780 214  876    +3919627    -39         -12    +25   28  32  220  +61  113  -24  113  -24  23  0  0 L3P 3C
G31 FF 61056 160600  780 182 2192    +1722936    -34          15    -13   44   9  255  +85  169  +36  169   36  32  0  0 L3P 38
G05 FF 61056 162200  780 128  313    +2273766    +19         -18    +13   60  72  357 +134   56  -11   56  -11  44  0  0 L3P 28
G16 FF 61056 162200  780 643 2779    -1891012    -81         -15     -4   19  30   90   -4   75   -5   75   -5  13  0  0 L3P DF
G18 FF 61056 162200  780 696  792    +4494143    -26         -14    +72   24  28   86   +3   62  -51   62  -51  16  0  0 L3P 0A
G23 FF 61056 162200  780 335 1353    -6002425    -12          -4    +38   30  19  147  -26  116  -51  116  -51  22  0  0 L3P 29
G26 FF 61056 162200  780 579 1943    +3122723    +30         -13    -30   27  22   95   +7   94  +25   94   25  20  0  0 L3P FC
G27 FF 61056 162200  780 359 2793     +199038    +84           5     +7   35  33  138  -23  107  -38  107  -38  27  0  0 L3P 29
G29 FF 61056 162200  780 153  913    +3919569    -84          -8    -20   41  32  301 +116  113  +23  113   23  33  0  0 L3P 27
G31 FF 61056 162200  780 121 2158    +1722890   -109         -12    -89   46   9  378 +186  232 +120  232  120  36  0  0 L3P 7A
G10 FF 61056 163800  780 158 1640    +5829552    -11           5    -37   31   7  296 -129  192  -12  192  -12  25  0  0 L3P 3D
G16 FF 61056 163800  780 677 2607    -1891098    -94         -28    -18   17  30   87   -1   76   +1   76    1  12  0  0 L3P F9
G18 FF 61056 163800  780 634  691    +4494035    -71         -29    +26   26  28   90   +5   60  -35   60  -35  19  0  0 L3P 0E
G23 FF 61056 163800  780 397 1298    -6002489    -50         -20     +0   19  19  127  -17  103  -24  103  -24  15  0  0 L3P 3E
G26 FF 61056 163800  780 508 1890    +3122772    +47         -22    -14   20  22  104  +11  108  +17  108   17  16  0  0 L3P 34
G27 FF 61056 163800  780 428 2825     +199108    +98           0    +21   29  33  119  -16   82  -50   82  -50  21  0  0 L3P 09
G07 FF 61056 165400  780 115 3297    +1361192    +56         -10     +5   49 135  396  -76   39  -15   39  -15  41  0  0 L3P 41
G08 FF 61056 165400  780 183 2851    -5035540    +79          -9    +36   46 110  257  -88  130  -98  130  -98  35  0  0 L3P 72
G10 FF 61056 165400  780 229 1622    +5829553    -30         -20    -56   32   7  208  -64  175   -5  175   -5  24  0  0 L3P 24
G15 FF 61056 165400  780 100  688    -3772248    -38          -9     -3   51  83  452 -134   57  -18   57  -18  41  0  0 L3P 26
G16 FF 61056 165400  780 678 2399    -1891164    -88         -21    -12   23  30   87   +1   61   -3   61   -3  15  0  0 L3P F5
G18 FF 61056 165400  780 565  645    +4493951    -11         -19    +87   25  28   97   +8   40  -73   40  -73  17  0  0 L3P 1B
G23 FF 61056 165400  780 453 1225    -6002532    -57         -15     -7   24  19  114  -11   75  -29   75  -29  17  0  0 L3P 22
G26 FF 61056 165400  780 435 1858    +3122837    +81         -15    +21   25  22  117  +16  105  -25  105  -25  21  0  0 L3P 44
G27 FF 61056 165400  780 500 2855     +199160    +32         -22    -45   20  33  106  -12   67   +4   67    4  14  0  0 L3P E2
G07 FF 61056 171000  780 133 3239    +1361244   +120          -8    +69   42 135  346  -33   36  -52   36  -52  34  0  0 L3P 38
G08 FF 61056 171000  780 248 2878    -5035492    +47          -3     +3   46 110  193  -49   67  -56   67  -56  35  0  0 L3P 3D
G10 FF 61056 171000  780 301 1602    +5829604    +20           6     -6   24   7  161  -37  105  -53  105  -53  21  0  0 L3P F2
G15 FF 61056 171000  780 127  624    -3772268    -63           4    -28   50  83  362  -63   41  +11   41   11  39  0  0 L3P EF
G16 FF 61056 171000  780 646 2219    -1891244   -107         -27    -30   22  30   89   +3   58  +13   58   13  14  0  0 L3P 0E
G18 FF 61056 171000  780 494  630    +4493852    -97         -24     +1   27  28  106  +12   29  -14   29  -14  19  0  0 L3P 15
G23 FF 61056 171000  780 499 1132    -6002599    -62         -33    -12   25  19  106   -6   66  -18   66  -18  18  0  0 L3P 2A
G26 FF 61056 171000  780 362 1838    +3122883    +58         -27     -2   34  22  136  +24  107   -7  107   -7  28  0  0 L3P 1E
G27 FF 61056 171000  780 573 2879     +199225    +56         -32    -21   22  33   96   -8   50  -12   50  -12  16  0  0 L3P FC
G07 FF 61056 172600  780 140 3178    +1361285    +47         -15     -4   28 135  327   -6   41   -1   41   -1  22  0  0 L3P ED
G08 FF 61056 172600  780 314 2901    -5035459    +93         -11    +50   33 110  155  -31   38  -57   38  -57  22  0  0 L3P 41
G10 FF 61056 172600  780 374 1575    +5829626    +11           4    -15   22   7  133  -23   76  -13   76  -13  15  0  0 L3P FF
G15 FF 61056 172600  780 144  556    -3772315    -75          -9    -40   56  83  320  -27   43  +38   43   38  47  0  0 L3P 16
G16 FF 61056 172600  780 592 2096    -1891314    -84         -25     -8   23  30   94   +6   53   +6   53    6  18  0  0 L3P DB
G18 FF 61056 172600  780 424  631    +4493744   -104         -37     -6   26  28  120  +16   40   +2   40    2  19  0  0 L3P E2
G23 FF 61056 172600  780 528 1018    -6002635    -37         -22    +13   25  19  101   -3   43  -24   43  -24  18  0  0 L3P 0B
G26 FF 61056 172600  780 290 1824    +3122970    +32           2    -28   24  22  166  +38   87  +11   87   11  18  0  0 L3P 04
G27 FF 61056 172600  780 648 2893     +199304   +103         -26    +25   18  33   89   -6   36  -27   36  -27  11  0  0 L3P 22
G02 FF 61056 174200  780 107 2479     -180105   -118         -38    -36   53  19  432 -249  149  -88  149  -88  43  0  0 L3P 86
G07 FF 61056 174200  780 138 3115    +1361323    +25         -26    -27   32 135  333  +18   40  +11   40   11  26  0  0 L3P 13
G08 FF 61056 174200  780 383 2919    -5035429     -9         -23    -53   31 110  131  -21   31  +40   31   40  21  0  0 L3P 0B
G10 FF 61056 174200  780 447 1538    +5829645   +106          -3    +80   24   7  115  -15   64  -82   64  -82  17  0  0 L3P 2A
G15 FF 61056 174200  780 150  487    -3772328    -58          12    -23   32  83  307   -2   29  +19   29   19  24  0  0 L3P 00
G16 FF 61056 174200  780 525 2019    -1891398   -116         -36    -40   28  30  102  +10   63  +26   63   26  24  0  0 L3P 2F
G18 FF 61056 174200  780 355  644    +4493668   -102         -19     -4   27  28  139  +24   30   -1   30   -1  22  0  0 L3P F7
G23 FF 61056 174200  780 537  892    -6002679    -20         -17    +30   25  19  100   +0   29  -34   29  -34  17  0  0 L3P 08
G26 FF 61056 174200  780 220 1813    +3123023    +14          -2    -46   36  22  214  +66   96  +42   96   42  26  0  0 L3P 01
G27 FF 61056 174200  780 724 2883     +199374    +76         -30     -1   22  33   85   -4   32   -2   32   -2  15  0  0 L3P C4
G02 FF 61056 175800  780 169 2516     -180189   -183         -43   -101   58  19  277 -103  111  +50  111   50  44  0  0 L3P 67
G07 FF 61056 175800  780 125 3052    +1361391   +101          -7    +50   45 135  365  +50   23  -35   23  -35  36  0  0 L3P 32
G08 FF 61056 175800  780 453 2929    -5035397    +77         -32    +34   24 110  114  -15   32  -30   32  -30  17  0  0 L3P 3F
G10 FF 61056 175800  780 517 1484    +5829670    -18          -2    -44   25   7  103  -10   51  +22   51   22  16  0  0 L3P F7
G15 FF 61056 175800  780 145  419    -3772381   -117          -7    -82   47  83  317  +23   39  +67   39   67  34  0  0 L3P 38
G16 FF 61056 175800  780 454 1971    -1891470    -87         -35    -11   34  30  113  +15   70  +20   70   20  30  0  0 L3P 19
G18 FF 61056 175800  780 288  663    +4493578   -184         -16    -86   34  28  167  +36   31  +60   31   60  26  0  0 L3P 48
G23 FF 61056 175800  780 523  770    -6002734    -71         -24    -21   33  19  102   +3   30  +17   30   17  24  0  0 L3P E8
G26 FF 61056 175800  780 152 1804    +3123092    +14           8    -46   37  22  305 +132  106  +80  106   80  26  0  0 L3P 2B
G27 FF 61056 175800  780 798 2801     +199439   +111         -39    +34   15  33   82   -2   43  -17   43  -17  11  0  0 L3P 1A
G02 FF 61056 181400  780 233 2554     -180243    -74         -11     +8   32  20  204  -55   82  -24   82  -24  24  0  0 L3P F8
G07 FF 61056 181400  780 103 2990    +1361449     +2           1    -49   37 136  438 +108   17  +38   17   38  29  0  0 L3P 22
G08 FF 61056 181400  780 524 2926    -5035331    +22          -5    -21   19   1  102  -10   26  +15   26   15  13  0  0 L3P E0
G10 FF 61056 181400  780 580 1403    +5829682    +67         -16    +41   24   7   95   -6   56  -41   56  -41  17  0  0 L3P 06
G15 FF 61056 181400  780 129  354    -3772398    +17           8    +52   44  12  355  +58   45  -34   45  -34  33  0  0 L3P 10
G16 FF 61056 181400  780 381 1940    -1891545    -76         -35     +1   31  31  131  +22   76   +7   76    7  23  0  0 L3P EF
G18 FF 61056 181400  780 223  688    +4493456    -39         -49    +59   23  29  211  +58   55  -42   55  -42  17  0  0 L3P 3F
G23 FF 61056 181400  780 489  668    -6002788    -51         -32     -1   20  20  107   +7   30   +1   30    1  14  0  0 L3P B4
G27 FF 61056 181400  780 853 2329     +199530    +93         -21    +16   18  34   81   +0   32  -11   32  -11  13  0  0 L3P E9
G02 FF 61056 183000  780 297 2594     -180314   -108          -4    -27   34  20  163  -33   61  +10   61   10  25  0  0 L3P FA
G08 FF 61056 183000  780 595 2903    -5035293    +36          -8     -7   20   1   94   -7   30   +6   30    6  13  0  0 L3P A2
G10 FF 61056 183000  780 630 1280    +5829704    +71         -19    +44   23   7   91   -3   49  -33   49  -33  17  0  0 L3P FD
G15 FF 61056 183000  780 102  295    -3772440    -18           0    +18   37  12  441 +131   78  +25   78   25  27  0  0 L3P 00
G16 FF 61056 183000  780 308 1918    -1891593   -100         -10    -24   22  31  157  +34   66  +28   66   28  18  0  0 L3P 3B
G18 FF 61056 183000  780 161  717    +4493391    -92         -21     +6   51  29  288 +109   52  +11   52   11  39  0  0 L3P 15
G23 FF 61056 183000  780 442  592    -6002836    -35         -32    +15   33  20  116  +11   37   -3   37   -3  22  0  0 L3P E1
G27 FF 61056 183000  780 815 1669     +199596    +65         -29    -12   16  34   82   +1   36  +22   36   22  12  0  0 L3P F8
G02 FF 61056 184600  780 362 2635     -180408    -40         -20    +42   24  20  137  -22   50  -41   50  -41  20  0  0 L3P FA
G08 FF 61056 184600  780 664 2842    -5035266    +69         -22    +26   21   1   88   -5   37  -13   37  -13  15  0  0 L3P 06
G10 FF 61056 184600  780 658 1113    +5829740    +21          -9     -5   21   7   89   -1   38   +4   38    4  15  0  0 L3P AC
G16 FF 61056 184600  780 237 1901    -1891692   -103         -36    -27   40  31  200  +57  100  +40  100   40  31  0  0 L3P 3C
G23 FF 61056 184600  780 385  539    -6002895    -49         -43     +1   37  20  130  +18   48   +2   48    2  25  0  0 L3P E3
G27 FF 61056 184600  780 741 1540     +199666    +69         -33     -8   19  34   84   +3   46   +6   46    6  12  0  0 L3P D0
G01 FF 61056 190200  780 112 2573    -3432914    -59         -27    -96   47 211  412 -217  112  +34  112   34  36  0  0 L3P 60
G02 FF 61056 190200  780 428 2678     -180487    -97         -20    -15   29  20  119  -15   43   +9   43    9  21  0  0 L3P F7
G08 FF 61056 190200  780 722 2709    -5035221    +18         -19    -26   20   1   85   -2   36  +15   36   15  13  0  0 L3P DF
G10 FF 61056 190200  780 655  927    +5829733    +10         -41    -16   20   7   89   +1   56   +6   56    6  14  0  0 L3P BC
G16 FF 61056 190200  780 168 1887    -1891764    -67         -35     +9   38  31  277 +110  112  +10  112   10  30  0  0 L3P 45
G23 FF 61056 190200  780 323  506    -6002935     -7         -35    +43   32  20  151  +27   48  -20   48  -20  22  0  0 L3P F4
G27 FF 61056 190200  780 662 1513     +199743   +124         -31    +47   21  34   88   +6   49  -10   49  -10  13  0  0 L3P 0A
G32 FF 61056 190200  780 152 1288    +1602081   -196          -3    -26   27   0  306 -118  100  -10  100  -10  22  0  0 L3P 29
G01 FF 61056 191800  780 172 2610    -3432826    +57          25    +20   51 211  273  -96   50  -54   50  -54  37  0  0 L3P 30
G02 FF 61056 191800  780 495 2722     -180588    -86         -42     -4   26  20  106  -11   52  +10   52   10  18  0  0 L3P F5
G08 FF 61056 191800  780 755 2460    -5035182     -2         -22    -45   24   1   83   -1   37  +31   37   31  15  0  0 L3P D3
G10 FF 61056 191800  780 624  772    +5829780     +9         -18    -17   21   7   91   +4   37  +14   37   14  13  0  0 L3P D4
G16 FF 61056 191800  780 102 1874    -1891802    -46           0    +30   55  31  447 +277   98   -9   98   -9  37  0  0 L3P 23
G23 FF 61056 191800  780 258  488    -6002962    +57         -14   +107   33  20  184  +44   32  -68   32  -68  26  0  0 L3P 40
G27 FF 61056 191800  780 584 1513     +199820    +64         -28    -13   23  34   95   +8   55  +21   55   21  17  0  0 L3P F9
G32 FF 61056 191800  780 211 1244    +1601934   -201          13    -30   39   0  224  -61   74   +7   74    7  31  0  0 L3P DC
G01 FF 61056 193400  780 233 2649    -3432825    +11         -10    -27   33 211  204  -53   50   -5   50   -5  27  0  0 L3P 07
G02 FF 61056 193400  780 562 2768     -180661    -54         -36    +28   18  20   97   -8   43  -22   43  -22  13  0  0 L3P 02
G08 FF 61056 193400  780 744 2164    -5035154    +62         -35    +19   20   1   84   +1   46   +6   46    6  14  0  0 L3P C4
G10 FF 61056 193400  780 574  668    +5829793    +98         -31    +72   20   7   96   +6   44  -48   44  -48  13  0  0 L3P 0F
G14 FF 61056 193400  780 124 3267    -7291887    +28          11    +52   43 225  370 -122   47  -52   47  -52  34  0  0 L3P 53
G23 FF 61056 193400  780 193  482    -6003022    -17         -25    +33   36  20  242  +79   49  -19   49  -19  28  0  0 L3P 28
G27 FF 61056 193400  780 506 1523     +199908    +80         -14     +3   25  34  104  +12   54  +16   54   16  18  0  0 L3P FA
G32 FF 61056 193400  780 268 1195    +1601735   -219         -21    -49   34   0  179  -35   89  +26   89   26  27  0  0 L3P 41
G01 FF 61056 195000  780 296 2687    -3432781    +90          -3    +52   38 211  164  -33   33  -50   33  -50  30  0  0 L3P 2A
G02 FF 61056 195000  780 631 2817     -180734    -77         -31     +5   23  20   91   -6   40   -8   40   -8  15  0  0 L3P BC
G08 FF 61056 195000  780 695 1968    -5035112    +87         -35    +44   20   1   86   +4   51  -22   51  -22  14  0  0 L3P F9
G10 FF 61056 195000  780 513  606    +5829826    +92         -23    +66   30   7  103  +10   42  -33   42  -33  22  0  0 L3P FA
G14 FF 61056 195000  780 162 3218    -7291920     +3           0    +26   38 225  287  -60   37  -43   37  -43  27  0  0 L3P 17
G23 FF 61056 195000  780 129  484    -6003066    -56         -22     -6   27  20  356 +174   49  +27   49   27  20  0  0 L3P 1A
G27 FF 61056 195000  780 429 1536     +199982    +68         -14    -10   26  34  118  +17   63  +27   63   27  18  0  0 L3P 27
G32 FF 61056 195000  780 321 1136    +1601593   -151           0    +20   27   0  152  -22   60  -24   60  -24  21  0  0 L3P E4
G01 FF 61056 200600  780 360 2726    -3432773    +34         -30     -4   33 212  138  -22   49   +3   49    3  23  0  0 L3P EB
G02 FF 61056 200600  780 700 2870     -180799    -40         -16    +41   21  24   86   -4   33  -36   33  -36  13  0  0 L3P ED
G08 FF 61056 200600  780 628 1867    -5035070    +37         -35     -6   27  12   91   +6   48   +7   48    7  18  0  0 L3P D8
G10 FF 61056 200600  780 447  573    +5829843     +4         -33    -22   24   8  115  +14   45  +31   45   31  17  0  0 L3P E1
G14 FF 61056 200600  780 192 3160    -7291949     -5         -10    +19   46 226  244  -31   33  -23   33  -23  31  0  0 L3P 24
G22 FF 61056 200600  780 118 3295     +580288   -126          10    -83   63  20  388 -130   50  +27   50   27  44  0  0 L3P 23
G27 FF 61056 200600  780 354 1550     +200047   +139         -21    +62   25  35  139  +26   79  -30   79  -30  20  0  0 L3P 1F
G32 FF 61056 200600  780 367 1065    +1601399   -200         -29    -30   25  12  135  -14   68  +14   68   14  19  0  0 L3P 2B
G01 FF 61056 202200  780 426 2764    -3432731    +43         -25     +5   22 212  119  -16   40   -1   40   -1  17  0  0 L3P E7
G02 FF 61056 202200  780 770 2935     -180881    -71         -19    +11   13  24   83   -2   34  -15   34  -15   8  0  0 L3P DC
G03 FF 61056 202200  780 120 2243    -5966806     +2          22   -101   51  89  388 -213   75  +64   75   64  46  0  0 L3P 2D
G08 FF 61056 202200  780 555 1815    -5035024    +57         -30    +14   24  12   98   +9   49   -4   49   -4  18  0  0 L3P E9
G10 FF 61056 202200  780 379  559    +5829856    +24         -45     -2   26   8  131  +20   58   +5   58    5  18  0  0 L3P D6
G14 FF 61056 202200  780 211 3095    -7291986    -75         -24    -51   34 226  223  -14   40  +25   40   25  25  0  0 L3P 2B
G22 FF 61056 202200  780 155 3246     +580207    +24         -29    +67   33  20  300  -62   62  -63   62  -63  24  0  0 L3P 0B
G27 FF 61056 202200  780 281 1564     +200122    +89         -20    +12   33  35  171  +41   93   +0   93    0  24  0  0 L3P C8
G32 FF 61056 202200  780 402  982    +1601247   -177         -17     -7   30  12  125   -8   51   -7   51   -7  21  0  0 L3P D6
G01 FF 61056 203800  780 493 2802    -3432689     -9         -19    -46   25 212  107  -11   29  +27   29   27  19  0  0 L3P 31
G02 FF 61056 203800  780 839 3056     -180965    -59         -25    +22   16  24   81   -1   37  -20   37  -20  11  0  0 L3P F4
G03 FF 61056 203800  780 186 2273    -5966703   +113          26     +9   39  89  253  -91   61  -26   61  -26  28  0  0 L3P 3D
G08 FF 61056 203800  780 479 1788    -5034992    +85         -40    +42   27  12  109  +13   68  -23   68  -23  20  0  0 L3P 42
G10 FF 61056 203800  780 312  559    +5829881    +29         -46     +3   30   8  155  +31   63   +7   63    7  24  0  0 L3P CF
G14 FF 61056 203800  780 218 3026    -7292024     +9         -39    +33   36 226  216   -2   49  -11   49  -11  25  0  0 L3P 1A
G22 FF 61056 203800  780 182 3189     +580192    -12          -3    +31   39  20  257  -32   28  -24   28  -24  28  0  0 L3P 09
G27 FF 61056 203800  780 211 1576     +200224    +97           8    +20   33  35  223  +72   83  -17   83  -17  26  0  0 L3P F6
G32 FF 61056 203800  780 424  890    +1601064   -145         -37    +25   23  12  120   -3   58  -37   58  -37  18  0  0 L3P 19
G01 FF 61056 205400  780 563 2838    -3432672    +28         -38     -9   27 212   97   -8   39   +3   39    3  18  0  0 L3P F2
G02 FF 61056 205400  780 880  636     -181024    -81          -4     +1   20  24   81   +0   26   -2   26   -2  13  0  0 L3P 7D
G03 FF 61056 205400  780 254 2306    -5966635    +35          -5    -68   24  89  188  -49   72  +37   72   37  17  0  0 L3P 37
G08 FF 61056 205400  780 404 1774    -5034943    +76         -33    +33   28  12  124  +20   74   -4   74   -4  23  0  0 L3P 04
G10 FF 61056 205400  780 246  568    +5829904    +22         -48     -4   33   8  193  +50   72   +8   72    8  26  0  0 L3P D7
G14 FF 61056 205400  780 214 2954    -7292005     +6           3    +29   28 226  220  +10   24  -15   24  -15  20  0  0 L3P F6
G17 FF 61056 205400  780 112 3168     +346284   +161         -22    +45   41  59  412 -221   66  -63   66  -63  30  0  0 L3P 3D
G22 FF 61056 205400  780 199 3126     +580119    -41         -35     +2   63  20  235  -14   46   -6   46   -6  43  0  0 L3P E0
G27 FF 61056 205400  780 142 1587     +200276    +93         -14    +15   30  35  325 +151  113   -5  113   -5  23  0  0 L3P 13
G32 FF 61056 205400  780 429  792    +1600898   -168         -38     +2   34  12  118   +1   54  -15   54  -15  26  0  0 L3P 10
G01 FF 61056 211000  780 634 2871    -3432643    +60         -45    +22   21 212   90   -6   40  -16   40  -16  13  0  0 L3P FB
G02 FF 61056 211000  780 814 1079     -181110    -75         -12     +7   19  24   82   +2   29   -7   29   -7  11  0  0 L3P B2
G03 FF 61056 211000  780 324 2343    -5966550    +64         -20    -39   35  89  151  -30   68  +10   68   10  25  0  0 L3P 1D
G08 FF 61056 211000  780 330 1766    -5034901    +75         -32    +32   39  12  148  +30   86   +4   86    4  29  0  0 L3P F9
G10 FF 61056 211000  780 181  584    +5829953    +85         -23    +59   39   8  257  +89   48  -37   48  -37  32  0  0 L3P 33
G14 FF 61056 211000  780 198 2883    -7292051    +23         -20    +47   40 226  236  +25   42  -28   42  -28  28  0  0 L3P 3E
G17 FF 61056 211000  780 172 3158     +346426    +83           9    -33   47  59  272  -94   18   +3   18    3  37  0  0 L3P DB
G22 FF 61056 211000  780 205 3059     +580098   -118         -14    -75   37  20  229   +0   34  +44   34   44  24  0  0 L3P 01
G32 FF 61056 211000  780 418  698    +1600737   -190         -36    -19   18  12  121   +5   49  +22   49   22  13  0  0 L3P 08
G01 FF 61056 212600  780 707 2897    -3432602    +61         -39    +23   17 212   86   -4   39  -19   39  -19  11  0  0 L3P 27
G02 FF 61056 212600  780 743 1164     -181207   -126         -31    -44   29  24   84   +3   43  +37   43   37  19  0  0 L3P F8
G03 FF 61056 212600  780 394 2384    -5966477    +98         -46     -6   29  89  127  -20   73   -6   73   -6  20  0  0 L3P 22
G08 FF 61056 212600  780 257 1761    -5034873     +7         -45    -36   29  12  185  +49  105  +16  105   16  23  0  0 L3P 3A
G10 FF 61056 212600  780 118  605    +5830007    +68           5    +42   55   8  387 +198   29  -36   29  -36  47  0  0 L3P 13
G14 FF 61056 212600  780 172 2816    -7292067    -71         -13    -47   45 226  269  +47   43  +51   43   51  35  0  0 L3P 41
G17 FF 61056 212600  780 231 3138     +346494   +160         -34    +44   41  59  205  -50   51  -47   51  -47  31  0  0 L3P 29
G22 FF 61056 212600  780 200 2990     +580041    -24         -30    +19   36  20  234  +13   44  -23   44  -23  27  0  0 L3P FD
G32 FF 61056 212600  780 390  615    +1600562   -160         -47    +10   25  12  128  +10   61   -4   61   -4  17  0  0 L3P EB
G01 FF 61056 214200  780 781 2907    -3432569    +73         -42    +35   16 212   83   -2   43  -25   43  -25  11  0  0 L3P 15
G02 FF 61056 214200  780 671 1218     -181264    -55          -9    +27   20  24   88   +5   31  -16   31  -16  14  0  0 L3P D9
G03 FF 61056 214200  780 466 2429    -5966359    +48         -27    -56   23  89  111  -14   46  +31   46   31  18  0  0 L3P 38
G08 FF 61056 214200  780 187 1757    -5034848    -10         -62    -53   46  12  250  +90  124  +55  124   55  35  0  0 L3P 4A
G14 FF 61056 214200  780 138 2754    -7292109     -6         -32    +18   41 226  333  +89   65   +1   65    1  30  0  0 L3P FD
G17 FF 61056 214200  780 287 3107     +346631    +76          -9    -40   20  59  168  -30   31  +23   31   23  13  0  0 L3P F1
G22 FF 61056 214200  780 183 2923     +580007    -65         -22    -22   37  20  254  +29   39  +26   39   26  28  0  0 L3P 0F
G32 FF 61056 214200  780 351  548    +1600391   -163         -54     +7   38  12  140  +16   64   +2   64    2  27  0  0 L3P DA
G01 FF 61056 215800  780 856 2817    -3432520    +79         -30    +41   13 212   81   -1   35  -25   35  -25   9  0  0 L3P 05
G02 FF 61056 215800  780 598 1263     -181365    -75         -31     +7   24  24   93   +7   54  +11   54   11  15  0  0 L3P D9
G03 FF 61056 215800  780 538 2480    -5966262    +88         -30    -16   24  89  100  -10   42  +12   42   12  19  0  0 L3P 21
G04 FF 61056 215800  780 108 1895     -385950    -76          39    -52   45  19  429 -271   55  +20   55   20  36  0  0 L3P 31
G08 FF 61056 215800  780 119 1752    -5034795   +126         -50    +83   47  12  384 +209  118  -81  118  -81  33  0  0 L3P 88
G17 FF 61056 215800  780 338 3062     +346733   +115         -18     -1   24  59  145  -19   32   -8   32   -8  17  0  0 L3P 00
G19 FF 61056 215800  780 136 3206    -6858920    +58           1    +76   33  42  342 -146   47  -75   47  -75  23  0  0 L3P 40
G22 FF 61056 215800  780 157 2860     +579961   -106         -27    -63   50  20  294  +56   46  +47   46   47  37  0  0 L3P 3F
G32 FF 61056 215800  780 302  496    +1600253   -128         -29    +42   27  12  160  +26   46  -24   46  -24  18  0  0 L3P 26
G01 FF 61056 221400  780 861 1490    -3432480    +41         -26     +3    7 213   81   +1   28   -3   28   -3   5  0  0 L3P AD
G02 FF 61056 221400  780 527 1301     -181450    -84         -30     -2   31   1  101  +10   62  +12   62   12  22  0  0 L3P B1
G03 FF 61056 221400  780 611 2541    -5966174    +99         -41     -5   20  90   92   -7   44   -2   44   -2  14  0  0 L3P D4
G04 FF 61056 221400  780 178 1895     -386045     +4         -33    +27   40  20  265 -105  112  -27  112  -27  29  0  0 L3P 39
G17 FF 61056 221400  780 382 3002     +346849    +77          -8    -39   24  64  131  -12   27  +21   27   21  17  0  0 L3P FA
G19 FF 61056 221400  780 193 3180    -6858926    -10          13     +8   37  33  244  -70   28   -4   28   -4  29  0  0 L3P FC
G22 FF 61056 221400  780 123 2801     +579897    +17         -43    +61   71  31  370 +109   68  -19   68  -19  46  0  0 L3P 41
G28 FF 61056 221400  780 177  868    +6102783     -9          15    +44   40  93  265  -57   45  -51   45  -51  32  0  0 L3P 13
G32 FF 61056 221400  780 247  460    +1600106   -141         -11    +30   25  12  192  +43   32  -22   32  -22  18  0  0 L3P FE
G01 FF 61056 223000  780 786 1368    -3432448    +92         -30    +55   16 213   82   +2   34  -33   34  -33  10  0  0 L3P 0F
G02 FF 61056 223000  780 455 1336     -181529    -67         -30    +15   20   1  113  +14   74   -8   74   -8  15  0  0 L3P D7
G03 FF 61056 223000  780 683 2618    -5966068    +87         -35    -17   19  90   87   -5   35  +14   35   14  14  0  0 L3P 16
G04 FF 61056 223000  780 250 1897     -386065    -87         -30    -64   46  20  191  -55   93  +37   93   37  35  0  0 L3P 27
G17 FF 61056 223000  780 414 2925     +346943    +46         -24    -70   20  64  122   -6   39  +52   39   52  14  0  0 L3P FB
G19 FF 61056 223000  780 246 3143    -6858959    -37          -3    -18   33  33  194  -39   31   +7   31    7  24  0  0 L3P 01
G28 FF 61056 223000  780 211  803    +6102710    -76          -6    -23   27  93  223  -32   46  -10   46  -10  21  0  0 L3P EF
G31 FF 61056 223000  780 126 1118    +1722448    -62           0    -41   45  15  367 -151   79  +18   79   18  33  0  0 L3P 16
G32 FF 61056 223000  780 188  436    +1599960    -64           6   +107   45  12  248  +77   22  -63   22  -63  37  0  0 L3P 20
G01 FF 61056 224600  780 708 1370    -3432410    +87         -27    +50   16 213   86   +4   43  -23   43  -23  10  0  0 L3P 07
G02 FF 61056 224600  780 385 1368     -181583    -52          -6    +30   25   1  130  +21   67  -13   67  -13  18  0  0 L3P F0
G03 FF 61056 224600  780 754 2734    -5965976   +119         -42    +15   18  90   84   -3   40  -11   40  -11  13  0  0 L3P 22
G04 FF 61056 224600  780 325 1900     -386070    -44         -12    -20   38  20  151  -32   67   +2   67    2  28  0  0 L3P DB
G17 FF 61056 224600  780 432 2835     +347030    +98         -49    -18   27  64  118   -2   54  +13   54   13  21  0  0 L3P 00
G19 FF 61056 224600  780 294 3092    -6858988     +9         -15    +28   34  33  165  -23   44  -31   44  -31  23  0  0 L3P 37
G28 FF 61056 224600  780 236  732    +6102653    -25         -12    +28   28  93  201  -17   38  -33   38  -33  21  0  0 L3P 1A
G31 FF 61056 224600  780 177 1065    +1722396     +4         -32    +24   26  15  264  -73   92  -11   92  -11  22  0  0 L3P 14
G32 FF 61056 224600  780 128  423    +1599784   -257          -7    -86   53  12  359 +167   48  +86   48   86  46  0  0 L3P 58
G01 FF 61056 230200  780 630 1388    -3432355    +18          -8    -20   20 213   91   +6   37  +24   37   24  13  0  0 L3P E8
G02 FF 61056 230200  780 315 1397     -181660    -88          -4     -6   34   1  154  +31   75  +20   75   20  26  0  0 L3P CD
G03 FF 61056 230200  780 818 2979    -5965875    +92         -41    -12   15  90   82   -1   43   +9   43    9   9  0  0 L3P E6
G04 FF 61056 230200  780 401 1901     -386101    +49         -20    +72   23  20  126  -21   62  -60   62  -60  15  0  0 L3P F5
G06 FF 61056 230200  780 115 3053    +6031009    -16          43    -54   41  48  401 -218    5  +21    5   21  29  0  0 L3P E5
G09 FF 61056 230200  780 118 2081    -7703291   -155           3   -152   36  85  392 -223   73 +127   73  127  28  0  0 L3P 67
G17 FF 61056 230200  780 433 2739     +347142   +129         -48    +13   30  64  118   +2   51  -11   51  -11  22  0  0 L3P 02
G19 FF 61056 230200  780 332 3028    -6859006    -33         -15    -14   31  33  147  -14   33   +3   33    3  25  0  0 L3P EC
G28 FF 61056 230200  780 250  658    +6102587    -59         -26     -5   26  93  190   -6   41   +5   41    5  20  0  0 L3P CA
G31 FF 61056 230200  780 224 1006    +1722378    +38         -31    +58   39  15  211  -41   87  -48   87  -48  33  0  0 L3P 33
G01 FF 61056 231800  780 552 1411    -3432322    +36         -12     -2   24 213   98   +9   44   -6   44   -6  15  0  0 L3P D5
G02 FF 61056 231800  780 246 1423     -181743    -63          -9    +19   27   1  193  +52   87   -3   87   -3  23  0  0 L3P DB
G03 FF 61056 231800  780 843   37    -5965772   +116         -37    +12   16  90   81   +0   41   -4   41   -4  11  0  0 L3P CD
G04 FF 61056 231800  780 479 1899     -386142     -9         -38    +15   21  20  109  -14   71  -23   71  -23  19  0  0 L3P 17
G06 FF 61056 231800  780 179 3066    +6030992    +63         -10    +26   40  48  262  -94   27  -36   27  -36  28  0  0 L3P 40
G09 FF 61056 231800  780 187 2097    -7703351    -74         -54    -70   47  85  252  -93  108  +46  108   46  38  0  0 L3P 6B
G17 FF 61056 231800  780 418 2643     +347262   +108         -40     -8   21  64  121   +6   54  +24   54   24  14  0  0 L3P F2
G19 FF 61056 231800  780 359 2950    -6859022    -54         -13    -36   33  33  138   -7   33  +33   33   33  23  0  0 L3P 1A
G28 FF 61056 231800  780 252  583    +6102546    -63         -16    -10   32  93  189   +4   34  +10   34   10  25  0  0 L3P F3
G31 FF 61056 231800  780 265  938    +1722379    +12         -11    +33   25  15  181  -24   62  -40   62  -40  20  0  0 L3P 0C
G01 FF 61056 233400  780 476 1434    -3432293    +22         -19    -15   23 213  109  +14   54  +17   54   17  16  0  0 L3P 26
G02 FF 61056 233400  780 178 1446     -181826    -40         -13    +41   39   1  262  +97   98  -33   98  -33  29  0  0 L3P 1E
G03 FF 61056 233400  780 796  514    -5965667   +114         -31    +11   19  90   82   +2   34  -13   34  -13  13  0  0 L3P 08
G04 FF 61056 233400  780 558 1889     -386153    -52         -27    -28   28  20   98  -10   59  +11   59   11  21  0  0 L3P 10
G06 FF 61056 233400  780 245 3073    +6031007    +44         -32     +7   40  48  195  -51   37  -16   37  -16  27  0  0 L3P 17
G09 FF 61056 233400  780 258 2116    -7703328    -50         -27    -46   31  85  186  -50   80  +35   80   35  25  0  0 L3P 2F
G17 FF 61056 233400  780 388 2556     +347381   +154         -31    +38   30  64  129  +10   53  -34   53  -34  22  0  0 L3P 2E
G19 FF 61056 233400  780 371 2861    -6859037     -2         -11    +16   27  33  134   -1   36   +5   36    5  24  0  0 L3P DA
G28 FF 61056 233400  780 240  510    +6102505    -35          -6    +18   32  93  197  +14   22  -10   22  -10  24  0  0 L3P EB
G31 FF 61056 233400  780 296  863    +1722341    -53         -28    -33   31  15  163  -13   58   -3   58   -3  21  0  0 L3P F5
G01 FF 61056 235000  780 400 1457    -3432264    -44         -26    -81   28 213  125  +20   70  +66   70   66  20  0  0 L3P 20
G03 FF 61056 235000  780 730  689    -5965574   +120         -37    +17   21  90   84   +3   39  -17   39  -17  15  0  0 L3P 1D
G04 FF 61056 235000  780 637 1861     -386183    -22         -34     +2   25  20   90   -6   55   -6   55   -6  16  0  0 L3P C3
G06 FF 61056 235000  780 311 3071    +6031037    +66         -38    +29   32  48  156  -31   44  -14   44  -14  25  0  0 L3P 20
G09 FF 61056 235000  780 330 2137    -7703343     +0         -40     +4   32  85  148  -30   81  -20   81  -20  23  0  0 L3P F0
G17 FF 61056 235000  780 346 2481     +347504   +115         -20     -1   28  64  142  +17   56  +14   56   14  20  0  0 L3P FD
G19 FF 61056 235000  780 368 2770    -6859047    -51          -4    -33   23  33  135   +4   38  +49   38   49  17  0  0 L3P 19
G28 FF 61056 235000  780 217  444    +6102440    -58         -19     -5   30  93  217  +28   38  +21   38   21  24  0  0 L3P F7
G31 FF 61056 235000  780 315  780    +1722326    -44         -24    -24   36  15  154   -6   45   +9   45    9  25  0  0 L3P D8
