CGGTTS     GENERIC DATA FORMAT VERSION = 2E
REV DATE = 2026-01-01                    
RCVR = POLARX5-TR                    R2CGGTTS v8.8    
CH = 99 
IMS = POLARX5-TR                    
LAB = PTB                           
X = +3844059.67 m 
Y =  +709661.67 m 
Z = +5023129.80 m 
FRAME = ITRF
COMMENTS =           IGS RINEX,AUSPOS XYZ          
INT DLY =   31.0 ns (GPS P1),   28.5 ns (GPS P2)     CAL_ID = 1001-2022           
CAB DLY =  205.7 ns 
REF DLY =   56.2 ns
REF = UTC(PTB)                      
CKSUM = 5E

SAT CL  MJD  STTIME TRKL ELV AZTH   REFSV      SRSV     REFSYS    SRSYS  DSG IOE MDTR SMDT MDIO SMDI MSIO SMSI ISG FR HC FRC CK
             hhmmss  s  .1dg .1dg    .1ns     .1ps/s     .1ns    .1ps/s .1ns     .1ns.1ps/s.1ns.1ps/s.1ns.1ps/s.1ns
G01 FF 61058 000200  780 325 1478    -3428959     -3          -5    -41   27 227  150  +31   63  +57   63   57  19  0  0 L3P 17
G03 FF 61058 000200  780 660  789    -5956430    +15         -28    -91   17  53   88   +5   24  +66   24   66  11  0  0 L3P FB
G04 FF 61058 000200  780 712 1794     -388225    -31         -27     -7   20  34   85   -4   37   -2   37   -2  15  0  0 L3P BD
G06 FF 61058 000200  780 378 3057    +6034270    +30         -30     -7   28  17  132  -20   30   +2   30    2  19  0  0 L3P C7
G09 FF 61058 000200  780 406 2160    -7703612     +1         -32     +4   32  52  124  -20   65  -23   65  -23  24  0  0 L3P E9
G17 FF 61058 000200  780 296 2417     +357527   +112         -29     -3   24  78  163  +27   53  +24   53   24  18  0  0 L3P 10
G19 FF 61058 000200  780 348 2680    -6860609    -36         -12    -18   28   3  141  +10   39  +15   39   15  22  0  0 L3P 0E
G28 FF 61058 000200  780 183  387    +6097806    -93           2    -40   45 107  255  +53   24  +34   24   34  35  0  0 L3P 07
G31 FF 61058 000200  780 320  695    +1720527     -6          -9    +15   26  43  152   +1   20  -25   20  -25  20  0  0 L3P C2
G01 FF 61058 001800  780 253 1498    -3428911   +122           7    +83   33 227  188  +51   59  -46   59  -46  25  0  0 L3P 49
G03 FF 61058 001800  780 590  862    -5956340   +140         -40    +34   19  53   94   +7   34  -34   34  -34  15  0  0 L3P 0C
G04 FF 61058 001800  780 776 1619     -388239    -51         -18    -27   19  34   83   -2   28  +15   28   15  13  0  0 L3P FE
G06 FF 61058 001800  780 443 3026    +6034319     -5         -15    -42   32  17  116  -14   19  +44   19   44  26  0  0 L3P 05
G09 FF 61058 001800  780 481 2185    -7703613    -10         -30     -6   33  52  109  -14   48  -10   48  -10  26  0  0 L3P 12
G17 FF 61058 001800  780 241 2364     +357656   +111         -10     -3   38  78  197  +45   56  +15   56   15  30  0  0 L3P 12
G19 FF 61058 001800  780 315 2599    -6860636    -21         -21     -3   36   3  154  +18   43  -16   43  -16  29  0  0 L3P 15
G28 FF 61058 001800  780 140  339    +6097724     +1         -29    +54   45 107  327 +105   58  -16   58  -16  36  0  0 L3P 3B
G31 FF 61058 001800  780 310  613    +1720501     -6         -15    +14   28  43  156   +8   21   +2   21    2  18  0  0 L3P 9F
G01 FF 61058 003400  780 182 1515    -3428881    +48          -1     +9   34 227  256  +96   78  +19   78   19  26  0  0 L3P 2A
G03 FF 61058 003400  780 521  923    -5956218    +78         -20    -27   23  53  102  +10   24  +25   24   25  17  0  0 L3P FE
G04 FF 61058 003400  780 803 1229     -388269     -5         -25    +19   24  34   82   +0   31  -18   31  -18  15  0  0 L3P E1
G06 FF 61058 003400  780 504 2972    +6034348    +47         -21    +11   25  17  105   -9   22  -10   22  -10  17  0  0 L3P 00
G09 FF 61058 003400  780 558 2212    -7703613    -13         -26     -9   31  52   98   -9   41   +3   41    3  23  0  0 L3P C4
G11 FF 61058 003400  780 102 3160    +4705279   -181          11    -48   41  80  453 -271   44   +2   44    2  29  0  0 L3P 04
G17 FF 61058 003400  780 183 2319     +357770   +115          -6     +0   49  78  255  +80   57  -11   57  -11  38  0  0 L3P 13
G19 FF 61058 003400  780 271 2528    -6860653    -42         -21    -24   53   3  176  +29   54  +46   54   46  39  0  0 L3P 22
G31 FF 61058 003400  780 286  538    +1720476    -29         -21     -9   27  43  168  +17   20   -5   20   -5  19  0  0 L3P E8
G01 FF 61058 005000  780 113 1529    -3428826   +202          17   +163   52 227  403 +235   68 -128   68 -128  39  0  0 L3P 91
G03 FF 61058 005000  780 453  977    -5956129   +131         -31    +25   19  53  113  +14   33  -18   33  -18  14  0  0 L3P 29
G04 FF 61058 005000  780 770  868     -388283    -39         -17    -15   19  34   83   +2   26  +14   26   14  13  0  0 L3P E2
G06 FF 61058 005000  780 555 2888    +6034380    +57         -24    +21   17  17   98   -6   26  -13   26  -13  12  0  0 L3P 0D
G09 FF 61058 005000  780 636 2239    -7703616    +11         -26    +14   15  52   90   -6   39   -8   39   -8   9  0  0 L3P E3
G11 FF 61058 005000  780 163 3154    +4705110   -209         -31    -76   41  80  286 -108   47  +23   47   23  29  0  0 L3P 3C
G17 FF 61058 005000  780 124 2278     +357888   +199           1    +85   44  78  370 +172   55  -49   55  -49  36  0  0 L3P 4C
G19 FF 61058 005000  780 221 2467    -6860681    -15         -31     +3   43   3  213  +50   93   +6   93    6  34  0  0 L3P D4
G31 FF 61058 005000  780 251  474    +1720460    +25         -18    +45   31  43  190  +30   21  -35   21  -35  25  0  0 L3P FA
G03 FF 61058 010600  780 386 1027    -5956040   +132         -44    +26   29  53  129  +19   48   -1   48   -1  21  0  0 L3P 18
G04 FF 61058 010600  780 707  721     -388305    +21         -15    +44   19  34   86   +4   27  -37   27  -37  13  0  0 L3P E6
G06 FF 61058 010600  780 591 2766    +6034426    +70         -13    +33   16  17   94   -3   22  -30   22  -30  11  0  0 L3P F4
G07 FF 61058 010600  780 133 1779    +1367187    +54          24     +3   32   5  349 -179   56   +6   56    6  24  0  0 L3P F1
G09 FF 61058 010600  780 714 2265    -7703618     +1         -25     +4   17  52   85   -4   38  -10   38  -10  15  0  0 L3P E1
G11 FF 61058 010600  780 225 3138    +4704987   -298         -26   -165   44  80  211  -56   32 +125   32  125  27  0  0 L3P 70
G19 FF 61058 010600  780 166 2414    -6860647    -11          20     +7   38   3  279  +92   62  +18   62   18  30  0  0 L3P F9
G31 FF 61058 010600  780 206  422    +1720444    -43         -13    -22   35  43  228  +52   20  +22   20   22  29  0  0 L3P E6
G03 FF 61058 012200  780 321 1073    -5955928    +82         -34    -24   29  53  152  +28   53  +25   53   25  23  0  0 L3P 20
G04 FF 61058 012200  780 635  669     -388327    +14         -15    +37   25  34   90   +6   26  -27   26  -27  17  0  0 L3P F1
G06 FF 61058 012200  780 603 2617    +6034454    +85         -20    +49   25  17   93   +0   32  -35   32  -35  17  0  0 L3P FF
G07 FF 61058 012200  780 203 1769    +1367233   +119          21    +68   35   5  233  -80   55  -70   55  -70  30  0  0 L3P 1C
G09 FF 61058 012200  780 793 2282    -7703609    +23         -13    +26   19  52   82   -2   23  -18   23  -18  12  0  0 L3P 08
G11 FF 61058 012200  780 284 3110    +4704825   -140         -60     -7   26  80  170  -33   52  +10   52   10  21  0  0 L3P FA
G26 FF 61058 012200  780 118  541    +3129886    +16          10    -45   71 117  387  -45   18  +37   18   37  52  0  0 L3P 20
G31 FF 61058 012200  780 155  382    +1720426    +39         -12    +60   38  43  299 +102   26  -28   26  -28  31  0  0 L3P 25
G03 FF 61058 013800  780 256 1116    -5955810   +104         -18     -1   32  53  186  +45   52  +20   52   20  25  0  0 L3P 10
G04 FF 61058 013800  780 563  658     -388338     -2          -3    +22   20  34   97   +8   19  -17   19  -17  16  0  0 L3P D3
G06 FF 61058 013800  780 589 2466    +6034501    +20          -8    -16   21  17   94   +3   28  +21   28   21  15  0  0 L3P E4
G07 FF 61058 013800  780 274 1759    +1367271    +30           9    -22   28   5  176  -44   58  -11   58  -11  19  0  0 L3P 0D
G09 FF 61058 013800  780 870 2212    -7703615     +2         -15     +6   13  52   81   -1   29   -4   29   -4   8  0  0 L3P AD
G11 FF 61058 013800  780 339 3068    +4704751   -127          -7     +6   27  80  145  -20   18  -16   18  -16  20  0  0 L3P 1C
G21 FF 61058 013800  780 139 2917    -3824576   -100          -2    -24   37   9  334 -146   22  +28   22   28  31  0  0 L3P 24
G26 FF 61058 013800  780 126  475    +3129949    +95          15    +34   38 117  362  -10   21  -28   21  -28  29  0  0 L3P 2F
G03 FF 61058 015400  780 192 1156    -5955700   +142          -9    +36   33  53  243  +78   62  -24   62  -24  25  0  0 L3P 31
G04 FF 61058 015400  780 492  665     -388363    -22          -5     +2   26  34  107  +12   23   +2   23    2  17  0  0 L3P A5
G06 FF 61058 015400  780 551 2339    +6034512    +35         -32     -1   24  17   98   +6   52   +4   52    4  17  0  0 L3P BD
G07 FF 61058 015400  780 347 1746    +1367284    +43         -26     -8   25   5  142  -27   74   -4   74   -4  20  0  0 L3P EF
G09 FF 61058 015400  780 851  682    -7703603    +48          -1    +51   15  52   81   +1   19  -42   19  -42  10  0  0 L3P E0
G11 FF 61058 015400  780 387 3010    +4704612   -111         -18    +22   26  80  129  -13   24   -8   24   -8  21  0  0 L3P 05
G21 FF 61058 015400  780 202 2942    -3824615    -82          32     -6   35   9  234  -72    2   +4    2    4  26  0  0 L3P 9F
G26 FF 61058 015400  780 124  409    +3130001    +41           9    -20   46 117  366  +21   26  +30   26   30  33  0  0 L3P DD
G03 FF 61058 021000  780 130 1194    -5955604   +152         -12    +47   38  58  353 +165   77  -19   77  -19  34  0  0 L3P 61
G04 FF 61058 021000  780 422  682     -388364    -65          13    -41   25  35  120  +16   11  +46   11   46  19  0  0 L3P E0
G06 FF 61058 021000  780 497 2244    +6034560    +79         -18    +42   29  18  106  +10   49  -13   49  -13  19  0  0 L3P 30
G07 FF 61058 021000  780 421 1729    +1367348    +72         -11    +21   25   6  121  -18   58  -18   58  -18  20  0  0 L3P 14
G09 FF 61058 021000  780 775  667    -7703617    -48         -12    -45   18  53   83   +2   29  +40   29   40  13  0  0 L3P F8
G11 FF 61058 021000  780 424 2933    +4704498   -113          -3    +20   32  81  120   -7   19  -15   19  -15  25  0  0 L3P 09
G16 FF 61058 021000  780 143  681    -1900271   -114          -5    -38   43  21  323  -60   20  +31   20   31  36  0  0 L3P E9
G21 FF 61058 021000  780 266 2962    -3824709    -47          12    +29   32  10  181  -43   19  -35   19  -35  24  0  0 L3P 23
G26 FF 61058 021000  780 112  346    +3130054    +25           5    -35   37 118  405  +62   33  +25   33   25  28  0  0 L3P E7
G30 FF 61058 021000  780 166 1937     -913183    -65         -11    +59   29  86  283 -117   79  -45   79  -45  22  0  0 L3P 4E
G04 FF 61058 022600  780 354  707     -388398    -21           1     +3   24  35  139  +23   18   -4   18   -4  19  0  0 L3P B9
G06 FF 61058 022600  780 433 2177    +6034595    +32         -18     -5   31  18  117  +15   61  +15   61   15  21  0  0 L3P 02
G07 FF 61058 022600  780 494 1702    +1367392    +34         -16    -17   18   6  106  -12   50   +8   50    8  13  0  0 L3P E5
G09 FF 61058 022600  780 700  693    -7703617    +18          -9    +22   15  53   86   +4   27  -18   27  -18  13  0  0 L3P F3
G11 FF 61058 022600  780 448 2839    +4704348   -123         -25    +10   23  81  115   -3   34  -12   34  -12  17  0  0 L3P 1E
G16 FF 61058 022600  780 165  612    -1900339    -92           0    -16   30  21  281  -29   14   +9   14    9  23  0  0 L3P C2
G21 FF 61058 022600  780 332 2976    -3824790    -97           5    -21   32  10  148  -27   20   +8   20    8  25  0  0 L3P E1
G30 FF 61058 022600  780 236 1939     -913295   -159          -4    -35   36  86  202  -59   68  +16   68   16  24  0  0 L3P 30
G04 FF 61058 024200  780 288  735     -388431    -34          -9    -10   30  35  167  +35   29  +16   29   16  22  0  0 L3P F1
G05 FF 61058 024200  780 111 3050    +2274612    +19          39    +12   43  18  417 -236    9  -28    9  -28  30  0  0 L3P 06
G06 FF 61058 024200  780 365 2128    +6034642    +42          -6     +6   22  18  135  +23   58   +4   58    4  17  0  0 L3P D2
G07 FF 61058 024200  780 566 1659    +1367438    +15         -19    -36   25   6   97   -8   47  +15   47   15  16  0  0 L3P 09
G09 FF 61058 024200  780 627  727    -7703626   +100         -15   +103   17  53   91   +6   33  -77   33  -77  12  0  0 L3P 1F
G11 FF 61058 024200  780 453 2736    +4704240   -138          -6     -5   29  81  114   +1   27  +13   27   13  20  0  0 L3P E8
G16 FF 61058 024200  780 176  541    -1900411    -68           1     +8   38  21  264   -8   12   -4   12   -4  28  0  0 L3P A9
G21 FF 61058 024200  780 400 2982    -3824863    -80           5     -4   24  10  126  -19   17   +3   17    3  17  0  0 L3P C3
G30 FF 61058 024200  780 309 1943     -913443   -105         -33    +19   27  86  158  -35   82  -28   82  -28  21  0  0 L3P 3C
G04 FF 61058 025800  780 225  767     -388445     +7           1    +31   30  35  210  +56   26  -17   26  -17  25  0  0 L3P D9
G05 FF 61058 025800  780 175 3063    +2274595    +51          16    +44   30  18  268  -99   25  -49   25  -49  22  0  0 L3P 3B
G06 FF 61058 025800  780 295 2091    +6034672    +49         -11    +13   36  18  163  +37   71   -6   71   -6  29  0  0 L3P 15
G07 FF 61058 025800  780 632 1585    +1367491    +75         -16    +23   21   6   91   -5   40  -22   40  -22  16  0  0 L3P F4
G09 FF 61058 025800  780 555  764    -7703626    +10         -11    +13   21  53   98   +9   27   -6   27   -6  15  0  0 L3P E1
G11 FF 61058 025800  780 440 2633    +4704126    -85           9    +48   26  81  116   +5   25  -32   25  -32  20  0  0 L3P F6
G16 FF 61058 025800  780 175  470    -1900493   -102          -8    -26   41  21  265  +10   19  +24   19   24  31  0  0 L3P 04
G21 FF 61058 025800  780 469 2976    -3824937    -51           4    +25   27  10  111  -13   24  -19   24  -19  19  0  0 L3P 1E
G30 FF 61058 025800  780 383 1946     -913548   -149         -19    -25   24  86  131  -23   58   +8   58    8  19  0  0 L3P 24
G04 FF 61058 031400  780 163  801     -388469    -12          -1    +12   50  35  284 +103   36  -30   36  -30  41  0  0 L3P F4
G05 FF 61058 031400  780 241 3069    +2274585    -29           0    -36   47  18  198  -53   29  +26   29   26  34  0  0 L3P 18
G06 FF 61058 031400  780 225 2062    +6034711    +48          -7    +12   37  18  210  +63   79   -9   79   -9  28  0  0 L3P 00
G07 FF 61058 031400  780 687 1459    +1367552    +27          -4    -25   19   6   87   -3   25  +23   25   23  13  0  0 L3P E3
G09 FF 61058 031400  780 485  803    -7703615    -28           2    -24   20  53  108  +12   19  +29   19   29  13  0  0 L3P F2
G11 FF 61058 031400  780 410 2538    +4704001   -119          11    +14   30  81  123   +9   27  -11   27  -11  23  0  0 L3P F6
G16 FF 61058 031400  780 163  401    -1900556     -5           2    +72   33  21  285  +32   13  -30   13  -30  26  0  0 L3P CA
G21 FF 61058 031400  780 537 2952    -3825024    -99         -10    -23   29  10  100   -9   28  +11   28   11  21  0  0 L3P FE
G30 FF 61058 031400  780 458 1946     -913665   -140         -17    -16   32  86  113  -15   47  -12   47  -12  27  0  0 L3P 35
G04 FF 61058 033000  780 104  836     -388481    -57          10    -33   32  35  437 +240   36  +60   36   60  27  0  0 L3P FD
G05 FF 61058 033000  780 308 3066    +2274574   +114         -19   +107   32  18  158  -32   40  -84   40  -84  21  0  0 L3P 4A
G06 FF 61058 033000  780 156 2037    +6034753     +9           1    -28   45  18  297 +127   81  +28   81   28  39  0  0 L3P 12
G07 FF 61058 033000  780 720 1261    +1367596     +0          -9    -52   17   6   85   -1   28  +38   28   38  12  0  0 L3P CB
G09 FF 61058 033000  780 418  843    -7703634    -12         -13     -8   27  53  121  +16   38   +8   38    8  21  0  0 L3P DC
G11 FF 61058 033000  780 368 2458    +4703854    -84          -8    +49   28  81  135  +15   49  -23   49  -23  20  0  0 L3P 2E
G16 FF 61058 033000  780 139  339    -1900673   -197         -41   -121   50  21  331  +68   54  +82   54   82  36  0  0 L3P 38
G21 FF 61058 033000  780 603 2897    -3825105    -72         -18     +4   20  10   93   -6   35   -6   35   -6  13  0  0 L3P CD
G30 FF 61058 033000  780 535 1940     -913788   -122         -21     +2   22  86  101  -10   43   -2   43   -2  17  0  0 L3P DF
G05 FF 61058 034600  780 376 3050    +2274591    +14          -8     +7   33  18  133  -21   30   -5   30   -5  23  0  0 L3P D4
G07 FF 61058 034600  780 718 1027    +1367657    +81           3    +30   16   6   85   +1   20  -25   20  -25  11  0  0 L3P CA
G09 FF 61058 034600  780 352  882    -7703621     +6           4    +10   22  53  140  +23   35   +0   35    0  18  0  0 L3P A4
G11 FF 61058 034600  780 316 2391    +4703734   -168          -1    -35   31  81  154  +25   49  +31   49   31  22  0  0 L3P 1D
G13 FF 61058 034600  780 153 2651    -6893662    -11         -13    -21   48  80  305 -121   63   +7   63    7  36  0  0 L3P 13
G16 FF 61058 034600  780 105  284    -1900694    -16          11    +60   37  21  430 +149   30  -28   30  -28  30  0  0 L3P 12
G21 FF 61058 034600  780 660 2794    -3825189    -76         -29     +0   17  10   88   -4   39   +8   39    8  13  0  0 L3P E6
G30 FF 61058 034600  780 611 1922     -913903    -94         -17    +30   17  86   92   -7   34  -26   34  -26  12  0  0 L3P FE
G05 FF 61058 040200  780 441 3018    +2274609    -26           4    -33   30  18  116  -14   19  +29   19   29  23  0  0 L3P FA
G07 FF 61058 040200  780 684  843    +1367717    +77          14    +26   18   6   87   +3   15  -12   15  -12  14  0  0 L3P DC
G09 FF 61058 040200  780 287  922    -7703613     +7          15    +10   24  53  167  +35   37   +3   37    3  18  0  0 L3P CB
G11 FF 61058 040200  780 259 2336    +4703610    -96           0    +37   41  82  184  +40   57  -14   57  -14  32  0  0 L3P 08
G13 FF 61058 040200  780 215 2690    -6893650     +8          -6     -2   34  81  220  -63   39  -14   39  -14  26  0  0 L3P FD
G21 FF 61058 040200  780 699 2619    -3825254    -62         -20    +14   18  11   86   -1   35   +1   35    1  13  0  0 L3P CE
G30 FF 61058 040200  780 685 1876     -914020   -103         -18    +21   20  88   87   -5   29  -16   29  -16  15  0  0 L3P 10
G05 FF 61058 041800  780 502 2962    +2274601    +19         -11    +12   23  18  105   -9   28  -11   28  -11  16  0  0 L3P 07
G07 FF 61058 041800  780 631  733    +1367758    +80           6    +28   21   6   91   +5   20  -14   20  -14  15  0  0 L3P BF
G09 FF 61058 041800  780 224  962    -7703617     +5          14     +8   27  53  210  +56   45   -1   45   -1  18  0  0 L3P C9
G11 FF 61058 041800  780 199 2289    +4703486    +32           4   +165   34  82  236  +70   61 -120   61 -120  25  0  0 L3P 45
G13 FF 61058 041800  780 278 2730    -6893656    -12         -22    -22   31  81  173  -38   44  +19   44   19  23  0  0 L3P 31
G14 FF 61058 041800  780 152 1605    -7294676    -43           4    -19   34   2  307 -131   60   +7   60    7  28  0  0 L3P E4
G21 FF 61058 041800  780 704 2392    -3825333    -94         -26    -18   20  11   86   +1   40  +21   40   21  15  0  0 L3P EA
G30 FF 61058 041800  780 753 1762     -914136    -74         -15    +50   19  88   84   -2   27  -30   27  -30  13  0  0 L3P FF
G05 FF 61058 043400  780 554 2874    +2274610    +27          -9    +20   29  18   98   -6   27  -10   27  -10  22  0  0 L3P FA
G07 FF 61058 043400  780 569  677    +1367800    +64          -2    +13   20   6   96   +7   26   -2   26   -2  13  0  0 L3P B1
G09 FF 61058 043400  780 163 1000    -7703627    +31           7    +34   33  53  284 +104   64  -12   64  -12  27  0  0 L3P 12
G11 FF 61058 043400  780 138 2249    +4703355   -108           1    +25   37  82  334 +144   71   -8   71   -8  32  0  0 L3P 0F
G13 FF 61058 043400  780 344 2769    -6893621    -45           3    -55   24  81  143  -25   25  +42   25   42  18  0  0 L3P 10
G14 FF 61058 043400  780 219 1580    -7294709    -36          -6    -12   29   2  217  -65   56  -12   56  -12  26  0  0 L3P 18
G21 FF 61058 043400  780 673 2190    -3825397    -54         -16    +22   11  11   88   +3   36   -7   36   -7   8  0  0 L3P DE
G30 FF 61058 043400  780 799 1478     -914249   -140          -9    -17   17  88   82   -1   19  +12   19   12  11  0  0 L3P FE
G05 FF 61058 050200  780 599 2638    +2274623    +30          -7    +23   23  18   93   +0   28  -18   28  -18  16  0  0 L3P FE
G07 FF 61058 050200  780 454  645    +1367890    +32           3    -19   24   6  113  +13   22  +18   22   18  16  0  0 L3P D2
G13 FF 61058 050200  780 463 2837    -6893622    +17         -16     +6   23  81  112  -14   32   -8   32   -8  15  0  0 L3P F8
G14 FF 61058 050200  780 337 1528    -7294754    +21         -10    +45   28   2  146  -27   51  -32   51  -32  25  0  0 L3P 15
G15 FF 61058 050200  780 167 2921    -3776764    -69          32    -34   45  37  280 -107    7   +3    7    3  37  0  0 L3P F3
G18 FF 61058 050200  780 127 3293    +4481346   -165          38    -67   45  47  362  -58   27  +27   27   27  31  0  0 L3P 43
G21 FF 61058 050200  780 567 1995    -3825511    -74          -2     +2   26  11   97   +8   26   +4   26    4  21  0  0 L3P B6
G22 FF 61058 050200  780 201 1638     +575096    -39          -6     +5   28  55  235  -82   60   -4   60   -4  21  0  0 L3P D2
G30 FF 61058 050200  780 756  870     -914441   -126           8     -2   18  88   83   +2   11   +0   11    0  13  0  0 L3P 85
G05 FF 61058 051800  780 589 2484    +2274635    +20          -2    +13   20  18   94   +2   26  -11   26  -11  14  0  0 L3P EB
G07 FF 61058 051800  780 388  649    +1367934    +99          -2    +47   28   6  129  +19   29  -32   29  -32  22  0  0 L3P 1D
G08 FF 61058 051800  780 106  494    -5029861    +89         -18    +46   39  56  428  -56   53  -24   53  -24  29  0  0 L3P 44
G13 FF 61058 051800  780 534 2873    -6893608    +20         -12    +10   20  81  101  -10   27  -18   27  -18  15  0  0 L3P 24
G14 FF 61058 051800  780 404 1486    -7294767    +49           0    +73   23   2  125  -18   38  -58   38  -58  17  0  0 L3P 1E
G15 FF 61058 051800  780 232 2941    -3776817   -119          13    -84   37  37  205  -57   20  +55   20   55  29  0  0 L3P 3B
G18 FF 61058 051800  780 142 3230    +4481252    -40          38    +58   36  47  324  -23   17  -33   17  -33  24  0  0 L3P 1F
G21 FF 61058 051800  780 495 1941    -3825584   -101          -2    -25   26  11  106  +12   30  +24   30   24  18  0  0 L3P 0E
G22 FF 61058 051800  780 272 1615     +575057    -61          -3    -17   32  55  177  -45   50  +28   50   28  25  0  0 L3P 04
G30 FF 61058 051800  780 692  759     -914567    -91           0    +33   17  88   86   +4   15  -17   15  -17  12  0  0 L3P DF
G05 FF 61058 053400  780 555 2351    +2274629     +6         -14     -1   26  18   98   +5   38   +5   38    5  19  0  0 L3P C3
G07 FF 61058 053400  780 323  661    +1367996    +82          11    +30   25   6  151  +27   23  -29   23  -29  18  0  0 L3P 01
G08 FF 61058 053400  780 115  428    -5029806    +29          -4    -14   47  56  397  -13   42   +0   42    0  35  0  0 L3P DB
G13 FF 61058 053400  780 607 2907    -6893605    +28         -18    +17   18  81   93   -7   27  -11   27  -11  12  0  0 L3P 19
G14 FF 61058 053400  780 468 1430    -7294812    -18         -23     +6   26   2  111  -12   47  -12   47  -12  19  0  0 L3P 04
G15 FF 61058 053400  780 300 2956    -3776840    -76          23    -41   36  37  162  -35    9  +28    9   28  30  0  0 L3P 06
G18 FF 61058 053400  780 146 3164    +4481125   -123           5    -25   29  47  315   +3   36   +7   36    7  21  0  0 L3P DE
G21 FF 61058 053400  780 420 1908    -3825647    -98           8    -22   29  11  121  +18   29  +33   29   33  24  0  0 L3P 0B
G22 FF 61058 053400  780 345 1587     +575004    -90         -13    -46   24  55  143  -27   51  +26   51   26  18  0  0 L3P 12
G30 FF 61058 053400  780 623  721     -914694    -74          -8    +49   20  88   91   +6   20  -38   20  -38  14  0  0 L3P E2
G05 FF 61058 055000  780 503 2251    +2274628    +16         -22     +9   30  18  105   +9   45   -6   45   -6  22  0  0 L3P D9
G07 FF 61058 055000  780 260  680    +1368039    +74           5    +22   38   6  184  +42   35   +3   35    3  31  0  0 L3P B3
G08 FF 61058 055000  780 113  363    -5029761    +27          -1    -16   40  56  402  +24   40   +2   40    2  29  0  0 L3P C1
G13 FF 61058 055000  780 682 2935    -6893572    +35           5    +25   18  81   87   -5   14  -10   14  -10  13  0  0 L3P F2
G14 FF 61058 055000  780 526 1351    -7294823     -1         -11    +23   21   2  102   -7   35  -14   35  -14  16  0  0 L3P DF
G15 FF 61058 055000  780 370 2964    -3776882    -18          16    +17   30  37  135  -23    9  -22    9  -22  23  0  0 L3P 0B
G18 FF 61058 055000  780 139 3097    +4481036   -125          10    -27   39  47  330  +29   31  +27   31   27  27  0  0 L3P 2A
G21 FF 61058 055000  780 345 1886    -3825731    -99          -3    -23   23  11  142  +28   45  +28   45   28  15  0  0 L3P 1A
G22 FF 61058 055000  780 417 1549     +574936    -88         -38    -43   23  55  122  -18   65  +27   65   27  16  0  0 L3P 2C
G30 FF 61058 055000  780 552  715     -914828   -114         -22    +10   20  88   98   +9   33   +3   33    3  13  0  0 L3P C0
G05 FF 61058 060600  780 440 2179    +2274648    -38           2    -45   30  24  116  +14   41  +44   41   44  21  0  0 L3P F6
G07 FF 61058 060600  780 198  704    +1368086    +73          -1    +22   28  12  237  +72   55   +7   55    7  23  0  0 L3P E1
G08 FF 61058 060600  780 100  300    -5029727    +15          -9    -28   32  57  448  +74   49  +39   49   39  26  0  0 L3P 14
G13 FF 61058 060600  780 759 2949    -6893557     +1          10     -9   16  82   83   -3   16  +15   16   15  11  0  0 L3P E0
G14 FF 61058 060600  780 571 1245    -7294842    +27          -6    +51   28   3   96   -4   30  -32   30  -32  19  0  0 L3P E9
G15 FF 61058 060600  780 441 2960    -3776929    -30           0     +6   14  38  116  -16   17  +20   17   20  12  0  0 L3P E8
G18 FF 61058 060600  780 122 3032    +4480956    -63          23    +34   36  48  375  +67   10  -56   10  -56  27  0  0 L3P 2A
G21 FF 61058 060600  780 270 1870    -3825793    -87           9    -11   33  12  177  +46   46  +26   46   26  27  0  0 L3P 18
G22 FF 61058 060600  780 486 1496     +574916    -56         -19    -12   31  66  108  -12   45   -2   45   -2  23  0  0 L3P 03
G23 FF 61058 060600  780 103 3279    -6009222    -18          -3    +32   64  38  446 -241   40  -35   40  -35  50  0  0 L3P 25
G30 FF 61058 060600  780 483  725     -914936   -125         -10     -1   25  91  108  +12   26   -1   26   -1  17  0  0 L3P DB
G05 FF 61058 062200  780 372 2127    +2274652    +18          -1    +11   29  24  133  +22   52   -3   52   -3  20  0  0 L3P D9
G07 FF 61058 062200  780 137  731    +1368127   +133          -8    +82   52  12  336 +144   99   -9   99   -9  39  0  0 L3P 25
G13 FF 61058 062200  780 836 2901    -6893537    +42          19    +31   17  82   81   -1   15  -17   15  -17  11  0  0 L3P 01
G14 FF 61058 062200  780 598 1109    -7294857    -38           2    -14   19   3   94   -2   25  +12   25   12  12  0  0 L3P D3
G15 FF 61058 062200  780 512 2939    -3776954    -91           9    -56   14  38  104  -11   13  +45   13   45  11  0  0 L3P 0D
G21 FF 61058 062200  780 198 1857    -3825891   -146         -16    -70   25  12  237  +83   85  +77   85   77  20  0  0 L3P 59
G22 FF 61058 062200  780 550 1420     +574860     -6         -32    +38   19  66   99   -7   54  -25   54  -25  12  0  0 L3P F1
G23 FF 61058 062200  780 158 3250    -6009292     +5         -25    +55   33  38  296  -99   43  -64   43  -64  25  0  0 L3P 32
G24 FF 61058 062200  780 120 2587    +1584161   -146         -38     +5   34  30  385 -194   73  +11   73   11  25  0  0 L3P 32
G30 FF 61058 062200  780 415  743     -915050   -123          -6     +1   17  91  122  +17   32  +16   32   16  12  0  0 L3P CD
G05 FF 61058 063800  780 302 2089    +2274656    -54          -3    -61   32  24  160  +35   70  +78   70   78  25  0  0 L3P 1B
G13 FF 61058 063800  780 875 1729    -6893503    -13          44    -23   15  82   81   +0    3  +23    3   23   9  0  0 L3P C3
G14 FF 61058 063800  780 600  960    -7294881    +16           0    +40   23   3   93   +1   32  -19   32  -19  16  0  0 L3P C4
G15 FF 61058 063800  780 581 2891    -3777017    -28         -21     +8   26  38   95   -7   34   -1   34   -1  17  0  0 L3P EC
G21 FF 61058 063800  780 128 1846    -3825944    +44           5   +121   36  12  358 +188  117  -39  117  -39  27  0  0 L3P 73
G22 FF 61058 063800  780 601 1309     +574832    -34         -18    +10   21  66   93   -4   46  -16   46  -16  15  0  0 L3P FA
G23 FF 61058 063800  780 208 3210    -6009305   -153          10   -103   31  38  227  -51    8  +85    8   85  25  0  0 L3P 10
G24 FF 61058 063800  780 182 2622    +1584036   -187         -18    -36   46  30  258  -88   49  +20   49   20  35  0  0 L3P 4C
G30 FF 61058 063800  780 349  768     -915183   -170         -19    -46   25  91  141  +24   66  +46   66   46  21  0  0 L3P 2B
G05 FF 61058 065400  780 232 2059    +2274669    +60           3    +53   45  24  204  +59   95  -14   95  -14  38  0  0 L3P 1F
G13 FF 61058 065400  780 800 1426    -6893520    +80          17    +70   17  82   82   +2   28  -28   28  -28  11  0  0 L3P 05
G14 FF 61058 065400  780 578  825    -7294906    +23          -1    +47   20   3   95   +4   44  -19   44  -19  15  0  0 L3P E8
G15 FF 61058 065400  780 643 2799    -3777056    -60         -25    -25   19  38   90   -4   40  +10   40   10  12  0  0 L3P 04
G17 FF 61058 065400  780 146 1203     +360376   +212          -6    +97   39  51  318 -122  179  -87  179  -87  34  0  0 L3P 70
G22 FF 61058 065400  780 633 1159     +574788    -64         -18    -20   27  66   90   -2   55  +24   55   24  17  0  0 L3P 02
G23 FF 61058 065400  780 251 3157    -6009362   -141           1    -91   35  38  190  -29   24  +59   24   59  26  0  0 L3P 23
G24 FF 61058 065400  780 246 2658    +1583898   -160         -11     -9   23  30  194  -50   47  +16   47   16  17  0  0 L3P 38
G30 FF 61058 065400  780 285  796     -915284   -100          -1    +24   32  91  169  +35   75  +18   75   18  26  0  0 L3P 12
G05 FF 61058 071000  780 163 2033    +2274699   -173          26   -179   28  24  284 +116  122 +172  122  172  24  0  0 L3P 94
G13 FF 61058 071000  780 720 1415    -6893515    -35          12    -45   19  82   85   +4   47  +51   47   51  12  0  0 L3P F5
G14 FF 61058 071000  780 536  722    -7294942     -9         -15    +15   25   3  100   +6   69   +7   69    7  18  0  0 L3P C3
G15 FF 61058 071000  780 688 2638    -3777095    -13         -30    +23   19  38   87   -2   49   -4   49   -4  12  0  0 L3P 02
G17 FF 61058 071000  780 202 1154     +360495   +132           3    +17   27  51  234  -62  165  -26  165  -26  21  0  0 L3P 23
G22 FF 61058 071000  780 638  989     +574752    -78         -12    -33   25  66   90   +1   59  +33   59   33  17  0  0 L3P F7
G23 FF 61058 071000  780 285 3094    -6009405    +38           5    +88   38  38  169  -16   34  -47   34  -47  28  0  0 L3P 2E
G24 FF 61058 071000  780 312 2693    +1583778   -217          14    -66   32  30  156  -31   36  +58   36   58  24  0  0 L3P 36
G30 FF 61058 071000  780 222  827     -915414    -81         -13    +43   41  91  212  +57  125  +10  125   10  35  0  0 L3P 05
G13 FF 61058 072600  780 641 1429    -6893519    -37          -1    -47   18  82   90   +6   75  +59   75   59  12  0  0 L3P 15
G14 FF 61058 072600  780 482  652    -7294952    +31          -2    +55   26   3  108  +10   77  -30   77  -30  19  0  0 L3P 00
G15 FF 61058 072600  780 701 2414    -3777130    -36         -32     -1   17  38   86   +0   61  +23   61   23  11  0  0 L3P DD
G17 FF 61058 072600  780 254 1098     +360600   +149          -2    +35   34  51  188  -36  151  -45  151  -45  27  0  0 L3P 45
G19 FF 61058 072600  780 146 1327    -6861073    -38           2    -20   41  48  319 -128  239  +12  239   12  30  0  0 L3P 41
G22 FF 61058 072600  780 615  836     +574703    -94         -18    -49   22  66   92   +3   76  +49   76   49  17  0  0 L3P 04
G23 FF 61058 072600  780 307 3019    -6009454    -70           5    -20   28  38  158   -8   47  +19   47   19  21  0  0 L3P 01
G24 FF 61058 072600  780 380 2728    +1583603   -128         -16    +23   28  30  131  -21   66  -18   66  -18  20  0  0 L3P 41
G30 FF 61058 072600  780 161  860     -915539   -201         -18    -77   30  91  288 +106  183 +119  183  119  26  0  0 L3P 7D
G10 FF 61058 074200  780 133 3311    +5833236    +22          17     -4   39  57  346 -107   54  +19   54   19  29  0  0 L3P 19
G13 FF 61058 074200  780 561 1450    -6893511    +21          -3    +11   24  82   97   +9  100  +27  100   27  16  0  0 L3P FF
G14 FF 61058 074200  780 421  608    -7294974    -80          -1    -56   26   3  120  +15   95  +65   95   65  23  0  0 L3P FF
G15 FF 61058 074200  780 676 2202    -3777149    -11         -17    +24   19  38   87   +3   67  +12   67   12  14  0  0 L3P 0B
G17 FF 61058 074200  780 300 1033     +360703    +89          -9    -25   27  51  161  -22  152   +9  152    9  21  0  0 L3P F0
G19 FF 61058 074200  780 205 1287    -6861085    -72           7    -54   32  48  231  -65  204   +3  204    3  24  0  0 L3P 09
G22 FF 61058 074200  780 571  724     +574671    -14          -8    +30   22  66   96   +6   82   +1   82    1  16  0  0 L3P A6
G23 FF 61058 074200  780 316 2938    -6009496    +55          11   +105   28  38  154   -1   56  -71   56  -71  20  0  0 L3P 2D
G24 FF 61058 074200  780 450 2762    +1583468   -154          -6     -3   20  30  114  -15   68   +3   68    3  13  0  0 L3P E9
G10 FF 61058 075800  780 171 3260    +5833236    +97          -8    +71   37  57  273  -53   86  -47   86  -47  26  0  0 L3P 45
G12 FF 61058 075800  780 162 2163    +6066599    +58         -37    +54   50  87  289 -121  213  -90  213  -90  41  0  0 L3P 7D
G13 FF 61058 075800  780 483 1472    -6893505     +8          -7     -2   26  82  108  +13  131  +34  131   34  19  0  0 L3P 18
G14 FF 61058 075800  780 357  584    -7295007    -11         -11    +13   24   3  138  +22  126   +7  126    7  18  0  0 L3P FE
G15 FF 61058 075800  780 623 2057    -3777172    +25          -6    +60   20  38   91   +5   79  -14   79  -14  16  0  0 L3P 0F
G17 FF 61058 075800  780 338  959     +360812   +151         -11    +36   26  51  145  -13  143  -42  143  -42  21  0  0 L3P 3C
G19 FF 61058 075800  780 262 1241    -6861116    -38          -6    -20   26  48  183  -38  204   -2  204   -2  19  0  0 L3P 25
G22 FF 61058 075800  780 515  652     +574629     -8          -8    +36   19  66  103   +9   95  -10   95  -10  14  0  0 L3P EA
G23 FF 61058 075800  780 309 2854    -6009543     -6          12    +44   38  38  157   +6   69  -13   69  -13  28  0  0 L3P 1C
G24 FF 61058 075800  780 522 2794    +1583319   -185          -9    -34   20  30  102  -11   73  +36   73   36  15  0  0 L3P 2A
G10 FF 61058 081400  780 200 3201    +5833271    +63           4    +37   35  71  235  -27   90   +1   90    1  25  0  0 L3P C6
G12 FF 61058 081400  780 231 2185    +6066590    -18         -46    -22   40  92  206  -61  199   -5  199   -5  30  0  0 L3P 3C
G13 FF 61058 081400  780 406 1494    -6893495    -17          -8    -27   21  83  124  +20  151  +62  151   62  16  0  0 L3P 3D
G14 FF 61058 081400  780 292  574    -7295023    -40          -8    -17   35   4  165  +35  148  +51  148   51  28  0  0 L3P 1E
G15 FF 61058 081400  780 556 1970    -3777211    -44         -14     -9   24  40   98   +9   89  +17   89   17  19  0  0 L3P 15
G17 FF 61058 081400  780 365  876     +360936    +83           0    -32   21  70  136   -7  131  +16  131   16  17  0  0 L3P EE
G19 FF 61058 081400  780 317 1186    -6861140    -71         -18    -52   29  53  154  -24  181  +16  181   16  24  0  0 L3P 50
G22 FF 61058 081400  780 453  611     +574589    -60         -12    -16   28  79  113  +13  115  +30  115   30  20  0  0 L3P 11
G23 FF 61058 081400  780 289 2774    -6009584    -28          22    +22   33  39  167  +15   88   +4   88    4  26  0  0 L3P 11
G24 FF 61058 081400  780 596 2822    +1583188   -113           6    +38   22  31   94   -8   81  -15   81  -15  14  0  0 L3P 0C
G10 FF 61058 083000  780 217 3134    +5833271    +94         -21    +68   25  71  217  -12  129  -26  129  -26  20  0  0 L3P 4C
G12 FF 61058 083000  780 302 2210    +6066611    +16         -29    +11   34  92  161  -36  169  -17  169  -17  25  0  0 L3P 4A
G13 FF 61058 083000  780 331 1514    -6893486    +30          -9    +19   25  83  147  +30  187  +26  187   26  16  0  0 L3P 46
G14 FF 61058 083000  780 227  575    -7295039    -51          -1    -27   35   4  208  +57  182  +53  182   53  28  0  0 L3P 20
G15 FF 61058 083000  780 483 1918    -3777257    -46         -26    -11   31  40  108  +13  122  +48  122   48  27  0  0 L3P 4C
G17 FF 61058 083000  780 377  788     +361048   +123           3     +9   31  70  132   -2  139   +7  139    7  23  0  0 L3P D1
G19 FF 61058 083000  780 366 1119    -6861152    +13         -12    +31   19  53  135  -15  165  -23  165  -23  13  0  0 L3P 4B
G22 FF 61058 083000  780 389  590     +574554    -77          -5    -32   30  79  128  +19  129  +47  129   47  20  0  0 L3P 2C
G23 FF 61058 083000  780 256 2700    -6009650    -46           4     +4   36  39  186  +26  126  +35  126   35  27  0  0 L3P 19
G24 FF 61058 083000  780 672 2841    +1583042   -171           5    -20   19  31   88   -5   92  +29   92   29  13  0  0 L3P FB
G10 FF 61058 084600  780 223 3063    +5833316    +37          -2    +10   28  71  211   +0  133   +9  133    9  20  0  0 L3P E1
G12 FF 61058 084600  780 374 2238    +6066610    +81         -35    +76   21  92  133  -23  166  -69  166  -69  15  0  0 L3P 6B
G13 FF 61058 084600  780 258 1533    -6893473    +92          -5    +82   31  83  184  +49  223   +2  223    2  25  0  0 L3P 20
G14 FF 61058 084600  780 163  584    -7295034    +34          27    +57   38   4  284 +109  193   +6  193    6  32  0  0 L3P 1C
G15 FF 61058 084600  780 409 1885    -3777286     +0         -21    +35   24  40  123  +19  155  +18  155   18  21  0  0 L3P 3E
G17 FF 61058 084600  780 374  699     +361138   +123         -18     +8   29  70  133   +3  157  +24  157   24  22  0  0 L3P 1C
G19 FF 61058 084600  780 406 1040    -6861157    -13           0     +5   30  53  124   -9  154  -21  154  -21  20  0  0 L3P FE
G22 FF 61058 084600  780 324  583     +574524    -79           8    -35   24  79  150  +27  145  +56  145   56  19  0  0 L3P 23
G23 FF 61058 084600  780 214 2633    -6009701    -23           1    +27   39  39  219  +45  160   +5  160    5  28  0  0 L3P 01
G24 FF 61058 084600  780 749 2840    +1582888   -168          -4    -17   16  31   84   -3  105  +12  105   12  10  0  0 L3P 29
G10 FF 61058 090200  780 216 2990    +5833346    +56           3    +30   41  71  218  +13  146   -8  146   -8  29  0  0 L3P 12
G12 FF 61058 090200  780 448 2269    +6066619    +45         -30    +41   19  92  115  -16  151  -35  151  -35  13  0  0 L3P 53
G13 FF 61058 090200  780 187 1549    -6893448    +38           9    +27   37  83  250  +91  259  +29  259   29  28  0  0 L3P 5D
G15 FF 61058 090200  780 334 1864    -3777300    -75          -1    -39   35  40  146  +29  185  +72  185   72  30  0  0 L3P 44
G17 FF 61058 090200  780 356  618     +361255   +155         -11    +41   34  70  138   +9  164  -15  164  -15  24  0  0 L3P 2B
G19 FF 61058 090200  780 433  947    -6861162    -15          13     +3   27  53  118   -4  149  +10  149   10  22  0  0 L3P 01
G22 FF 61058 090200  780 260  587     +574457    -41         -16     +4   25  79  183  +42  193  +31  193   31  20  0  0 L3P 13
G23 FF 61058 090200  780 166 2575    -6009733    +21          17    +71   35  39  279  +83  188  -28  188  -28  26  0  0 L3P 6B
G24 FF 61058 090200  780 825 2755    +1582743   -129          -4    +22   16  31   82   -1  111  -11  111  -11  12  0  0 L3P 14
G10 FF 61058 091800  780 197 2919    +5833367     +1           0    -25   36  71  237  +28  168  +44  168   44  25  0  0 L3P 2E
G12 FF 61058 091800  780 523 2302    +6066617     -7         -37    -11   20  92  102  -11  150  -10  150  -10  15  0  0 L3P 1D
G13 FF 61058 091800  780 118 1563    -6893433   +119          14   +109   46  83  387 +216  325  -16  325  -16  33  0  0 L3P 92
G15 FF 61058 091800  780 261 1849    -3777351    -47         -18    -12   28  40  183  +48  236  +61  236   61  23  0  0 L3P 5D
G19 FF 61058 091800  780 444  847    -6861174    -22          18     -3   25  53  115   +0  150   -3  150   -3  20  0  0 L3P E7
G22 FF 61058 091800  780 198  599     +574451    -15          20    +29   37  79  237  +72  195   +6  195    6  31  0  0 L3P 17
G23 FF 61058 091800  780 114 2523    -6009807    -65          -9    -15   38  39  400 +183  249  +51  249   51  29  0  0 L3P 5C
G24 FF 61058 091800  780 868 1929    +1582614    -90          13    +61   10  31   81   +0  106  -34  106  -34   7  0  0 L3P 10
G25 FF 61058 091800  780 135 2405    -4492546    -44          28    -67   55  39  346 -162  229  +27  229   27  39  0  0 L3P 76
G32 FF 61058 091800  780 155 3195    +1578543   -101          26    +71   40  64  302 -113  148  -38  148  -38  28  0  0 L3P 78
G10 FF 61058 093400  780 168 2852    +5833416    +53          23    +27   43  71  275  +54  171   -1  171   -1  36  0  0 L3P 23
G12 FF 61058 093400  780 600 2339    +6066638    +27         -20    +23   19  92   93   -8  127  -26  127  -26  14  0  0 L3P 39
G15 FF 61058 093400  780 191 1837    -3777371    +86          -5   +122   35  40  245  +87  273  -40  273  -40  25  0  0 L3P 66
G17 FF 61058 093400  780 283  490     +361486   +118          -1     +4   33  70  169  +26  179  +12  179   12  27  0  0 L3P 1C
G19 FF 61058 093400  780 436  747    -6861197    -16          12     +2   30  53  117   +3  145   -8  145   -8  23  0  0 L3P FA
G22 FF 61058 093400  780 137  617     +574358    -17         -30    +28   56  79  336 +144  253   +0  253    0  43  0  0 L3P 18
G24 FF 61058 093400  780 804 1445    +1582464   -120           8    +32   18  31   82   +2  111  -15  111  -15  11  0  0 L3P 08
G25 FF 61058 093400  780 199 2438    -4492550     -6           1    -30   36  39  238  -77  215   -3  215   -3  27  0  0 L3P 14
G32 FF 61058 093400  780 211 3171    +1578359   -175           7     -4   28  64  224  -58  159  +11  159   11  22  0  0 L3P 34
G10 FF 61058 095000  780 131 2790    +5833417    -37          -1    -63   39  71  350 +107  211  +81  211   81  29  0  0 L3P 3F
G12 FF 61058 095000  780 677 2380    +6066644     +5         -18     +0   21  92   87   -5  118   -6  118   -6  16  0  0 L3P F3
G15 FF 61058 095000  780 123 1826    -3777437    +79         -37   +114   37  40  374 +198  362  -28  362  -28  29  0  0 L3P 9E
G17 FF 61058 095000  780 235  447     +361602   +116           5     +1   36  70  201  +43  185  +11  185   11  27  0  0 L3P EE
G19 FF 61058 095000  780 412  657    -6861227    -53           0    -35   29  53  122   +8  153  +26  153   26  22  0  0 L3P 09
G24 FF 61058 095000  780 726 1395    +1582314   -191           3    -40   16  31   85   +4  119  +37  119   37  11  0  0 L3P 17
G25 FF 61058 095000  780 264 2474    -4492532    -17          -4    -40   25  39  182  -44  197  -28  197  -28  19  0  0 L3P 65
G32 FF 61058 095000  780 265 3135    +1578203   -200          16    -28   23  64  181  -33  151  +27  151   27  16  0  0 L3P 41
G06 FF 61058 100600  780 152  903    +6035619    +63          -2    +27   39  39  306  -90  261  -64  261  -64  28  0  0 L3P 37
G12 FF 61058 100600  780 755 2430    +6066665    -33           3    -38   23  94   84   -3  108  +29  108   29  17  0  0 L3P 0E
G17 FF 61058 100600  780 181  416     +361713   +149           9    +34   37  71  257  +77  197   -4  197   -4  28  0  0 L3P 14
G19 FF 61058 100600  780 374  582    -6861251     +4          -7    +22   28  60  133  +14  166   -4  166   -4  22  0  0 L3P F6
G24 FF 61058 100600  780 647 1395    +1582179   -211          13    -59   21  31   89   +6  117  +55  117   55  16  0  0 L3P 32
G25 FF 61058 100600  780 331 2511    -4492504     -6           1    -30   29  40  148  -28  171  +10  171   10  21  0  0 L3P F5
G32 FF 61058 100600  780 312 3086    +1578030   -164           6     +7   29  66  156  -20  158  -10  158  -10  21  0  0 L3P 28
G06 FF 61058 102200  780 193  842    +6035674    -30          19    -66   46  39  243  -47  202  +38  202   38  34  0  0 L3P 2F
G12 FF 61058 102200  780 832 2513    +6066677    +21          11    +17   15  94   81   -1  106   -8  106   -8  10  0  0 L3P EC
G17 FF 61058 102200  780 125  395     +361807   +152          -8    +37   39  71  366 +165  242   -7  242   -7  32  0  0 L3P 23
G19 FF 61058 102200  780 325  525    -6861258    +10           3    +28   34  60  150  +22  177  -16  177  -16  24  0  0 L3P 1D
G24 FF 61058 102200  780 569 1409    +1582025   -168           4    -16   14  31   96   +9  139  +24  139   24  10  0  0 L3P 16
G25 FF 61058 102200  780 400 2551    -4492485    +84          -4    +60   33  40  126  -19  158  -53  158  -53  24  0  0 L3P 42
G32 FF 61058 102200  780 351 3022    +1577883   -151          24    +20   28  66  140  -12  139  -23  139  -23  21  0  0 L3P 44
G06 FF 61058 103800  780 227  774    +6035678    -20         -13    -56   35  39  209  -26  226   +4  226    4  24  0  0 L3P 1B
G11 FF 61058 103800  780 120 1200    +4700482   -160          27    -27   49  84  386 -177  305  -38  305  -38  35  0  0 L3P 6E
G12 FF 61058 103800  780 885  221    +6066680    +14           9    +10   14  94   81   +0  112   -6  112   -6  10  0  0 L3P C3
G19 FF 61058 103800  780 269  484    -6861262     -3          17    +16   33  60  178  +36  179  +29  179   29  24  0  0 L3P 3B
G24 FF 61058 103800  780 492 1427    +1581882   -172           7    -21   14  31  107  +13  152  +33  152   33  10  0  0 L3P 26
G25 FF 61058 103800  780 470 2593    -4492456    +79           3    +55   24  40  111  -13  137  -66  137  -66  15  0  0 L3P 44
G32 FF 61058 103800  780 378 2944    +1577707   -164          13     +8   26  66  132   -6  145  -11  145  -11  17  0  0 L3P 3E
G06 FF 61058 105400  780 250  701    +6035726    +50           0    +14   32  39  190  -13  189   -4  189   -4  27  0  0 L3P F7
G11 FF 61058 105400  780 175 1154    +4700342   -125          15     +8   25  86  268  -83  265   +0  265    0  19  0  0 L3P 12
G12 FF 61058 105400  780 812  636    +6066686     -8          11    -13   14  94   82   +2  107   +5  107    5   9  0  0 L3P BC
G19 FF 61058 105400  780 209  457    -6861279     -6          17    +12   34  60  224  +64  199  +16  199   16  24  0  0 L3P 30
G24 FF 61058 105400  780 417 1447    +1581720   -157         -11     -6   18  31  121  +18  183  +30  183   30  14  0  0 L3P 33
G25 FF 61058 105400  780 541 2638    -4492430    +21           6     -3   20  40  100   -9  123   -6  123   -6  14  0  0 L3P D2
G28 FF 61058 105400  780 137 3050    +6095725    -75          20    -21   31 112  341 -157  224  -12  224  -12  21  0  0 L3P 51
G29 FF 61058 105400  780 168 2001    +3909796    -65           4     -1   42 146  280 -117  300  -49  300  -49  34  0  0 L3P 4E
G32 FF 61058 105400  780 391 2856    +1577533   -124           3    +48   23  66  128   -1  150  -31  150  -31  20  0  0 L3P 28
G06 FF 61058 111000  780 261  624    +6035750    +62         -11    +26   34  39  183   -3  200  -17  200  -17  24  0  0 L3P 10
G11 FF 61058 111000  780 227 1101    +4700206   -152           7    -19   26  86  209  -46  226  -57  226  -57  19  0  0 L3P 41
G12 FF 61058 111000  780 737  707    +6066687    -25           7    -29   16  94   84   +3  112  +24  112   24  11  0  0 L3P EE
G19 FF 61058 111000  780 147  441    -6861284    +10          30    +29   35  60  314 +132  219   +7  219    7  31  0  0 L3P 08
G24 FF 61058 111000  780 343 1466    +1581581   -129          -5    +22   26  31  143  +27  204   +1  204    1  21  0  0 L3P FF
G25 FF 61058 111000  780 614 2687    -4492416    +30          -3     +7   25  40   92   -7  122  -24  122  -24  17  0  0 L3P FE
G28 FF 61058 111000  780 200 3059    +6095683    -86          29    -32   37 112  236  -75  192  +10  192   10  27  0  0 L3P 4D
G29 FF 61058 111000  780 239 2012    +3909715   -107         -16    -43   34 146  200  -59  257   -6  257   -6  31  0  0 L3P 55
G32 FF 61058 111000  780 388 2764    +1577374   -131           9    +40   26  66  129   +3  149  -13  149  -13  21  0  0 L3P 39
G06 FF 61058 112600  780 259  548    +6035792    +99          -4    +63   34  39  184   +6  193  -52  193  -52  27  0  0 L3P 3F
G11 FF 61058 112600  780 275 1040    +4700069   -144          -2    -11   30  86  175  -27  190  -16  190  -16  22  0  0 L3P 41
G12 FF 61058 112600  780 663  758    +6066690    -36           6    -40   22  94   88   +5  114  +27  114   27  16  0  0 L3P FF
G24 FF 61058 112600  780 272 1484    +1581439   -100          -1    +51   27  31  176  +43  223  -21  223  -21  18  0  0 L3P 3C
G25 FF 61058 112600  780 687 2743    -4492388    +33           2     +9   26  40   87   -5  111  -14  111  -14  18  0  0 L3P 05
G28 FF 61058 112600  780 265 3060    +6095606    +39          -4    +92   27 113  181  -43  189  -85  189  -85  19  0  0 L3P 76
G29 FF 61058 112600  780 312 2024    +3909662    -64          -8     +0   33 146  156  -35  209  -44  209  -44  24  0  0 L3P 45
G32 FF 61058 112600  780 369 2675    +1577226   -148          26    +23   34  66  134   +8  151  -10  151  -10  25  0  0 L3P 44
G06 FF 61058 114200  780 244  475    +6035834    +53           4    +17   33  39  194  +17  189  +14  189   14  24  0  0 L3P 21
G11 FF 61058 114200  780 316  970    +4699942   -102          -1    +31   27  86  154  -16  178  -29  178  -29  22  0  0 L3P 55
G12 FF 61058 114200  780 590  805    +6066691    +15           2    +10   24  94   94   +7  119   -6  119   -6  17  0  0 L3P DD
G24 FF 61058 114200  780 203 1501    +1581317    -73          22    +78   40  31  231  +76  239  -24  239  -24  31  0  0 L3P 35
G25 FF 61058 114200  780 761 2816    -4492375    -15          -8    -39   16  40   83   -3  114  +25  114   25  11  0  0 L3P 10
G28 FF 61058 114200  780 331 3051    +6095563   -109           5    -56   27 113  148  -27  162  +19  162   19  21  0  0 L3P 4D
G29 FF 61058 114200  780 387 2037    +3909598    -96         -11    -33   26 146  129  -22  178   -1  178   -1  21  0  0 L3P 59
G32 FF 61058 114200  780 336 2594    +1577030   -155          -5    +16   27  66  146  +15  186   -2  186   -2  18  0  0 L3P 36
G06 FF 61058 115800  780 217  410    +6035862    +88          -3    +51   30  39  217  +32  207  -15  207  -15  22  0  0 L3P 23
G11 FF 61058 115800  780 347  891    +4699816   -110           0    +23   29  86  142   -9  162  -32  162  -32  20  0  0 L3P 29
G12 FF 61058 115800  780 519  849    +6066693    -20           0    -25   24  94  102  +10  127  +27  127   27  17  0  0 L3P 18
G24 FF 61058 115800  780 136 1515    +1581159   -277           9   -125   41  31  339 +161  305 +152  305  152  29  0  0 L3P 85
G25 FF 61058 115800  780 835 2966    -4492354    +37         -10    +13   18  40   81   -1  114  -13  114  -13  12  0  0 L3P 25
G28 FF 61058 115800  780 395 3028    +6095483     -1         -23    +52   32 113  127  -18  163  -48  163  -48  23  0  0 L3P 61
G29 FF 61058 115800  780 464 2050    +3909544    -80          -4    -16   38 146  112  -15  151   +1  151    1  29  0  0 L3P 1E
G31 FF 61058 115800  780 102 3120    +1719641    +48          -3    +68   34  92  454 -283  277  -62  277  -62  24  0  0 L3P 62
G32 FF 61058 115800  780 293 2522    +1576888   -166          17     +6   24  66  164  +25  194  +22  194   22  17  0  0 L3P 51
G06 FF 61058 121400  780 179  355    +6035897   +103          -2    +67   48  40  260  +59  225  -18  225  -18  33  0  0 L3P 4D
G11 FF 61058 121400  780 364  804    +4699691   -154          -1    -21   19  87  136   -3  153   +8  153    8  14  0  0 L3P 09
G12 FF 61058 121400  780 450  892    +6066698     +0           6     -5   27  95  114  +14  135  +22  135   22  19  0  0 L3P EF
G25 FF 61058 121400  780 873  431    -4492320    +37           5    +13   19  42   81   +0  111   -1  111   -1  13  0  0 L3P B6
G28 FF 61058 121400  780 457 2986    +6095442    -47         -14     +6   31 113  113  -12  146  -23  146  -23  20  0  0 L3P 4E
G29 FF 61058 121400  780 542 2061    +3909475    -71          -9     -7   29 147  100  -10  141   +0  141    0  21  0  0 L3P FB
G31 FF 61058 121400  780 166 3118    +1719647    +31          24    +51   39  93  282 -110  229  -78  229  -78  29  0  0 L3P 6F
G32 FF 61058 121400  780 242 2462    +1576717   -251           9    -79   38  68  196  +41  226 +102  226  102  29  0  0 L3P 69
G06 FF 61058 123000  780 134  310    +6035945   +123          11    +87   43  40  343 +121  225  -81  225  -81  32  0  0 L3P 3C
G11 FF 61058 123000  780 366  716    +4699564   -126           0     +7   27  87  135   +2  157   -9  157   -9  20  0  0 L3P FE
G12 FF 61058 123000  780 382  934    +6066696     -2           0     -6   15  95  130  +20  157  +18  157   18  11  0  0 L3P ED
G25 FF 61058 123000  780 807  901    -4492298    +27           4     +3   16  42   82   +2  114   -1  114   -1  10  0  0 L3P B1
G28 FF 61058 123000  780 512 2919    +6095397    -89          -7    -35   18 113  104   -8  132  +29  132   29  13  0  0 L3P 44
G29 FF 61058 123000  780 621 2066    +3909417    -64          -6     +0   22 147   91   -7  130   +0  130    0  16  0  0 L3P D6
G31 FF 61058 123000  780 230 3108    +1719625     -6          22    +15   33  93  206  -56  200  -25  200  -25  25  0  0 L3P 17
G32 FF 61058 123000  780 187 2409    +1576561   -212          18    -41   47  68  249  +73  256  +76  256   76  35  0  0 L3P 6A
G11 FF 61058 124600  780 352  631    +4699436   -160           0    -27   33  87  140   +7  163  +30  163   30  25  0  0 L3P 0E
G12 FF 61058 124600  780 317  975    +6066691    +20         -10    +16   28  95  153  +29  186  +17  186   17  19  0  0 L3P 49
G25 FF 61058 124600  780 732 1003    -4492275    +11           4    -13   15  42   84   +3  120  +13  120   13  10  0  0 L3P D9
G28 FF 61058 124600  780 555 2821    +6095343    -39         -10    +15   17 113   98   -4  138  -14  138  -14  11  0  0 L3P 46
G29 FF 61058 124600  780 700 2056    +3909356    -64          -6     +0   18 147   86   -4  130   +3  130    3  13  0  0 L3P E5
G31 FF 61058 124600  780 294 3086    +1719591     +2           7    +22   33  93  165  -33  185  -36  185  -36  25  0  0 L3P 35
G32 FF 61058 124600  780 130 2363    +1576365   -159         -13    +13   51  68  352 +153  331  +45  331   45  36  0  0 L3P 67
G11 FF 61058 130200  780 325  556    +4699291   -193         -17    -60   32  87  150  +14  172  +27  172   27  23  0  0 L3P 4C
G12 FF 61058 130200  780 253 1015    +6066707     -6           2    -11   35  95  188  +45  207  +55  207   55  28  0  0 L3P 14
G25 FF 61058 130200  780 658 1065    -4492254    +46           2    +22   25  42   89   +5  130   -9  130   -9  18  0  0 L3P ED
G26 FF 61058 130200  780 184 2889    +3132418    +74          15    +14   39   2  255  -87  237  -54  237  -54  29  0  0 L3P 4D
G28 FF 61058 130200  780 580 2693    +6095291    -50         -11     +4   28 113   95   -1  133   -5  133   -5  19  0  0 L3P 08
G29 FF 61058 130200  780 777 1998    +3909293    -48          -8    +16   15 147   83   -2  131  -18  131  -18  11  0  0 L3P 48
G31 FF 61058 130200  780 354 3049    +1719565    -78           1    -58   27  93  140  -21  170  +26  170   26  19  0  0 L3P 2E
G11 FF 61058 131800  780 286  494    +4699174   -156          -7    -23   40  87  168  +24  163  +20  163   20  31  0  0 L3P 41
G12 FF 61058 131800  780 190 1053    +6066704    +11          -6     +7   23  95  246  +78  246  +37  246   37  19  0  0 L3P 2C
G18 FF 61058 131800  780 130 1804    +4478429    -15           5    +83   34  52  359 -191  308  -84  308  -84  26  0  0 L3P 62
G25 FF 61058 131800  780 584 1115    -4492235    +59          -2    +35   24  42   95   +8  134  -22  134  -22  18  0  0 L3P 1F
G26 FF 61058 131800  780 249 2910    +3132470    -39           9    -99   33   2  192  -49  207  +44  207   44  25  0  0 L3P 27
G28 FF 61058 131800  780 581 2549    +6095236    -73         -15    -19   22 113   95   +1  139  +18  139   18  16  0  0 L3P 4A
G29 FF 61058 131800  780 843 1706    +3909251    -51          11    +13   20 147   81   -1  113  -15  113  -15  14  0  0 L3P 20
G31 FF 61058 131800  780 409 2994    +1719535    -37          -9    -17   26  93  124  -13  155   +0  155    0  17  0  0 L3P 1C
G11 FF 61058 133400  780 238  445    +4699038    -91         -15    +42   28  87  199  +41  176  -38  176  -38  21  0  0 L3P 64
G18 FF 61058 133400  780 200 1798    +4478352    -77          21    +21   39  52  236  -84  272  -59  272  -59  27  0  0 L3P 68
G21 FF 61058 133400  780 117  670    -3827858   -118         -24    -42   40  16  389  -97  211  -17  211  -17  34  0  0 L3P 61
G25 FF 61058 133400  780 511 1159    -4492214    +25          -3     +1   20  42  104  +11  139   +9  139    9  14  0  0 L3P E9
G26 FF 61058 133400  780 316 2926    +3132537   +111          18    +51   38   2  154  -31  173  -67  173  -67  28  0  0 L3P 4C
G28 FF 61058 133400  780 557 2414    +6095178    -64         -21    -11   18 113   98   +4  146  +22  146   22  13  0  0 L3P 36
G29 FF 61058 133400  780 834  938    +3909181    -98           2    -34   18 147   81   +1  113  +16  113   16  13  0  0 L3P 0D
G31 FF 61058 133400  780 453 2919    +1719506     +0         -19    +20   37  93  114   -8  155  -20  155  -20  30  0  0 L3P 24
G04 FF 61058 135000  780 110 3287     -389349    +11          18    +35   64  40  413  -27  252  -26  252  -26  44  0  0 L3P 32
G05 FF 61058 135000  780 149  909    +2274826    +68           2    +61   45  77  311  -92  225 -112  225 -112  33  0  0 L3P 48
G11 FF 61058 135000  780 185  409    +4698931    -19           6   +114   51  87  252  +74  164  -81  164  -81  40  0  0 L3P 46
G18 FF 61058 135000  780 273 1791    +4478242   -100           5     -3   35  52  177  -46  243  -57  243  -57  26  0  0 L3P 43
G21 FF 61058 135000  780 143  607    -3827922    -86         -14    -10   41  16  322  -47  180   +4  180    4  32  0  0 L3P 04
G25 FF 61058 135000  780 440 1198    -4492194    +57          -6    +34   17  42  116  +15  158  -18  158  -18  14  0  0 L3P 4E
G26 FF 61058 135000  780 385 2935    +3132577   +114           1    +54   33   2  130  -21  161  -58  161  -58  22  0  0 L3P 2A
G28 FF 61058 135000  780 513 2304    +6095133    -86         -14    -33   33 113  103   +8  149  +33  149   33  23  0  0 L3P 3A
G29 FF 61058 135000  780 766  728    +3909109    -32          -8    +32   16 147   83   +3  114  -20  114  -20  11  0  0 L3P 16
G31 FF 61058 135000  780 484 2822    +1719485     +3         -19    +23   24  93  108   -4  143  -28  143  -28  17  0  0 L3P 35
G04 FF 61058 140600  780 111 3223     -389384     -7           2    +17   50  41  407  +12  254   -6  254   -6  40  0  0 L3P DD
G05 FF 61058 140600  780 190  848    +2274857    -69          30    -76   34  78  247  -48  161  +29  161   29  27  0  0 L3P 50
G11 FF 61058 140600  780 128  384    +4698780    -71         -21    +62   56  88  359 +161  181  -68  181  -68  47  0  0 L3P 7D
G16 FF 61058 140600  780 114 2941    -1903554   -149         -20    -73   40  71  407 -225  292   +3  292    3  28  0  0 L3P 48
G18 FF 61058 140600  780 347 1783    +4478153   -119           5    -21   29  53  142  -28  194  -35  194  -35  23  0  0 L3P 5E
G21 FF 61058 140600  780 159  540    -3827976    -74           4     +2   43  16  291  -20  148  -24  148  -24  35  0  0 L3P 1C
G25 FF 61058 140600  780 369 1235    -4492175     +6         -11    -18   22  61  134  +22  168  +25  168   25  16  0  0 L3P 37
G26 FF 61058 140600  780 454 2933    +3132628    +85          -6    +25   23  30  114  -14  144  -37  144  -37  16  0  0 L3P 3E
G28 FF 61058 140600  780 457 2222    +6095086    -66         -11    -12   24 113  113  +12  157  +24  157   24  17  0  0 L3P 4E
G29 FF 61058 140600  780 692  690    +3909070    -36          16    +27   16 148   86   +4   96   -9   96   -9  11  0  0 L3P 00
G31 FF 61058 140600  780 496 2710    +1719464    -19         -10     +2   14   1  106   +0  141   -8  141   -8  10  0  0 L3P DD
G04 FF 61058 142200  780 102 3158     -389418    -32          -9     -8   41  41  440  +58  268  +15  268   15  31  0  0 L3P 16
G05 FF 61058 142200  780 224  780    +2274839    +10           4     +3   28  78  211  -27  151   -9  151   -9  23  0  0 L3P E8
G16 FF 61058 142200  780 178 2963    -1903590    -47          17    +30   35  71  264  -97  210  -87  210  -87  26  0  0 L3P 5E
G18 FF 61058 142200  780 424 1771    +4478053    -67          -1    +31   27  53  120  -18  161  -58  161  -58  20  0  0 L3P 42
G21 FF 61058 142200  780 164  472    -3828062    -84          -9     -8   41  16  282   +1  154  -10  154  -10  29  0  0 L3P 06
G25 FF 61058 142200  780 301 1269    -4492154    +74         -12    +50   28  61  161  +34  181  -27  181  -27  23  0  0 L3P 4B
G26 FF 61058 142200  780 524 2915    +3132694    +65           2     +5   20  30  102  -10  120  -22  120  -22  15  0  0 L3P F5
G28 FF 61058 142200  780 393 2162    +6095039    -45          -7     +9   24 113  127  +19  166   +2  166    2  20  0  0 L3P 10
G29 FF 61058 142200  780 619  693    +3908991     -1          -2    +63   23 148   92   +6  105  -35  105  -35  16  0  0 L3P 19
G31 FF 61058 142200  780 487 2595    +1719449    -27          -5     -7   29   1  107   +3  133   +6  133    6  20  0  0 L3P DD
G05 FF 61058 143800  780 247  707    +2274841    -32           0    -39   27  78  193  -13  140  +20  140   20  20  0  0 L3P 08
G16 FF 61058 143800  780 245 2981    -1903678    -24           3    +52   30  71  195  -52  170 -104  170 -104  21  0  0 L3P 57
G18 FF 61058 143800  780 501 1750    +4477942    -92         -19     +6   29  53  106  -12  147  -28  147  -28  19  0  0 L3P 5B
G21 FF 61058 143800  780 158  406    -3828152    -77         -26     -1   34  16  293  +21  151   -9  151   -9  26  0  0 L3P 14
G25 FF 61058 143800  780 233 1300    -4492137    +28         -18     +4   32  61  203  +56  200  +18  200   18  25  0  0 L3P 1C
G26 FF 61058 143800  780 591 2871    +3132751    +54           2     -6   17  30   94   -7  106   -4  106   -4  11  0  0 L3P D6
G28 FF 61058 143800  780 326 2117    +6095001    -44           7     +9   32 113  150  +29  173  +16  173   16  22  0  0 L3P 1E
G29 FF 61058 143800  780 546  712    +3908920   -106         -12    -42   22 148   99   +9  112  +26  112   26  15  0  0 L3P 3A
G31 FF 61058 143800  780 459 2490    +1719430    -41          -5    -21   24   1  112   +7  132  +21  132   21  18  0  0 L3P F5
G05 FF 61058 145400  780 258  629    +2274840     +7          -7     +0   30  78  185   -3  132  -20  132  -20  22  0  0 L3P ED
G16 FF 61058 145400  780 313 2992    -1903777    -33         -24    +43   24  71  155  -32  152  -65  152  -65  18  0  0 L3P 62
G18 FF 61058 145400  780 577 1713    +4477859    -77          -8    +21   21  53   96   -8  121  -37  121  -37  14  0  0 L3P 3A
G21 FF 61058 145400  780 141  343    -3828238   -198         -39   -121   40  16  326  +51  149  +59  149   59  28  0  0 L3P 72
G25 FF 61058 145400  780 168 1328    -4492123    -11         -27    -35   24  61  277 +105  224  +38  224   38  19  0  0 L3P 60
G26 FF 61058 145400  780 652 2783    +3132796    +67         -12     +6   16  30   89   -4  103  -17  103  -17  10  0  0 L3P 1E
G28 FF 61058 145400  780 257 2082    +6094928    -97         -14    -44   31 113  185  +47  208  +69  208   69  23  0  0 L3P 7B
G29 FF 61058 145400  780 476  738    +3908857    -22         -13    +42   29 148  109  +12  105  -39  105  -39  22  0  0 L3P 69
G31 FF 61058 145400  780 417 2402    +1719398    -36         -17    -15   26   1  121  +12  147  +23  147   23  19  0  0 L3P 2C
G05 FF 61058 151000  780 255  552    +2274852     +6          -2     -1   38  78  186   +6  118  -15  118  -15  25  0  0 L3P FB
G16 FF 61058 151000  780 384 2993    -1903845    -78         -19     -2   28  71  130  -21  117  -12  117  -12  20  0  0 L3P 40
G18 FF 61058 151000  780 648 1643    +4477769   -132          -4    -35   26  53   89   -5  100   +4  100    4  19  0  0 L3P 07
G21 FF 61058 151000  780 113  286    -3828268    -95           5    -19   46  16  400 +109   89  -26   89  -26  37  0  0 L3P 2D
G25 FF 61058 151000  780 104 1353    -4492097    -12         -24    -36   50  61  439 +260  234  +40  234   40  39  0  0 L3P 4D
G26 FF 61058 151000  780 698 2628    +3132852    +73         -13    +13   19  30   86   -2   94  -12   94  -12  13  0  0 L3P 0D
G27 FF 61058 151000  780 104 2650     +212156    +86          22     +8   42  57  443 -254  270 -107  270 -107  30  0  0 L3P 47
G28 FF 61058 151000  780 189 2053    +6094892    -22           1    +32   44 113  247  +86  225  +15  225   15  38  0  0 L3P 3C
G29 FF 61058 151000  780 408  770    +3908798    -86         -12    -22   26 148  123  +17  103  +19  103   19  19  0  0 L3P 53
G31 FF 61058 151000  780 364 2332    +1719389    -45          -7    -24   22   1  136  +19  147  +31  147   31  15  0  0 L3P 1A
G05 FF 61058 152600  780 240  479    +2274853    +65          -7    +58   34  78  198  +18  105  -56  105  -56  26  0  0 L3P 4E
G16 FF 61058 152600  780 455 2982    -1903937    -61         -38    +15   24  71  113  -14  112  -23  112  -23  17  0  0 L3P 50
G18 FF 61058 152600  780 710 1510    +4477670   -123          -9    -25   21  53   86   -3   90   +5   90    5  14  0  0 L3P DB
G23 FF 61058 152600  780 139 1464    -6010893    -16           0    +34   53  43  336 -157  203  -96  203  -96  43  0  0 L3P 50
G26 FF 61058 152600  780 714 2403    +3132924    +80           1    +20   19  30   85   +0   79   -5   79   -5  13  0  0 L3P C1
G27 FF 61058 152600  780 165 2686     +212220    +91          12    +13   38  57  284 -106  195  -77  195  -77  29  0  0 L3P 61
G28 FF 61058 152600  780 123 2028    +6094830   -124          -5    -71   51 115  373 +194  267 +100  267  100  42  0  0 L3P 87
G29 FF 61058 152600  780 341  804    +3908731    -60         -18     +4   30 148  143  +25  107   -6  107   -6  23  0  0 L3P 19
G31 FF 61058 152600  780 306 2275    +1719377    -53           1    -33   29   1  158  +29  150  +31  150   31  24  0  0 L3P 0C
G05 FF 61058 154200  780 212  414    +2274873    +58           6    +51   47  78  222  +34   83  -63   83  -63  36  0  0 L3P 0C
G16 FF 61058 154200  780 524 2950    -1903990    -56         -18    +20   22  71  102  -10   85  -32   85  -32  16  0  0 L3P 2C
G18 FF 61058 154200  780 746 1273    +4477579   -105          -6     -7   22  53   84   -1   75   -6   75   -6  15  0  0 L3P F2
G23 FF 61058 154200  780 204 1433    -6010945    -59          -4     -9   32  43  232  -74  158  -54  158  -54  25  0  0 L3P 39
G26 FF 61058 154200  780 692 2183    +3132970    +53         -10     -7   21  30   86   +2   82   -4   82   -4  16  0  0 L3P CF
G27 FF 61058 154200  780 228 2722     +212289    +59           4    -19   32  57  208  -57  154  -26  154  -26  25  0  0 L3P 33
G29 FF 61058 154200  780 277  839    +3908688    -76           1    -12   24 148  173  +37   94   -1   94   -1  17  0  0 L3P 11
G31 FF 61058 154200  780 244 2230    +1719362    +33           6    +54   34   1  194  +47  167  -18  167  -18  27  0  0 L3P 26
G05 FF 61058 155800  780 174  358    +2274884    -80          10    -87   25  78  268  +64   61  +40   61   40  20  0  0 L3P 17
G16 FF 61058 155800  780 590 2888    -1904070    -82         -24     -6   18  71   94   -6   84   -6   84   -6  13  0  0 L3P F9
G18 FF 61058 155800  780 739  987    +4477469   -121         -23    -23   17  53   84   +1   77   +4   77    4  12  0  0 L3P FF
G23 FF 61058 155800  780 270 1397    -6011000    -83         -11    -33   31  43  178  -42  134   +0  134    0  24  0  0 L3P 08
G26 FF 61058 155800  780 642 2032    +3133033    +85          -6    +25   21  30   90   +5   81  -26   81  -26  14  0  0 L3P EB
G27 FF 61058 155800  780 293 2758     +212368    +76           8     -2   30  57  165  -35  118  -33  118  -33  23  0  0 L3P 24
G29 FF 61058 155800  780 214  876    +3908619    -33          -7    +31   36 148  219  +61  102  -27  102  -27  29  0  0 L3P 55
G31 FF 61058 155800  780 182 2192    +1719340    -28           3     -7   33   1  256  +85  182  +21  182   21  26  0  0 L3P 02
G05 FF 61058 161400  780 128  313    +2274864     -7         -14    -14   54  83  359 +135   56  -42   56  -42  40  0  0 L3P 25
G16 FF 61058 161400  780 644 2776    -1904125    -85          -5     -9   22  75   90   -4   66   -1   66   -1  15  0  0 L3P D5
G18 FF 61058 161400  780 695  790    +4477398    -57          -5    +41   16  54   86   +3   59  -29   59  -29  12  0  0 L3P 19
G23 FF 61058 161400  780 335 1353    -6011025    -15          11    +35   24  44  146  -26   90  -51   90  -51  19  0  0 L3P 11
G26 FF 61058 161400  780 578 1942    +3133091    +36          -6    -24   23  30   95   +7   80  +18   80   18  18  0  0 L3P F4
G27 FF 61058 161400  780 360 2793     +212450    +72          16     -6   28  58  138  -23   96  -20   96  -20  23  0  0 L3P 05
G29 FF 61058 161400  780 154  913    +3908550   -128         -12    -65   60 149  301 +115   97  +36   97   36  47  0  0 L3P 5E
G31 FF 61058 161400  780 121 2159    +1719298   -185         -17   -165   34  12  379 +187  233 +162  233  162  26  0  0 L3P B0
G10 FF 61058 163000  780 159 1640    +5834050    +20           8     -6   35  17  294 -128  151  -53  151  -53  26  0  0 L3P 2D
G16 FF 61058 163000  780 678 2604    -1904203    -59          -9    +18   23  75   87   -1   64  -17   64  -17  16  0  0 L3P 0F
G18 FF 61058 163000  780 633  690    +4477299    -59         -10    +39   30  54   90   +5   52  -42   52  -42  21  0  0 L3P 04
G23 FF 61058 163000  780 398 1297    -6011082    -44           2     +6   19  44  126  -17   73  -24   73  -24  14  0  0 L3P 01
G26 FF 61058 163000  780 507 1890    +3133135    +41         -19    -19   27  30  104  +11   92  +19   92   19  19  0  0 L3P 1E
G27 FF 61058 163000  780 429 2826     +212525    +78          16     +0   27  58  119  -16   76  -27   76  -27  18  0  0 L3P 15
G07 FF 61058 164600  780 116 3296    +1370061    +97          -2    +46   50  41  395  -75   81  -35   81  -35  37  0  0 L3P 2F
G08 FF 61058 164600  780 184 2851    -5028008     +3          32    -41   39  90  256  -87  110  -16  110  -16  31  0  0 L3P 32
G10 FF 61058 164600  780 230 1622    +5834054    -46         -13    -72   28  17  207  -63  124  +16  124   16  23  0  0 L3P 3A
G15 FF 61058 164600  780 101  687    -3778282     +6          -7    +42   35  49  450 -133   42  -34   42  -34  32  0  0 L3P 16
G16 FF 61058 164600  780 678 2395    -1904271    -96          -5    -19   24  75   87   +1   54  +10   54   10  16  0  0 L3P 02
G18 FF 61058 164600  780 564  645    +4477214    -35          -1    +63   23  54   97   +8   37  -50   37  -50  17  0  0 L3P FD
G23 FF 61058 164600  780 454 1225    -6011130    -73           1    -23   27  44  114  -11   55   -9   55   -9  19  0  0 L3P E5
G26 FF 61058 164600  780 434 1858    +3133199    +69         -13     +9   33  30  117  +16   90  -10   90  -10  26  0  0 L3P 20
G27 FF 61058 164600  780 501 2855     +212599    +42          15    -37   21  58  105  -12   63  +12   63   12  15  0  0 L3P FD
G07 FF 61058 170200  780 133 3238    +1370133    +98          22    +47   44  41  345  -33   75  -24   75  -24  32  0  0 L3P 1F
G08 FF 61058 170200  780 248 2878    -5027976    +28          21    -16   40  90  192  -49   92  -15   92  -15  30  0  0 L3P 3D
G10 FF 61058 170200  780 302 1601    +5834088    +24          -4     -2   29  17  161  -36   94  -25   94  -25  23  0  0 L3P 05
G15 FF 61058 170200  780 127  623    -3778316    -28          -7     +7   43  49  361  -62   40  -11   40  -11  35  0  0 L3P F8
G16 FF 61058 170200  780 646 2216    -1904351    -82         -12     -6   20  75   89   +4   59   +7   59    7  14  0  0 L3P D7
G18 FF 61058 170200  780 493  630    +4477111   -117         -11    -19   21  54  106  +12   33   -1   33   -1  15  0  0 L3P F0
G23 FF 61058 170200  780 499 1132    -6011198    -62         -18    -12   22  44  106   -6   56  -10   56  -10  18  0  0 L3P 14
G26 FF 61058 170200  780 361 1838    +3133251    +81         -19    +21   31  30  137  +25   95  -12   95  -12  25  0  0 L3P 22
G27 FF 61058 170200  780 574 2879     +212655    +73          -4     -6   19  58   96   -8   62  -16   62  -16  14  0  0 L3P F3
G07 FF 61058 171800  780 141 3177    +1370187    +86          26    +35   31  41  327   -6   79  -37   79  -37  22  0  0 L3P 29
G08 FF 61058 171800  780 315 2901    -5027949   +102           6    +58   29  90  155  -31   77  -63   77  -63  19  0  0 L3P 42
G10 FF 61058 171800  780 375 1574    +5834124     +7           6    -20   24  17  133  -23   72   -4   72   -4  17  0  0 L3P D7
G15 FF 61058 171800  780 144  556    -3778345    -76          -2    -41   49  49  320  -26   27  +34   27   34  41  0  0 L3P 16
G16 FF 61058 171800  780 591 2094    -1904411    -76           1     +0   21  75   94   +6   53   +7   53    7  15  0  0 L3P AE
G18 FF 61058 171800  780 423  631    +4476999   -113         -29    -16   29  54  120  +17   47   +6   47    6  21  0  0 L3P 15
G23 FF 61058 171800  780 529 1017    -6011233    -39          -6    +11   23  44  101   -3   40  -16   40  -16  16  0  0 L3P F0
G26 FF 61058 171800  780 289 1824    +3133322    +29          -6    -31   28  30  166  +38   91  +26   91   26  21  0  0 L3P 18
G27 FF 61058 171800  780 649 2892     +212735    +84           1     +6   15  58   89   -6   50  -18   50  -18  10  0  0 L3P DD
G02 FF 61058 173400  780 108 2479     -194271    -87         -12     -5   46  38  428 -244  156  -41  156  -41  38  0  0 L3P 59
G07 FF 61058 173400  780 138 3114    +1370234   +116          24    +65   39  41  333  +19   72  -40   72  -40  29  0  0 L3P 2C
G08 FF 61058 173400  780 383 2919    -5027909    +44           3     +0   30  90  130  -21   59   -5   59   -5  20  0  0 L3P DF
G10 FF 61058 173400  780 448 1538    +5834139    +88          -4    +61   25  17  115  -15   66  -73   66  -73  17  0  0 L3P 37
G15 FF 61058 173400  780 150  487    -3778374    -27           3     +8   40  49  307   -2   20   -4   20   -4  30  0  0 L3P B6
G16 FF 61058 173400  780 524 2018    -1904499   -113         -14    -37   32  75  102  +10   70  +30   70   30  25  0  0 L3P 23
G18 FF 61058 173400  780 354  644    +4476925    -98          -9     -1   32  54  139  +24   30   -6   30   -6  24  0  0 L3P E7
G23 FF 61058 173400  780 537  891    -6011281    -25          -5    +25   22  44  100   +0   33  -29   33  -29  15  0  0 L3P EC
G26 FF 61058 173400  780 219 1813    +3133380    +46          -6    -15   34  30  215  +66  101  +35  101   35  24  0  0 L3P 1E
G27 FF 61058 173400  780 725 2883     +212816    +73           6     -6   15  58   85   -4   37   -5   37   -5   9  0  0 L3P AF
G02 FF 61058 175000  780 171 2516     -194363   -201         -26   -119   50  38  275 -101  137  +47  137   47  39  0  0 L3P 6F
G07 FF 61058 175000  780 125 3051    +1370290    +38          31    -13   42  41  365  +51   69  +17   69   17  31  0  0 L3P 0D
G08 FF 61058 175000  780 454 2929    -5027868    +80           2    +36   28  90  114  -14   47  -40   47  -40  20  0  0 L3P 1C
G10 FF 61058 175000  780 517 1483    +5834165    -11          -3    -37   23  17  103  -10   52  +15   52   15  15  0  0 L3P FB
G15 FF 61058 175000  780 145  418    -3778409    -90           2    -54   46  49  317  +23   14  +44   14   44  34  0  0 L3P FE
G16 FF 61058 175000  780 453 1970    -1904572   -106         -13    -30   29  75  114  +15   78  +28   78   28  27  0  0 L3P 48
G18 FF 61058 175000  780 287  664    +4476820   -135         -19    -37   29  54  167  +36   37  +33   37   33  23  0  0 L3P 40
G23 FF 61058 175000  780 523  769    -6011331    -71          -7    -21   30  44  102   +3   30  +17   30   17  23  0  0 L3P CE
G26 FF 61058 175000  780 151 1804    +3133441    +22          -2    -38   34  30  306 +133  114  +67  114   67  24  0  0 L3P 2E
G27 FF 61058 175000  780 799 2799     +212874   +104         -12    +25   14  58   82   -2   48  -16   48  -16  11  0  0 L3P 21
G02 FF 61058 180600  780 234 2554     -194412    -75           6     +7   36  46  203  -54   95  -30   95  -30  27  0  0 L3P F5
G07 FF 61058 180600  780 103 2989    +1370344     +1          36    -50   43  43  439 +109   74  +56   74   56  32  0  0 L3P 22
G08 FF 61058 180600  780 525 2926    -5027821    +29          -1    -16   28   2  102  -10   39   +8   39    8  18  0  0 L3P E2
G10 FF 61058 180600  780 581 1401    +5834168    +49         -25    +23   13  17   95   -6   58  -32   58  -32  10  0  0 L3P 0F
G15 FF 61058 180600  780 129  353    -3778429    +27           9    +62   37   1  355  +59    8  -48    8  -48  31  0  0 L3P ED
G16 FF 61058 180600  780 380 1939    -1904637    -83          -9     -6   26  76  131  +22   78  +11   78   11  20  0  0 L3P 10
G18 FF 61058 180600  780 223  688    +4476717    -76         -35    +22   37  55  212  +59   40  -34   40  -34  26  0  0 L3P 31
G23 FF 61058 180600  780 489  667    -6011384    -72         -14    -22   18  45  107   +7   27   +9   27    9  13  0  0 L3P ED
G27 FF 61058 180600  780 853 2317     +212968    +60           9    -18   16  62   81   +0   34   +4   34    4  11  0  0 L3P A7
G02 FF 61058 182200  780 298 2594     -194486   -132          11    -50   31  46  162  -33   73  +21   73   21  22  0  0 L3P 12
G08 FF 61058 182200  780 596 2902    -5027774    +51           4     +7   22   2   94   -7   34   -9   34   -9  15  0  0 L3P B6
G10 FF 61058 182200  780 631 1278    +5834194    +49         -24    +23   19  17   91   -3   46  -24   46  -24  15  0  0 L3P 13
G15 FF 61058 182200  780 102  294    -3778478     +3          -6    +39   31   1  443 +132   23  -19   23  -19  23  0  0 L3P F9
G16 FF 61058 182200  780 307 1917    -1904684    -36          17    +40   31  76  158  +34   66  -15   66  -15  21  0  0 L3P 31
G18 FF 61058 182200  780 160  717    +4476641   -116         -16    -18   51  55  290 +110   27   +3   27    3  40  0  0 L3P 0A
G23 FF 61058 182200  780 441  591    -6011433    -63         -15    -13   29  45  116  +11   30  +10   30   10  20  0  0 L3P E6
G27 FF 61058 182200  780 814 1666     +213035    +63           1    -16   22  62   82   +1   30  +13   30   13  14  0  0 L3P AD
G02 FF 61058 183800  780 363 2636     -194558    -83          17     -1   23  46  136  -22   45  -12   45  -12  17  0  0 L3P 07
G08 FF 61058 183800  780 664 2841    -5027742    +37          -7     -8   24   2   88   -5   35   +2   35    2  16  0  0 L3P B6
G10 FF 61058 183800  780 658 1110    +5834236    +11          -7    -15   13  17   89   -1   29   +7   29    7   9  0  0 L3P C1
G16 FF 61058 183800  780 236 1901    -1904790   -128         -15    -52   37  76  201  +58  102  +57  102   57  29  0  0 L3P 66
G23 FF 61058 183800  780 384  539    -6011492    -46         -26     +4   23  45  130  +18   36   -3   36   -3  15  0  0 L3P EB
G27 FF 61058 183800  780 740 1539     +213091    +66         -18    -12   15  62   84   +3   42   +1   42    1  10  0  0 L3P B9
G01 FF 61058 185400  780 113 2574    -3426346    -27         -12    -65   38 237  409 -213  108  +10  108   10  29  0  0 L3P 67
G02 FF 61058 185400  780 429 2679     -194647    -71           6    +10   26  46  119  -15   44  -13   44  -13  19  0  0 L3P 0F
G08 FF 61058 185400  780 723 2707    -5027706    +19         -14    -26   20   2   85   -2   35   +9   35    9  14  0  0 L3P D1
G10 FF 61058 185400  780 655  925    +5834234     -6         -35    -32   24  17   89   +1   44  +15   44   15  17  0  0 L3P E4
G16 FF 61058 185400  780 167 1886    -1904845    -56           2    +20   44  76  278 +111   92  +11   92   11  35  0  0 L3P 27
G23 FF 61058 185400  780 322  506    -6011530    -20         -16    +30   27  45  151  +27   32  -16   32  -16  20  0  0 L3P FD
G27 FF 61058 185400  780 661 1513     +213168    +92         -17    +13   19  62   88   +6   43   +8   43    8  13  0  0 L3P D1
G32 FF 61058 185400  780 153 1288    +1572599   -198          -6    -26   31  43  305 -118   84   +5   84    5  24  0  0 L3P 2D
G01 FF 61058 191000  780 173 2611    -3426265    +93          31    +54   45 237  271  -94   47  -70   47  -70  36  0  0 L3P 3E
G02 FF 61058 191000  780 496 2723     -194737   -115          -5    -33   25  46  106  -11   41  +21   41   21  19  0  0 L3P 04
G08 FF 61058 191000  780 755 2457    -5027660    +17         -11    -27   21   2   83   +0   29  +17   29   17  14  0  0 L3P EB
G10 FF 61058 191000  780 624  771    +5834278    +32         -15     +6   19  17   91   +4   27   -2   27   -2  12  0  0 L3P BE
G16 FF 61058 191000  780 100 1873    -1904916    -35           5    +41   44  76  452 +282   97  -35   97  -35  31  0  0 L3P 35
G23 FF 61058 191000  780 258  488    -6011541    +48          21    +98   32  45  185  +44    0  -68    0  -68  24  0  0 L3P F8
G27 FF 61058 191000  780 583 1513     +213245    +62         -16    -17   18  62   95   +8   48  +23   48   23  14  0  0 L3P EF
G32 FF 61058 191000  780 212 1244    +1572455   -171          15     +1   34  43  223  -60   61  -10   61  -10  29  0  0 L3P 02
G01 FF 61058 192600  780 234 2649    -3426260    +23          -1    -15   38 237  203  -52   51  -11   51  -11  30  0  0 L3P 18
G02 FF 61058 192600  780 564 2769     -194816    -92          -5    -10   18  46   97   -8   32   +4   32    4  11  0  0 L3P C9
G08 FF 61058 192600  780 743 2161    -5027626    +36         -19     -9   13   2   84   +1   34  +26   34   26   9  0  0 L3P D1
G10 FF 61058 192600  780 573  667    +5834296   +115         -23    +89   17  17   96   +6   29  -65   29  -65  11  0  0 L3P 32
G14 FF 61058 192600  780 125 3266    -7295924    -41          32    -17   45  10  368 -121   -3   +4   -3    4  34  0  0 L3P FA
G23 FF 61058 192600  780 193  482    -6011619    -54          -9     -4   36  45  242  +80   24   +3   24    3  27  0  0 L3P CC
G27 FF 61058 192600  780 505 1523     +213326    +75         -10     -3   21  62  105  +12   54  +17   54   17  16  0  0 L3P E9
G32 FF 61058 192600  780 268 1194    +1572266   -236         -10    -65   35  43  179  -35   72  +36   72   36  27  0  0 L3P 4E
G01 FF 61058 194200  780 297 2688    -3426209    +98          13    +59   38 237  163  -33   25  -49   25  -49  29  0  0 L3P 61
G02 FF 61058 194200  780 632 2817     -194895    -58          -5    +23   21  46   91   -6   31  -14   31  -14  14  0  0 L3P EC
G08 FF 61058 194200  780 694 1966    -5027585    +71         -20    +26   16   2   86   +4   39  -10   39  -10  11  0  0 L3P 04
G10 FF 61058 194200  780 512  605    +5834315    +72         -29    +46   22  17  104  +10   31  -24   31  -24  17  0  0 L3P 05
G14 FF 61058 194200  780 163 3217    -7295962    -18          17     +6   36  10  286  -59    6  -16    6  -16  29  0  0 L3P 09
G23 FF 61058 194200  780 128  485    -6011659    -45          -1     +5   42  45  358 +175   11   -2   11   -2  30  0  0 L3P DF
G27 FF 61058 194200  780 428 1536     +213409    +96          -2    +18   25  62  119  +17   56   +2   56    2  17  0  0 L3P E0
G32 FF 61058 194200  780 321 1135    +1572121   -156          10    +15   23  43  152  -22   43  -19   43  -19  19  0  0 L3P 1E
G01 FF 61058 195800  780 361 2726    -3426192    +40          -7     +1   34 237  137  -22   34  -10   34  -10  23  0  0 L3P 0D
G02 FF 61058 195800  780 701 2871     -194958    -29          10    +52   16  46   86   -4   22  -38   22  -38  11  0  0 L3P FE
G08 FF 61058 195800  780 627 1866    -5027541    +55         -19    +10   20   2   91   +6   42   +4   42    4  13  0  0 L3P C7
G10 FF 61058 195800  780 446  572    +5834343    +67         -25    +41   25  17  115  +14   34   -5   34   -5  19  0  0 L3P 00
G14 FF 61058 195800  780 192 3159    -7295996    +35           6    +58   41  10  244  -31   11  -44   11  -44  28  0  0 L3P 25
G22 FF 61058 195800  780 119 3294     +572749   -124          11    -80   48   2  385 -128   16  +42   16   42  36  0  0 L3P 29
G27 FF 61058 195800  780 353 1550     +213487   +161           1    +83   25  62  139  +26   62  -60   62  -60  21  0  0 L3P 11
G32 FF 61058 195800  780 367 1065    +1571935   -199         -11    -27   23  43  135  -14   47  +15   47   15  17  0  0 L3P 48
G01 FF 61058 201400  780 427 2765    -3426151     +7          -4    -32   31 238  119  -16   31  +27   31   27  21  0  0 L3P FE
G02 FF 61058 201400  780 771 2937     -195045    -66           8    +16   20  47   83   -2   29  -14   29  -14  13  0  0 L3P DF
G03 FF 61058 201400  780 121 2244    -5948805    +43          48    -61   54  29  385 -210   57  +38   57   38  43  0  0 L3P 39
G08 FF 61058 201400  780 554 1815    -5027496    +66         -17    +22   24   2   98   +9   48  -17   48  -17  18  0  0 L3P 12
G10 FF 61058 201400  780 378  559    +5834344    +23         -46     -3   22  20  131  +21   44   +7   44    7  17  0  0 L3P CD
G14 FF 61058 201400  780 211 3094    -7296026    -29          -5     -5   32  11  223  -14   17   -1   17   -1  22  0  0 L3P CE
G22 FF 61058 201400  780 155 3245     +572704     -9           6    +35   35   3  299  -61   19  -39   19  -39  25  0  0 L3P EC
G27 FF 61058 201400  780 280 1564     +213558   +122          -2    +44   30  67  171  +41   67  -29   67  -29  22  0  0 L3P 1B
G32 FF 61058 201400  780 403  982    +1571778   -169          -3     +2   29  43  125   -8   32  -10   32  -10  22  0  0 L3P ED
G01 FF 61058 203000  780 495 2802    -3426111    -31          -2    -70   26 238  106  -11   29  +48   29   48  19  0  0 L3P 1A
G02 FF 61058 203000  780 841 3061     -195121    -84          11     -2   16  47   81   -1   26   -7   26   -7  10  0  0 L3P 9F
G03 FF 61058 203000  780 187 2273    -5948727   +115          25    +10   30  29  251  -90   64  -22   64  -22  21  0  0 L3P 2C
G08 FF 61058 203000  780 478 1788    -5027463    +49         -26     +4   28   2  109  +13   63   -4   63   -4  21  0  0 L3P ED
G10 FF 61058 203000  780 311  559    +5834367     +2         -47    -24   26  20  156  +31   46  +17   46   17  21  0  0 L3P F1
G14 FF 61058 203000  780 218 3024    -7296059    -45         -16    -21   37  11  216   -2   25  +29   25   29  28  0  0 L3P 0D
G22 FF 61058 203000  780 182 3188     +572636    -29         -20    +15   47   3  256  -31   28   -6   28   -6  32  0  0 L3P E8
G27 FF 61058 203000  780 210 1577     +213649   +131          13    +52   36  67  224  +72   56  -42   56  -42  28  0  0 L3P 1C
G32 FF 61058 203000  780 424  889    +1571592   -145         -24    +27   17  43  120   -3   40  -39   40  -39  15  0  0 L3P 1B
G01 FF 61058 204600  780 564 2838    -3426082    -13         -10    -51   19 238   97   -8   32  +30   32   30  13  0  0 L3P 09
G02 FF 61058 204600  780 879  664     -195192    -75          19     +6   15  47   81   +0   21  -11   21  -11  10  0  0 L3P C1
G03 FF 61058 204600  780 255 2307    -5948639    +41          13    -63   35  29  188  -49   67  +27   67   27  25  0  0 L3P 3B
G08 FF 61058 204600  780 403 1774    -5027436    +30         -42    -15   30   2  125  +20   77  +20   77   20  23  0  0 L3P F9
G10 FF 61058 204600  780 245  568    +5834390     +9         -50    -17   31  20  194  +50   50  +13   50   13  24  0  0 L3P ED
G14 FF 61058 204600  780 214 2953    -7296069     -8          -3    +16   31  11  220  +10   23   -5   23   -5  22  0  0 L3P D3
G17 FF 61058 204600  780 114 3167     +366100    +61         -15    -53   29  77  406 -215   55  +24   55   24  23  0  0 L3P 1D
G22 FF 61058 204600  780 200 3125     +572606    -66          -6    -22   50   3  235  -14   22  +13   22   13  35  0  0 L3P CB
G27 FF 61058 204600  780 141 1587     +213700   +116         -11    +38   31  67  327 +153   85  -15   85  -15  22  0  0 L3P 3A
G32 FF 61058 204600  780 429  791    +1571428   -171         -24     +1   33  43  118   +1   36  -12   36  -12  25  0  0 L3P FE
G01 FF 61058 210200  780 635 2871    -3426058    +71         -23    +32   20 238   90   -6   34  -28   34  -28  13  0  0 L3P 14
G02 FF 61058 210200  780 813 1080     -195278    -77          11     +5   19  47   82   +2   21   -7   21   -7  13  0  0 L3P A9
G03 FF 61058 210200  780 325 2343    -5948563    +74         -11    -31   37  29  151  -30   65   +5   65    5  27  0  0 L3P FE
G08 FF 61058 210200  780 329 1766    -5027382    +57         -30    +13   34   2  148  +30   73   +8   73    8  26  0  0 L3P ED
G10 FF 61058 210200  780 180  584    +5834447    +47         -17    +21   39  20  259  +90   19  -10   19  -10  33  0  0 L3P 14
G14 FF 61058 210200  780 198 2882    -7296089    +59           0    +83   44  11  236  +25   22  -56   22  -56  34  0  0 L3P 20
G17 FF 61058 210200  780 174 3157     +366260    +89          35    -26   55  77  269  -92    8   +2    8    2  39  0  0 L3P D5
G22 FF 61058 210200  780 205 3057     +572560    -64         -11    -20   33   3  229   +0   25   +7   25    7  23  0  0 L3P AA
G32 FF 61058 210200  780 418  698    +1571267   -185         -19    -13   17  43  121   +5   29  +20   29   20  12  0  0 L3P 09
G01 FF 61058 211800  780 708 2898    -3426023    +42         -25     +3   17 238   86   -4   34   -7   34   -7  13  0  0 L3P EE
G02 FF 61058 211800  780 741 1165     -195366   -112           2    -30   32  47   84   +3   27  +27   27   27  20  0  0 L3P D5
G03 FF 61058 211800  780 395 2384    -5948485    +89         -34    -16   30  29  127  -20   67   +3   67    3  22  0  0 L3P 18
G08 FF 61058 211800  780 256 1761    -5027339    +54         -30    +10   35   2  186  +49   77  -14   77  -14  26  0  0 L3P 28
G10 FF 61058 211800  780 117  606    +5834493    +38           3    +12   60  20  390 +201   10   -9   10   -9  47  0  0 L3P D8
G14 FF 61058 211800  780 172 2815    -7296114    -21          -2     +3   52  11  270  +47   24  +13   24   13  41  0  0 L3P E4
G17 FF 61058 211800  780 233 3138     +366344   +215           8   +101   37  77  204  -49   30  -79   30  -79  27  0  0 L3P 2E
G22 FF 61058 211800  780 200 2989     +572522    -48          -6     -4   29   3  235  +13   22   +2   22    2  23  0  0 L3P A5
G32 FF 61058 211800  780 390  615    +1571092   -166         -29     +6   23  43  128  +10   43   +0   43    0  16  0  0 L3P D8
G01 FF 61058 213400  780 783 2907    -3425975    +61         -13    +22   16 238   83   -2   27  -23   27  -23  12  0  0 L3P 1D
G02 FF 61058 213400  780 669 1219     -195426    -77          21     +5   19  47   88   +5   17   -2   17   -2  13  0  0 L3P C0
G03 FF 61058 213400  780 467 2430    -5948367    +42         -16    -63   31  29  111  -14   46  +32   46   32  22  0  0 L3P 1F
G08 FF 61058 213400  780 186 1757    -5027324    -31         -57    -75   40   2  251  +91  102  +79  102   79  30  0  0 L3P 38
G14 FF 61058 213400  780 137 2753    -7296152    +57         -17    +81   46  11  334  +90   49  -38   49  -38  34  0  0 L3P 48
G17 FF 61058 213400  780 289 3106     +366478   +111          32     -3   27  77  167  -30   14   +9   14    9  20  0  0 L3P E2
G22 FF 61058 213400  780 183 2922     +572479    -60          -6    -16   33   3  254  +29   22  +35   22   35  27  0  0 L3P EB
G32 FF 61058 213400  780 350  547    +1570923   -167         -34     +4   34  43  140  +16   45   +7   45    7  24  0  0 L3P E6
G01 FF 61058 215000  780 857 2812    -3425928    +67          -4    +29   18 238   81   -1   22  -19   22  -19  12  0  0 L3P 12
G02 FF 61058 215000  780 597 1263     -195530    -77          -5     +5   19  47   93   +7   42  +14   42   14  13  0  0 L3P C9
G03 FF 61058 215000  780 539 2481    -5948265    +72         -15    -33   30  29  100  -10   39  +29   39   29  23  0  0 L3P 29
G04 FF 61058 215000  780 108 1895     -390012    +34          17    +58   48  45  429 -271   63  -51   63  -51  39  0  0 L3P 2E
G08 FF 61058 215000  780 118 1752    -5027253   +185         -29   +140   67   2  386 +212   96  -94   96  -94  47  0  0 L3P 71
G17 FF 61058 215000  780 340 3061     +366568    +78          12    -36   24  77  145  -19   24  +13   24   13  16  0  0 L3P 01
G19 FF 61058 215000  780 136 3206    -6861963    +48          36    +67   31  80  341 -145   38  -64   38  -64  21  0  0 L3P 4A
G22 FF 61058 215000  780 157 2858     +572436    -68          -7    -23   38   3  295  +56   28  +21   28   21  28  0  0 L3P FF
G32 FF 61058 215000  780 301  496    +1570779   -163         -14     +9   22  43  160  +26   27  -16   27  -16  16  0  0 L3P 1B
G01 FF 61058 220600  780 860 1482    -3425882    +32           8     -7   17 239   81   +1   14   +0   14    0  11  0  0 L3P A8
G02 FF 61058 220600  780 525 1301     -195604    -66         -12    +16   22   4  102  +10   44   -6   44   -6  17  0  0 L3P C8
G03 FF 61058 220600  780 612 2542    -5948167    +78         -18    -27   21  29   92   -7   38  +12   38   12  16  0  0 L3P 0E
G04 FF 61058 220600  780 178 1896     -390083     -5         -35    +19   35  46  264 -105  108  -17  108  -17  25  0  0 L3P 4F
G17 FF 61058 220600  780 383 3000     +366696   +131          28    +17   26  80  130  -11   13  -12   13  -12  19  0  0 L3P 09
G19 FF 61058 220600  780 193 3180    -6861988    +64           5    +83   37   2  244  -69   31  -47   31  -47  28  0  0 L3P 21
G22 FF 61058 220600  780 123 2800     +572403     +2          -2    +47   61  13  371 +110   32   +6   32    6  42  0  0 L3P AF
G28 FF 61058 220600  780 177  868    +6093576    -34          40    +19   26 119  264  -57   10  -39   10  -39  23  0  0 L3P 3B
G32 FF 61058 220600  780 247  460    +1570630   -154           1    +18   25  71  192  +43   18   -9   18   -9  19  0  0 L3P ED
G01 FF 61058 222200  780 784 1367    -3425861    +91          -8    +53   18 239   82   +2   23  -33   23  -33  13  0  0 L3P 0B
G02 FF 61058 222200  780 454 1336     -195690    -66         -19    +16   26   4  113  +14   59   -4   59   -4  19  0  0 L3P EF
G03 FF 61058 222200  780 684 2619    -5948065   +117         -16    +12   22  29   87   -5   31   -8   31   -8  15  0  0 L3P 04
G04 FF 61058 222200  780 250 1898     -390086    -16         -15     +8   47  46  191  -54   81   -9   81   -9  36  0  0 L3P 00
G17 FF 61058 222200  780 415 2923     +366796    +54          18    -61   18  80  122   -6   26  +48   26   48  12  0  0 L3P FF
G19 FF 61058 222200  780 246 3143    -6861997    +54          14    +73   29   2  194  -39   17  -49   17  -49  22  0  0 L3P 33
G28 FF 61058 222200  780 211  803    +6093500    -49          16     +4   32 119  223  -31   15  -26   15  -26  25  0  0 L3P FD
G31 FF 61058 222200  780 126 1118    +1718862    -55           8    -35   45  44  366 -151   78  +22   78   22  36  0  0 L3P 23
G32 FF 61058 222200  780 188  436    +1570475   -117          11    +55   42  71  248  +77   11  -35   11  -35  33  0  0 L3P 1E
G01 FF 61058 223800  780 707 1369    -3425827    +79         -11    +40   16 239   86   +4   32  -21   32  -21  11  0  0 L3P 19
G02 FF 61058 223800  780 383 1368     -195754    -20          -4    +62   25   4  130  +21   58  -36   58  -36  18  0  0 L3P 01
G03 FF 61058 223800  780 755 2736    -5947971    +98         -22     -7   17  29   83   -3   31   +1   31    1  12  0  0 L3P D8
G04 FF 61058 223800  780 325 1900     -390098    -29          -5     -5   30  46  151  -32   62  -13   62  -13  21  0  0 L3P ED
G17 FF 61058 223800  780 432 2833     +366889    +79           1    -36   28  80  118   -2   37  +34   37   34  21  0  0 L3P F5
G19 FF 61058 223800  780 294 3092    -6862035    +39          -6    +58   31   2  165  -23   34  -49   34  -49  21  0  0 L3P 21
G28 FF 61058 223800  780 237  732    +6093440    -77           7    -23   27 119  200  -17   17   +4   17    4  20  0  0 L3P DF
G31 FF 61058 223800  780 177 1066    +1718824    -62         -10    -41   28  44  264  -73   83  +28   83   28  21  0  0 L3P 30
G32 FF 61058 223800  780 128  423    +1570316   -333          16   -161   45  71  359 +168   24 +149   24  149  42  0  0 L3P 66
G01 FF 61058 225400  780 629 1388    -3425784     +2          -4    -37   19 239   91   +7   34  +34   34   34  13  0  0 L3P FA
G02 FF 61058 225400  780 313 1397     -195825    -79           3     +3   28   4  155  +32   62  +14   62   14  23  0  0 L3P CB
G03 FF 61058 225400  780 819 2984    -5947881    +74         -32    -30   19  29   82   -1   33  +17   33   17  13  0  0 L3P 15
G04 FF 61058 225400  780 401 1902     -390132    +36         -15    +60   22  46  125  -21   61  -49   61  -49  16  0  0 L3P 0D
G06 FF 61058 225400  780 117 3053    +6037324    +48          33    +12   37  56  397 -214    6   -6    6   -6  28  0  0 L3P F3
G09 FF 61058 225400  780 120 2081    -7703783   -138          30   -136   43  72  387 -218   50 +101   50  101  32  0  0 L3P 64
G17 FF 61058 225400  780 434 2736     +366995   +119          -4     +4   24  80  118   +2   40  +15   40   15  18  0  0 L3P EB
G19 FF 61058 225400  780 332 3027    -6862047    -10          -1     +8   35   2  147  -14   20  -15   20  -15  30  0  0 L3P E2
G28 FF 61058 225400  780 251  658    +6093377    -57          -5     -3   29 119  190   -6   23   +9   23    9  24  0  0 L3P E0
G31 FF 61058 225400  780 225 1006    +1718805    +23         -10    +43   35  44  211  -41   75  -39   75  -39  30  0  0 L3P 22
G01 FF 61058 231000  780 551 1411    -3425747    +42          -5     +4   22 239   98  +10   40  -10   40  -10  15  0  0 L3P E6
G02 FF 61058 231000  780 244 1423     -195914    -55          -7    +26   31   4  194  +52   74  -13   74  -13  26  0  0 L3P F1
G03 FF 61058 231000  780 842   48    -5947781   +121         -33    +17   18  29   81   +0   30  -13   30  -13  11  0  0 L3P E5
G04 FF 61058 231000  780 480 1899     -390162     +1         -23    +25   28  46  109  -14   65  -33   65  -33  22  0  0 L3P 08
G06 FF 61058 231000  780 180 3066    +6037317   +107          -8    +71   55  56  260  -93   27  -70   27  -70  37  0  0 L3P 34
G09 FF 61058 231000  780 189 2097    -7703851    -14         -36    -12   43  72  250  -92   98  -11   98  -11  32  0  0 L3P 40
G17 FF 61058 231000  780 418 2641     +367108   +117          -1     +2   28  80  121   +6   46  +14   46   14  20  0  0 L3P D2
G19 FF 61058 231000  780 359 2949    -6862057    -82           7    -64   32   2  138   -7   15  +47   15   47  25  0  0 L3P FD
G28 FF 61058 231000  780 252  583    +6093332    -18           1    +35   30 119  189   +4   19  -17   19  -17  24  0  0 L3P 00
G31 FF 61058 231000  780 265  938    +1718809    -41          15    -20   30  44  180  -24   47  -10   47  -10  23  0  0 L3P 02
G01 FF 61058 232600  780 474 1434    -3425694     -9          11    -47   31 239  109  +14   35  +34   35   34  22  0  0 L3P 15
G02 FF 61058 232600  780 177 1446     -195977    -55           9    +27   29   4  264  +99   67  -28   67  -28  24  0  0 L3P 1F
G03 FF 61058 232600  780 795  517    -5947682    +96         -35     -9   17  29   82   +2   25   +0   25    0  12  0  0 L3P C8
G04 FF 61058 232600  780 558 1889     -390181    -40         -19    -16   32  46   98  -10   54   +9   54    9  22  0  0 L3P F2
G06 FF 61058 232600  780 246 3073    +6037355   +109          -5    +72   38  56  194  -51   20  -61   20  -61  25  0  0 L3P 2E
G09 FF 61058 232600  780 259 2116    -7703827    -48          -9    -46   43  72  185  -49   67  +10   67   10  35  0  0 L3P 31
G17 FF 61058 232600  780 388 2554     +367220   +177           1    +62   35  80  129  +11   49  -48   49  -48  28  0  0 L3P 29
G19 FF 61058 232600  780 371 2861    -6862086    -15          -5     +3   34   2  134   -1   28  +13   28   13  28  0  0 L3P DC
G28 FF 61058 232600  780 240  510    +6093278    -12          -1    +41   34 119  197  +14   16  -33   16  -33  25  0  0 L3P 12
G31 FF 61058 232600  780 297  863    +1718776    -35           1    -15   35  44  163  -13   39  -11   39  -11  28  0  0 L3P 0D
G01 FF 61058 234200  780 399 1457    -3425686     +9         -18    -29   23 239  126  +20   62  +23   62   23  17  0  0 L3P 2E
G02 FF 61058 234200  780 110 1466     -196108   -234         -43   -152   67   4  415 +242  111 +140  111  140  46  0  0 L3P 5D
G03 FF 61058 234200  780 729  691    -5947588   +122         -41    +18   21  29   85   +3   32  -11   32  -11  15  0  0 L3P 0D
G04 FF 61058 234200  780 637 1862     -390204     -9         -19    +15   31  46   90   -6   45  -15   45  -15  21  0  0 L3P E7
G06 FF 61058 234200  780 312 3071    +6037369    +75         -27    +38   32  56  156  -31   31  -14   31  -14  24  0  0 L3P 26
G09 FF 61058 234200  780 332 2137    -7703829    -13          -9    -11   23  72  148  -30   58   +4   58    4  18  0  0 L3P F6
G17 FF 61058 234200  780 346 2479     +367338   +117           8     +2   33  80  142  +17   53   +3   53    3  25  0  0 L3P CD
G19 FF 61058 234200  780 367 2769    -6862103    -81          -4    -63   30   2  135   +4   40  +69   40   69  24  0  0 L3P FA
G28 FF 61058 234200  780 217  444    +6093227    -91          -1    -37   35 119  217  +28   21  +38   21   38  28  0  0 L3P 17
G31 FF 61058 234200  780 316  780    +1718753     +2          -3    +23   33  44  154   -6   34  -30   34  -30  24  0  0 L3P D4
G01 FF 61058 235800  780 325 1478    -3425649    +30         -18     -9   29 239  150  +31   64  +29   64   29  18  0  0 L3P 3A
G03 FF 61058 235800  780 659  789    -5947465    +24         -18    -80   18  29   88   +5   27  +73   27   73  11  0  0 L3P 1E
G04 FF 61058 235800  780 712 1794     -390233    -36         -25    -12   22  46   85   -4   46   +0   46    0  16  0  0 L3P C7
G06 FF 61058 235800  780 379 3057    +6037404    +44         -26     +8   31  56  132  -20   28  -11   28  -11  19  0  0 L3P 1D
G09 FF 61058 235800  780 406 2160    -7703854     -4         -32     -2   24  72  124  -20   73  -13   73  -13  19  0  0 L3P 09
G17 FF 61058 235800  780 295 2416     +367463   +157          23    +42   20  80  163  +27   58  -13   58  -13  17  0  0 L3P 2E
G19 FF 61058 235800  780 348 2680    -6862121    -31          -5    -13   25   2  141  +10   45  +18   45   18  21  0  0 L3P F8
G28 FF 61058 235800  780 183  387    +6093176    -58          -1     -5   42 119  255  +53   32  +21   32   21  34  0  0 L3P 06
G31 FF 61058 235800  780 321  695    +1718739    -25           3     -5   20  44  152   +1   23  -16   23  -16  17  0  0 L3P D5
