CGGTTS     GENERIC DATA FORMAT VERSION = 2E
REV DATE = 2026-01-01                    
RCVR = POLARX5-TR                    R2CGGTTS v8.8    
CH = 99 
IMS = POLARX5-TR                    
LAB = PTB                           
X = +3844059.67 m 
Y =  +709661.67 m 
Z = +5023129.80 m 
FRAME = ITRF
COMMENTS =           IGS RINEX,AUSPOS XYZ          
INT DLY =   31.0 ns (GPS P1),   28.5 ns (GPS P2)     CAL_ID = 1001-2022           
CAB DLY =  205.7 ns 
REF DLY =   56.2 ns
REF = UTC(PTB)                      
CKSUM = 5E

SAT CL  MJD  STTIME TRKL ELV AZTH   REFSV      SRSV     REFSYS    SRSYS  DSG IOE MDTR SMDT MDIO SMDI MSIO SMSI ISG FR HC FRC CK
             hhmmss  s  .1dg .1dg    .1ns     .1ps/s     .1ns    .1ps/s .1ns     .1ns.1ps/s.1ns.1ps/s.1ns.1ps/s.1ns
G03 FF 61067 001400  780 449  980    -5875050   +123         -20    +17   23  35  114  +14   43   -2   43   -2  17  0  0 L3P F4
G04 FF 61067 001400  780 770  866     -406026    -28          -2     -5   19 151   83   +2   29  +10   29   10  12  0  0 L3P B6
G06 FF 61067 001400  780 559 2879    +6060647    +43         -18    +13   26  22   98   -5   33   -3   33   -3  18  0  0 L3P F0
G09 FF 61067 001400  780 645 2238    -7704449    +15           3    +14   16  15   90   -6   44  -15   44  -15  10  0  0 L3P E5
G11 FF 61067 001400  780 166 3153    +4602432   -219           5    -87   45 199  282 -105   39  +65   39   65  30  0  0 L3P 46
G17 FF 61067 001400  780 119 2272     +446233    +92          -6    -21   50  80  385 +187  121  +20  121   20  39  0  0 L3P 1F
G19 FF 61067 001400  780 219 2466    -6874211    +18         -20    +35   46   4  215  +51  100  -26  100  -26  33  0  0 L3P 2B
G31 FF 61067 001400  780 251  474    +1704273     -1         -11    +20   29 107  189  +29   36  -14   36  -14  22  0  0 L3P 07
G03 FF 61067 003000  780 382 1029    -5874944    +16         -15    -90   33  35  130  +20   45  +73   45   73  24  0  0 L3P 1B
G04 FF 61067 003000  780 707  720     -406062    -28         -16     -5   18 151   86   +4   36   -5   36   -5  13  0  0 L3P B6
G06 FF 61067 003000  780 594 2755    +6060690   +111          -5    +81   20  22   94   -2   28  -53   28  -53  13  0  0 L3P 01
G07 FF 61067 003000  780 138 1778    +1407238    +65          14    +14   31  43  338 -167  107  -20  107  -20  21  0  0 L3P 46
G09 FF 61067 003000  780 723 2262    -7704441    +41          10    +40   18  15   85   -4   32  -39   32  -39  12  0  0 L3P ED
G11 FF 61067 003000  780 227 3137    +4602297   -220          -3    -88   36 199  209  -55   44  +62   44   62  22  0  0 L3P 37
G19 FF 61067 003000  780 164 2413    -6874196    -78          11    -61   50   4  283  +95   92  +75   92   75  35  0  0 L3P 1F
G26 FF 61067 003000  780 101  603    +3176018    +20          28    -39   89  36  450  -99   19  +25   19   25  69  0  0 L3P 0E
G31 FF 61067 003000  780 206  422    +1704263    -25          -1     -5   32 107  227  +52   25   +7   25    7  27  0  0 L3P BC
G03 FF 61067 004600  780 316 1075    -5874850    +64         -23    -42   28  35  153  +29   61  +42   61   42  22  0  0 L3P 1F
G04 FF 61067 004600  780 635  669     -406075    +39          -8    +61   29 151   90   +6   29  -45   29  -45  18  0  0 L3P FE
G06 FF 61067 004600  780 604 2604    +6060722    +29          -2     -1   15  22   93   +0   34   +8   34    8  11  0  0 L3P 9C
G07 FF 61067 004600  780 208 1767    +1407282    +36           8    -15   35  43  228  -77   98  -16   98  -16  28  0  0 L3P 31
G09 FF 61067 004600  780 801 2275    -7704433     -3          17     -5   17  15   82   -2   26   +7   26    7  12  0  0 L3P A7
G11 FF 61067 004600  780 286 3109    +4602173    -82          -1    +50   30 199  169  -32   38  -34   38  -34  22  0  0 L3P 2F
G26 FF 61067 004600  780 119  538    +3176048    +45           1    -14   51  36  384  -43   29   +7   29    7  40  0  0 L3P D6
G31 FF 61067 004600  780 155  383    +1704246    +13           1    +33   39 107  299 +102   27  -17   27  -17  31  0  0 L3P 16
G03 FF 61067 010200  780 252 1118    -5874729     +8          -3    -98   26  35  189  +46   65  +83   65   83  22  0  0 L3P 19
G04 FF 61067 010200  780 563  658     -406092     +2          -3    +25   23 151   97   +8   24  -22   24  -22  17  0  0 L3P C3
G06 FF 61067 010200  780 588 2454    +6060758    +27           5     -4   24  22   94   +3   37   +4   37    4  18  0  0 L3P AC
G07 FF 61067 010200  780 279 1757    +1407324    +49           2     -2   33  43  173  -43   81  -21   81  -21  27  0  0 L3P F5
G09 FF 61067 010200  780 878 2134    -7704443     -3           5     -4   12  15   81   +0   34   -3   34   -3   8  0  0 L3P 85
G11 FF 61067 010200  780 341 3066    +4602053   -133           6     -1   31 199  144  -20   27   -4   27   -4  22  0  0 L3P DF
G21 FF 61067 010200  780 140 2919    -3880836   -111          10    -42   35 127  333 -145   31  +34   31   34  28  0  0 L3P 37
G26 FF 61067 010200  780 127  472    +3176096    +76          -7    +17   38  36  360   -9   35  -11   35  -11  29  0  0 L3P FD
G03 FF 61067 011800  780 188 1158    -5874627   +143          -3    +37   32  35  248  +81   81  -13   81  -13  25  0  0 L3P 38
G04 FF 61067 011800  780 491  665     -406119    -14          -8     +9   28 151  107  +12   29   -4   29   -4  22  0  0 L3P D2
G06 FF 61067 011800  780 548 2329    +6060777    -17          -6    -48   20  22   99   +6   55  +48   55   48  14  0  0 L3P 08
G07 FF 61067 011800  780 352 1744    +1407371    +32          -1    -19   24  43  140  -27   67   +1   67    1  19  0  0 L3P E0
G09 FF 61067 011800  780 842  679    -7704435    +20          13    +19   16  15   81   +1   26  -20   26  -20  12  0  0 L3P E0
G11 FF 61067 011800  780 388 3007    +4601932   -120          12    +12   26 199  129  -13   21   -4   21   -4  18  0  0 L3P 0C
G21 FF 61067 011800  780 202 2943    -3880877   -126          35    -57   29 127  234  -72    9  +49    9   49  25  0  0 L3P 37
G26 FF 61067 011800  780 124  406    +3176162    +34           2    -25   46  36  367  +22   36  +36   36   36  32  0  0 L3P EB
G03 FF 61067 013400  780 126 1196    -5874533    +72         -10    -34   39  35  364 +175  110  +37  110   37  35  0  0 L3P 54
G04 FF 61067 013400  780 422  683     -406137    -41          -4    -18   27 151  120  +16   26  +25   26   25  19  0  0 L3P ED
G06 FF 61067 013400  780 493 2237    +6060802    +50         -10    +19   26  22  106  +10   62  -24   62  -24  19  0  0 L3P 14
G07 FF 61067 013400  780 426 1726    +1407401    +52         -20     +1   34  43  120  -17   68  -14   68  -14  25  0  0 L3P 06
G09 FF 61067 013400  780 766  670    -7704448     -9          -2    -10   16  15   83   +3   33  +14   33   14  11  0  0 L3P C1
G11 FF 61067 013400  780 425 2929    +4601784   -123          -9     +9   24 199  119   -7   36   -8   36   -8  17  0  0 L3P 12
G16 FF 61067 013400  780 145  675    -1959006   -113           6    -38   41   6  319  -58   29  +29   29   29  32  0  0 L3P 09
G21 FF 61067 013400  780 266 2963    -3880961    +41          17   +110   30 127  180  -42   22  -78   22  -78  26  0  0 L3P 48
G26 FF 61067 013400  780 111  344    +3176220    +71           3    +12   40  36  407  +64   47   +7   47    7  26  0  0 L3P BB
G30 FF 61067 013400  780 166 1939    -1009511   -106          -4    +19   44  42  283 -118   97  -20   97  -20  35  0  0 L3P 43
G04 FF 61067 015000  780 354  708     -406150    +26           4    +49   32 151  139  +23   22  -45   22  -45  26  0  0 L3P EB
G06 FF 61067 015000  780 429 2171    +6060843    +15           1    -16   23  22  118  +15   59  +19   59   19  16  0  0 L3P FD
G07 FF 61067 015000  780 499 1698    +1407460    +46         -10     -5   23  43  106  -12   52   -3   52   -3  17  0  0 L3P EF
G09 FF 61067 015000  780 691  696    -7704444    +46           1    +45   15  15   86   +4   29  -32   29  -32  12  0  0 L3P E4
G11 FF 61067 015000  780 448 2835    +4601665   -132          -2     +0   25 199  115   -3   29   -7   29   -7  17  0  0 L3P FA
G16 FF 61067 015000  780 166  606    -1959069    -80          15     -5   36   6  280  -27   15   -4   15   -4  26  0  0 L3P D1
G21 FF 61067 015000  780 332 2977    -3881025    -80          21    -10   30 127  147  -27   20   +4   20    4  22  0  0 L3P E7
G30 FF 61067 015000  780 236 1942    -1009639   -156         -11    -31   39  42  202  -59   89  +16   89   16  31  0  0 L3P 3B
G04 FF 61067 020600  780 288  737     -406173    -43           3    -20   36 152  167  +35   24  +13   24   13  29  0  0 L3P E8
G05 FF 61067 020600  780 114 3051    +2279449   +101         -11    +96   32   4  407 -226   31  -79   31  -79  24  0  0 L3P 3A
G06 FF 61067 020600  780 360 2123    +6060864    +56          -7    +26   26  22  137  +24   69   -6   69   -6  20  0  0 L3P F8
G07 FF 61067 020600  780 570 1653    +1407496    +80          -4    +29   17  29   96   -8   51  -33   51  -33  11  0  0 L3P FE
G09 FF 61067 020600  780 618  730    -7704450    +45          -2    +44   26  16   92   +6   34  -36   34  -36  18  0  0 L3P EB
G11 FF 61067 020600  780 453 2732    +4601532    -97          -7    +35   29 200  114   +1   29  -23   29  -23  20  0  0 L3P 08
G16 FF 61067 020600  780 176  535    -1959133    -68          23     +7   42   7  264   -7   10   -1   10   -1  31  0  0 L3P AC
G21 FF 61067 020600  780 400 2983    -3881094    -71          12     -1   25 128  126  -19   13   -8   13   -8  17  0  0 L3P FA
G30 FF 61067 020600  780 309 1945    -1009768    -95         -22    +30   34  45  158  -35   81  -43   81  -43  24  0  0 L3P 38
G04 FF 61067 022200  780 225  769     -406199     +5          -1    +28   28 152  210  +56   28  -18   28  -18  23  0  0 L3P FB
G05 FF 61067 022200  780 178 3064    +2279469     +9           4     +3   38   4  264  -96   21  -14   21  -14  27  0  0 L3P DF
G06 FF 61067 022200  780 290 2087    +6060890    +37         -11     +6   27  22  166  +38   85  +15   85   15  19  0  0 L3P 15
G07 FF 61067 022200  780 636 1577    +1407547    +86          -3    +34   20  29   90   -5   38  -37   38  -37  14  0  0 L3P 08
G09 FF 61067 022200  780 547  767    -7704429     +7          17     +6   18  16   99   +9   19   -8   19   -8  13  0  0 L3P C9
G11 FF 61067 022200  780 439 2629    +4601403   -109         -11    +23   25 200  116   +5   40  -11   40  -11  19  0  0 L3P 14
G16 FF 61067 022200  780 174  464    -1959215    +12          13    +87   43   7  266  +11   17  -67   17  -67  34  0  0 L3P 09
G21 FF 61067 022200  780 469 2976    -3881180   -110          -7    -40   16 128  111  -13   26  +32   26   32  12  0  0 L3P 25
G30 FF 61067 022200  780 383 1948    -1009875   -142          -9    -17   24  45  131  -23   56   -1   56   -1  19  0  0 L3P 0E
G04 FF 61067 023800  780 163  803     -406221    -49          -1    -26   55 152  284 +103   41   +7   41    7  42  0  0 L3P DC
G05 FF 61067 023800  780 244 3069    +2279449    +27         -22    +21   41   4  196  -52   39   -6   39   -6  30  0  0 L3P 04
G06 FF 61067 023800  780 220 2059    +6060938    +86           8    +55   33  22  214  +66   91  -34   91  -34  24  0  0 L3P 17
G07 FF 61067 023800  780 690 1446    +1407591    +31          -9    -20   22  29   87   -3   33  +14   33   14  17  0  0 L3P E8
G09 FF 61067 023800  780 477  806    -7704437    -22           8    -23   25  16  109  +12   27  +25   27   25  17  0  0 L3P FC
G11 FF 61067 023800  780 409 2535    +4601284   -105          -3    +27   22 200  123  +10   42  -11   42  -11  14  0  0 L3P 12
G16 FF 61067 023800  780 161  396    -1959283   -169          17    -94   39   7  288  +34   14  +77   14   77  34  0  0 L3P 33
G21 FF 61067 023800  780 538 2951    -3881257    -71         -18     -1   25 128  100   -9   33   +3   33    3  17  0  0 L3P EC
G30 FF 61067 023800  780 458 1949    -1010000    -53         -14    +73   31  45  113  -15   49  -73   49  -73  27  0  0 L3P 2E
G04 FF 61067 025400  780 104  838     -406243    -39          -2    -16   49 152  437 +240   52  +38   52   38  39  0  0 L3P 17
G05 FF 61067 025400  780 311 3066    +2279464    +55         -12    +49   27   4  156  -32   38  -45   38  -45  20  0  0 L3P 22
G06 FF 61067 025400  780 151 2034    +6060982    -18          23    -49   60  22  306 +135   92  +54   92   54  47  0  0 L3P 2A
G07 FF 61067 025400  780 720 1244    +1407639     +3          -9    -48   24  29   85   -1   33  +31   33   31  16  0  0 L3P D3
G09 FF 61067 025400  780 410  845    -7704439     -6           5     -7   23  16  123  +17   32   +9   32    9  19  0  0 L3P B0
G11 FF 61067 025400  780 366 2455    +4601141    -86         -19    +46   24 200  135  +16   58  -16   58  -16  18  0  0 L3P 42
G16 FF 61067 025400  780 136  334    -1959403    -76         -30     -1   40   7  337  +72   58   +7   58    7  27  0  0 L3P D7
G21 FF 61067 025400  780 603 2896    -3881314    -75          -8     -5   18 128   93   -6   32   +4   32    4  12  0  0 L3P D1
G30 FF 61067 025400  780 534 1944    -1010116   -124         -10     +1   23  45  101  -10   40   +1   40    1  17  0  0 L3P C1
G05 FF 61067 031000  780 379 3050    +2279469    +53         -13    +47   23   4  132  -21   41  -31   41  -31  17  0  0 L3P 08
G07 FF 61067 031000  780 716 1011    +1407694    +90          -4    +39   14  29   85   +1   29  -23   29  -23  10  0  0 L3P EB
G09 FF 61067 031000  780 344  885    -7704439    +33           5    +32   20  16  143  +24   38  -18   38  -18  17  0  0 L3P 03
G11 FF 61067 031000  780 313 2388    +4601015   -182         -19    -50   33 200  155  +25   61  +44   61   44  24  0  0 L3P 28
G13 FF 61067 031000  780 156 2652    -6885433    +43         -15    +31   48  53  299 -116   69  -20   69  -20  38  0  0 L3P 52
G16 FF 61067 031000  780 102  279    -1959452   -108          -8    -33   32   7  442 +160   67  +65   67   65  25  0  0 L3P 1D
G21 FF 61067 031000  780 660 2792    -3881385    -64         -12     +5   17 128   88   -4   37   +1   37    1  11  0  0 L3P DB
G30 FF 61067 031000  780 611 1926    -1010235    -99          -9    +26   19  45   92   -7   34  -23   34  -23  13  0  0 L3P EF
G05 FF 61067 032600  780 444 3016    +2279498     -1          12     -7   25   4  116  -14   24  +10   24   10  17  0  0 L3P CA
G07 FF 61067 032600  780 680  832    +1407756    +52           9     +0   15  29   87   +3   20   -1   20   -1  11  0  0 L3P 91
G09 FF 61067 032600  780 280  925    -7704424    +17          19    +16   22  16  171  +37   35  -11   35  -11  16  0  0 L3P 09
G11 FF 61067 032600  780 256 2334    +4600895    -99         -11    +33   24 200  186  +41   67  -12   67  -12  19  0  0 L3P 40
G13 FF 61067 032600  780 218 2692    -6885396    -84          12    -96   30  53  217  -61   35  +58   35   58  27  0  0 L3P 3B
G21 FF 61067 032600  780 698 2617    -3881445   -103          -6    -34   17 128   86   -1   33  +26   33   26  11  0  0 L3P 18
G30 FF 61067 032600  780 685 1881    -1010356   -103         -10    +22   19  45   87   -5   29  -19   29  -19  13  0  0 L3P 1F
G05 FF 61067 034200  780 505 2959    +2279488    +33          -4    +27   28   4  105   -9   31  -21   31  -21  19  0  0 L3P FB
G07 FF 61067 034200  780 626  728    +1407802    +91           7    +40   27  29   91   +5   19  -22   19  -22  19  0  0 L3P DE
G09 FF 61067 034200  780 217  964    -7704436    +43           5    +41   25  16  217  +60   51  -26   51  -26  19  0  0 L3P 00
G11 FF 61067 034200  780 196 2288    +4600782   -152           2    -20   46 200  239  +72   69  +20   69   20  36  0  0 L3P 24
G13 FF 61067 034200  780 281 2731    -6885401    -78          -5    -90   27  53  171  -37   36  +68   36   68  22  0  0 L3P 29
G14 FF 61067 034200  780 157 1602    -7312423    -62          27    -39   39 119  298 -124   89  +24   89   24  31  0  0 L3P 4E
G21 FF 61067 034200  780 703 2390    -3881513    -71          -7     -2   18 128   86   +1   35   +6   35    6  12  0  0 L3P C3
G30 FF 61067 034200  780 753 1769    -1010477    -96         -10    +29   17  45   84   -2   29  -17   29  -17  11  0  0 L3P 16
G05 FF 61067 035800  780 555 2869    +2279490    +13          -8     +7   21   4   98   -5   33   +2   33    2  16  0  0 L3P B0
G07 FF 61067 035800  780 564  674    +1407839    +81          -5    +30   17  29   97   +7   27  -22   27  -22  11  0  0 L3P F6
G09 FF 61067 035800  780 156 1002    -7704435    -34           5    -35   39  16  296 +113   63  +36   63   36  28  0  0 L3P 23
G11 FF 61067 035800  780 135 2248    +4600644   -113          -9    +19   47 200  340 +150   96   +6   96    6  39  0  0 L3P 26
G13 FF 61067 035800  780 347 2771    -6885389    +15          -3     +4   27  53  142  -25   29   +6   29    6  23  0  0 L3P F2
G14 FF 61067 035800  780 223 1578    -7312453     -1          19    +22   36 119  213  -63   72  -32   72  -32  32  0  0 L3P 1E
G21 FF 61067 035800  780 672 2190    -3881581    -49          -9    +20   20 128   88   +3   35   -8   35   -8  13  0  0 L3P F8
G30 FF 61067 035800  780 800 1487    -1010599   -144         -13    -19   17  45   82   -1   26  +12   26   12  12  0  0 L3P 05
G05 FF 61067 042600  780 599 2631    +2279510    +38           3    +32   21   4   93   +0   25  -24   25  -24  13  0  0 L3P CD
G07 FF 61067 042600  780 449  645    +1407926    +95          -5    +44   21  29  114  +14   27  -27   27  -27  15  0  0 L3P 16
G13 FF 61067 042600  780 466 2838    -6885366    -36           3    -48   24  55  111  -13   25  +33   25   33  17  0  0 L3P 14
G14 FF 61067 042600  780 342 1525    -7312494    -59          11    -37   37 120  144  -26   58  +16   58   16  26  0  0 L3P 31
G15 FF 61067 042600  780 170 2922    -3803823    -78          22    -42   41  59  275 -103   15  +24   15   24  36  0  0 L3P 27
G18 FF 61067 042600  780 128 3289    +4406134   -142          -7    -45   41 165  358  -56   68  +22   68   22  33  0  0 L3P 48
G21 FF 61067 042600  780 566 1996    -3881685    -56           9    +13   21 129   97   +8   30   -3   30   -3  16  0  0 L3P F1
G22 FF 61067 042600  780 206 1636     +540510    -93          -2    -47   31  23  230  -78  101  +22  101   22  23  0  0 L3P FD
G30 FF 61067 042600  780 758  870    -1010788   -104           7    +21   15  46   83   +2   13   -9   13   -9  10  0  0 L3P C1
G05 FF 61067 044200  780 588 2478    +2279518    +18           5    +13   25   4   94   +2   27   +1   27    1  19  0  0 L3P B1
G07 FF 61067 044200  780 383  649    +1407973   +117          -6    +66   23  29  130  +19   33  -42   33  -42  17  0  0 L3P 22
G08 FF 61067 044200  780 106  490    -4994951    +68         -22    +21   42  36  426  -53   58   -8   58   -8  29  0  0 L3P 18
G13 FF 61067 044200  780 538 2875    -6885359    +34          -1    +23   21  55  100  -10   28  -21   28  -21  14  0  0 L3P 17
G14 FF 61067 044200  780 409 1482    -7312515     -7          12    +15   21 120  124  -17   47  -21   47  -21  14  0  0 L3P 0A
G15 FF 61067 044200  780 236 2942    -3803864    -72          14    -37   30  59  202  -56   21  +30   21   30  24  0  0 L3P 0A
G18 FF 61067 044200  780 143 3226    +4406080    -77          32    +19   27 165  323  -21   34  -10   34  -10  19  0  0 L3P 24
G21 FF 61067 044200  780 493 1943    -3881750    -91           9    -23   29 129  106  +12   35  +15   35   15  22  0  0 L3P 19
G22 FF 61067 044200  780 277 1612     +540466   -103          -2    -58   31  23  174  -43   88  +23   88   23  23  0  0 L3P 0E
G30 FF 61067 044200  780 693  759    -1010918    -67          -3    +58   13  46   86   +4   23  -27   23  -27  11  0  0 L3P EF
G05 FF 61067 045800  780 553 2347    +2279509    +24          -9    +18   22   4   98   +6   44   +3   44    3  17  0  0 L3P C3
G07 FF 61067 045800  780 318  662    +1408054    +95          25    +44   27  29  153  +28   15  -35   15  -35  22  0  0 L3P 17
G08 FF 61067 045800  780 115  424    -4994909    -46         -25    -93   79  36  397  -11   61  +63   61   63  52  0  0 L3P 39
G13 FF 61067 045800  780 611 2908    -6885349    +43          -2    +31   18  55   92   -7   25  -29   25  -29  11  0  0 L3P 0F
G14 FF 61067 045800  780 472 1424    -7312557    -19          -8     +4   24 120  110  -11   51  -18   51  -18  17  0  0 L3P 13
G15 FF 61067 045800  780 303 2957    -3803900   -121          12    -86   34  59  160  -34   25  +70   25   70  25  0  0 L3P 2A
G18 FF 61067 045800  780 146 3160    +4405967    -94          12     +3   30 165  315   +4   41  -19   41  -19  23  0  0 L3P 11
G21 FF 61067 045800  780 418 1909    -3881808   -120          17    -51   33 129  121  +18   40  +50   40   50  26  0  0 L3P 34
G22 FF 61067 045800  780 350 1583     +540428    -85           3    -39   24  23  141  -27   73  +14   73   14  17  0  0 L3P F3
G30 FF 61067 045800  780 624  722    -1011032    -98           3    +27   19  46   91   +6   23  -21   23  -21  13  0  0 L3P C7
G05 FF 61067 051400  780 500 2248    +2279527    +27           3    +21   26   4  105   +9   45   -3   45   -3  18  0  0 L3P BC
G07 FF 61067 051400  780 255  681    +1408078    +79           0    +28   29  29  187  +44   42   +1   42    1  22  0  0 L3P CE
G08 FF 61067 051400  780 112  359    -4994850    -20         -11    -67   43  36  404  +26   58  +41   58   41  30  0  0 L3P 15
G13 FF 61067 051400  780 686 2936    -6885341    +17          -5     +6   17  55   87   -5   22   -6   22   -6  11  0  0 L3P D4
G14 FF 61067 051400  780 529 1344    -7312580    -61          -9    -38   27 120  101   -7   42  +31   42   31  19  0  0 L3P 04
G15 FF 61067 051400  780 373 2964    -3803926     -2          20    +33   24  59  133  -22   15  -39   15  -39  17  0  0 L3P 17
G18 FF 61067 051400  780 139 3093    +4405876   -116          14    -19   36 165  331  +30   37   +9   37    9  26  0  0 L3P 25
G21 FF 61067 051400  780 343 1887    -3881893    -76          -3     -8   34 129  143  +28   65  +23   65   23  25  0  0 L3P 2A
G22 FF 61067 051400  780 422 1544     +540384    -34           3    +11   20  23  120  -17   63  -13   63  -13  14  0  0 L3P D8
G30 FF 61067 051400  780 554  716    -1011165   -174         -10    -48   22  46   98   +9   34  +40   34   40  15  0  0 L3P F4
G05 FF 61067 053000  780 437 2177    +2279549    -35          20    -41   31   4  117  +15   46  +46   46   46  21  0  0 L3P 03
G07 FF 61067 053000  780 193  705    +1408153    +33          26    -18   29  29  242  +75   39  +36   39   36  23  0  0 L3P 0C
G13 FF 61067 053000  780 763 2949    -6885316    +15          10     +4   16  55   83   -3   13   +3   13    3  11  0  0 L3P B3
G14 FF 61067 053000  780 573 1235    -7312601     +8          -9    +30   25 120   96   -4   39  -20   39  -20  17  0  0 L3P EC
G15 FF 61067 053000  780 444 2959    -3803959    -58          21    -23   23  59  116  -15   15  +22   15   22  18  0  0 L3P 1F
G18 FF 61067 053000  780 120 3027    +4405794   -136          25    -40   36 165  378  +70   18   +3   18    3  26  0  0 L3P 14
G21 FF 61067 053000  780 269 1872    -3881952    -24           4    +45   20 129  178  +46   75  -10   75  -10  18  0  0 L3P 2F
G22 FF 61067 053000  780 491 1490     +540331    -45          -6     +0   24  23  107  -11   56  -15   56  -15  17  0  0 L3P E2
G23 FF 61067 053000  780 105 3279    -6047636    +93          26   +142   55 151  438 -232   51  -96   51  -96  45  0  0 L3P 6C
G30 FF 61067 053000  780 484  726    -1011270    -95           4    +30   22  46  108  +12   25  -22   25  -22  16  0  0 L3P E1
G05 FF 61067 054600  780 369 2126    +2279550    +18          15    +12   20   4  134  +22   56  -12   56  -12  16  0  0 L3P 01
G07 FF 61067 054600  780 133  733    +1408160    +21         -16    -30   51  29  346 +153   99  +69   99   69  37  0  0 L3P 39
G13 FF 61067 054600  780 840 2892    -6885314    +63           1    +52   13  55   81   -1   20  -34   20  -34   8  0  0 L3P D9
G14 FF 61067 054600  780 598 1098    -7312614     +3           0    +26   20 120   93   -1   31  -18   31  -18  15  0  0 L3P E0
G15 FF 61067 054600  780 516 2938    -3804019    -56          -6    -20   17  59  103  -11   26  +22   26   22  12  0  0 L3P 0B
G21 FF 61067 054600  780 197 1859    -3882011   -123          10    -55   47 129  238  +84   88  +76   88   76  34  0  0 L3P 65
G22 FF 61067 054600  780 554 1411     +540288    -35          -6    +10   27  23   98   -7   47   -8   47   -8  19  0  0 L3P D4
G23 FF 61067 054600  780 159 3249    -6047704    -53           5     -4   37 151  293  -96   47  -29   47  -29  28  0  0 L3P 39
G24 FF 61067 054600  780 124 2589    +1466109   -169         -22    -16   42  93  373 -183   76   +9   76    9  33  0  0 L3P 46
G30 FF 61067 054600  780 417  745    -1011389   -158           6    -33   23  46  121  +16   29  +37   29   37  18  0  0 L3P 0E
G05 FF 61067 060200  780 299 2088    +2279558   -128          11   -133   28  20  162  +35   71 +118   71  118  22  0  0 L3P 62
G13 FF 61067 060200  780 872 1674    -6885278     +0          28    -11   11  81   81   +0    5   +7    5    7   8  0  0 L3P 8B
G14 FF 61067 060200  780 599  950    -7312627     -2           8    +20   27 121   93   +1   27  -17   27  -17  18  0  0 L3P DE
G15 FF 61067 060200  780 584 2888    -3804057    -33         -11     +2   21  61   95   -7   33  +11   33   11  14  0  0 L3P E1
G21 FF 61067 060200  780 127 1847    -3882063    -50          26    +18   43 130  362 +191  112  +28  112   28  35  0  0 L3P 52
G22 FF 61067 060200  780 604 1298     +540245    -53          -7     -8   21  40   93   -4   45   +4   45    4  15  0  0 L3P 9B
G23 FF 61067 060200  780 209 3208    -6047745   -129          12    -80   33 152  225  -50   25  +60   25   60  25  0  0 L3P 2E
G24 FF 61067 060200  780 186 2624    +1465984   -192           1    -38   36  34  252  -85   48   +9   48    9  25  0  0 L3P 11
G30 FF 61067 060200  780 350  769    -1011527   -141         -13    -16   28  62  140  +24   59  +27   59   27  22  0  0 L3P 19
G05 FF 61067 061800  780 229 2058    +2279559    +55           7    +49   43  20  206  +61  102  -18  102  -18  34  0  0 L3P 37
G13 FF 61067 061800  780 796 1424    -6885303    +97          -7    +86   22  81   82   +2   29  -46   29  -46  14  0  0 L3P 1C
G14 FF 61067 061800  780 575  817    -7312668    -19         -11     +4   24 121   96   +4   44   +7   44    7  16  0  0 L3P D5
G15 FF 61067 061800  780 646 2792    -3804084    -44          -5     -8   15  61   90   -4   38   +6   38    6  10  0  0 L3P C7
G17 FF 61067 061800  780 151 1196     +448692   +109          -2     -3   35   1  309 -114  179  -45  179  -45  25  0  0 L3P 41
G22 FF 61067 061800  780 634 1146     +540212    -77           4    -32   26  40   90   -1   43  +25   43   25  18  0  0 L3P BE
G23 FF 61067 061800  780 252 3156    -6047803   -134           1    -85   23 152  189  -28   28  +48   28   48  18  0  0 L3P 40
G24 FF 61067 061800  780 250 2659    +1465846   -163          11    -10   34  34  191  -48   35  +10   35   10  24  0  0 L3P 20
G30 FF 61067 061800  780 286  798    -1011641   -129          -8     -4   22  62  168  +35   76  +40   76   40  17  0  0 L3P 0C
G05 FF 61067 063400  780 160 2032    +2279590    -57          33    -63   43  20  289 +120  121  +92  121   92  32  0  0 L3P 3F
G13 FF 61067 063400  780 716 1415    -6885293    -22          -8    -34   10  81   85   +4   38  +35   38   35   7  0  0 L3P ED
G14 FF 61067 063400  780 532  716    -7312691    -37         -13    -14   27 121  101   +7   53  +19   53   19  19  0  0 L3P 0D
G15 FF 61067 063400  780 689 2628    -3804108    -48           4    -13   14  61   87   -2   37  +22   37   22   9  0  0 L3P DE
G17 FF 61067 063400  780 206 1147     +448802    +94           0    -18   34   1  229  -59  155   -2  155   -2  27  0  0 L3P EF
G22 FF 61067 063400  780 636  975     +540151    -71         -13    -25   18  40   90   +1   57  +28   57   28  14  0  0 L3P DD
G23 FF 61067 063400  780 286 3091    -6047849    -33           2    +16   28 152  168  -16   31   -8   31   -8  22  0  0 L3P 09
G24 FF 61067 063400  780 316 2695    +1465687   -165          -1    -12   23  34  154  -30   37  +12   37   12  19  0  0 L3P 24
G30 FF 61067 063400  780 223  829    -1011771    -71         -18    +54   36  62  211  +57  130  +19  130   19  27  0  0 L3P 29
G13 FF 61067 065000  780 636 1430    -6885304     +1         -31    -11   18  81   90   +6   67  +30   67   30  13  0  0 L3P E1
G14 FF 61067 065000  780 478  648    -7312720     -3         -20    +20   22 121  109  +10   75   +3   75    3  15  0  0 L3P D6
G15 FF 61067 065000  780 700 2403    -3804152     +1          -5    +36   19  61   86   +0   52   -7   52   -7  12  0  0 L3P AF
G17 FF 61067 065000  780 257 1090     +448909   +143          -1    +30   34   1  186  -34  140  -31  140  -31  26  0  0 L3P 1B
G19 FF 61067 065000  780 148 1327    -6874603    -32          -3    -15   34  18  314 -124  248  -18  248  -18  26  0  0 L3P 64
G22 FF 61067 065000  780 611  825     +540102    -23         -18    +22   17  40   92   +3   66   -1   66   -1  13  0  0 L3P A6
G23 FF 61067 065000  780 308 3017    -6047881    -28          17    +21   33 152  158   -7   28   -6   28   -6  23  0  0 L3P 06
G24 FF 61067 065000  780 384 2730    +1465534   -170          -7    -17   29  34  130  -21   48  +16   48   16  22  0  0 L3P 21
G30 FF 61067 065000  780 162  861    -1011892   -189         -18    -64   42  62  286 +104  196 +132  196  132  31  0  0 L3P 83
G10 FF 61067 070600  780 136 3308    +5851899    +20          -7     -3   36  33  340 -102   73   +6   73    6  28  0  0 L3P EF
G12 FF 61067 070600  780 103 2143    +6069657    -76         -18    -80   56  68  448 -285  217  +95  217   95  44  0  0 L3P 82
G13 FF 61067 070600  780 557 1451    -6885299     +3         -37     -8   24  81   98   +9   95  +37   95   37  18  0  0 L3P 10
G14 FF 61067 070600  780 417  606    -7312714    -51           9    -28   31 121  121  +15   74  +59   74   59  23  0  0 L3P 07
G15 FF 61067 070600  780 674 2193    -3804189    -42          -8     -7   12  61   88   +3   63  +21   63   21   9  0  0 L3P D6
G17 FF 61067 070600  780 303 1024     +449031    +90          13    -23   18   1  160  -21  134  +22  134   22  14  0  0 L3P EA
G19 FF 61067 070600  780 207 1286    -6874619    -58          -3    -41   29  18  228  -64  205   +1  205    1  24  0  0 L3P 20
G22 FF 61067 070600  780 566  717     +540069    -52          -8     -7   22  40   97   +6   71  +27   71   27  17  0  0 L3P C4
G23 FF 61067 070600  780 315 2935    -6047921    -12          24    +36   28 152  154   +0   30  -29   30  -29  20  0  0 L3P 16
G24 FF 61067 070600  780 454 2764    +1465404   -174          10    -20   20  34  113  -14   49  +26   49   26  14  0  0 L3P 1E
G10 FF 61067 072200  780 173 3256    +5851927    +38          -1    +15   34  33  269  -51   72  -18   72  -18  25  0  0 L3P 27
G12 FF 61067 072200  780 170 2163    +6069664    +69         -15    +65   41  68  276 -110  209  -88  209  -88  33  0  0 L3P 81
G13 FF 61067 072200  780 479 1473    -6885300     -4         -48    -15   18  81  109  +14  128  +47  128   47  14  0  0 L3P 47
G14 FF 61067 072200  780 352  583    -7312742    +28           2    +51   20 121  140  +23  103   +1  103    1  14  0  0 L3P D3
G15 FF 61067 072200  780 620 2051    -3804215    -24           0    +12   22  61   91   +5   76  +20   76   20  16  0  0 L3P C0
G17 FF 61067 072200  780 340  949     +449126   +141          -1    +29   24   1  144  -12  141  -28  141  -28  19  0  0 L3P 13
G19 FF 61067 072200  780 265 1240    -6874637     +3          -4    +20   33  18  181  -37  205  -18  205  -18  26  0  0 L3P 32
G22 FF 61067 072200  780 510  648     +540020     -3         -13    +43   26  40  104   +9   89  -15   89  -15  18  0  0 L3P DB
G23 FF 61067 072200  780 308 2852    -6047986    -46           6     +3   28 152  157   +7   56   +8   56    8  22  0  0 L3P E7
G24 FF 61067 072200  780 527 2796    +1465249   -199           3    -46   18  34  102  -10   59  +44   59   44  13  0  0 L3P 2C
G10 FF 61067 073800  780 201 3197    +5851957    +74           8    +51   44  33  233  -26   74  -22   74  -22  34  0  0 L3P 1B
G12 FF 61067 073800  780 239 2185    +6069664    +19         -18    +16   40  68  199  -57  194  -49  194  -49  26  0  0 L3P 8B
G13 FF 61067 073800  780 402 1495    -6885281     +8         -40     -3   19  81  125  +20  158  +54  158   54  14  0  0 L3P 31
G14 FF 61067 073800  780 287  574    -7312770    -66          -4    -43   30 121  167  +36  135  +68  135   68  24  0  0 L3P 4B
G15 FF 61067 073800  780 553 1966    -3804240    -40           8     -4   25  61   98   +9   90  +29   90   29  18  0  0 L3P EB
G17 FF 61067 073800  780 365  866     +449231    +44          -4    -69   30   1  136   -6  142  +48  142   48  26  0  0 L3P FD
G19 FF 61067 073800  780 319 1185    -6874653    -51          -3    -34   32  18  153  -23  181   -1  181   -1  24  0  0 L3P 27
G22 FF 61067 073800  780 448  608     +539991    +23           1    +69   25  40  114  +13  100  -27  100  -27  18  0  0 L3P 0A
G23 FF 61067 073800  780 287 2771    -6048037    +36           2    +84   27 152  167  +15   74  -32   74  -32  22  0  0 L3P 32
G24 FF 61067 073800  780 601 2823    +1465105   -113           6    +40   20  34   93   -7   69  -22   69  -22  13  0  0 L3P F8
G10 FF 61067 075400  780 218 3130    +5851956     +7         -15    -15   31  33  216  -11  102   +3  102    3  24  0  0 L3P F1
G12 FF 61067 075400  780 310 2211    +6069672    -16         -14    -19   31  68  157  -34  171   +0  171    0  24  0  0 L3P 14
G13 FF 61067 075400  780 328 1515    -6885275    +36         -45    +24   22  81  149  +31  206  +36  206   36  17  0  0 L3P 52
G14 FF 61067 075400  780 222  575    -7312793    -32          -5    -10   41 121  212  +60  176  +53  176   53  35  0  0 L3P 2E
G15 FF 61067 075400  780 480 1916    -3804270    -50          12    -15   37  61  109  +13  119  +56  119   56  29  0  0 L3P 41
G17 FF 61067 075400  780 376  777     +449331   +105         -12     -7   25   1  132   -1  141  +10  141   10  19  0  0 L3P E9
G19 FF 61067 075400  780 368 1118    -6874663     +7           3    +24   26  18  135  -15  166  -38  166  -38  19  0  0 L3P 47
G22 FF 61067 075400  780 384  588     +539948    +18           2    +63   25  40  130  +19  124  -36  124  -36  18  0  0 L3P 1F
G23 FF 61067 075400  780 254 2697    -6048092    -96          -6    -48   35 152  187  +27  104  +71  104   71  26  0  0 L3P 60
G24 FF 61067 075400  780 677 2842    +1464953   -161           1     -7   18  34   87   -5   81  +22   81   22  12  0  0 L3P ED
G10 FF 61067 081000  780 223 3058    +5851999    +79           6    +56   24  45  211   +1  103  -26  103  -26  19  0  0 L3P 21
G12 FF 61067 081000  780 383 2239    +6069687     +0          -5     -3   25  72  130  -22  151   -6  151   -6  18  0  0 L3P F3
G13 FF 61067 081000  780 255 1534    -6885266    +45         -44    +34   28  82  187  +51  274  +52  274   52  23  0  0 L3P 59
G14 FF 61067 081000  780 158  584    -7312801    +45           8    +68   53 122  292 +115  218   +9  218    9  44  0  0 L3P 21
G15 FF 61067 081000  780 405 1884    -3804321    -36          -7     -1   32  64  124  +20  157  +41  157   41  26  0  0 L3P 16
G17 FF 61067 081000  780 371  690     +449451   +141           0    +28   33  19  134   +4  151   -4  151   -4  24  0  0 L3P D9
G19 FF 61067 081000  780 407 1037    -6874698     +5         -13    +22   23  19  124   -9  164  -22  164  -22  17  0  0 L3P 37
G22 FF 61067 081000  780 319  583     +539907    -61           3    -15   27  41  152  +28  143  +47  143   47  20  0  0 L3P 03
G23 FF 61067 081000  780 212 2632    -6048142    -63          -7    -14   36 153  221  +46  142  +40  142   40  28  0  0 L3P 2E
G24 FF 61067 081000  780 754 2838    +1464804   -164          -2    -11   14  35   84   -3   90  +12   90   12   9  0  0 L3P EA
G10 FF 61067 082600  780 216 2985    +5852008     +4          -6    -19   37  45  218  +13  126  +15  126   15  26  0  0 L3P 25
G12 FF 61067 082600  780 457 2269    +6069697     +3           2     -1   28  72  113  -15  132  -13  132  -13  19  0  0 L3P 12
G13 FF 61067 082600  780 184 1550    -6885262    +39         -51    +28   44  82  254  +95  346  +35  346   35  32  0  0 L3P 62
G15 FF 61067 082600  780 330 1864    -3804345    -56           3    -21   31  64  148  +30  177  +59  177   59  24  0  0 L3P 3B
G17 FF 61067 082600  780 352  609     +449561   +129           3    +16   30  19  140   +9  157   +2  157    2  22  0  0 L3P DD
G19 FF 61067 082600  780 434  944    -6874699    -70           2    -53   27  19  118   -4  152  +34  152   34  23  0  0 L3P 20
G22 FF 61067 082600  780 255  588     +539869    -44           9     +1   26  41  186  +44  181  +70  181   70  20  0  0 L3P 05
G23 FF 61067 082600  780 164 2573    -6048172    -22          10    +27   38 153  283  +86  174  +21  174   21  29  0  0 L3P 53
G24 FF 61067 082600  780 829 2742    +1464657   -151          -1     +3   11  35   81   -1  100   +7  100    7   7  0  0 L3P CC
G10 FF 61067 084200  780 196 2914    +5852026    -37         -10    -60   28  45  238  +29  145  +55  145   55  23  0  0 L3P 51
G12 FF 61067 084200  780 533 2303    +6069680     +4         -19     +1   27  72  101  -10  143  -10  143  -10  19  0  0 L3P 11
G13 FF 61067 084200  780 115 1563    -6885240    +35         -40    +24   36  82  398 +228  411  +66  411   66  27  0  0 L3P 66
G15 FF 61067 084200  780 257 1849    -3804391    -60          -9    -25   25  64  185  +49  230  +82  230   82  20  0  0 L3P 45
G19 FF 61067 084200  780 444  844    -6874705    +45          13    +62   19  19  115   +0  147  -34  147  -34  17  0  0 L3P 34
G22 FF 61067 084200  780 193  600     +539807    -60         -10    -15   43  41  243  +76  248  +67  248   67  37  0  0 L3P 31
G23 FF 61067 084200  780 112 2522    -6048241    -72         -13    -23   38 153  407 +190  239  +72  239   72  30  0  0 L3P 66
G24 FF 61067 084200  780 866 1847    +1464519    -95           8    +58   13  35   81   +0  106  -25  106  -25   8  0  0 L3P 13
G25 FF 61067 084200  780 135 2407    -4474038     +3          26    -21   42  21  344 -160  241  -32  241  -32  32  0  0 L3P 30
G32 FF 61067 084200  780 156 3195    +1444844   -157         -13    +17   46 100  299 -111  146   +2  146    2  33  0  0 L3P 56
G10 FF 61067 085800  780 167 2848    +5852059     -9           1    -31   39  45  278  +56  152  +52  152   52  32  0  0 L3P 2E
G12 FF 61067 085800  780 610 2339    +6069696     -1          -6     -4   23  72   93   -7  129   +2  129    2  17  0  0 L3P D9
G15 FF 61067 085800  780 187 1836    -3804403    +33          12    +68   40  64  250  +91  292  +40  292   40  29  0  0 L3P 44
G17 FF 61067 085800  780 278  485     +449767   +105          -8     -7   38  19  173  +27  201  +19  201   19  28  0  0 L3P 31
G19 FF 61067 085800  780 436  744    -6874719    -40          15    -23   29  19  117   +4  157  +46  157   46  23  0  0 L3P 3B
G22 FF 61067 085800  780 132  617     +539769    -18          -4    +27   52  41  348 +155  291  +30  291   30  46  0  0 L3P 33
G24 FF 61067 085800  780 799 1436    +1464359   -153          -4     +0   16  35   82   +2  124  +16  124   16  10  0  0 L3P 12
G25 FF 61067 085800  780 199 2440    -4474030   -155          11   -179   49  21  237  -76  224 +115  224  115  36  0  0 L3P 91
G32 FF 61067 085800  780 213 3170    +1444704   -162          15    +12   32 100  222  -57  141   -2  141   -2  23  0  0 L3P 21
G10 FF 61067 091400  780 129 2786    +5852054    +35         -26    +12   41  45  356 +112  204  +25  204   25  31  0  0 L3P 49
G12 FF 61067 091400  780 687 2380    +6069701     -8          -4    -12   17  72   87   -5  133  +13  133   13  12  0  0 L3P FC
G15 FF 61067 091400  780 119 1825    -3804474    -76         -25    -41   28  64  384 +208  390  +87  390   87  22  0  0 L3P 7C
G17 FF 61067 091400  780 229  442     +449870   +137         -12    +25   31  19  206  +45  226   -1  226   -1  24  0  0 L3P 15
G19 FF 61067 091400  780 411  655    -6874757    +31          -7    +48   25  19  123   +8  187  -18  187  -18  21  0  0 L3P 3F
G24 FF 61067 091400  780 721 1393    +1464226   -161          10     -8   14  35   85   +4  132  +27  132   27  10  0  0 L3P 05
G25 FF 61067 091400  780 265 2476    -4474018    +96           0    +72   30  21  181  -44  211  -68  211  -68  23  0  0 L3P 39
G32 FF 61067 091400  780 266 3134    +1444536   -182          13     -8   23 100  180  -33  144  +11  144   11  16  0  0 L3P 32
G06 FF 61067 093000  780 154  898    +6061689    +81          -5    +50   38  63  301  -86  354 -130  354 -130  31  0  0 L3P 60
G12 FF 61067 093000  780 765 2431    +6069719    -13          10    -16   17  72   83   -3  120  +17  120   17  12  0  0 L3P 07
G17 FF 61067 093000  780 175  412     +449977   +184         -14    +72   37  19  266  +83  251  -44  251  -44  29  0  0 L3P 5B
G19 FF 61067 093000  780 373  581    -6874763    -32           4    -15   32  19  133  +14  189  +16  189   16  25  0  0 L3P 2F
G24 FF 61067 093000  780 642 1395    +1464086   -193          17    -40   16  35   90   +6  143  +45  143   45  12  0  0 L3P 29
G25 FF 61067 093000  780 332 2514    -4473979    +35          16    +11   26  21  148  -28  180  -36  180  -36  18  0  0 L3P 51
G32 FF 61067 093000  780 313 3084    +1444368   -195          13    -21   35 100  155  -20  152  +16  152   16  27  0  0 L3P 4A
G06 FF 61067 094600  780 195  836    +6061748     +6          25    -25   31  63  241  -46  278   +4  278    4  25  0  0 L3P 0C
G12 FF 61067 094600  780 842 2523    +6069726     -1          14     -5    9  72   81   -1  123  +12  123   12   6  0  0 L3P C5
G17 FF 61067 094600  780 118  392     +450093   +235          -6   +123   43  19  386 +184  302  -11  302  -11  33  0  0 L3P 49
G19 FF 61067 094600  780 323  524    -6874780     +0           3    +17   30  19  150  +23  205   -2  205   -2  21  0  0 L3P DD
G24 FF 61067 094600  780 564 1409    +1463929   -153           8     +1   20  35   97   +9  160   +4  160    4  15  0  0 L3P E7
G25 FF 61067 094600  780 400 2554    -4473961    -21          11    -45   24  21  126  -19  162  +10  162   10  18  0  0 L3P 2B
G32 FF 61067 094600  780 352 3020    +1444206   -153          17    +21   27 100  140  -12  157   -8  157   -8  20  0  0 L3P 2D
G06 FF 61067 100200  780 228  768    +6061750    +61          -5    +31   32  81  207  -25  270  -63  270  -63  24  0  0 L3P 25
G11 FF 61067 100200  780 122 1198    +4597753    -38          -9    +94   53 205  378 -170  417  -97  417  -97  39  0  0 L3P 8F
G12 FF 61067 100200  780 877  413    +6069732    +55          14    +52   14  75   81   +0  128  -34  128  -34   9  0  0 L3P FD
G19 FF 61067 100200  780 267  484    -6874796    -12           2     +5   23  57  179  +37  233  +34  233   34  17  0  0 L3P 17
G24 FF 61067 100200  780 487 1428    +1463777   -236           3    -83   24  35  107  +13  179  +86  179   86  17  0  0 L3P 57
G25 FF 61067 100200  780 470 2596    -4473940    +74           9    +50   29  22  111  -13  158  -36  158  -36  19  0  0 L3P 40
G32 FF 61067 100200  780 378 2942    +1444028   -157           2    +17   30 102  132   -6  168   +1  168    1  23  0  0 L3P 00
G06 FF 61067 101800  780 251  695    +6061787    +22           2     -8   30  81  190  -12  250  -15  250  -15  25  0  0 L3P 06
G11 FF 61067 101800  780 177 1151    +4597643    -91           7    +41   32 205  264  -80  341 -130  341 -130  25  0  0 L3P 5D
G12 FF 61067 101800  780 803  648    +6069743    -60          21    -63   14  75   82   +2  123  +46  123   46  11  0  0 L3P FE
G19 FF 61067 101800  780 207  457    -6874791    -22          23     -5   30  57  226  +65  260  +57  260   57  23  0  0 L3P 28
G24 FF 61067 101800  780 412 1448    +1463615   -180         -11    -27   22  35  122  +19  216  +60  216   60  15  0  0 L3P 42
G25 FF 61067 101800  780 542 2641    -4473908    +19          18     -5   23  22  100   -9  152   -7  152   -7  15  0  0 L3P FC
G28 FF 61067 101800  780 136 3052    +6052568   -132           9    -74   37 227  342 -158  220  +41  220   41  24  0  0 L3P 58
G29 FF 61067 101800  780 167 2004    +3859564    -66          57     +0   40  40  281 -117  325  -21  325  -21  34  0  0 L3P 45
G32 FF 61067 101800  780 391 2854    +1443863   -161           4    +13   28 102  128   -1  172   -3  172   -3  23  0  0 L3P 13
G06 FF 61067 103400  780 261  618    +6061820    +40           6     +9   37  81  183   -3  250   +5  250    5  23  0  0 L3P BD
G11 FF 61067 103400  780 230 1099    +4597516   -142           7    -10   29 205  207  -44  292  -32  292  -32  21  0  0 L3P 51
G12 FF 61067 103400  780 727  713    +6069730     +0           5     -4   18  75   85   +4  144  +10  144   10  13  0  0 L3P BA
G19 FF 61067 103400  780 145  441    -6874787     +2          43    +19   57  57  318 +135  301  +53  301   53  47  0  0 L3P 35
G24 FF 61067 103400  780 339 1467    +1463479   -165           0    -11   25  35  144  +28  241  +37  241   37  18  0  0 L3P 3C
G25 FF 61067 103400  780 614 2689    -4473883    +60          20    +36   25  22   92   -7  144  -39  144  -39  17  0  0 L3P 37
G28 FF 61067 103400  780 200 3060    +6052511    -42           8    +16   47 227  236  -75  214  -12  214  -12  32  0  0 L3P 2B
G29 FF 61067 103400  780 238 2014    +3859504   -113          60    -47   41  40  200  -59  267  -25  267  -25  31  0  0 L3P 59
G32 FF 61067 103400  780 387 2762    +1443700   -217           7    -43   20 102  129   +3  168  +44  168   44  16  0  0 L3P 34
G06 FF 61067 105000  780 258  542    +6061850    +16           6    -15   33  81  185   +7  257   +5  257    5  26  0  0 L3P E3
G11 FF 61067 105000  780 278 1038    +4597389   -107           7    +25   28 205  173  -27  257  -30  257  -30  22  0  0 L3P 62
G12 FF 61067 105000  780 653  763    +6069741    -17          12    -20   17  75   89   +5  149  +19  149   19  12  0  0 L3P 12
G24 FF 61067 105000  780 268 1485    +1463326   -129          -6    +25   29  35  179  +45  289  +24  289   24  21  0  0 L3P 5D
G25 FF 61067 105000  780 688 2745    -4473864    +42          16    +18   17  22   87   -5  136  -11  136  -11  12  0  0 L3P 29
G28 FF 61067 105000  780 265 3061    +6052433    -45         -14    +13   27 227  181  -43  216  -41  216  -41  20  0  0 L3P 4F
G29 FF 61067 105000  780 312 2026    +3859415    -59          34     +7   26  40  156  -35  243  -41  243  -41  22  0  0 L3P 2F
G32 FF 61067 105000  780 367 2673    +1443555   -165          30     +9   31 102  135   +9  166   +4  166    4  24  0  0 L3P 0F
G06 FF 61067 110600  780 242  470    +6061867     +0          -6    -30   36  81  196  +17  280  +50  280   50  26  0  0 L3P 07
G11 FF 61067 110600  780 318  967    +4597262   -120           6    +12   28 205  153  -16  261  -57  261  -57  22  0  0 L3P 49
G12 FF 61067 110600  780 581  808    +6069731    -15           0    -19   17  75   95   +8  172  +19  172   19  12  0  0 L3P FE
G24 FF 61067 110600  780 198 1501    +1463195   -131          11    +23   31  35  236  +79  326  +50  326   50  24  0  0 L3P 3B
G25 FF 61067 110600  780 762 2819    -4473839    -12          18    -36   14  22   83   -3  131  +26  131   26   8  0  0 L3P 0A
G28 FF 61067 110600  780 330 3051    +6052386    -25          -5    +33   34 227  148  -27  195  -38  195  -38  24  0  0 L3P 5F
G29 FF 61067 110600  780 387 2040    +3859321   -125           4    -59   27  40  129  -22  221  -14  221  -14  17  0  0 L3P 3E
G32 FF 61067 110600  780 334 2592    +1443362   -154           4    +20   26 102  146  +15  197   -2  197   -2  17  0  0 L3P 27
G06 FF 61067 112200  780 214  405    +6061899    +24          -4     -7   38  81  220  +34  298  +26  298   26  26  0  0 L3P 1C
G11 FF 61067 112200  780 348  887    +4597140   -144          10    -12   32 205  141   -9  229  +10  229   10  24  0  0 L3P 28
G12 FF 61067 112200  780 510  852    +6069743    -13           9    -16   27  75  104  +11  183  +38  183   38  19  0  0 L3P 19
G24 FF 61067 112200  780 132 1515    +1463022   -175         -16    -21   34  35  349 +171  400  +92  400   92  26  0  0 L3P 52
G25 FF 61067 112200  780 836 2970    -4473825    +30          10     +6   14  22   81   -1  140   -2  140   -2   9  0  0 L3P C4
G28 FF 61067 112200  780 395 3028    +6052335    -23          -1    +35   23 227  127  -18  183  -40  183  -40  18  0  0 L3P 4C
G29 FF 61067 112200  780 464 2053    +3859272   -138          18    -72   24  40  112  -15  179  +36  179   36  19  0  0 L3P 5F
G31 FF 61067 112200  780 101 3121    +1703441    -14          -4     +6   39 112  456 -285  277   +6  277    6  28  0  0 L3P 17
G32 FF 61067 112200  780 291 2521    +1443197   -240           6    -66   29 102  165  +25  220  +91  220   91  22  0  0 L3P 37
G06 FF 61067 113800  780 175  351    +6061948    +44          16    +13   50  81  265  +63  302   +9  302    9  32  0  0 L3P FF
G11 FF 61067 113800  780 364  801    +4597017   -158          14    -27   28 205  136   -3  222  +23  222   23  20  0  0 L3P 2A
G12 FF 61067 113800  780 441  895    +6069743    +35           5    +32   23  75  116  +15  207  +14  207   14  17  0  0 L3P 13
G25 FF 61067 113800  780 873  448    -4473796    +37          15    +13   20  22   81   +0  144   +1  144    1  14  0  0 L3P D8
G28 FF 61067 113800  780 456 2986    +6052278    -69          -3    -11   25 227  113  -12  177   +2  177    2  19  0  0 L3P 36
G29 FF 61067 113800  780 542 2065    +3859208    -46          17    +20   36  40  100  -10  171  -18  171  -18  29  0  0 L3P 44
G31 FF 61067 113800  780 166 3119    +1703436    +93          10   +114   53 112  283 -110  259  -86  259  -86  36  0  0 L3P 84
G32 FF 61067 113800  780 240 2461    +1443037   -223          13    -49   38 102  197  +42  255  +92  255   92  31  0  0 L3P 5A
G06 FF 61067 115400  780 130  307    +6061979     -1          17    -31   39  81  353 +130  328  +58  328   58  31  0  0 L3P 2E
G11 FF 61067 115400  780 366  712    +4596880   -191           4    -60   27 205  135   +2  226  +47  226   47  19  0  0 L3P 32
G12 FF 61067 115400  780 374  937    +6069741     +7           0     +3   33  75  133  +21  241  +18  241   18  23  0  0 L3P E7
G25 FF 61067 115400  780 806  905    -4473780    +60           9    +36   14  22   82   +2  153  -22  153  -22   9  0  0 L3P EC
G28 FF 61067 115400  780 511 2919    +6052229    -65           4     -7   22 227  104   -8  162   -1  162   -1  15  0  0 L3P F8
G29 FF 61067 115400  780 621 2070    +3859145    -86          18    -20   25  40   92   -7  168  +26  168   26  16  0  0 L3P 28
G31 FF 61067 115400  780 230 3109    +1703406     +2          -1    +22   31 112  207  -56  248  -24  248  -24  23  0  0 L3P 20
G32 FF 61067 115400  780 185 2409    +1442869   -189          12    -15   42 102  252  +75  299  +68  299   68  33  0  0 L3P 82
G11 FF 61067 121000  780 352  628    +4596747   -184           3    -52   30 206  140   +8  234  +48  234   48  23  0  0 L3P 28
G12 FF 61067 121000  780 308  977    +6069736     -2         -12     -5   26  76  157  +31  281  +47  281   47  18  0  0 L3P 20
G25 FF 61067 121000  780 731 1006    -4473772    +12          -6    -12   23  23   84   +3  168  +13  168   13  16  0  0 L3P FE
G28 FF 61067 121000  780 554 2822    +6052164    -59          -5     -1   16 227   98   -4  171   -2  171   -2  11  0  0 L3P F3
G29 FF 61067 121000  780 699 2061    +3859080    -63          11     +3   20  41   86   -4  164   -6  164   -6  14  0  0 L3P EE
G31 FF 61067 121000  780 293 3086    +1703380    +16          -7    +38   24 113  165  -33  240  -38  240  -38  17  0  0 L3P 47
G32 FF 61067 121000  780 128 2363    +1442696   -117           6    +57   72 103  358 +158  356  -15  356  -15  51  0  0 L3P 73
G11 FF 61067 122600  780 324  553    +4596618   -146           0    -14   34 206  150  +15  244  +15  244   15  24  0  0 L3P 2B
G12 FF 61067 122600  780 244 1017    +6069747    -84          -5    -87   36  76  194  +48  314 +100  314  100  28  0  0 L3P 61
G25 FF 61067 122600  780 657 1068    -4473748    +56          -6    +32   20  23   89   +5  172  -13  172  -13  13  0  0 L3P 25
G26 FF 61067 122600  780 187 2890    +3178551     +6          27    -53   33   3  251  -85  287  +14  287   14  25  0  0 L3P 2C
G28 FF 61067 122600  780 579 2694    +6052105    -40          -8    +18   18 227   95   -1  170  -17  170  -17  12  0  0 L3P 39
G29 FF 61067 122600  780 777 2006    +3859006    -43           1    +23   17  41   83   -2  163  -24  163  -24  13  0  0 L3P 0C
G31 FF 61067 122600  780 354 3050    +1703369     -8           2    +13   28 113  140  -21  216  -19  216  -19  21  0  0 L3P 1D
G11 FF 61067 124200  780 284  491    +4596494   -159           3    -27   43 206  169  +25  254  +40  254   40  30  0  0 L3P 42
G12 FF 61067 124200  780 182 1055    +6069753    +74          -1    +71   27  76  256  +85  356   -3  356   -3  23  0  0 L3P 29
G18 FF 61067 124200  780 134 1803    +4403310    +21          47   +118   34 170  348 -179  408 -150  408 -150  25  0  0 L3P 94
G25 FF 61067 124200  780 583 1118    -4473723    +73          -4    +49   18  23   95   +8  187  -10  187  -10  13  0  0 L3P 28
G26 FF 61067 124200  780 252 2911    +3178591    -24          11    -83   32   3  190  -48  275  +39  275   39  23  0  0 L3P 35
G28 FF 61067 124200  780 579 2550    +6052049    -90          -9    -32   20 227   95   +1  176  +23  176   23  14  0  0 L3P 29
G29 FF 61067 124200  780 843 1722    +3858947    -42           5    +24   15  41   81   -1  161  -17  161  -17  10  0  0 L3P 11
G31 FF 61067 124200  780 408 2995    +1703354    -69           8    -48   20 113  124  -13  197  +32  197   32  14  0  0 L3P 41
G11 FF 61067 125800  780 236  443    +4596356   -109          -9    +23   33 206  200  +42  274   +5  274    5  26  0  0 L3P 23
G18 FF 61067 125800  780 204 1797    +4403212   -138          41    -41   33 170  232  -80  353   +6  353    6  23  0  0 L3P 33
G21 FF 61067 125800  780 119  670    -3883799    -90          -1    -22   43 134  385  -95  359  -29  359  -29  30  0  0 L3P 70
G25 FF 61067 125800  780 510 1161    -4473705    +15          -9     -9   20  23  104  +11  205  +21  205   21  14  0  0 L3P 00
G26 FF 61067 125800  780 319 2927    +3178666    +83          28    +24   28   3  153  -30  231  -59  231  -59  21  0  0 L3P 4A
G28 FF 61067 125800  780 556 2416    +6051983    -91         -19    -33   27 227   98   +4  190  +38  190   38  17  0  0 L3P 59
G29 FF 61067 125800  780 835  941    +3858898   -101          20    -35   16  41   81   +1  152  +25  152   25  11  0  0 L3P 1C
G31 FF 61067 125800  780 452 2919    +1703331     +1           6    +23   30 113  114   -8  194  -22  194  -22  23  0  0 L3P 0E
G04 FF 61067 131400  780 109 3287     -407069    -56           5    -33   49 157  415  -26  328  +13  328   13  32  0  0 L3P 32
G05 FF 61067 131400  780 151  906    +2279666    +66         -40    +60   43  26  307  -89  359 -114  359 -114  29  0  0 L3P 7D
G11 FF 61067 131400  780 182  408    +4596241   -123           3     +9   49 206  256  +77  275  -15  275  -15  35  0  0 L3P 40
G18 FF 61067 131400  780 277 1790    +4403088   -127          10    -30   27 170  174  -44  325  -46  325  -46  21  0  0 L3P 6D
G21 FF 61067 131400  780 144  606    -3883856    -58           8    +10   45 134  320  -46  308  -64  308  -64  35  0  0 L3P 43
G25 FF 61067 131400  780 439 1201    -4473678    +84          -5    +60   29  23  116  +15  220  -17  220  -17  19  0  0 L3P 3C
G26 FF 61067 131400  780 387 2935    +3178716    +74          22    +15   32   3  129  -20  202  -44  202  -44  24  0  0 L3P 2D
G28 FF 61067 131400  780 512 2306    +6051937    -67         -10     -9   25 227  104   +8  199  +20  199   20  17  0  0 L3P 3A
G29 FF 61067 131400  780 768  728    +3858825    -40           9    +26   13  41   83   +3  153  -19  153  -19   8  0  0 L3P 08
G31 FF 61067 131400  780 483 2822    +1703299    -21          -6     +1   22 113  108   -4  185  -18  185  -18  16  0  0 L3P 2A
G04 FF 61067 133000  780 111 3222     -407099    -50          -3    -27   51 157  409  +14  325  +11  325   11  38  0  0 L3P 1C
G05 FF 61067 133000  780 192  845    +2279686    -11         -25    -17   31  26  244  -47  297  -41  297  -41  23  0  0 L3P 54
G11 FF 61067 133000  780 125  383    +4596099     -4         -13   +127   77 206  367 +168  293 -109  293 -109  60  0  0 L3P A0
G16 FF 61067 133000  780 119 2942    -1962244   -144          13    -69   42  40  390 -207  362  -21  362  -21  29  0  0 L3P 6B
G18 FF 61067 133000  780 352 1782    +4403001   -144          16    -48   36 170  140  -27  269  -30  269  -30  25  0  0 L3P 63
G21 FF 61067 133000  780 160  540    -3883922   -130           7    -62   31 134  289  -19  269   +6  269    6  22  0  0 L3P 1F
G25 FF 61067 133000  780 368 1237    -4473630    +44          21    +20   20  23  134  +22  215  +16  215   16  14  0  0 L3P 18
G26 FF 61067 133000  780 457 2933    +3178763    +89          12    +30   23   3  113  -14  182  -51  182  -51  16  0  0 L3P 32
G28 FF 61067 133000  780 456 2225    +6051887    -31          -4    +27   24 227  113  +12  207   +2  207    2  16  0  0 L3P 10
G29 FF 61067 133000  780 694  690    +3858767    -82          15    -16   27  41   86   +4  144   +8  144    8  19  0  0 L3P 03
G31 FF 61067 133000  780 494 2710    +1703266     -3         -18    +18   30 113  106   +0  190   -7  190   -7  19  0  0 L3P 09
G04 FF 61067 134600  780 102 3158     -407122    -81          -4    -58   43 157  443  +60  332  +50  332   50  32  0  0 L3P 23
G05 FF 61067 134600  780 225  777    +2279688    -17         -29    -23   35  26  210  -26  263   +1  263    1  28  0  0 L3P 1F
G16 FF 61067 134600  780 183 2964    -1962290    -36          40    +39   36  40  256  -91  275  -98  275  -98  25  0  0 L3P 76
G18 FF 61067 134600  780 428 1770    +4402912    -30          20    +67   32 170  119  -18  213  -80  213  -80  21  0  0 L3P 4B
G21 FF 61067 134600  780 165  472    -3883997    +16          -2    +84   48 134  281   +1  265  -58  265  -58  34  0  0 L3P 53
G25 FF 61067 134600  780 300 1271    -4473642    +42         -15    +18   37  23  161  +34  265  +15  265   15  29  0  0 L3P 40
G26 FF 61067 134600  780 527 2914    +3178824    +26          17    -33   30   3  102  -10  155   -2  155   -2  20  0  0 L3P 00
G28 FF 61067 134600  780 392 2165    +6051832    -12          -3    +46   35 227  128  +19  230   -3  230   -3  26  0  0 L3P 27
G29 FF 61067 134600  780 620  694    +3858683    -13          -5    +53   23  41   91   +6  150  -30  150  -30  15  0  0 L3P 0A
G31 FF 61067 134600  780 485 2596    +1703253    -25         -10     -3   22 113  108   +3  182   +0  182    0  18  0  0 L3P FA
G05 FF 61067 140200  780 248  703    +2279725    +13           1     +7   28  29  192  -13  215  -43  215  -43  22  0  0 L3P 06
G16 FF 61067 140200  780 250 2981    -1962382    -20          20    +55   32  59  191  -50  242  -87  242  -87  23  0  0 L3P 4D
G18 FF 61067 140200  780 505 1748    +4402803   -138           2    -41   28 171  105  -12  191   -6  191   -6  18  0  0 L3P 2E
G21 FF 61067 140200  780 158  405    -3884045    -63          16     +5   39 134  292  +22  238  -18  238  -18  32  0  0 L3P 3B
G25 FF 61067 140200  780 232 1301    -4473610    +70          -6    +46   36  24  203  +56  276   -6  276   -6  27  0  0 L3P 16
G26 FF 61067 140200  780 594 2868    +3178868    -23           5    -82   19  11   94   -7  148  +38  148   38  12  0  0 L3P 2B
G28 FF 61067 140200  780 325 2120    +6051777    -39          -2    +19   26 227  150  +29  255   +7  255    7  20  0  0 L3P 20
G29 FF 61067 140200  780 548  713    +3858610   -101         -16    -35   13  42   99   +9  159  +37  159   37  10  0  0 L3P 33
G31 FF 61067 140200  780 458 2491    +1703230    -32          -5    -10   23  13  113   +7  179  +16  179   16  17  0  0 L3P 11
G05 FF 61067 141800  780 258  626    +2279718    +38         -10    +32   37  29  185   -3  205  -27  205  -27  25  0  0 L3P 3C
G16 FF 61067 141800  780 319 2992    -1962459    -76          14     -1   21  59  153  -31  213  -30  213  -30  15  0  0 L3P 38
G18 FF 61067 141800  780 581 1709    +4402714   -104           6     -7   21 171   95   -8  159  -20  159  -20  14  0  0 L3P 28
G21 FF 61067 141800  780 141  342    -3884148   -120         -22    -51   52 134  326  +52  258  +21  258   21  33  0  0 L3P 4B
G25 FF 61067 141800  780 167 1330    -4473608    -93         -27   -117   20  24  279 +107  322 +112  322  112  17  0  0 L3P 87
G26 FF 61067 141800  780 655 2778    +3178912    +35          -7    -24   20  11   89   -4  145   +8  145    8  13  0  0 L3P 00
G28 FF 61067 141800  780 256 2085    +6051731    -37           6    +21   37 229  186  +47  282  +31  282   31  29  0  0 L3P 48
G29 FF 61067 141800  780 477  740    +3858552    -35         -10    +31   17  42  109  +12  160  -27  160  -27  12  0  0 L3P 3F
G31 FF 61067 141800  780 415 2404    +1703199    -16         -15     +5   19  13  122  +12  192   +6  192    6  15  0  0 L3P 01
G05 FF 61067 143400  780 255  549    +2279724     +0         -10     -5   32  29  187   +7  200   -1  200   -1  21  0  0 L3P D0
G16 FF 61067 143400  780 390 2993    -1962527    -82          19     -7   19  59  129  -20  179  -27  179  -27  13  0  0 L3P 62
G18 FF 61067 143400  780 652 1636    +4402621    -83           5    +14   22 171   89   -5  143  -18  143  -18  16  0  0 L3P 25
G21 FF 61067 143400  780 113  286    -3884175    -59          16     +9   46 134  401 +111  217  -38  217  -38  34  0  0 L3P 50
G25 FF 61067 143400  780 103 1355    -4473584    -68         -26    -91   59  24  443 +265  348 +104  348  104  44  0  0 L3P 93
G26 FF 61067 143400  780 699 2619    +3178966    +90         -10    +30   16  11   86   -2  141  -13  141  -13  11  0  0 L3P 2C
G27 FF 61067 143400  780 107 2651     +275285     +3          41    -81   40  54  429 -239  388  -20  388  -20  29  0  0 L3P 47
G28 FF 61067 143400  780 188 2055    +6051659    -87         -10    -29   39 229  248  +87  338  +70  338   70  27  0  0 L3P 84
G29 FF 61067 143400  780 409  771    +3858487    -51         -12    +15   20  42  123  +17  170  -12  170  -12  15  0  0 L3P 39
G31 FF 61067 143400  780 363 2333    +1703174    +16         -19    +38   29  13  136  +19  212   -6  212   -6  22  0  0 L3P 1F
G05 FF 61067 145000  780 239  476    +2279731    +22          -9    +16   33  29  198  +18  198  -21  198  -21  24  0  0 L3P 45
G16 FF 61067 145000  780 460 2980    -1962626   -119          -9    -44   13  59  112  -14  170   +3  170    3   9  0  0 L3P 15
G18 FF 61067 145000  780 713 1497    +4402526    -83           3    +14   18 171   85   -3  139  -16  139  -16  12  0  0 L3P 29
G23 FF 61067 145000  780 141 1463    -6049325    -26          -7    +23   66 157  330 -151  317  -77  317  -77  49  0  0 L3P 77
G26 FF 61067 145000  780 713 2393    +3179030    +46          -2    -14   14  11   85   +0  138  +20  138   20   9  0  0 L3P EA
G27 FF 61067 145000  780 169 2688     +275361   +103          36    +19   40  54  278 -102  302  -83  302  -83  31  0  0 L3P 5C
G28 FF 61067 145000  780 122 2030    +6051607   -212          -7   -154   64 229  375 +196  418 +210  418  210  50  0  0 L3P 95
G29 FF 61067 145000  780 343  805    +3858437    -21           1    +45   23  42  143  +25  172  -31  172  -31  18  0  0 L3P 1B
G31 FF 61067 145000  780 304 2277    +1703160    -16         -12     +5   31  13  159  +29  229  +23  229   23  24  0  0 L3P 1F
G05 FF 61067 150600  780 210  411    +2279762    +21          17    +16   37  29  223  +35  172  -23  172  -23  29  0  0 L3P 27
G16 FF 61067 150600  780 530 2947    -1962701    -40         -11    +35   19  59  101   -9  147  -38  147  -38  13  0  0 L3P 4C
G18 FF 61067 150600  780 747 1254    +4402432    -65           1    +31   15 171   84   -1  125  -38  125  -38   9  0  0 L3P 10
G23 FF 61067 150600  780 207 1432    -6049344    -15          21    +34   37 157  229  -72  231  -83  231  -83  28  0  0 L3P 5C
G26 FF 61067 150600  780 690 2176    +3179085   +100          -4    +41   17  11   87   +2  138  -39  138  -39  11  0  0 L3P 33
G27 FF 61067 150600  780 232 2724     +275430     -2          24    -86   37  54  205  -55  242   +3  242    3  27  0  0 L3P EB
G29 FF 61067 150600  780 278  841    +3858353    -67         -19     -1   26  42  172  +37  200  +18  200   18  20  0  0 L3P 27
G31 FF 61067 150600  780 243 2232    +1703150     +9          -2    +31   24  13  195  +48  264  +20  264   20  20  0  0 L3P FE
G05 FF 61067 152200  780 172  356    +2279765    -52          15    -57   37  29  270  +66  167  +43  167   43  29  0  0 L3P 45
G16 FF 61067 152200  780 595 2881    -1962772   -111         -11    -36   18  59   94   -6  134   +5  134    5  10  0  0 L3P 1D
G18 FF 61067 152200  780 737  971    +4402329   -113          -8    -17   20 171   84   +1  120   -1  120   -1  12  0  0 L3P F1
G23 FF 61067 152200  780 273 1396    -6049419     +2          -7    +51   32 157  176  -41  220  -39  220  -39  23  0  0 L3P 44
G26 FF 61067 152200  780 640 2028    +3179143    +71          -3    +11   23  11   90   +5  135  -15  135  -15  16  0  0 L3P 03
G27 FF 61067 152200  780 297 2760     +275502   +101          16    +17   31  54  163  -34  192  -53  192  -53  23  0  0 L3P 42
G29 FF 61067 152200  780 216  878    +3858299    -96         -10    -31   30  42  218  +61  197  +38  197   38  26  0  0 L3P 5D
G31 FF 61067 152200  780 181 2194    +1703140    -12           9    +10   39  13  257  +86  296  +23  296   23  32  0  0 L3P 20
G05 FF 61067 153800  780 126  311    +2279740     +2         -16     -4   39  29  364 +140  177  -35  177  -35  29  0  0 L3P 3C
G16 FF 61067 153800  780 648 2765    -1962844   -117         -10    -42   22  59   89   -3  122   +9  122    9  14  0  0 L3P 28
G18 FF 61067 153800  780 691  782    +4402240    -42          -5    +55   20 171   86   +3  108  -43  108  -43  16  0  0 L3P 1D
G23 FF 61067 153800  780 338 1352    -6049456     +1           3    +50   26 157  145  -25  176  -78  176  -78  21  0  0 L3P 4C
G26 FF 61067 153800  780 575 1940    +3179206     +3           3    -56   20  11   96   +8  128  +39  128   39  16  0  0 L3P 03
G27 FF 61067 153800  780 364 2795     +275580   +113          13    +29   29  54  136  -23  162  -62  162  -62  24  0  0 L3P 55
G29 FF 61067 153800  780 155  915    +3858236    -65         -10     +1   40  42  298 +114  209   +4  209    4  32  0  0 L3P 17
G31 FF 61067 153800  780 120 2160    +1703116    -49           5    -28   31  13  382 +190  350  +58  350   58  24  0  0 L3P 2F
G10 FF 61067 155400  780 163 1639    +5852648    +21          34     -1   31  84  287 -122  241  -44  241  -44  23  0  0 L3P 46
G16 FF 61067 155400  780 680 2587    -1962927   -101         -21    -26   19  59   87   -1  121   +9  121    9  13  0  0 L3P 22
G18 FF 61067 155400  780 628  686    +4402134    -25         -18    +71   24 171   91   +6  108  -55  108  -55  17  0  0 L3P 3D
G23 FF 61067 155400  780 400 1296    -6049508    -31          -2    +18   28 157  126  -16  140  -38  140  -38  19  0  0 L3P 58
G26 FF 61067 155400  780 504 1889    +3179239    +63         -20     +4   26  11  105  +11  150   +4  150    4  20  0  0 L3P FC
G27 FF 61067 155400  780 433 2827     +275662    +62          14    -22   19  54  118  -16  143  -18  143  -18  15  0  0 L3P 3D
G07 FF 61067 161000  780 117 3292    +1410090     -6         -12    -57   39  72  389  -71  225  +13  225   13  30  0  0 L3P 29
G08 FF 61067 161000  780 187 2853    -4993006    +36          10    -10   44 105  251  -84  229  -46  229  -46  33  0  0 L3P 63
G10 FF 61067 161000  780 234 1620    +5852626    +14          -6     -8   33  54  204  -61  219  -48  219  -48  23  0  0 L3P 2D
G15 FF 61067 161000  780 102  684    -3805308    -32           2     +3   50  72  444 -127  130   -9  130   -9  42  0  0 L3P ED
G16 FF 61067 161000  780 678 2378    -1962993    -82         -11     -7   19  62   87   +1  108   +1  108    1  14  0  0 L3P FC
G18 FF 61067 161000  780 559  643    +4402057    -66           0    +31   27 172   97   +8   94  -20   94  -20  18  0  0 L3P F6
G23 FF 61067 161000  780 456 1223    -6049557    -50          -2     -1   26 158  113  -10  119  -25  119  -25  21  0  0 L3P 33
G26 FF 61067 161000  780 431 1858    +3179305    +74         -11    +15   27  11  118  +17  151   -5  151   -5  22  0  0 L3P 1E
G27 FF 61067 161000  780 505 2856     +275743    +58          10    -26   21  67  105  -11  119   +0  119    0  16  0  0 L3P F7
G07 FF 61067 162600  780 134 3234    +1410139    +92         -12    +40   36  72  342  -31  215  -29  215  -29  26  0  0 L3P 46
G08 FF 61067 162600  780 252 2880    -4992946    +32          25    -14   42 105  190  -48  177  -40  177  -40  34  0  0 L3P 6E
G10 FF 61067 162600  780 306 1599    +5852667    +64          13    +43   37  54  159  -35  160  -65  160  -65  29  0  0 L3P 63
G15 FF 61067 162600  780 128  620    -3805330    -91          14    -56   52  72  358  -60  109  +21  109   21  39  0  0 L3P 28
G16 FF 61067 162600  780 643 2203    -1963056    -74          -1     +1   24  62   90   +4  104   -9  104   -9  16  0  0 L3P DF
G18 FF 61067 162600  780 488  629    +4401959    -78          -5    +18   24 172  107  +12   90  -15   90  -15  16  0  0 L3P 34
G23 FF 61067 162600  780 501 1128    -6049629    -32         -27    +17   23 158  105   -6  116  -33  116  -33  19  0  0 L3P 53
G26 FF 61067 162600  780 358 1838    +3179351    +98         -23    +39   31  11  138  +25  162  -28  162  -28  24  0  0 L3P 67
G27 FF 61067 162600  780 578 2880     +275807    +98          -7    +14   25  67   96   -8  113  -25  113  -25  18  0  0 L3P 2E
G07 FF 61067 164200  780 141 3172    +1410207    +67           7    +16   33  72  326   -4  203  -12  203  -12  23  0  0 L3P 01
G08 FF 61067 164200  780 319 2902    -4992913   +102          13    +56   27 105  153  -30  148  -76  148  -76  19  0  0 L3P 7E
G10 FF 61067 164200  780 379 1572    +5852686    +31          11     +9   34  54  132  -22  133  -34  133  -34  24  0  0 L3P 30
G15 FF 61067 164200  780 145  552    -3805376    -30           2     +5   41  72  319  -25  101  -10  101  -10  33  0  0 L3P F2
G16 FF 61067 164200  780 586 2085    -1963137    -48         -11    +27   24  62   95   +7  106  -22  106  -22  17  0  0 L3P 38
G18 FF 61067 164200  780 418  632    +4401849    -90         -22     +6   32 172  121  +17  102   -8  102   -8  22  0  0 L3P 0E
G23 FF 61067 164200  780 530 1013    -6049657    -27          -8    +22   18 158  101   -3   90  -35   90  -35  12  0  0 L3P 18
G26 FF 61067 164200  780 286 1824    +3179422    -60          -7   -119   28  11  168  +39  166 +110  166  110  21  0  0 L3P 6D
G27 FF 61067 164200  780 653 2892     +275891   +107          -3    +23   21  67   89   -6   98  -24   98  -24  15  0  0 L3P 1E
G02 FF 61067 165800  780 113 2481     -257804    -24         -24    +58   44  83  408 -222  283 -111  283 -111  29  0  0 L3P 7B
G07 FF 61067 165800  780 138 3109    +1410243    +56          -6     +5   42  72  333  +20  216  +11  216   11  31  0  0 L3P 06
G08 FF 61067 165800  780 387 2920    -4992872    +58           9    +12   31 105  129  -20  120  -26  120  -26  22  0  0 L3P 4E
G10 FF 61067 165800  780 452 1534    +5852697    +63           2    +42   20  54  114  -15  110  -59  110  -59  15  0  0 L3P 32
G15 FF 61067 165800  780 150  483    -3805398    -46          13    -11   37  72  307   +0   86   +2   86    2  25  0  0 L3P D9
G16 FF 61067 165800  780 519 2012    -1963217   -104         -19    -29   19  62  103  +10  115  +27  115   27  14  0  0 L3P 51
G18 FF 61067 165800  780 350  645    +4401777   -114          -2    -17   28 172  140  +24   86   +2   86    2  20  0  0 L3P 00
G23 FF 61067 165800  780 537  887    -6049702    -16          -6    +33   19 158  100   +0   78  -40   78  -40  12  0  0 L3P 1C
G26 FF 61067 165800  780 216 1813    +3179484    +48          -2    -11   42  11  218  +68  184  +24  184   24  32  0  0 L3P 3D
G27 FF 61067 165800  780 729 2880     +275981    +66           6    -18   18  67   85   -4   82   +4   82    4  12  0  0 L3P D2
G02 FF 61067 171400  780 176 2518     -257877   -121         -18    -39   35  83  266  -95  214  -39  214  -39  29  0  0 L3P 7A
G07 FF 61067 171400  780 124 3046    +1410310   +102          12    +51   34  72  368  +53  211  -38  211  -38  26  0  0 L3P 38
G08 FF 61067 171400  780 458 2929    -4992838    +77          -1    +30   24 105  113  -14  106  -39  106  -39  17  0  0 L3P 69
G10 FF 61067 171400  780 521 1479    +5852721    -12           5    -34   22  54  102  -10   92   +5   92    5  13  0  0 L3P CF
G15 FF 61067 171400  780 145  415    -3805443    -88           3    -52   42  72  318  +25   85  +27   85   27  32  0  0 L3P 01
G16 FF 61067 171400  780 447 1966    -1963288    -65         -18    +10   28  62  115  +15  122   +2  122    2  23  0  0 L3P 22
G18 FF 61067 171400  780 283  665    +4401690   -127           4    -30   34 172  170  +37   81  +24   81   24  26  0  0 L3P 16
G23 FF 61067 171400  780 522  765    -6049764    -66         -22    -17   25 158  102   +4   83   +9   83    9  19  0  0 L3P 06
G26 FF 61067 171400  780 148 1804    +3179531    +47         -12    -12   45  11  312 +138  214  +48  214   48  33  0  0 L3P 51
G27 FF 61067 171400  780 803 2787     +276049    +94          -6    +10   16  67   82   -2   85  -11   85  -11  11  0  0 L3P F3
G02 FF 61067 173000  780 240 2556     -257953    -45         -16    +36   38  83  199  -52  172  -63  172  -63  30  0  0 L3P 54
G07 FF 61067 173000  780 101 2985    +1410360    -47          13    -98   44  72  445 +114  219 +100  219  100  32  0  0 L3P 5E
G08 FF 61067 173000  780 529 2925    -4992797    +20          -5    -27   20 105  101  -10   92   +0   92    0  13  0  0 L3P F8
G10 FF 61067 173000  780 584 1395    +5852712     -7         -24    -28   23  54   95   -6   96   +4   96    4  15  0  0 L3P E1
G15 FF 61067 173000  780 128  350    -3805467     -5          13    +30   40  72  358  +61   62  -33   62  -33  30  0  0 L3P F3
G16 FF 61067 173000  780 374 1936    -1963347    -70          -4     +5   27  62  133  +23  120  +22  120   22  21  0  0 L3P 0F
G18 FF 61067 173000  780 218  690    +4401591    -60          -2    +36   33 172  216  +61   88  -41   88  -41  27  0  0 L3P 24
G23 FF 61067 173000  780 488  664    -6049802    -50         -13     -1   26 158  107   +7   72   -7   72   -7  18  0  0 L3P F7
G27 FF 61067 173000  780 854 2261     +276141    +92           5     +7   13  67   81   +0   71  -20   71  -20   9  0  0 L3P AE
G02 FF 61067 174600  780 304 2597     -258052   -109         -37    -27   33  83  160  -32  154   +5  154    5  23  0  0 L3P 26
G08 FF 61067 174600  780 600 2900    -4992761    +21         -13    -25   18 105   93   -7   86  +10   86   10  12  0  0 L3P 11
G10 FF 61067 174600  780 633 1269    +5852742   +107         -15    +86   22  54   91   -3   79  -61   79  -61  16  0  0 L3P 37
G15 FF 61067 174600  780 100  291    -3805520    -75          -7    -39   37  72  449 +138   64  +17   64   17  24  0  0 L3P 24
G16 FF 61067 174600  780 302 1914    -1963426   -110         -11    -35   30  62  160  +36  137  +52  137   52  20  0  0 L3P 48
G18 FF 61067 174600  780 156  719    +4401490   -102         -11     -6   47 172  297 +115   91  -13   91  -13  36  0  0 L3P 48
G23 FF 61067 174600  780 440  589    -6049857    -25         -20    +24   25 158  116  +12   77  -22   77  -22  16  0  0 L3P 42
G27 FF 61067 174600  780 810 1652     +276214    +43          -3    -41   18  67   82   +2   64  +33   64   33  11  0  0 L3P D6
G02 FF 61067 180200  780 369 2638     -258099   -103          -7    -21   33  84  135  -21  112   -2  112   -2  22  0  0 L3P 0F
G08 FF 61067 180200  780 668 2835    -4992720    +68         -18    +22   20   5   88   -4   78  -13   78  -13  13  0  0 L3P 16
G10 FF 61067 180200  780 659 1098    +5852776    +23          -2     +1   13  54   89   -1   65  -10   65  -10   9  0  0 L3P DC
G16 FF 61067 180200  780 231 1898    -1963497    -29          -6    +46   39  63  205  +60  161   -6  161   -6  31  0  0 L3P 32
G23 FF 61067 180200  780 382  537    -6049908    -32         -18    +17   20 159  130  +18   73  -22   73  -22  14  0  0 L3P 31
G27 FF 61067 180200  780 735 1536     +276268   +113         -30    +29   21  68   84   +3   82  -17   82  -17  14  0  0 L3P 15
G01 FF 61067 181800  780 117 2576    -3394548    +63         -31    +20   39 113  394 -198  241  -42  241  -42  30  0  0 L3P 7F
G02 FF 61067 181800  780 435 2681     -258184    -88         -14     -6   27  84  117  -15   98   -9   98   -9  19  0  0 L3P 1A
G08 FF 61067 181800  780 725 2695    -4992670    +54         -12     +7   19   5   85   -2   69  -12   69  -12  13  0  0 L3P 08
G10 FF 61067 181800  780 654  914    +5852786     -2         -12    -24   21  54   89   +1   71  +10   71   10  15  0  0 L3P D7
G16 FF 61067 181800  780 162 1884    -1963572   -161          -9    -86   40  63  287 +118  174  +91  174   91  32  0  0 L3P 7F
G23 FF 61067 181800  780 320  505    -6049945    +29          -9    +78   26 159  152  +28   63  -54   63  -54  19  0  0 L3P 3F
G27 FF 61067 181800  780 657 1512     +276354    +67         -25    -17   23  68   89   +6   79  +28   79   28  16  0  0 L3P 1D
G32 FF 61067 181800  780 155 1287    +1438844   -176          -6     -2   38   1  301 -114  131  -18  131  -18  30  0  0 L3P 3D
G01 FF 61067 183400  780 177 2613    -3394454    +88          21    +45   44 113  264  -90  157  -89  157  -89  32  0  0 L3P 7A
G02 FF 61067 183400  780 502 2726     -258276    -91         -27     -9   23  84  105  -11   92   -3   92   -3  18  0  0 L3P F2
G08 FF 61067 183400  780 756 2439    -4992615    +32          -3    -15   17   5   83   +0   61   +5   61    5  12  0  0 L3P BE
G10 FF 61067 183400  780 621  763    +5852817    +22          -3     +0   18  54   91   +4   60   +3   60    3  13  0  0 L3P 94
G23 FF 61067 183400  780 256  488    -6049965    +48          19    +97   31 159  186  +45   36  -76   36  -76  24  0  0 L3P 5D
G27 FF 61067 183400  780 578 1513     +276433    +58         -27    -26   24  68   95   +8   83  +25   83   25  17  0  0 L3P 0F
G32 FF 61067 183400  780 214 1244    +1438687   -212           4    -39   27   1  221  -59  105   -1  105   -1  23  0  0 L3P 02
G01 FF 61067 185000  780 239 2651    -3394428    -29           6    -72   36 113  199  -50  119  +22  119   22  28  0  0 L3P 48
G02 FF 61067 185000  780 570 2772     -258343    -65         -16    +16   18  84   96   -8   73  -18   73  -18  13  0  0 L3P 14
G08 FF 61067 185000  780 741 2147    -4992575    +67          -8    +20   17   5   84   +2   59   -4   59   -4  12  0  0 L3P DC
G10 FF 61067 185000  780 569  662    +5852836    +79          -4    +57   24  54   96   +7   55  -48   55  -48  16  0  0 L3P 16
G14 FF 61067 185000  780 128 3263    -7313623    -97          37    -74   47 128  359 -114   67  +44   67   44  35  0  0 L3P 5D
G23 FF 61067 185000  780 191  482    -6050028    -63           2    -14   37 159  245  +82   49   +8   49    8  28  0  0 L3P F5
G27 FF 61067 185000  780 500 1523     +276521    +89         -19     +5   21  68  105  +12   82   +9   82    9  15  0  0 L3P DD
G32 FF 61067 185000  780 271 1194    +1438506   -174         -10     +0   27   1  177  -35  101  -17  101  -17  21  0  0 L3P 28
G01 FF 61067 190600  780 302 2690    -3394375     +6          17    -37   33 113  161  -32   86   +7   86    7  26  0  0 L3P FD
G02 FF 61067 190600  780 638 2821     -258421    -78         -15     +3   14  84   90   -6   63   -8   63   -8  10  0  0 L3P CF
G08 FF 61067 190600  780 690 1959    -4992540    +69         -17    +22   18   5   87   +4   65  -17   65  -17  12  0  0 L3P 1F
G10 FF 61067 190600  780 508  602    +5852840     +9         -21    -12   22  54  104  +10   61  +12   61   12  14  0  0 L3P DC
G14 FF 61067 190600  780 165 3213    -7313648    -29          34     -6   36 128  281  -56   70  +10   70   10  27  0  0 L3P 19
G23 FF 61067 190600  780 126  485    -6050080    -71          -3    -22   53 159  363 +180   43   -5   43   -5  40  0  0 L3P 07
G27 FF 61067 190600  780 424 1537     +276618   +121          -3    +37   23  68  120  +18   80   -9   80   -9  19  0  0 L3P 05
G32 FF 61067 190600  780 323 1134    +1438345   -166          -4     +8   26   1  151  -21   79  -15   79  -15  21  0  0 L3P 09
G01 FF 61067 192200  780 366 2728    -3394359    +68          -7    +25   40 113  136  -22   82  -51   82  -51  28  0  0 L3P 3E
G02 FF 61067 192200  780 708 2875     -258500    -54         -15    +28   22  84   86   -4   57  -34   57  -34  14  0  0 L3P 0D
G08 FF 61067 192200  780 623 1862    -4992496    +58         -17    +11   18   5   91   +6   67   -2   67   -2  12  0  0 L3P ED
G10 FF 61067 192200  780 442  571    +5852856    +33         -25    +12   19  54  116  +14   64   -1   64   -1  16  0  0 L3P F2
G14 FF 61067 192200  780 194 3155    -7313681    -38          22    -15   41 128  242  -29   72   +5   72    5  26  0  0 L3P 0C
G22 FF 61067 192200  780 122 3290     +538078   -140           2    -94   34  24  375 -120   72  +68   72   68  25  0  0 L3P 1E
G27 FF 61067 192200  780 349 1551     +276698   +103          -4    +19   35  68  141  +27   92   -7   92   -7  27  0  0 L3P 15
G32 FF 61067 192200  780 369 1063    +1438161   -177         -22     -4   19   1  135  -13   81   -4   81   -4  16  0  0 L3P F5
G01 FF 61067 193800  780 432 2767    -3394331     +3         -21    -40   27 113  118  -15   73  +19   73   19  20  0  0 L3P 20
G02 FF 61067 193800  780 778 2944     -258583    -68         -20    +14   13  84   83   -2   58  -17   58  -17   9  0  0 L3P 12
G03 FF 61067 193800  780 125 2245    -5867615    +56          -4    -51   57  74  372 -197  176   -1  176   -1  45  0  0 L3P 51
G08 FF 61067 193800  780 549 1813    -4992442    +85          -8    +39   21   5   99   +9   67  -27   67  -27  17  0  0 L3P 20
G10 FF 61067 193800  780 374  558    +5852870    +10         -32    -11   28  54  133  +21   71   +9   71    9  21  0  0 L3P EE
G14 FF 61067 193800  780 212 3089    -7313735    -73         -10    -51   36 128  222  -13   93  +35   93   35  27  0  0 L3P 41
G22 FF 61067 193800  780 158 3240     +538033    -47           2     -1   22  24  294  -58   77   -1   77   -1  16  0  0 L3P D0
G27 FF 61067 193800  780 276 1565     +276783   +142           0    +58   25  68  173  +43  102  -33  102  -33  19  0  0 L3P 41
G32 FF 61067 193800  780 404  980    +1438003   -164         -13    +10   30   1  125   -8   64  -14   64  -14  23  0  0 L3P F9
G01 FF 61067 195400  780 500 2804    -3394285    +33         -17    -10   20 113  106  -11   58   -3   58   -3  13  0  0 L3P 0A
G02 FF 61067 195400  780 847 3086     -258648    -77          -6     +5   17  84   81   -1   47  -10   47  -10  11  0  0 L3P E9
G03 FF 61067 195400  780 192 2275    -5867483   +150          26    +43   34  74  246  -86  122  -68  122  -68  28  0  0 L3P 7B
G08 FF 61067 195400  780 474 1787    -4992408   +121         -20    +75   27   5  110  +14   86  -51   86  -51  19  0  0 L3P 48
G14 FF 61067 195400  780 219 3019    -7313748    -81          -1    -58   35 128  215   -1   87  +39   87   39  24  0  0 L3P 32
G22 FF 61067 195400  780 185 3183     +538011   -128          23    -82   36  24  253  -30   53  +57   53   57  25  0  0 L3P 1D
G27 FF 61067 195400  780 206 1577     +276880   +108          17    +24   32  68  228  +75  107   +9  107    9  27  0  0 L3P 30
G32 FF 61067 195400  780 425  887    +1437826   -191         -23    -17   27   1  119   -3   68   -2   68   -2  21  0  0 L3P FA
G01 FF 61067 201000  780 569 2840    -3394245    +66         -19    +23   19 114   96   -8   58  -23   58  -23  13  0  0 L3P 2A
G02 FF 61067 201000  780 874  770     -258716    -83           2     -2   11  85   81   +0   38   +2   38    2   8  0  0 L3P 6E
G03 FF 61067 201000  780 260 2308    -5867398    +88           9    -19   39  75  185  -47  110   +1  110    1  28  0  0 L3P 0F
G08 FF 61067 201000  780 399 1773    -4992378   +102         -33    +56   24  17  126  +20   99  -23   99  -23  18  0  0 L3P 5A
G10 FF 61067 201000  780 241  568    +5852910    +41         -37    +19   34  55  197  +52   75  -12   75  -12  26  0  0 L3P 1C
G14 FF 61067 201000  780 214 2948    -7313757    -34          12    -11   33 129  220  +11   78   +3   78    3  25  0  0 L3P F8
G17 FF 61067 201000  780 121 3165     +454337   +106          23     -7   32  34  384 -192   66   -9   66   -9  22  0  0 L3P FF
G22 FF 61067 201000  780 201 3119     +537934    -43         -12     +2   63  43  233  -12   78  +13   78   13  43  0  0 L3P E8
G27 FF 61067 201000  780 137 1587     +276927    +71         -32    -13   27   5  336 +161  149  +32  149   32  18  0  0 L3P 3A
G32 FF 61067 201000  780 430  789    +1437646   -185         -36    -11   27   5  118   +1   70   +3   70    3  20  0  0 L3P CB
G01 FF 61067 202600  780 641 2873    -3394195    +66         -10    +23   17 114   90   -6   46  -17   46  -17  11  0  0 L3P 1D
G02 FF 61067 202600  780 806 1087     -258792   -101           4    -19   19  85   82   +2   32   +9   32    9  12  0  0 L3P BF
G03 FF 61067 202600  780 329 2345    -5867306   +111          -1     +4   26  75  149  -29   94  -18   94  -18  19  0  0 L3P 33
G08 FF 61067 202600  780 325 1765    -4992320    +62         -20    +15   35  17  150  +31  104  +10  104   10  28  0  0 L3P 27
G10 FF 61067 202600  780 176  585    +5852953    -19         -15    -40   39  55  264  +94   50  +45   50   45  32  0  0 L3P 21
G14 FF 61067 202600  780 197 2877    -7313779    +99          11   +122   38 129  238  +26   83  -95   83  -95  32  0  0 L3P 76
G17 FF 61067 202600  780 181 3155     +454466    +54          43    -59   37  34  260  -85   36  +38   36   38  27  0  0 L3P 1C
G22 FF 61067 202600  780 206 3052     +537876    -77         -26    -31   29  43  228   +1   89  +19   89   19  20  0  0 L3P 12
G32 FF 61067 202600  780 417  695    +1437496   -161         -18    +13   21   5  121   +5   55   -2   55   -2  14  0  0 L3P DE
G01 FF 61067 204200  780 714 2899    -3394164    +70         -21    +26   15 114   85   -4   49  -26   49  -26  10  0  0 L3P 25
G02 FF 61067 204200  780 734 1168     -258885   -107         -10    -25   23  85   84   +3   45  +28   45   28  14  0  0 L3P 07
G03 FF 61067 204200  780 400 2386    -5867206    +97          -4    -10   19  75  126  -19   75  -10   75  -10  14  0  0 L3P 1F
G08 FF 61067 204200  780 252 1760    -4992284    +14         -29    -32   25  17  188  +51  129  +27  129   27  18  0  0 L3P 58
G10 FF 61067 204200  780 113  607    +5852990   +135           2   +114   60  55  403 +214   42  -63   42  -63  46  0  0 L3P 23
G14 FF 61067 204200  780 170 2811    -7313823    -63         -11    -40   47 129  273  +49  101  +30  101   30  37  0  0 L3P 3E
G17 FF 61067 204200  780 240 3134     +454537   +140           6    +27   31  34  199  -46   62  -14   62  -14  23  0  0 L3P 05
G22 FF 61067 204200  780 199 2983     +537857    -19          -1    +27   35  43  235  +14   70  -15   70  -15  27  0  0 L3P 17
G32 FF 61067 204200  780 390  613    +1437324   -167         -23     +7   24   5  128  +10   61   -7   61   -7  18  0  0 L3P DB
G01 FF 61067 205800  780 788 2907    -3394129    +78         -28    +35   16 114   82   -2   50  -29   50  -29  11  0  0 L3P 30
G02 FF 61067 205800  780 662 1221     -258945    -82           9     +0   20  85   88   +5   34   +5   34    5  13  0  0 L3P 99
G03 FF 61067 205800  780 472 2432    -5867109   +107          -9     +0   25  75  110  -13   60   -9   60   -9  19  0  0 L3P FC
G08 FF 61067 205800  780 182 1756    -4992223     +7         -12    -40   32  17  256  +95  125  +58  125   58  21  0  0 L3P 44
G14 FF 61067 205800  780 135 2749    -7313834    +84           0   +106   39 129  339  +94  101  -60  101  -60  32  0  0 L3P 59
G17 FF 61067 205800  780 295 3101     +454653   +106          14     -6   23  34  164  -28   54   -4   54   -4  18  0  0 L3P EC
G22 FF 61067 205800  780 182 2916     +537819    -26           4    +20   44  43  256  +31   65  -13   65  -13  34  0  0 L3P 01
G32 FF 61067 205800  780 349  546    +1437153   -178         -27     -4   38   5  141  +16   64   -4   64   -4  28  0  0 L3P F7
G01 FF 61067 211400  780 862 2787    -3394082    +62         -22    +19   12 114   81   -1   43  -18   43  -18   7  0  0 L3P 0A
G02 FF 61067 211400  780 590 1264     -259047    -47         -15    +35   19  85   94   +7   58   -6   58   -6  12  0  0 L3P E9
G03 FF 61067 211400  780 544 2484    -5867003    +94          -6    -13   25  75   99   -9   48   +5   48    5  19  0  0 L3P E7
G04 FF 61067 211400  780 109 1897     -407674    -15          47     +7   60 162  425 -266  103  -19  103  -19  43  0  0 L3P 4F
G08 FF 61067 211400  780 115 1752    -4992180    +31         -14    -16   66  17  398 +224  142  +29  142   29  46  0  0 L3P 62
G17 FF 61067 211400  780 345 3055     +454760    +67          13    -46   17  34  142  -18   48  +22   48   22  13  0  0 L3P 01
G19 FF 61067 211400  780 138 3205    -6875484    +17           7    +34   38  70  337 -142   59  -21   59  -21  26  0  0 L3P 37
G22 FF 61067 211400  780 155 2853     +537781   -110          10    -65   48  43  298  +58   63  +66   63   66  37  0  0 L3P 2D
G28 FF 61067 211400  780 137  928    +6050291   -135           9    -77   54 232  338 -108   84  +40   84   40  37  0  0 L3P 3A
G32 FF 61067 211400  780 300  495    +1437004   -150          -9    +24   31   5  161  +26   49  -13   49  -13  23  0  0 L3P F4
G01 FF 61067 213000  780 855 1451    -3394027    +58          -8    +15   13 114   81   +1   34   -8   34   -8   8  0  0 L3P CF
G02 FF 61067 213000  780 519 1303     -259129   -114         -18    -33   23  85  103  +10   66  +41   66   41  17  0  0 L3P 0F
G03 FF 61067 213000  780 617 2546    -5866901   +103          -7     -4   19  75   92   -7   44   +0   44    0  12  0  0 L3P C4
G04 FF 61067 213000  780 179 1897     -407765    -76         -22    -53   42 162  263 -104  142  +24  142   24  33  0  0 L3P 5A
G17 FF 61067 213000  780 388 2992     +454874   +126          19    +13   24  34  129  -11   38  -23   38  -23  17  0  0 L3P 2E
G19 FF 61067 213000  780 195 3179    -6875494    -24          13     -7   31  70  242  -68   48   +0   48    0  19  0  0 L3P F6
G22 FF 61067 213000  780 121 2795     +537735    -62           7    -17   65  43  378 +115   85  +27   85   27  44  0  0 L3P 19
G28 FF 61067 213000  780 178  869    +6050254    -96          27    -38   33 232  262  -56   52  +19   52   19  23  0  0 L3P 2B
G32 FF 61067 213000  780 245  459    +1436848   -135           2    +39   24   5  194  +43   44  -15   44  -15  17  0  0 L3P 02
G01 FF 61067 214600  780 779 1363    -3393995    +73         -18    +30   26 114   83   +2   40  -17   40  -17  17  0  0 L3P 26
G02 FF 61067 214600  780 448 1337     -259215    -59         -26    +23   26  85  115  +15   84   -2   84   -2  21  0  0 L3P FD
G03 FF 61067 214600  780 689 2625    -5866801    +87          -9    -19   21  75   87   -4   43  +14   43   14  15  0  0 L3P 09
G04 FF 61067 214600  780 251 1900     -407754    -90          11    -67   44 162  190  -54   99  +33   99   33  33  0  0 L3P 24
G17 FF 61067 214600  780 418 2913     +454967    +73           4    -40   30  34  121   -6   44  +14   44   14  24  0  0 L3P DA
G19 FF 61067 214600  780 248 3141    -6875524    -29           0    -12   24  70  193  -38   49   +7   49    7  19  0  0 L3P FC
G28 FF 61067 214600  780 213  804    +6050182    -81          11    -23   29 232  222  -31   50   +3   50    3  23  0  0 L3P D2
G31 FF 61067 214600  780 128 1119    +1702636    -24          -8     -3   62  18  362 -148  113   -8  113   -8  47  0  0 L3P 1E
G32 FF 61067 214600  780 187  436    +1436683   -124           4    +50   44   5  250  +79   37  -34   37  -34  36  0  0 L3P 0A
G01 FF 61067 220200  780 701 1369    -3393963    +47         -33     +4   15 115   86   +4   50   -6   50   -6  10  0  0 L3P DB
G02 FF 61067 220200  780 377 1369     -259278    -97          -2    -15   22  12  132  +22   85  +30   85   30  17  0  0 L3P FD
G03 FF 61067 220200  780 760 2746    -5866702    +85          -7    -22   17  76   83   -3   43   +9   43    9  10  0  0 L3P D6
G04 FF 61067 220200  780 326 1902     -407783    -34          -1    -11   29 163  150  -32   92   +9   92    9  23  0  0 L3P E6
G17 FF 61067 220200  780 435 2822     +455057    +99         -14    -13   27  35  117   -2   55  +27   55   27  19  0  0 L3P 06
G19 FF 61067 220200  780 295 3090    -6875528    +28          10    +45   28  20  164  -23   45  -20   45  -20  21  0  0 L3P 1D
G28 FF 61067 220200  780 238  733    +6050127     -6           8    +52   28 233  199  -16   43  -55   43  -55  22  0  0 L3P 05
G31 FF 61067 220200  780 179 1067    +1702612    -49         -13    -28   32  19  262  -72   99  +13   99   13  25  0  0 L3P 2B
G32 FF 61067 220200  780 126  423    +1436522   -314           9   -140   47   5  364 +172   35 +106   35  106  41  0  0 L3P 24
G01 FF 61067 221800  780 623 1388    -3393915     +1         -26    -42   15 115   91   +7   46  +33   46   33  11  0  0 L3P FA
G02 FF 61067 221800  780 307 1398     -259357    -95          -3    -13   25  12  157  +33   99  +25   99   25  18  0  0 L3P 19
G03 FF 61067 221800  780 822 3012    -5866606    +99         -14     -8   17  76   82   -1   44   +4   44    4  11  0  0 L3P CF
G04 FF 61067 221800  780 403 1904     -407805    +22          -1    +45   33 163  125  -21   78  -55   78  -55  23  0  0 L3P 1A
G06 FF 61067 221800  780 122 3053    +6063129    +83          22    +52   39 114  380 -196   29  -35   29  -35  28  0  0 L3P 4E
G09 FF 61067 221800  780 127 2081    -7704337    -72          50    -74   46  79  366 -196  107  +38  107   38  37  0  0 L3P 70
G17 FF 61067 221800  780 434 2725     +455180   +109           1     -3   29  35  117   +2   46   +8   46    8  20  0  0 L3P B7
G19 FF 61067 221800  780 333 3025    -6875540    -43          15    -26   24  20  147  -13   39  +18   39   18  22  0  0 L3P 1C
G28 FF 61067 221800  780 252  659    +6050059    -50          -4     +8   24 233  189   -6   39  -26   39  -26  20  0  0 L3P 0A
G31 FF 61067 221800  780 226 1007    +1702591    -52         -14    -31   30  19  210  -40   89   +0   89    0  26  0  0 L3P E9
G01 FF 61067 223400  780 545 1411    -3393870    +36         -23     -7   25 115   99  +10   53  +11   53   11  18  0  0 L3P 02
G02 FF 61067 223400  780 238 1424     -259424    -86           9     -5   37  12  199  +55  101   +8  101    8  30  0  0 L3P DE
G03 FF 61067 223400  780 841   96    -5866498   +121          -8    +14   20  76   81   +0   41   -7   41   -7  13  0  0 L3P C7
G04 FF 61067 223400  780 481 1902     -407838    -21         -13     +2   27 163  109  -14   73  -14   73  -14  18  0  0 L3P 16
G06 FF 61067 223400  780 186 3067    +6063138    +34           1     +3   47 114  253  -88   39  -11   39  -11  35  0  0 L3P 12
G09 FF 61067 223400  780 196 2097    -7704348    +73          37    +72   38  79  241  -85  108  -81  108  -81  31  0  0 L3P 6A
G17 FF 61067 223400  780 417 2630     +455287    +61           0    -52   19  35  121   +6   49  +40   49   40  14  0  0 L3P D8
G19 FF 61067 223400  780 359 2946    -6875553     -4          18    +13   19  20  137   -7   36   -8   36   -8  14  0  0 L3P F9
G28 FF 61067 223400  780 253  583    +6050011    -62           3     -4   28 233  188   +4   30   +6   30    6  23  0  0 L3P A9
G31 FF 61067 223400  780 267  939    +1702578    +39          -6    +60   30  19  180  -24   69  -60   69  -60  24  0  0 L3P 1F
G01 FF 61067 225000  780 469 1435    -3393827     +9         -21    -35   29 115  110  +14   64  +38   64   38  22  0  0 L3P 25
G02 FF 61067 225000  780 171 1446     -259500    -50          11    +32   37  12  272 +105  113  -36  113  -36  28  0  0 L3P 27
G03 FF 61067 225000  780 791  533    -5866388   +111          -1     +4   15  76   82   +2   38   -5   38   -5  10  0  0 L3P C6
G04 FF 61067 225000  780 559 1892     -407859     -1         -12    +22   25 163   98   -9   63  -20   63  -20  18  0  0 L3P 05
G06 FF 61067 225000  780 251 3073    +6063128    -45         -38    -76   29 114  190  -48   61  +44   61   44  18  0  0 L3P 3C
G09 FF 61067 225000  780 267 2115    -7704363    -95          21    -97   26  79  180  -47   91  +59   91   59  19  0  0 L3P 43
G17 FF 61067 225000  780 385 2544     +455392   +131          -3    +18   23  35  129  +11   48  -10   48  -10  17  0  0 L3P 12
G19 FF 61067 225000  780 371 2858    -6875585    -20           2     -3   22  20  134   -1   45   +2   45    2  19  0  0 L3P BB
G28 FF 61067 225000  780 241  511    +6049939    -40         -13    +18   30 233  196  +14   38  -21   38  -21  22  0  0 L3P 24
G31 FF 61067 225000  780 298  863    +1702535    -64         -28    -42   51  19  162  -13   71  +19   71   19  44  0  0 L3P 1A
G01 FF 61067 230600  780 393 1458    -3393796    +29         -32    -14   20 115  127  +21   85  +13   85   13  15  0  0 L3P 35
G03 FF 61067 230600  780 724  698    -5866279   +103           6     -4   22  76   85   +3   39   +0   39    0  15  0  0 L3P BA
G04 FF 61067 230600  780 638 1865     -407884    -23         -15     -1   26 163   90   -6   54  -13   54  -13  16  0  0 L3P 01
G06 FF 61067 230600  780 318 3070    +6063191    +18          -5    -13   31 114  153  -30   35   +2   35    2  22  0  0 L3P DE
G09 FF 61067 230600  780 340 2137    -7704363    -12          20    -13   32  79  145  -29   78   -8   78   -8  24  0  0 L3P 10
G17 FF 61067 230600  780 342 2470     +455488   +114         -16     +2   25  35  143  +18   60   +8   60    8  21  0  0 L3P E2
G19 FF 61067 230600  780 366 2766    -6875598    -24           6     -7   24  20  135   +4   45  +22   45   22  18  0  0 L3P F6
G28 FF 61067 230600  780 218  445    +6049909    -37          13    +21   23 233  216  +28   21  -12   21  -12  18  0  0 L3P 15
G31 FF 61067 230600  780 317  781    +1702529    -73         -13    -52   45  19  153   -6   52  +37   52   37  36  0  0 L3P 05
G01 FF 61067 232200  780 319 1479    -3393756   +101         -34    +58   26 115  152  +32   94  -21   94  -21  18  0  0 L3P 55
G03 FF 61067 232200  780 655  794    -5866171    +29          10    -78   16  76   89   +5   36  +57   36   57  11  0  0 L3P 03
G04 FF 61067 232200  780 713 1797     -407918    -16         -27     +7   21 163   85   -4   58   -7   58   -7  15  0  0 L3P EE
G06 FF 61067 232200  780 385 3055    +6063190    +20         -35    -11   24 114  130  -20   52   -3   52   -3  16  0  0 L3P FA
G09 FF 61067 232200  780 415 2160    -7704373    -24           9    -25   23  79  122  -19   74   +3   74    3  16  0  0 L3P E5
G17 FF 61067 232200  780 291 2408     +455584    +73         -28    -40   24  35  165  +29   84  +59   84   59  20  0  0 L3P 28
G19 FF 61067 232200  780 346 2678    -6875621    -23           0     -6   30  20  142  +10   49   +5   49    5  22  0  0 L3P CC
G28 FF 61067 232200  780 183  387    +6049841    -62           1     -4   39 233  254  +52   35  +19   35   19  31  0  0 L3P FC
G31 FF 61067 232200  780 322  695    +1702503     +0         -19    +22   29  19  151   +1   48  -21   48  -21  23  0  0 L3P E0
G01 FF 61067 233800  780 247 1498    -3393705    +38         -24     -5   24 115  192  +53   97  +23   97   23  21  0  0 L3P 33
G03 FF 61067 233800  780 585  866    -5866083    +97          -4     -9   15  76   95   +7   44   +6   44    6   9  0  0 L3P C4
G04 FF 61067 233800  780 777 1621     -407928    -44         -15    -21   15 163   83   -2   46  +14   46   14  10  0  0 L3P FF
G06 FF 61067 233800  780 449 3022    +6063234    -32         -20    -63   30 114  115  -13   35  +49   35   49  22  0  0 L3P 27
G09 FF 61067 233800  780 491 2185    -7704370    -22          11    -23   23  79  107  -13   57   +9   57    9  17  0  0 L3P 05
G17 FF 61067 233800  780 235 2356     +455717    +73          -2    -39   28  35  201  +47   91  +62   91   62  23  0  0 L3P 0B
G19 FF 61067 233800  780 313 2597    -6875642     +8          -6    +25   28  20  155  +18   59  -16   59  -16  21  0  0 L3P 2A
G28 FF 61067 233800  780 141  340    +6049752    +61         -32   +119   56 233  326 +104   71  -59   71  -59  42  0  0 L3P 5C
G31 FF 61067 233800  780 311  613    +1702493    +21          -8    +43   27  19  156   +8   37  -29   37  -29  19  0  0 L3P 02
G01 FF 61067 235400  780 176 1515    -3393680    +12         -40    -31   39 115  264 +102  122  +34  122   34  29  0  0 L3P 56
G03 FF 61067 235400  780 516  926    -5865985    +54          -8    -53   25  76  103  +10   52  +44   52   44  18  0  0 L3P 12
G04 FF 61067 235400  780 804 1226     -407956    -13         -21    +10   14 163   82   +0   47  -11   47  -11  10  0  0 L3P F0
G06 FF 61067 235400  780 509 2966    +6063257    +34         -27     +3   23 114  104   -9   41   -9   41   -9  17  0  0 L3P 00
G09 FF 61067 235400  780 568 2211    -7704377    +39           3    +38   29  79   97   -9   54  -31   54  -31  20  0  0 L3P 0C
G11 FF 61067 235400  780 105 3160    +4591173   -122           1     +9   47 211  440 -257   65  -27   65  -27  29  0  0 L3P 34
G17 FF 61067 235400  780 177 2311     +455849   +132          22    +20   52  35  263  +86   83   -4   83   -4  37  0  0 L3P 06
G19 FF 61067 235400  780 269 2527    -6875642    -22          11     -5   28  20  178  +30   53  +14   53   14  22  0  0 L3P 09
G31 FF 61067 235400  780 287  538    +1702460    -12         -20     +9   25  19  167  +17   46  -12   46  -12  18  0  0 L3P 09
