CGGTTS     GENERIC DATA FORMAT VERSION = 2E
REV DATE = 2026-01-01                    
RCVR = POLARX5-TR                    R2CGGTTS v8.8    
CH = 99 
IMS = POLARX5-TR                    
LAB = PTB                           
X = +3844059.67 m 
Y =  +709661.67 m 
Z = +5023129.80 m 
FRAME = ITRF
COMMENTS =           IGS RINEX,AUSPOS XYZ          
INT DLY =   31.0 ns (GPS P1),   28.5 ns (GPS P2)     CAL_ID = 1001-2022           
CAB DLY =  205.7 ns 
REF DLY =   56.2 ns
REF = UTC(PTB)                      
CKSUM = 5E

SAT CL  MJD  STTIME TRKL ELV AZTH   REFSV      SRSV     REFSYS    SRSYS  DSG IOE MDTR SMDT MDIO SMDI MSIO SMSI ISG FR HC FRC CK
             hhmmss  s  .1dg .1dg    .1ns     .1ps/s     .1ns    .1ps/s .1ns     .1ns.1ps/s.1ns.1ps/s.1ns.1ps/s.1ns
G01 FF 61061 000600  780 251 1498    -3418835   +112           8    +73   34  24  189  +52   34  -32   34  -32  25  0  0 L3P 17
G03 FF 61061 000600  780 589  863    -5929510   +156         -23    +53   21   4   94   +7   69  -54   69  -54  16  0  0 L3P 0E
G04 FF 61061 000600  780 776 1620     -394250    -44         -10    -21   16  72   83   -2   50  +23   50   23  10  0  0 L3P C7
G06 FF 61061 000600  780 445 3025    +6043600     -7          27    -42   33   2  115  -13   59  +33   59   33  27  0  0 L3P DC
G09 FF 61061 000600  780 484 2185    -7704182     +0          11     +3   25   2  108  -13   29  -17   29  -17  19  0  0 L3P E0
G17 FF 61061 000600  780 239 2362     +387320   +123          -5     +8   43  62  198  +46   45   -3   45   -3  34  0  0 L3P DF
G19 FF 61061 000600  780 314 2599    -6865187    -32           1    -14   36  12  154  +18   58  -17   58  -17  29  0  0 L3P 24
G28 FF 61061 000600  780 141  339    +6083708    -33         -33    +21   60 144  327 +105  141  +42  141   42  48  0  0 L3P 3E
G31 FF 61061 000600  780 311  613    +1715103     +9          11    +29   21  76  156   +8   89  -10   89  -10  14  0  0 L3P D3
G01 FF 61061 002200  780 180 1515    -3418813    +37          -8     -3   34  24  258  +98   63  +25   63   25  25  0  0 L3P F6
G03 FF 61061 002200  780 520  924    -5929397    +53         -10    -50   20   4  102  +10   61  +37   61   37  14  0  0 L3P DF
G04 FF 61061 002200  780 804 1229     -394282    +17         -20    +40   17  72   82   +0   58  -30   58  -30  10  0  0 L3P DC
G06 FF 61061 002200  780 505 2971    +6043622    +25          15    -10   21   2  105   -9   64  -11   64  -11  16  0  0 L3P D8
G09 FF 61061 002200  780 561 2212    -7704201    -14          -6    -12   30   2   97   -9   41  +23   41   23  22  0  0 L3P B4
G11 FF 61061 002200  780 101 3160    +4670949   -129         -17     +4   36 119  454 -273  133  -23  133  -23  26  0  0 L3P 64
G17 FF 61061 002200  780 181 2316     +387442    +99           6    -16   43  62  257  +82   42  +18   42   18  31  0  0 L3P EE
G19 FF 61061 002200  780 271 2528    -6865198    -26           8     -8   40  12  177  +29   38   -3   38   -3  28  0  0 L3P EE
G31 FF 61061 002200  780 287  538    +1715092    -35          20    -14   32  76  168  +17   84   +2   84    2  22  0  0 L3P D4
G01 FF 61061 003800  780 112 1529    -3418752   +192          14   +152   64  24  409 +241   73  -71   73  -71  46  0  0 L3P 51
G03 FF 61061 003800  780 452  978    -5929294   +120          -6    +16   20   4  114  +14   56  -15   56  -15  15  0  0 L3P 06
G04 FF 61061 003800  780 770  868     -394298    -24         -13     -2   20  72   83   +2   58   +4   58    4  14  0  0 L3P AA
G06 FF 61061 003800  780 557 2885    +6043652    +69          11    +34   19   2   98   -5   57  -33   57  -33  14  0  0 L3P FD
G09 FF 61061 003800  780 639 2239    -7704193     +8           5    +10   15   2   90   -6   41   -1   41   -1   9  0  0 L3P 88
G11 FF 61061 003800  780 163 3154    +4670815   -212         -23    -79   27 119  287 -108  120  +13  120   13  21  0  0 L3P 65
G17 FF 61061 003800  780 122 2276     +387578   +115          32     +0   55  62  375 +177   58  +66   58   66  45  0  0 L3P 2C
G19 FF 61061 003800  780 220 2467    -6865231    -15          -8     +3   38  12  214  +50   55  -19   55  -19  30  0  0 L3P 07
G31 FF 61061 003800  780 251  474    +1715064    +34          11    +54   38  76  189  +30   95  -39   95  -39  29  0  0 L3P 21
G03 FF 61061 005400  780 385 1027    -5929191   +105          -3     +1   28   4  129  +19   52   -3   52   -3  21  0  0 L3P D3
G04 FF 61061 005400  780 707  720     -394313     +3          -6    +25   18  72   86   +4   58  -23   58  -23  12  0  0 L3P BA
G06 FF 61061 005400  780 592 2763    +6043685    +63          10    +28   19   2   94   -3   48  -37   48  -37  14  0  0 L3P F9
G07 FF 61061 005400  780 135 1779    +1380568    +72          35    +21   37  60  345 -175   57  -44   57  -44  28  0  0 L3P 46
G09 FF 61061 005400  780 717 2264    -7704198    +44           2    +46   20   2   85   -4   45  -31   45  -31  15  0  0 L3P D5
G11 FF 61061 005400  780 224 3138    +4670683   -220         -27    -87   36 119  212  -56  105  +66  105   66  23  0  0 L3P 66
G19 FF 61061 005400  780 166 2414    -6865225    -30          16    -12   36  12  280  +93   29  +45   29   45  29  0  0 L3P 1B
G26 FF 61061 005400  780 100  604    +3145300    +97           5    +38   70  50  453 -101   99   -3   99   -3  56  0  0 L3P E2
G31 FF 61061 005400  780 206  422    +1715054    -45          20    -25   34  76  228  +52   84   +8   84    8  29  0  0 L3P DA
G03 FF 61061 011000  780 319 1074    -5929094    +81          -5    -22   23   4  152  +29   46  -11   46  -11  19  0  0 L3P FA
G04 FF 61061 011000  780 636  670     -394331    +34          -2    +57   28  72   90   +6   56  -39   56  -39  18  0  0 L3P DB
G06 FF 61061 011000  780 604 2613    +6043710    +64           2    +29   24   2   93   +0   45  -35   45  -35  18  0  0 L3P BE
G07 FF 61061 011000  780 204 1769    +1380619   +118          37    +66   41  60  231  -79   34  -78   34  -78  34  0  0 L3P 3D
G09 FF 61061 011000  780 795 2280    -7704182    +35          20    +37   15   2   82   -2   33  -21   33  -21  11  0  0 L3P CE
G11 FF 61061 011000  780 283 3110    +4670560   -139         -23     -6   21 119  170  -33   93   +5   93    5  15  0  0 L3P F7
G26 FF 61061 011000  780 118  540    +3145348     +3          -4    -56   61  50  386  -44  115  +40  115   40  46  0  0 L3P F7
G31 FF 61061 011000  780 155  382    +1715027     +3          14    +23   30  76  299 +102   93  +13   93   13  24  0  0 L3P E5
G03 FF 61061 012600  780 254 1117    -5928990    +64           0    -39   29   4  187  +45   38  +36   38   36  23  0  0 L3P 00
G04 FF 61061 012600  780 563  658     -394346     -9           4    +14   23  72   97   +8   55  -10   55  -10  17  0  0 L3P BA
G06 FF 61061 012600  780 589 2462    +6043744    +12           2    -23   21   2   94   +3   38  +12   38   12  15  0  0 L3P B8
G07 FF 61061 012600  780 276 1758    +1380665    +25          34    -26   29  60  175  -44   20   -1   20   -1  22  0  0 L3P F0
G09 FF 61061 012600  780 873 2193    -7704191    +14          13    +17   14   2   81   -1   43   -9   43   -9   9  0  0 L3P B4
G11 FF 61061 012600  780 338 3069    +4670468   -146          13    -13   23 119  145  -20   63  -19   63  -19  17  0  0 L3P 46
G21 FF 61061 012600  780 140 2918    -3843996    -87         -22    -13   56  48  333 -145   97  +12   97   12  45  0  0 L3P 4A
G26 FF 61061 012600  780 126  474    +3145416    +73           8    +14   37  50  361  -10  111   -7  111   -7  29  0  0 L3P E8
G03 FF 61061 014200  780 191 1157    -5928882   +116           9    +13   29   4  245  +79   36  -22   36  -22  23  0  0 L3P 12
G04 FF 61061 014200  780 492  665     -394370    -46           2    -24   25  72  107  +12   56  +16   56   16  18  0  0 L3P DB
G06 FF 61061 014200  780 550 2336    +6043765    +26         -11    -10   26   2   99   +6   45   +1   45    1  20  0  0 L3P AC
G07 FF 61061 014200  780 349 1746    +1380681    +39           1    -12   22  60  141  -27   41   -4   41   -4  17  0  0 L3P D7
G09 FF 61061 014200  780 848  681    -7704182    +36          24    +38   12   2   81   +1   37  -36   37  -36   9  0  0 L3P CF
G11 FF 61061 014200  780 386 3010    +4670326   -164          -1    -31   27 119  129  -13   61  +17   61   17  20  0  0 L3P 17
G21 FF 61061 014200  780 202 2942    -3844029    -18          16    +56   34  48  234  -72   64  -38   64  -38  26  0  0 L3P 2A
G26 FF 61061 014200  780 124  408    +3145477    +21          12    -38   49  50  367  +21  121  +42  121   42  36  0  0 L3P 0C
G03 FF 61061 015800  780 129 1195    -5928784   +122           7    +18   46   4  357 +168   45   -1   45   -1  41  0  0 L3P 09
G04 FF 61061 015800  780 422  683     -394385    -42           8    -19   21  72  120  +16   52  +30   52   30  16  0  0 L3P D0
G06 FF 61061 015800  780 496 2242    +6043796    +53         -14    +18   22   2  106  +10   37  -15   37  -15  17  0  0 L3P 12
G07 FF 61061 015800  780 423 1728    +1380744    +28          15    -23   31  60  120  -18   26  +21   26   21  25  0  0 L3P FD
G09 FF 61061 015800  780 772  668    -7704203    -33           5    -31   16   2   83   +3   46  +29   46   29  13  0  0 L3P C2
G11 FF 61061 015800  780 424 2933    +4670203    -78           3    +55   29 119  120   -7   53  -44   53  -44  21  0  0 L3P 09
G16 FF 61061 015800  780 144  679    -1919908    -40           4    +36   43   0  322  -59   88  -18   88  -18  34  0  0 L3P 0A
G21 FF 61061 015800  780 266 2962    -3844111    -68           5     +5   29  48  181  -43   73  -16   73  -16  23  0  0 L3P 0A
G26 FF 61061 015800  780 112  345    +3145542    +47          21    -13   29  50  406  +62  119  +38  119   38  22  0  0 L3P 1A
G30 FF 61061 015800  780 166 1938     -945218    -92          -6    +32   52  67  283 -118   58  -57   58  -57  44  0  0 L3P 43
G04 FF 61061 021400  780 354  707     -394405    -77          10    -54   19  73  139  +23   56  +39   56   39  15  0  0 L3P FC
G06 FF 61061 021400  780 432 2175    +6043819    -19         -18    -54   28  62  118  +15   40  +40   40   40  20  0  0 L3P 0B
G07 FF 61061 021400  780 496 1701    +1380788    +14           6    -37   23  63  106  -12   26  +25   26   25  18  0  0 L3P FB
G09 FF 61061 021400  780 697  694    -7704208    +20           1    +23   12   3   86   +4   49  -15   49  -15  10  0  0 L3P C3
G11 FF 61061 021400  780 447 2840    +4670064   -101         -11    +32   25 120  115   -3   60  -43   60  -43  18  0  0 L3P 17
G16 FF 61061 021400  780 165  610    -1919968    -95          14    -19   32  10  281  -28   84  +23   84   23  26  0  0 L3P 0C
G21 FF 61061 021400  780 332 2977    -3844185    -46           0    +28   36  49  148  -27   73  -31   73  -31  28  0  0 L3P 1D
G30 FF 61061 021400  780 236 1940     -945365   -129         -32     -5   46  68  202  -59   54  -24   54  -24  35  0  0 L3P 23
G04 FF 61061 023000  780 289  736     -394430   -104           6    -81   31  73  167  +35   67  +64   67   64  23  0  0 L3P FA
G05 FF 61061 023000  780 112 3050    +2276214    +95          16    +89   34  28  413 -233  104  -89  104  -89  24  0  0 L3P 4E
G06 FF 61061 023000  780 363 2126    +6043869    +46          -2    +11   25  62  136  +23   28   -4   28   -4  19  0  0 L3P EA
G07 FF 61061 023000  780 567 1657    +1380831    +50           0     -1   22  63   97   -8   31   +1   31    1  16  0  0 L3P 8F
G09 FF 61061 023000  780 624  728    -7704218    +75          -7    +78   21   3   91   +6   59  -53   59  -53  14  0  0 L3P E5
G11 FF 61061 023000  780 453 2737    +4669929   -123         -19    +10   29 120  114   +1   58  -13   58  -13  19  0  0 L3P 39
G16 FF 61061 023000  780 176  539    -1920025    -94          29    -18   38  10  264   -8   78  +18   78   18  29  0  0 L3P 08
G21 FF 61061 023000  780 400 2982    -3844252   -124           4    -50   22  49  126  -19   56  +19   56   19  16  0  0 L3P 10
G30 FF 61061 023000  780 309 1944     -945487   -138         -35    -14   29  68  158  -35   50   +5   50    5  22  0  0 L3P 06
G04 FF 61061 024600  780 225  768     -394449    +17          10    +39   31  73  210  +56   71  -23   71  -23  22  0  0 L3P F5
G05 FF 61061 024600  780 176 3063    +2276225     -3          21     -8   43  28  267  -98   93  -35   93  -35  30  0  0 L3P 0A
G06 FF 61061 024600  780 293 2090    +6043896    +55          -8    +20   40  62  164  +37   43  -14   43  -14  30  0  0 L3P 11
G07 FF 61061 024600  780 633 1583    +1380882    +88           2    +37   20  63   90   -5   36  -13   36  -13  15  0  0 L3P EA
G09 FF 61061 024600  780 553  765    -7704197    -34          15    -32   21   3   98   +9   46  +23   46   23  15  0  0 L3P D9
G11 FF 61061 024600  780 440 2633    +4669810    -70         -10    +63   20 120  116   +5   46  -57   46  -57  16  0  0 L3P 20
G16 FF 61061 024600  780 175  468    -1920122    -66           6    +10   34  10  266  +10  101   +3  101    3  25  0  0 L3P C8
G21 FF 61061 024600  780 469 2976    -3844339    -58         -11    +16   27  49  111  -13   66  -18   66  -18  18  0  0 L3P 4A
G30 FF 61061 024600  780 383 1947     -945593    -84         -22    +40   26  68  131  -23   30  -41   30  -41  22  0  0 L3P 15
G04 FF 61061 030200  780 164  802     -394492     +9         -11    +32   41  73  283 +103   88  -45   88  -45  33  0  0 L3P 09
G05 FF 61061 030200  780 242 3069    +2276216    -19           7    -25   40  28  197  -53   81   +2   81    2  27  0  0 L3P D8
G06 FF 61061 030200  780 223 2061    +6043934    +45          -4    +10   28  62  211  +64   47  +12   47   12  21  0  0 L3P E8
G07 FF 61061 030200  780 688 1455    +1380942    +28          12    -23   18  63   87   -3   30  +24   30   24  14  0  0 L3P E3
G09 FF 61061 030200  780 483  804    -7704195    -10          20     -8   22   3  108  +12   44  +10   44   10  15  0  0 L3P BC
G11 FF 61061 030200  780 410 2539    +4669683   -159         -10    -26   30 120  123   +9   39   +3   39    3  23  0  0 L3P 00
G16 FF 61061 030200  780 162  400    -1920179    -60          22    +16   48  10  286  +32   84   -2   84   -2  37  0  0 L3P D8
G21 FF 61061 030200  780 538 2951    -3844410    -83         -12     -9   25  49  100   -9   55   -4   55   -4  18  0  0 L3P E5
G30 FF 61061 030200  780 458 1947     -945710   -125         -21     -2   35  68  113  -15   30   -8   30   -8  28  0  0 L3P F0
G04 FF 61061 031800  780 104  837     -394501   -108           1    -85   37  73  437 +239   73  +65   73   65  29  0  0 L3P 15
G05 FF 61061 031800  780 309 3066    +2276219    +23           4    +17   30  28  157  -32   73  -28   73  -28  22  0  0 L3P 0C
G06 FF 61061 031800  780 154 2036    +6043962     +4         -10    -32   50  62  300 +130   68  +36   68   36  41  0  0 L3P 0B
G07 FF 61061 031800  780 720 1255    +1380988    +19           9    -32   22  63   85   -1   38  +25   38   25  15  0  0 L3P E5
G09 FF 61061 031800  780 415  843    -7704204     +1          13     +3   20   3  122  +17   53   -2   53   -2  17  0  0 L3P 93
G11 FF 61061 031800  780 367 2458    +4669550   -110         -14    +23   33 120  135  +16   37  -28   37  -28  24  0  0 L3P 4B
G16 FF 61061 031800  780 138  337    -1920301   -253         -27   -177   48  10  333  +69  118  +94  118   94  34  0  0 L3P 61
G21 FF 61061 031800  780 603 2897    -3844502   -113         -33    -39   14  49   93   -6   67  +24   67   24  10  0  0 L3P 19
G30 FF 61061 031800  780 535 1941     -945833   -129         -24     -5   19  68  101  -10   35  +15   35   15  16  0  0 L3P 0B
G05 FF 61061 033400  780 377 3050    +2276217    +46          -4    +40   24  28  132  -21   72  -22   72  -22  17  0  0 L3P 04
G07 FF 61061 033400  780 717 1021    +1381032    +64           4    +13   20  63   85   +1   45   -8   45   -8  13  0  0 L3P AC
G09 FF 61061 033400  780 349  883    -7704208     +0          11     +2   21   3  141  +24   57   +4   57    4  17  0  0 L3P 98
G11 FF 61061 033400  780 316 2391    +4669439   -114           2    +19   40 120  154  +25   20  -12   20  -12  30  0  0 L3P 0C
G13 FF 61061 033400  780 154 2651    -6891024    -14           2    -24   37  35  303 -119   54  +59   54   59  32  0  0 L3P 15
G16 FF 61061 033400  780 104  282    -1920323    -41          24    +35   39  10  434 +153   65  -12   65  -12  28  0  0 L3P 09
G21 FF 61061 033400  780 660 2793    -3844569    -63         -29    +11   19  49   88   -4   60   -3   60   -3  13  0  0 L3P F4
G30 FF 61061 033400  780 611 1923     -945945    -81         -18    +43   20  68   92   -7   36  -40   36  -40  15  0  0 L3P FB
G05 FF 61061 035000  780 442 3017    +2276241    -22          15    -28   31  28  116  -14   57  +21   57   21  24  0  0 L3P F9
G07 FF 61061 035000  780 683  839    +1381102    +65          25    +14   19  63   87   +3   32   -7   32   -7  14  0  0 L3P C2
G09 FF 61061 035000  780 285  923    -7704199    +22          22    +24   35   3  169  +35   58  -23   58  -23  27  0  0 L3P 08
G11 FF 61061 035000  780 258 2336    +4669299    -72         -10    +61   38 120  184  +40   32  -44   32  -44  27  0  0 L3P 3B
G13 FF 61061 035000  780 216 2691    -6890994    -51          22    -61   28  35  220  -63   62  +62   62   62  24  0  0 L3P 18
G21 FF 61061 035000  780 698 2618    -3844634    -73         -23     +1   19  49   86   -1   54   +5   54    5  13  0  0 L3P D2
G30 FF 61061 035000  780 685 1878     -946058    -94         -11    +30   19  68   87   -5   35   -7   35   -7  13  0  0 L3P EE
G05 FF 61061 040600  780 503 2961    +2276236     +6           4     +1   18  28  105   -9   61   -6   61   -6  13  0  0 L3P A7
G07 FF 61061 040600  780 629  731    +1381152    +87          26    +35   19  63   91   +5   37  -15   37  -15  13  0  0 L3P EC
G09 FF 61061 040600  780 222  962    -7704211     +4          13     +7   28   3  212  +57   60   -6   60   -6  19  0  0 L3P A6
G11 FF 61061 040600  780 198 2290    +4669193     +5           8   +138   34 121  236  +71   21 -103   21 -103  25  0  0 L3P 32
G13 FF 61061 040600  780 279 2730    -6890990    -16          15    -26   33  36  173  -38   70  +30   70   30  25  0  0 L3P 18
G14 FF 61061 040600  780 154 1604    -7300694    -45          25    -23   33  41  304 -129   38  +33   38   33  29  0  0 L3P 1F
G21 FF 61061 040600  780 704 2391    -3844707    -59         -26    +15   18  50   86   +1   52  -16   52  -16  12  0  0 L3P 06
G30 FF 61061 040600  780 753 1764     -946178   -111         -11    +13   14  77   84   -2   41   -1   41   -1  10  0  0 L3P D0
G05 FF 61061 042200  780 554 2872    +2276254    +52          18    +47   28  28   98   -5   52  -35   52  -35  22  0  0 L3P 08
G07 FF 61061 042200  780 567  676    +1381187    +64          12    +13   17  63   97   +7   48   -6   48   -6  11  0  0 L3P D5
G09 FF 61061 042200  780 161 1001    -7704221    -11           4     -9   28   3  288 +106   68   +3   68    3  21  0  0 L3P B8
G11 FF 61061 042200  780 138 2250    +4669049    -93          -7    +40   43 121  334 +145   39  -17   39  -17  38  0  0 L3P 42
G13 FF 61061 042200  780 345 2770    -6890983    +12          12     +2   31  36  143  -25   68   +8   68    8  25  0  0 L3P E4
G14 FF 61061 042200  780 220 1580    -7300735    +10           7    +33   37  41  215  -65   42  -42   42  -42  33  0  0 L3P EF
G21 FF 61061 042200  780 673 2190    -3844769    -29         -17    +45   18  50   88   +3   44  -25   44  -25  13  0  0 L3P 15
G30 FF 61061 042200  780 799 1481     -946295   -127          -9     -3   13  77   82   -1   41   +3   41    3  10  0  0 L3P B4
G05 FF 61061 045000  780 599 2635    +2276266    +35          20    +29   27  28   93   +0   45  -23   45  -23  19  0  0 L3P 03
G07 FF 61061 045000  780 452  645    +1381274    +47          12     -4   20  63  114  +13   47   +4   47    4  15  0  0 L3P B7
G13 FF 61061 045000  780 464 2837    -6890968    +38          10    +28   22  36  112  -14   56  -21   56  -21  15  0  0 L3P 24
G14 FF 61061 045000  780 339 1527    -7300755     -9          24    +14   25  41  145  -27   26   -1   26   -1  20  0  0 L3P D9
G15 FF 61061 045000  780 168 2921    -3785825    -31          30     +4   40  45  279 -105   68  -26   68  -26  35  0  0 L3P 31
G18 FF 61061 045000  780 127 3292    +4456234   -161          15    -64   41  86  361  -57   66  +47   66   47  28  0  0 L3P 3D
G21 FF 61061 045000  780 567 1995    -3844888    -72         -12     +2   27  50   97   +8   38   +9   38    9  20  0  0 L3P E6
G22 FF 61061 045000  780 203 1637     +563722    -86          24    -42   38  60  233  -81   34  +34   34   34  28  0  0 L3P FA
G30 FF 61061 045000  780 757  870     -946493   -134           1    -10   11  77   83   +2   34   +1   34    1   8  0  0 L3P 8C
G05 FF 61061 050600  780 589 2482    +2276271     +9          19     +4   21  28   94   +2   41  -13   41  -13  14  0  0 L3P D0
G07 FF 61061 050600  780 386  649    +1381315    +76           4    +25   22  63  129  +19   56  -23   56  -23  17  0  0 L3P 04
G08 FF 61061 050600  780 106  492    -5018420    +51          11     +7   38  73  428  -55   95  -21   95  -21  27  0  0 L3P FD
G13 FF 61061 050600  780 535 2874    -6890955    +60          14    +50   16  36  101  -10   53  -46   53  -46  13  0  0 L3P 1F
G14 FF 61061 050600  780 406 1485    -7300774    -39          28    -16   21  41  124  -17   27  +11   27   11  15  0  0 L3P 06
G15 FF 61061 050600  780 233 2942    -3785857   -101          33    -66   36  45  204  -57   60  +32   60   32  30  0  0 L3P 24
G18 FF 61061 050600  780 142 3229    +4456153    -22          27    +75   42  86  324  -22   54  -18   54  -18  29  0  0 L3P 29
G21 FF 61061 050600  780 494 1941    -3844952    -68          -5     +6   23  50  106  +12   38   -3   38   -3  17  0  0 L3P E8
G22 FF 61061 050600  780 274 1614     +563651    -65          -4    -20   31  60  176  -44   51  +15   51   15  23  0  0 L3P E9
G30 FF 61061 050600  780 692  759     -946609    -96           4    +28   16  77   86   +4   30  -19   30  -19  12  0  0 L3P E0
G05 FF 61061 052200  780 554 2350    +2276257     -3          -1     -9   21  28   98   +5   50   -3   50   -3  17  0  0 L3P A3
G07 FF 61061 052200  780 322  661    +1381378   +102          18    +51   25  63  151  +28   47  -47   47  -47  20  0  0 L3P 19
G08 FF 61061 052200  780 114  427    -5018388     -1           1    -45   51  73  397  -12   91  +14   91   14  34  0  0 L3P D9
G13 FF 61061 052200  780 608 2907    -6890941    +17          18     +7   18  36   93   -7   41   -5   41   -5  12  0  0 L3P CF
G14 FF 61061 052200  780 470 1428    -7300818    -16           6     +7   25  41  111  -11   43   -9   43   -9  18  0  0 L3P CC
G15 FF 61061 052200  780 301 2957    -3785891    -87          32    -52   30  45  161  -35   52  +37   52   37  26  0  0 L3P 22
G18 FF 61061 052200  780 146 3163    +4456034   -131           1    -35   27  86  315   +3   78  +29   78   29  21  0  0 L3P 06
G21 FF 61061 052200  780 419 1908    -3845025    -81          -8     -7   29  50  121  +18   39   +9   39    9  24  0  0 L3P E5
G22 FF 61061 052200  780 347 1585     +563619    -42           6     +3   23  60  142  -27   41   -2   41   -2  18  0  0 L3P B6
G30 FF 61061 052200  780 623  721     -946734    -78          -2    +46   21  77   91   +6   34  -35   34  -35  14  0  0 L3P D7
G05 FF 61061 053800  780 502 2250    +2276271    +36           8    +30   20  28  105   +9   48  -17   48  -17  14  0  0 L3P F1
G07 FF 61061 053800  780 258  681    +1381419    +68          10    +17   38  63  185  +43   60   -2   60   -2  31  0  0 L3P E9
G08 FF 61061 053800  780 113  362    -5018331    +20          15    -24   52  73  403  +25   73   +8   73    8  35  0  0 L3P D0
G13 FF 61061 053800  780 683 2935    -6890916    +23          33    +13   11  36   87   -5   30   -7   30   -7   9  0  0 L3P D3
G14 FF 61061 053800  780 527 1349    -7300849    -31          -3     -8   26  41  102   -7   46   +9   46    9  18  0  0 L3P D3
G15 FF 61061 053800  780 371 2964    -3785942    -45          15     -9   24  45  134  -23   53  -12   53  -12  20  0  0 L3P 15
G18 FF 61061 053800  780 139 3096    +4455938   -118          -3    -21   39  86  330  +29   72  +30   72   30  30  0  0 L3P 2B
G21 FF 61061 053800  780 344 1886    -3845084    -81           5     -7   32  50  143  +28   29  +12   29   12  24  0  0 L3P F4
G22 FF 61061 053800  780 419 1547     +563560    -56          -9    -11   28  60  121  -18   52  +15   52   15  21  0  0 L3P F5
G30 FF 61061 053800  780 553  715     -946858   -114          -7    +10   19  77   98   +9   43   -2   43   -2  14  0  0 L3P D2
G05 FF 61061 055400  780 439 2178    +2276288     -9          20    -14   26  28  116  +14   47  +24   47   24  21  0  0 L3P 06
G07 FF 61061 055400  780 196  704    +1381482    +55          25     +3   33  63  239  +73   61  +29   61   29  25  0  0 L3P F7
G08 FF 61061 055400  780 100  299    -5018298    +15           6    -30   41  73  449  +76   79  +36   79   36  30  0  0 L3P 07
G13 FF 61061 055400  780 760 2949    -6890902    -10          37    -21   18  36   83   -3   24   +4   24    4  11  0  0 L3P CB
G14 FF 61061 055400  780 572 1241    -7300864    +28           3    +51   18  41   96   -4   38  -37   38  -37  12  0  0 L3P EF
G15 FF 61061 055400  780 442 2960    -3785974    -76          17    -41   22  45  116  -16   40  +26   40   26  17  0  0 L3P 1E
G18 FF 61061 055400  780 121 3030    +4455857    -53           9    +44   37  86  376  +68   54  -36   54  -36  26  0  0 L3P 29
G21 FF 61061 055400  780 270 1870    -3845151    -30           9    +44   23  50  177  +46   33  -21   33  -21  20  0  0 L3P F9
G22 FF 61061 055400  780 488 1494     +563521    -98          -6    -54   23  60  108  -11   50  +37   50   37  18  0  0 L3P 04
G23 FF 61061 055400  780 104 3279    -6022059     +5          34    +55   49  76  444 -238   39  -37   39  -37  39  0  0 L3P 3F
G30 FF 61061 055400  780 484  725     -946961   -123           9     +1   24  77  108  +12   31   +3   31    3  17  0  0 L3P B2
G05 FF 61061 061000  780 371 2127    +2276301    +20          21    +15   25  40  134  +22   37   -5   37   -5  18  0  0 L3P D6
G07 FF 61061 061000  780 136  732    +1381523     -2           9    -54   58  85  339 +147  100  +78  100   78  40  0  0 L3P 12
G13 FF 61061 061000  780 837 2898    -6890895    +65          38    +55   14  37   81   -1   27  -31   27  -31   9  0  0 L3P 0A
G14 FF 61061 061000  780 598 1105    -7300884    -24           4     -2   21  42   93   -1   41   -3   41   -3  16  0  0 L3P 9D
G15 FF 61061 061000  780 513 2939    -3786007    -69          15    -34   21  46  104  -11   31  +25   31   25  16  0  0 L3P 07
G21 FF 61061 061000  780 198 1858    -3845231   -102          -1    -28   34  51  237  +83   52  +32   52   32  27  0  0 L3P 18
G22 FF 61061 061000  780 551 1417     +563475    -40          -8     +4   27  61   99   -7   51  -11   51  -11  19  0  0 L3P CA
G23 FF 61061 061000  780 158 3249    -6022139    -46           0     +4   47  77  295  -98   61  -37   61  -37  34  0  0 L3P 0F
G24 FF 61061 061000  780 122 2587    +1545045   -234         -10    -82   35   0  381 -190   62  +94   62   94  28  0  0 L3P 2F
G30 FF 61061 061000  780 416  744     -947088   -143           3    -19   18  78  121  +17   40  +23   40   23  15  0  0 L3P E5
G05 FF 61061 062600  780 301 2088    +2276302    -47          16    -53   26  40  161  +35   49  +52   49   52  20  0  0 L3P 09
G13 FF 61061 062600  780 874 1712    -6890871    +43          52    +33   15  37   81   +0   21  -18   21  -18  10  0  0 L3P F4
G14 FF 61061 062600  780 600  956    -7300889    -30          21     -7   26  42   93   +1   33  +10   33   10  18  0  0 L3P BB
G15 FF 61061 062600  780 582 2890    -3786056   -117           0    -82   20  46   95   -7   43  +57   43   57  14  0  0 L3P 06
G21 FF 61061 062600  780 128 1846    -3845294    -82           6     -8   37  51  360 +189   76  +31   76   31  29  0  0 L3P 1E
G22 FF 61061 062600  780 602 1305     +563447    -42           7     +2   17  61   93   -4   45   +6   45    6  12  0  0 L3P 89
G23 FF 61061 062600  780 208 3209    -6022179   -121           8    -71   31  77  227  -51   39  +62   39   62  27  0  0 L3P 1C
G24 FF 61061 062600  780 184 2623    +1544901   -180          -8    -28   37   0  256  -87   55  +25   55   25  29  0  0 L3P 1D
G30 FF 61061 062600  780 350  768     -947218   -165          -9    -41   27  78  141  +24   67  +41   67   41  23  0  0 L3P 0D
G05 FF 61061 064200  780 231 2058    +2276312    +29          21    +23   36  40  205  +60   62   +2   62    2  27  0  0 L3P CD
G13 FF 61061 064200  780 799 1425    -6890860    +25          54    +15   16  37   82   +2   23   +1   23    1  10  0  0 L3P C2
G14 FF 61061 064200  780 577  822    -7300935     -9          -3    +14   16  42   96   +4   58   +5   58    5  12  0  0 L3P AA
G15 FF 61061 064200  780 644 2797    -3786083    -43           7     -7   16  46   90   -4   42  -11   42  -11  12  0  0 L3P DF
G17 FF 61061 064200  780 148 1201     +390033   +121         -12     +6   45   5  315 -119  188   -4  188   -4  33  0  0 L3P 0A
G22 FF 61061 064200  780 633 1155     +563400    -51           2     -7   18  61   90   -2   53  +24   53   24  13  0  0 L3P A0
G23 FF 61061 064200  780 252 3157    -6022228    -74           7    -24   32  77  190  -29   41  +21   41   21  25  0  0 L3P F5
G24 FF 61061 064200  780 247 2658    +1544766   -220           4    -67   26   0  193  -49   50  +46   50   46  20  0  0 L3P 08
G30 FF 61061 064200  780 285  797     -947325    -88           4    +36   27  78  168  +35   79  +13   79   13  20  0  0 L3P 03
G05 FF 61061 065800  780 162 2033    +2276326    -67          29    -73   37  40  286 +117   94 +106   94  106  28  0  0 L3P 5A
G13 FF 61061 065800  780 719 1415    -6890879     +7          25     -4   13  37   85   +4   49  +13   49   13   9  0  0 L3P D8
G14 FF 61061 065800  780 535  720    -7300954    -61           0    -39   15  42  100   +7   67  +48   67   48  11  0  0 L3P E1
G15 FF 61061 065800  780 688 2635    -3786132    -14          -8    +22   14  46   87   -2   53  -18   53  -18   9  0  0 L3P 01
G17 FF 61061 065800  780 203 1151     +390169    +60          14    -55   24   5  232  -61  162  +36  162   36  20  0  0 L3P 02
G22 FF 61061 065800  780 637  984     +563355    -81           0    -37   22  61   90   +1   62  +38   62   38  17  0  0 L3P C7
G23 FF 61061 065800  780 285 3093    -6022284    -30          -1    +20   35  77  169  -16   49  -10   49  -10  25  0  0 L3P 1C
G24 FF 61061 065800  780 313 2694    +1544634   -205          17    -53   33   0  155  -31   43  +38   43   38  26  0  0 L3P 14
G30 FF 61061 065800  780 222  828     -947444   -109           4    +15   36  78  212  +57  120  +32  120   32  29  0  0 L3P 10
G13 FF 61061 071400  780 639 1430    -6890885    -21           9    -32   15  37   90   +6   72  +36   72   36  11  0  0 L3P E8
G14 FF 61061 071400  780 481  650    -7300964     +3          12    +26   23  42  108  +10   72   -7   72   -7  14  0  0 L3P C5
G15 FF 61061 071400  780 701 2411    -3786162    -42          -4     -6   16  46   86   +0   57  +12   57   12  12  0  0 L3P CC
G17 FF 61061 071400  780 255 1095     +390267   +107           2     -8   29   5  187  -35  157   -5  157   -5  21  0  0 L3P F4
G19 FF 61061 071400  780 147 1327    -6865629    -21          11     -3   31  25  318 -127  266  -32  266  -32  24  0  0 L3P 4B
G22 FF 61061 071400  780 613  832     +563322    -38          10     +6   21  61   92   +3   65   +6   65    6  16  0  0 L3P 87
G23 FF 61061 071400  780 307 3018    -6022319    -27          12    +23   37  77  158   -7   46  -18   46  -18  28  0  0 L3P 17
G24 FF 61061 071400  780 381 2729    +1544485   -160          15     -8   26   0  131  -21   51   +6   51    6  19  0  0 L3P D4
G30 FF 61061 071400  780 161  860     -947571   -133          -4     -9   31  78  287 +105  187  +68  187   68  25  0  0 L3P 40
G10 FF 61061 073000  780 134 3310    +5839761    +65          12    +40   36  60  344 -106   55  -44   55  -44  28  0  0 L3P 29
G13 FF 61061 073000  780 560 1450    -6890872    -47          11    -58   16  37   97   +9   89  +68   89   68  12  0  0 L3P 1C
G14 FF 61061 073000  780 420  607    -7300977    -74          20    -51   25  42  121  +15   76  +49   76   49  19  0  0 L3P 07
G15 FF 61061 073000  780 675 2199    -3786191     -2           1    +34   17  46   87   +3   62   -7   62   -7  13  0  0 L3P C3
G17 FF 61061 073000  780 301 1030     +390377    +40           1    -74   31   5  161  -21  149  +42  149   42  22  0  0 L3P E1
G19 FF 61061 073000  780 205 1287    -6865634    -54          23    -35   34  25  230  -65  217  -12  217  -12  26  0  0 L3P 46
G22 FF 61061 073000  780 569  721     +563279    -25           9    +19   22  61   96   +6   73   +2   73    2  16  0  0 L3P 9D
G23 FF 61061 073000  780 315 2937    -6022370    +50           9   +100   23  77  154   +0   54  -81   54  -81  18  0  0 L3P 01
G24 FF 61061 073000  780 451 2763    +1544326   -147           2     +6   26   0  114  -15   63   -9   63   -9  19  0  0 L3P D4
G10 FF 61061 074600  780 172 3259    +5839788    +84          15    +59   46  60  272  -52   63  -44   63  -44  34  0  0 L3P 41
G12 FF 61061 074600  780 165 2163    +6067661    -35         -21    -38   46  77  284 -117  175  +11  175   11  40  0  0 L3P 5C
G13 FF 61061 074600  780 482 1473    -6890878     +0          -4    -10   27  37  108  +14  132  +47  132   47  19  0  0 L3P 29
G14 FF 61061 074600  780 355  584    -7301018    -43           1    -20   20  42  139  +23  108  +30  108   30  14  0  0 L3P F5
G15 FF 61061 074600  780 622 2055    -3786211     +3          14    +38   29  46   91   +5   65   +2   65    2  22  0  0 L3P B6
G17 FF 61061 074600  780 339  956     +390489    +95           3    -19   28   5  145  -13  137   +6  137    6  23  0  0 L3P E6
G19 FF 61061 074600  780 263 1241    -6865667    -45           7    -27   33  25  182  -38  210   -3  210   -3  22  0  0 L3P 13
G22 FF 61061 074600  780 513  651     +563240     -6          13    +38   22  61  103   +9   81  -21   81  -21  17  0  0 L3P C2
G23 FF 61061 074600  780 309 2853    -6022406    -48          21     +2   32  77  157   +6   50   +4   50    4  25  0  0 L3P C2
G24 FF 61061 074600  780 523 2795    +1544186   -164           8    -12   23   0  102  -10   59  +16   59   16  17  0  0 L3P 02
G10 FF 61061 080200  780 200 3199    +5839810    +53          16    +28   37  62  234  -27   68  -21   68  -21  26  0  0 L3P 23
G12 FF 61061 080200  780 234 2185    +6067655    -57         -33    -61   40  81  204  -59  179  +33  179   33  29  0  0 L3P 55
G13 FF 61061 080200  780 405 1494    -6890860    +13           3     +3   24  47  124  +20  158  +33  158   33  19  0  0 L3P 0C
G14 FF 61061 080200  780 290  574    -7301009   -112          36    -89   25  43  166  +35  105  +90  105   90  19  0  0 L3P 33
G15 FF 61061 080200  780 555 1969    -3786256    -68           1    -33   24  47   98   +9   87  +32   87   32  20  0  0 L3P 03
G17 FF 61061 080200  780 365  873     +390596    +95           6    -20   24  42  136   -6  129   +6  129    6  18  0  0 L3P DB
G19 FF 61061 080200  780 318 1185    -6865689    -42          10    -25   27  26  153  -23  185   -4  185   -4  21  0  0 L3P 30
G22 FF 61061 080200  780 451  610     +563197     +2          14    +46   29  62  114  +13   89  -23   89  -23  20  0  0 L3P DF
G23 FF 61061 080200  780 288 2773    -6022470    -38           3    +12   38  78  167  +15   69  +10   69   10  29  0  0 L3P 0D
G24 FF 61061 080200  780 598 2822    +1544036   -144           3     +8   24   2   94   -7   69  +11   69   11  19  0  0 L3P D1
G10 FF 61061 081800  780 218 3132    +5839821     +4           3    -21   34  62  216  -12   78   +7   78    7  26  0  0 L3P CD
G12 FF 61061 081800  780 305 2211    +6067669    +10         -22     +7   29  81  160  -35  141  -34  141  -34  22  0  0 L3P 2B
G13 FF 61061 081800  780 330 1515    -6890851    +14           3     +4   19  47  148  +30  198  +51  198   51  14  0  0 L3P 1A
G14 FF 61061 081800  780 225  575    -7301056    -55          10    -32   38  43  209  +58  147  +49  147   49  31  0  0 L3P 32
G15 FF 61061 081800  780 482 1917    -3786287    -89           4    -54   31  47  108  +13  106  +65  106   65  27  0  0 L3P 43
G17 FF 61061 081800  780 377  784     +390710    +96          10    -18   35  42  132   -1  122  +16  122   16  23  0  0 L3P F6
G19 FF 61061 081800  780 367 1119    -6865696    +19          19    +36   24  26  135  -15  157  -49  157  -49  17  0  0 L3P 74
G22 FF 61061 081800  780 387  589     +563146    -65           6    -21   30  62  129  +19  113  +19  113   19  21  0  0 L3P 06
G23 FF 61061 081800  780 256 2699    -6022509    -71          12    -21   29  78  186  +26   78  +27   78   27  22  0  0 L3P 34
G24 FF 61061 081800  780 673 2841    +1543896   -136           9    +16   18   2   88   -5   78   -3   78   -3  12  0  0 L3P E4
G10 FF 61061 083400  780 223 3061    +5839853    +70          11    +45   32  62  211   +1   76  -21   76  -21  24  0  0 L3P F9
G12 FF 61061 083400  780 377 2238    +6067672    +19         -23    +16   25  81  132  -23  123  -11  123  -11  18  0  0 L3P 42
G13 FF 61061 083400  780 257 1533    -6890829    +65          15    +54   33  47  185  +50  247  +21  247   21  26  0  0 L3P 45
G14 FF 61061 083400  780 161  584    -7301077    -65          11    -42   46  43  287 +111  177  +66  177   66  39  0  0 L3P 4C
G15 FF 61061 083400  780 407 1885    -3786335    +14         -10    +49   26  47  123  +19  139   -8  139   -8  21  0  0 L3P 40
G17 FF 61061 083400  780 373  696     +390807   +114          -3     -1   24  42  133   +3  129   +8  129    8  18  0  0 L3P DA
G19 FF 61061 083400  780 406 1039    -6865713    +31          19    +48   30  26  124   -9  135  -50  135  -50  22  0  0 L3P 32
G22 FF 61061 083400  780 322  583     +563112    -50          15     -6   23  62  151  +28  125  +30  125   30  16  0  0 L3P E2
G23 FF 61061 083400  780 214 2633    -6022565   -100           4    -50   45  78  220  +46   98  +55   98   55  36  0  0 L3P 1E
G24 FF 61061 083400  780 750 2839    +1543759   -193          18    -40   14   2   84   -3   73  +25   73   25  10  0  0 L3P F8
G10 FF 61061 085000  780 216 2988    +5839867    +27           1     +2   42  62  218  +13   94   -1   94   -1  30  0  0 L3P DD
G12 FF 61061 085000  780 451 2269    +6067689    +31          -9    +28   24  81  114  -15  108  -21  108  -21  17  0  0 L3P 3D
G13 FF 61061 085000  780 186 1549    -6890834    +37           0    +26   37  47  251  +92  340 +100  340  100  27  0  0 L3P 44
G15 FF 61061 085000  780 333 1864    -3786346    -43          12     -7   32  47  147  +30  166  +68  166   68  27  0  0 L3P 3F
G17 FF 61061 085000  780 354  615     +390910   +138         -10    +24   31  42  139   +9  136   +3  136    3  23  0  0 L3P E8
G19 FF 61061 085000  780 433  946    -6865736    -41          12    -24   25  26  118   -4  137  +13  137   13  19  0  0 L3P 1E
G22 FF 61061 085000  780 259  587     +563074    -86          19    -42   29  62  184  +43  143  +57  143   57  23  0  0 L3P 2A
G23 FF 61061 085000  780 165 2574    -6022601    +20          17    +70   38  78  280  +84  117  -25  117  -25  30  0  0 L3P 3C
G24 FF 61061 085000  780 826 2752    +1543612   -150          17     +2   15   2   82   -1   77   +3   77    3  11  0  0 L3P AA
G10 FF 61061 090600  780 197 2917    +5839892    +10           2    -15   40  62  237  +29  107  +31  107   31  29  0  0 L3P 27
G12 FF 61061 090600  780 527 2302    +6067672    -41         -29    -45   24  81  102  -11  122  +27  122   27  18  0  0 L3P 34
G13 FF 61061 090600  780 117 1563    -6890798    +60          26    +50   48  47  390 +220  471 +138  471  138  35  0  0 L3P 84
G15 FF 61061 090600  780 260 1849    -3786404    -24         -12    +11   27  47  183  +48  247  +69  247   69  22  0  0 L3P 5D
G17 FF 61061 090600  780 323  545     +391031    +75           0    -39   30  42  151  +16  137  +38  137   38  22  0  0 L3P F5
G19 FF 61061 090600  780 444  846    -6865739     +8          25    +25   21  26  115   +0  126  -13  126  -13  17  0  0 L3P 14
G22 FF 61061 090600  780 196  599     +563037    -61          25    -17   39  62  239  +73  166  +57  166   57  33  0  0 L3P 36
G23 FF 61061 090600  780 113 2523    -6022653    -88          12    -38   38  78  402 +185  153  +72  153   72  30  0  0 L3P 4C
G24 FF 61061 090600  780 867 1901    +1543465   -104          17    +49   15   2   81   +0   84  -25   84  -25  10  0  0 L3P FA
G25 FF 61061 090600  780 135 2405    -4486419    -83          35   -107   44  76  345 -161  166  +70  166   70  34  0  0 L3P 6F
G32 FF 61061 090600  780 155 3195    +1534189    -77          33    +94   36  37  301 -113   92  -49   92  -49  27  0  0 L3P 4F
G10 FF 61061 092200  780 168 2850    +5839933    +21          19     -4   49  62  276  +55  109  +14  109   14  40  0  0 L3P 2D
G12 FF 61061 092200  780 603 2339    +6067689    +38         -16    +35   21  81   93   -7  111  -27  111  -27  15  0  0 L3P 2F
G15 FF 61061 092200  780 189 1837    -3786429    -14          -3    +21   34  47  247  +88  328  +77  328   77  26  0  0 L3P 5E
G17 FF 61061 092200  780 282  488     +391141    +74           0    -41   30  42  170  +26  146  +47  146   47  22  0  0 L3P F9
G19 FF 61061 092200  780 436  746    -6865767    -24          14     -7   23  26  117   +4  129   +4  129    4  18  0  0 L3P F3
G22 FF 61061 092200  780 135  617     +562976    +14           6    +59   59  62  340 +148  210  -24  210  -24  47  0  0 L3P 20
G24 FF 61061 092200  780 802 1442    +1543321   -136          18    +17   15   2   82   +2   89   +9   89    9  10  0  0 L3P C7
G25 FF 61061 092200  780 199 2439    -4486411    -55          19    -79   42  76  237  -76  160  +44  160   44  32  0  0 L3P 56
G32 FF 61061 092200  780 212 3171    +1534017   -184          27    -12   38  37  223  -57   98   +7   98    7  28  0  0 L3P 0F
G10 FF 61061 093800  780 130 2789    +5839943    -23           5    -48   51  62  352 +109  141  +61  141   61  39  0  0 L3P 44
G12 FF 61061 093800  780 681 2380    +6067704     +1          -4     -2   21  81   87   -5  101   -2  101   -2  15  0  0 L3P BC
G15 FF 61061 093800  780 122 1825    -3786483     +1         -23    +36   44  47  377 +201  470 +144  470  144  33  0  0 L3P 6F
G17 FF 61061 093800  780 233  445     +391269    +84          18    -31   30  42  203  +43  152  +40  152   40  22  0  0 L3P 01
G19 FF 61061 093800  780 412  656    -6865785    -34          12    -17   28  26  122   +8  138  +17  138   17  21  0  0 L3P 2B
G24 FF 61061 093800  780 724 1394    +1543164   -181           8    -29   18   2   85   +4  114  +38  114   38  11  0  0 L3P 07
G25 FF 61061 093800  780 264 2474    -4486380    +55          27    +31   42  76  182  -44  146  -63  146  -63  31  0  0 L3P 5B
G32 FF 61061 093800  780 265 3135    +1533852   -213          26    -42   33  37  181  -33   99  +29   99   29  22  0  0 L3P 3B
G06 FF 61061 095400  780 152  901    +6044786    +74         -12    +40   41  89  305  -88  289  -64  289  -64  32  0  0 L3P 60
G12 FF 61061 095400  780 758 2430    +6067713    +21           2    +17   26  81   83   -3  101   -6  101   -6  18  0  0 L3P DC
G17 FF 61061 095400  780 179  415     +391381   +136          20    +21   39  42  260  +79  163   -6  163   -6  31  0  0 L3P 10
G19 FF 61061 095400  780 373  582    -6865814    -21          -1     -4   31  26  133  +14  157   +3  157    3  24  0  0 L3P ED
G24 FF 61061 095400  780 645 1395    +1543044   -208          34    -55   23   2   89   +6  114  +60  114   60  15  0  0 L3P 0F
G25 FF 61061 095400  780 331 2512    -4486360    +11          24    -13   33  76  148  -28  129   +3  129    3  23  0  0 L3P 0E
G32 FF 61061 095400  780 312 3085    +1533680   -158          19    +14   29  37  156  -20  110   -2  110   -2  21  0  0 L3P 1B
G06 FF 61061 101000  780 194  840    +6044841    -32           5    -66   33  96  242  -47  230  +18  230   18  24  0  0 L3P 09
G12 FF 61061 101000  780 836 2516    +6067729     +9          11     +6   15  83   81   -1   99   -1   99   -1  10  0  0 L3P B3
G17 FF 61061 101000  780 123  394     +391478   +121          14     +6   46  43  373 +171  196  -10  196  -10  33  0  0 L3P 23
G19 FF 61061 101000  780 324  525    -6865822    -17          10     +0   32  74  150  +22  163   -3  163   -3  24  0  0 L3P E2
G24 FF 61061 101000  780 567 1409    +1542894   -167          31    -14   23   2   97   +9  139  +24  139   24  17  0  0 L3P 18
G25 FF 61061 101000  780 400 2552    -4486336    +99          25    +75   28  80  126  -19  122  -66  122  -66  20  0  0 L3P 44
G32 FF 61061 101000  780 351 3021    +1533527    -87          38    +85   36  38  140  -12  103  -62  103  -62  28  0  0 L3P 2E
G06 FF 61061 102600  780 227  772    +6044864    -18          -5    -52   37  96  208  -26  215  +25  215   25  28  0  0 L3P 2B
G11 FF 61061 102600  780 120 1201    +4666150    -72           3    +61   88 123  384 -177  371 -157  371 -157  57  0  0 L3P 7A
G12 FF 61061 102600  780 883  307    +6067732    +18          11    +14   18  83   81   +0  104   -6  104   -6  11  0  0 L3P D2
G19 FF 61061 102600  780 269  484    -6865826     +4          23    +21   40  74  178  +37  158  +16  158   16  30  0  0 L3P 27
G24 FF 61061 102600  780 490 1427    +1542746   -161          28     -9   24   2  107  +13  157  +31  157   31  17  0  0 L3P 1A
G25 FF 61061 102600  780 470 2594    -4486325    +56          14    +32   21  80  111  -13  121  -34  121  -34  16  0  0 L3P 2C
G32 FF 61061 102600  780 378 2944    +1533352   -142          28    +29   31  38  132   -6  111  -17  111  -17  21  0  0 L3P 32
G06 FF 61061 104200  780 250  699    +6044908    +28           6     -6   30  96  190  -13  185   -8  185   -8  25  0  0 L3P FD
G11 FF 61061 104200  780 175 1154    +4666034   -142          14     -9   39 123  267  -82  299  -40  299  -40  31  0  0 L3P 5D
G12 FF 61061 104200  780 809  640    +6067753    -15          29    -19   13  83   82   +2   90  +11   90   11   9  0  0 L3P C6
G19 FF 61061 104200  780 209  457    -6865846    -21          19     -4   34  74  225  +65  175  +13  175   13  25  0  0 L3P 23
G24 FF 61061 104200  780 415 1447    +1542580   -162           8    -10   24   2  122  +18  193  +40  193   40  18  0  0 L3P 0D
G25 FF 61061 104200  780 541 2639    -4486289    +30          26     +7   20  80  100   -9  106  -15  106  -15  13  0  0 L3P 12
G28 FF 61061 104200  780 136 3051    +6081665    +16          22    +71   44 149  341 -157  152  -58  152  -58  30  0  0 L3P 66
G29 FF 61061 104200  780 167 2002    +3893178    -21          20    +44   39 130  280 -117  348 -151  348 -151  25  0  0 L3P 87
G32 FF 61061 104200  780 391 2856    +1533182   -152          23    +19   24  38  128   -1  120  -13  120  -13  20  0  0 L3P 22
G06 FF 61061 105800  780 261  622    +6044940   +105           6    +71   37  96  183   -3  175  -57  175  -57  25  0  0 L3P 2E
G11 FF 61061 105800  780 228 1102    +4665897   -254           6   -121   32 123  208  -45  245  +18  245   18  22  0  0 L3P 58
G12 FF 61061 105800  780 734  709    +6067740    -20          13    -23   17  83   84   +3  105  +24  105   24  13  0  0 L3P F0
G19 FF 61061 105800  780 146  441    -6865858   -123          23   -105   30  74  315 +133  183  +73  183   73  26  0  0 L3P 69
G24 FF 61061 105800  780 342 1466    +1542439   -171          14    -19   25   2  143  +27  213  +35  213   35  18  0  0 L3P 2B
G25 FF 61061 105800  780 614 2688    -4486268    +67          24    +43   25  80   92   -7  101  -46  101  -46  16  0  0 L3P 31
G28 FF 61061 105800  780 200 3059    +6081618    -89          27    -34   40 149  236  -75  135   +9  135    9  30  0  0 L3P 36
G29 FF 61061 105800  780 239 2012    +3893077     -2         -19    +63   51 130  200  -59  294 -108  294 -108  38  0  0 L3P 81
G32 FF 61061 105800  780 387 2764    +1533025   -171          30     +1   31  38  129   +3  124  +25  124   25  24  0  0 L3P 10
G06 FF 61061 111400  780 259  546    +6044968    +91           1    +57   34  96  184   +6  165  -57  165  -57  25  0  0 L3P 2D
G11 FF 61061 111400  780 276 1041    +4665772   -155           3    -22   34 125  174  -27  210  -16  210  -16  27  0  0 L3P 41
G12 FF 61061 111400  780 659  760    +6067755    -44          24    -48   18  83   88   +5  102  +30  102   30  14  0  0 L3P FD
G24 FF 61061 111400  780 271 1485    +1542290   -103          11    +49   22   2  177  +44  250   -1  250   -1  16  0  0 L3P FE
G25 FF 61061 111400  780 688 2744    -4486244    +22          26     -2   22  80   87   -5   93   +3   93    3  17  0  0 L3P C5
G28 FF 61061 111400  780 265 3060    +6081526    +41         -12    +95   48 149  181  -43  150  -78  150  -78  32  0  0 L3P 67
G29 FF 61061 111400  780 312 2025    +3893031    -19          -4    +46   29 130  156  -35  222  -81  222  -81  22  0  0 L3P 3F
G32 FF 61061 111400  780 368 2674    +1532880   -181          50     -9   36  38  134   +9  121  +17  121   17  25  0  0 L3P 21
G06 FF 61061 113000  780 243  473    +6045000    +66           0    +32   36  96  195  +17  158  -18  158  -18  25  0  0 L3P 1B
G11 FF 61061 113000  780 317  971    +4665632   -106          -9    +27   24 125  154  -16  190  -53  190  -53  18  0  0 L3P 4E
G12 FF 61061 113000  780 587  806    +6067746    +38          12    +35   21  83   94   +7  117  -23  117  -23  15  0  0 L3P 0D
G24 FF 61061 113000  780 201 1501    +1542151    -49          19   +104   37   2  233  +77  292  -10  292  -10  29  0  0 L3P 24
G25 FF 61061 113000  780 762 2817    -4486242    -11           5    -35   21  80   83   -3  107  +29  107   29  14  0  0 L3P FC
G28 FF 61061 113000  780 331 3051    +6081487    -64           2    -10   26 149  148  -27  130   +0  130    0  19  0  0 L3P F8
G29 FF 61061 113000  780 387 2038    +3892968   -113          -4    -49   29 130  129  -22  176   -1  176   -1  21  0  0 L3P 4A
G32 FF 61061 113000  780 335 2593    +1532678   -121          13    +51   28  38  146  +15  161  -21  161  -21  20  0  0 L3P 3B
G06 FF 61061 114600  780 216  409    +6045030    +48          -2    +14   29  96  218  +32  155  -18  155  -18  22  0  0 L3P 25
G11 FF 61061 114600  780 347  892    +4665518   -123           5    +10   23 125  142   -9  159  -32  159  -32  19  0  0 L3P 36
G12 FF 61061 114600  780 516  850    +6067750    -14          12    -18   24  83  103  +10  127  +32  127   32  17  0  0 L3P 0E
G24 FF 61061 114600  780 134 1515    +1542005   -244          19    -91   39   2  342 +165  375 +172  375  172  27  0  0 L3P 6D
G25 FF 61061 114600  780 835 2968    -4486209    +26          15     +2   19  80   81   -1  101   +2  101    2  12  0  0 L3P CE
G28 FF 61061 114600  780 395 3028    +6081442    -31           8    +24   22 149  127  -18  118  -27  118  -27  18  0  0 L3P 4C
G29 FF 61061 114600  780 464 2051    +3892897   -102         -12    -37   31 130  112  -15  156  +12  156   12  26  0  0 L3P 5C
G31 FF 61061 114600  780 101 3120    +1714247    -15          32     +5   35  82  455 -284  168   -2  168   -2  24  0  0 L3P 11
G32 FF 61061 114600  780 292 2522    +1532527   -226          27    -55   33  38  165  +25  172  +77  172   77  25  0  0 L3P 54
G06 FF 61061 120200  780 178  354    +6045046    +87         -20    +53   53  97  261  +60  163  -33  163  -33  36  0  0 L3P 3B
G11 FF 61061 120200  780 364  805    +4665393   -160           4    -27   20 126  136   -3  146   +8  146    8  15  0  0 L3P F9
G12 FF 61061 120200  780 447  893    +6067752    -16           8    -19   26  84  115  +14  140  +39  140   39  20  0  0 L3P 13
G25 FF 61061 120200  780 873  439    -4486176    +17          29     -7   20  81   81   +0  100   +8  100    8  13  0  0 L3P C0
G28 FF 61061 120200  780 457 2986    +6081386    -53           5     +2   31 149  113  -12  119   -3  119   -3  21  0  0 L3P 09
G29 FF 61061 120200  780 542 2062    +3892841    -76          -7    -11   29 155  100  -10  139   +9  139    9  22  0  0 L3P 1F
G31 FF 61061 120200  780 166 3119    +1714245    -21          56     +0   33  83  283 -110  152  +12  152   12  27  0  0 L3P 13
G32 FF 61061 120200  780 242 2461    +1532354   -234          21    -62   35  39  196  +41  207  +84  207   84  26  0  0 L3P 3F
G06 FF 61061 121800  780 133  309    +6045099    +77           0    +43   42  97  346 +124  143  -54  143  -54  32  0  0 L3P 31
G11 FF 61061 121800  780 366  716    +4665262    -98           1    +35   28 126  135   +2  142  -28  142  -28  23  0  0 L3P 20
G12 FF 61061 121800  780 379  935    +6067755    -12           7    -15   24  84  131  +20  158  +19  158   19  17  0  0 L3P 22
G25 FF 61061 121800  780 806  903    -4486166    +39          16    +16   15  81   82   +2  110  -11  110  -11  10  0  0 L3P F5
G28 FF 61061 121800  780 512 2919    +6081346    -52          17     +3   24 149  104   -8  108   -1  108   -1  18  0  0 L3P 08
G29 FF 61061 121800  780 621 2067    +3892793    -93           7    -28   25 155   92   -7  117  +12  117   12  18  0  0 L3P 26
G31 FF 61061 121800  780 230 3108    +1714220    +19          51    +39   32  83  207  -56  155  -30  155  -30  24  0  0 L3P 2B
G32 FF 61061 121800  780 187 2409    +1532201   -177          33     -6   41  39  250  +74  238  +64  238   64  33  0  0 L3P 3A
G11 FF 61061 123400  780 353  632    +4665136   -154           3    -21   35 126  139   +7  136  +16  136   16  26  0  0 L3P 1A
G12 FF 61061 123400  780 314  976    +6067757    +41           7    +37   30  84  155  +30  174   +2  174    2  22  0  0 L3P EA
G25 FF 61061 123400  780 732 1004    -4486140    +23          19     -1   17  81   84   +3  108   -4  108   -4  11  0  0 L3P D2
G28 FF 61061 123400  780 555 2821    +6081284    -37           7    +17   17 149   98   -4  113  -21  113  -21  11  0  0 L3P 1C
G29 FF 61061 123400  780 700 2058    +3892715    -79          -9    -14   19 155   86   -4  117   +0  117    0  12  0  0 L3P 01
G31 FF 61061 123400  780 294 3086    +1714181     -8          31    +12   38  83  165  -33  149  -27  149  -27  28  0  0 L3P 3D
G32 FF 61061 123400  780 130 2363    +1532001   -244          -2    -72   66  39  354 +154  322 +113  322  113  47  0  0 L3P 5A
G11 FF 61061 125000  780 325  557    +4665004   -171          -2    -38   25 126  150  +14  138  +19  138   19  20  0  0 L3P 34
G12 FF 61061 125000  780 250 1016    +6067762    -57           8    -60   35  84  190  +46  189  +73  189   73  28  0  0 L3P 3A
G25 FF 61061 125000  780 657 1066    -4486123    +34          14    +10   23  81   89   +5  113   -2  113   -2  17  0  0 L3P E8
G26 FF 61061 125000  780 186 2889    +3147881    +27          24    -33   37   4  254  -86  180  -14  180  -14  29  0  0 L3P 46
G28 FF 61061 125000  780 580 2693    +6081229    -65           5    -10   26 149   95   -1  111   +4  111    4  16  0  0 L3P E6
G29 FF 61061 125000  780 777 2000    +3892639    -41         -22    +23   22 155   83   -2  118  -26  118  -26  14  0  0 L3P 3B
G31 FF 61061 125000  780 354 3049    +1714153   -116          23    -96   28  83  140  -21  134  +54  134   54  21  0  0 L3P 38
G11 FF 61061 130600  780 286  494    +4664885   -164           7    -31   31 126  168  +24  131  +19  131   19  24  0  0 L3P 3C
G12 FF 61061 130600  780 187 1054    +6067767    +40           9    +37   28  84  249  +81  220  +17  220   17  19  0  0 L3P 2B
G18 FF 61061 130600  780 131 1804    +4453338    -59          10    +37   34  91  355 -187  333 -153  333 -153  25  0  0 L3P 7E
G25 FF 61061 130600  780 584 1116    -4486100    +44          14    +21   13  81   95   +8  116   -7  116   -7  11  0  0 L3P EC
G26 FF 61061 130600  780 250 2910    +3147942     -6          27    -66   40   4  191  -49  149  +21  149   21  29  0  0 L3P 17
G28 FF 61061 130600  780 580 2549    +6081170    -79          -1    -25   19 149   95   +1  112  +13  112   13  15  0  0 L3P 18
G29 FF 61061 130600  780 843 1711    +3892597    -72          -2     -8   17 155   81   -1  102   +9  102    9  11  0  0 L3P EC
G31 FF 61061 130600  780 408 2995    +1714135    -76          25    -55   23  83  124  -13  115  +30  115   30  17  0  0 L3P 2A
G11 FF 61061 132200  780 239  445    +4664747    -83          -3    +50   29 126  198  +41  141  -40  141  -40  23  0  0 L3P 36
G18 FF 61061 132200  780 201 1797    +4453255   -123          20    -26   37  91  235  -83  241  -53  241  -53  22  0  0 L3P 4E
G21 FF 61061 132200  780 118  670    -3847131   -139          11    -65   39  55  388  -96  175  +22  175   22  30  0  0 L3P 42
G25 FF 61061 132200  780 511 1160    -4486077    +24          13     +0   21  81  104  +11  122  +11  122   11  14  0  0 L3P EA
G26 FF 61061 132200  780 317 2926    +3148010   +110          37    +49   34   4  154  -31  121  -68  121  -68  27  0  0 L3P 35
G28 FF 61061 132200  780 557 2414    +6081107   -124         -12    -69   27 149   98   +4  115  +50  115   50  17  0  0 L3P 41
G29 FF 61061 132200  780 834  940    +3892529    -92          -9    -27   18 155   81   +1  101   +8  101    8  13  0  0 L3P EF
G31 FF 61061 132200  780 453 2919    +1714101     -8          10    +12   35  83  114   -8  118   -8  118   -8  28  0  0 L3P F0
G04 FF 61061 133800  780 109 3287     -395336    -62          27    -39   60  78  414  -27  181  +40  181   40  40  0  0 L3P 30
G05 FF 61061 133800  780 150  908    +2276467     +0          21     -5   29  47  310  -91  190  -36  190  -36  21  0  0 L3P 0B
G11 FF 61061 133800  780 185  409    +4664646    -73          24    +60   41 126  252  +74  118  -58  118  -58  33  0  0 L3P 53
G18 FF 61061 133800  780 274 1791    +4453151   -105           9     -8   36  91  176  -45  196  -45  196  -45  27  0  0 L3P 55
G21 FF 61061 133800  780 143  606    -3847195    -77          18     -3   37  55  322  -47  149  -23  149  -23  31  0  0 L3P 32
G25 FF 61061 133800  780 439 1199    -4486058    +68          10    +44   26  81  116  +15  137  -28  137  -28  21  0  0 L3P 57
G26 FF 61061 133800  780 386 2935    +3148052    +73          21    +13   30   4  130  -20  114  -14  114  -14  21  0  0 L3P 10
G28 FF 61061 133800  780 513 2305    +6081060    -69          -7    -15   30 149  103   +8  116  +27  116   27  21  0  0 L3P 26
G29 FF 61061 133800  780 767  728    +3892464    -20         -12    +45   18 155   83   +3   99  -26   99  -26  13  0  0 L3P 2F
G31 FF 61061 133800  780 483 2822    +1714081    +16           9    +36   22  83  108   -4  111  -30  111  -30  16  0  0 L3P 05
G04 FF 61061 135400  780 111 3223     -395380    -13           5    +10   48  78  408  +13  195   +1  195    1  37  0  0 L3P E3
G05 FF 61061 135400  780 191  847    +2276480    -35          30    -40   38  47  246  -48  145  +20  145   20  30  0  0 L3P 21
G11 FF 61061 135400  780 128  385    +4664488    -72          -7    +61   48 126  358 +160  135  -68  135  -68  40  0  0 L3P 6B
G16 FF 61061 135400  780 115 2941    -1923179   -167          -9    -90   34  24  401 -218  196  +43  196   43  22  0  0 L3P 65
G18 FF 61061 135400  780 349 1783    +4453077    -76          28    +21   27  91  141  -28  149  -38  149  -38  22  0  0 L3P 63
G21 FF 61061 135400  780 159  540    -3847243   -150          41    -76   36  55  291  -20  108  +30  108   30  31  0  0 L3P 2A
G25 FF 61061 135400  780 369 1236    -4486026    +45          19    +21   24  81  134  +22  139   -1  139   -1  17  0  0 L3P 1C
G26 FF 61061 135400  780 455 2933    +3148095    +66           7     +5   27   4  113  -14  114  -12  114  -12  19  0  0 L3P 04
G28 FF 61061 135400  780 457 2223    +6081031    -50          17     +4   37 149  113  +12  117  +28  117   28  27  0  0 L3P 2B
G29 FF 61061 135400  780 693  690    +3892417    -48           4    +17   18 155   86   +4   85   -5   85   -5  14  0  0 L3P E9
G31 FF 61061 135400  780 495 2710    +1714070    -13          18     +7   24  83  106   +0  112   +4  112    4  17  0  0 L3P CD
G04 FF 61061 141000  780 102 3158     -395401    -32           9     -9   50  79  441  +58  202   +9  202    9  37  0  0 L3P D6
G05 FF 61061 141000  780 224  779    +2276465    -18           4    -24   43  48  211  -26  148   +6  148    6  33  0  0 L3P F4
G16 FF 61061 141000  780 180 2964    -1923221    -49          24    +27   44  25  261  -95  155  -35  155  -35  32  0  0 L3P 47
G18 FF 61061 141000  780 425 1771    +4452974    -62          25    +35   24  92  120  -18  129  -48  129  -48  18  0  0 L3P 53
G21 FF 61061 141000  780 164  472    -3847343    -76          11     -2   43  55  282   +1  129   -5  129   -5  31  0  0 L3P E1
G25 FF 61061 141000  780 300 1269    -4486014    +96           7    +72   30  82  161  +34  162  -37  162  -37  23  0  0 L3P 2A
G26 FF 61061 141000  780 525 2914    +3148164    +61          17     +1   27   4  102  -10   98  -11   98  -11  20  0  0 L3P E5
G28 FF 61061 141000  780 393 2163    +6080968    -27           9    +28   39 151  127  +19  135   +1  135    1  31  0  0 L3P 13
G29 FF 61061 141000  780 619  693    +3892338    +17         -13    +82   25 156   91   +6   96  -38   96  -38  18  0  0 L3P 2F
G31 FF 61061 141000  780 486 2595    +1714056    -47          12    -27   25  26  108   +3  111  +20  111   20  18  0  0 L3P 08
G05 FF 61061 142600  780 247  705    +2276480    +34          13    +29   31  48  192  -13  132  -26  132  -26  22  0  0 L3P 25
G16 FF 61061 142600  780 247 2981    -1923294    -15          24    +61   34  25  194  -52  138  -85  138  -85  24  0  0 L3P 5C
G18 FF 61061 142600  780 502 1750    +4452858   -117           2    -20   21  92  105  -12  133   -5  133   -5  15  0  0 L3P 0B
G21 FF 61061 142600  780 158  405    -3847433    -67          -8     +7   36  55  292  +21  119  -22  119  -22  30  0  0 L3P 1D
G25 FF 61061 142600  780 233 1300    -4485983    +44          15    +20   38  82  203  +56  174   +8  174    8  26  0  0 L3P 16
G26 FF 61061 142600  780 592 2870    +3148217    +41          13    -20   23   4   94   -7   96  +12   96   12  15  0  0 L3P DC
G28 FF 61061 142600  780 325 2118    +6080932    -48          26     +7   36 151  150  +29  141  +14  141   14  25  0  0 L3P 2A
G29 FF 61061 142600  780 547  712    +3892273   -103         -16    -38   22 156   99   +9  104  +26  104   26  16  0  0 L3P 3D
G31 FF 61061 142600  780 459 2490    +1714044    -12          19     +8   24  26  112   +7  111  +10  111   10  18  0  0 L3P EE
G05 FF 61061 144200  780 258  628    +2276474     +3           1     -2   33  48  185   -3  124  -13  124  -13  23  0  0 L3P DC
G16 FF 61061 144200  780 315 2992    -1923388    -40           3    +37   28  25  155  -32  136  -47  136  -47  18  0  0 L3P 43
G18 FF 61061 144200  780 578 1712    +4452774    -67          11    +30   24  92   96   -8  114  -31  114  -31  16  0  0 L3P 22
G21 FF 61061 144200  780 141  343    -3847509   -143         -12    -69   47  55  326  +51  105  +17  105   17  31  0  0 L3P 3B
G25 FF 61061 144200  780 167 1328    -4485975    -14           1    -38   25  82  278 +106  203  +49  203   49  18  0  0 L3P 4B
G26 FF 61061 144200  780 653 2781    +3148269    +83           7    +23   21   4   89   -4   94  -26   94  -26  14  0  0 L3P ED
G28 FF 61061 144200  780 257 2083    +6080862     -5           9    +50   32 151  185  +47  175  -14  175  -14  27  0  0 L3P 3A
G29 FF 61061 144200  780 476  739    +3892217    -50         -11    +14   31 156  109  +12  100  -15  100  -15  22  0  0 L3P 39
G31 FF 61061 144200  780 416 2403    +1714015    -35          10    -14   29  26  121  +12  127  +25  127   25  20  0  0 L3P 0C
G05 FF 61061 145800  780 255  551    +2276470    -11          -8    -17   33  48  186   +6  120   -5  120   -5  21  0  0 L3P EC
G16 FF 61061 145800  780 386 2993    -1923461    -79           3     -3   18  25  130  -21  115   -9  115   -9  15  0  0 L3P 0B
G18 FF 61061 145800  780 650 1641    +4452692   -116          22    -19   26  92   89   -5   97   +6   97    6  19  0  0 L3P 03
G21 FF 61061 145800  780 113  286    -3847536   -103          31    -29   35  55  401 +110   39  -23   39  -23  28  0  0 L3P 31
G25 FF 61061 145800  780 103 1354    -4485949     +6           3    -18   50  82  441 +262  226  +50  226   50  40  0  0 L3P 25
G26 FF 61061 145800  780 698 2624    +3148317    +63          -3     +3   19   4   86   -2   95   -1   95   -1  13  0  0 L3P BD
G27 FF 61061 145800  780 105 2650     +232670   +135          32    +54   40  90  439 -249  226  -92  226  -92  29  0  0 L3P 61
G28 FF 61061 145800  780 189 2054    +6080808    -31           9    +25   49 151  247  +86  200  +23  200   23  38  0  0 L3P 3B
G29 FF 61061 145800  780 408  770    +3892148    -47         -17    +18   20 156  123  +17  106   -3  106   -3  16  0  0 L3P 31
G31 FF 61061 145800  780 364 2332    +1713999    -18          14     +2   26  26  136  +19  136  +11  136   11  17  0  0 L3P 20
G05 FF 61061 151400  780 239  478    +2276479    +70          -5    +64   35  48  198  +18  103  -54  103  -54  26  0  0 L3P 3F
G16 FF 61061 151400  780 457 2981    -1923554    -49         -16    +27   22  25  113  -14  115  -25  115  -25  17  0  0 L3P 51
G18 FF 61061 151400  780 711 1506    +4452612   -111          34    -14   19  92   85   -3   86   +2   86    2  12  0  0 L3P D4
G23 FF 61061 151400  780 139 1464    -6023766    -23           0    +27   57  81  334 -155  209  -66  209  -66  44  0  0 L3P 53
G26 FF 61061 151400  780 714 2400    +3148383    +65           5     +5   15   4   85   +0   86   +2   86    2  10  0  0 L3P 86
G27 FF 61061 151400  780 166 2687     +232757   +118          42    +38   36  90  282 -105  174  -67  174  -67  28  0  0 L3P 74
G28 FF 61061 151400  780 122 2028    +6080743    -81          -2    -25   54 151  374 +195  250  +76  250   76  46  0  0 L3P 5A
G29 FF 61061 151400  780 342  804    +3892087    -44         -16    +21   30 156  143  +25  112  -11  112  -11  22  0  0 L3P 34
G31 FF 61061 151400  780 305 2276    +1713998    +10          33    +30   33  26  158  +29  133  -15  133  -15  26  0  0 L3P 36
G05 FF 61061 153000  780 211  413    +2276495    -26           5    -32   40  48  222  +34   83   +1   83    1  34  0  0 L3P B5
G16 FF 61061 153000  780 526 2949    -1923612    -58          -1    +18   22  25  102  -10   95  -20   95  -20  16  0  0 L3P 12
G18 FF 61061 153000  780 746 1267    +4452516    -66          31    +31   18  92   84   -1   81  -30   81  -30  14  0  0 L3P F9
G23 FF 61061 153000  780 205 1432    -6023810     -5           3    +45   31  81  231  -73  169  -70  169  -70  24  0  0 L3P 10
G26 FF 61061 153000  780 691 2180    +3148433    +77          -2    +17   26   4   86   +2   90  -16   90  -16  18  0  0 L3P E5
G27 FF 61061 153000  780 229 2723     +232828     -1          35    -81   32  90  207  -57  155  +36  155   36  25  0  0 L3P 16
G29 FF 61061 153000  780 277  840    +3892048    -57           7     +8   19 156  173  +37  102   -7  102   -7  14  0  0 L3P 08
G31 FF 61061 153000  780 244 2231    +1713975    +44          30    +65   43  26  194  +48  156  -27  156  -27  34  0  0 L3P 45
G05 FF 61061 154600  780 173  357    +2276512    -51          17    -57   29  48  269  +65   56  +24   56   24  24  0  0 L3P 17
G16 FF 61061 154600  780 592 2885    -1923687    -82          -3     -5   20  25   94   -6   94   -6   94   -6  14  0  0 L3P E5
G18 FF 61061 154600  780 739  982    +4452404    -87          12    +10   19  92   84   +1   85  -20   85  -20  13  0  0 L3P F4
G23 FF 61061 154600  780 271 1396    -6023864    -82          -3    -32   23  81  177  -41  151   +0  151    0  17  0  0 L3P 04
G26 FF 61061 154600  780 641 2030    +3148495    +69           2     +8   28   4   90   +5   93  -14   93  -14  18  0  0 L3P CF
G27 FF 61061 154600  780 294 2759     +232901    +96          31    +16   26  90  165  -35  134  -43  134  -43  21  0  0 L3P 37
G29 FF 61061 154600  780 215  877    +3891970    -38          -9    +27   34 156  219  +61  121  -17  121  -17  28  0  0 L3P 57
G31 FF 61061 154600  780 182 2193    +1713958    -21          32     +0   33  26  256  +86  175  +22  175   22  29  0  0 L3P 26
G05 FF 61061 160200  780 127  312    +2276499     +5          -6     +0   50  49  361 +137   43  -54   43  -54  35  0  0 L3P F1
G16 FF 61061 160200  780 646 2772    -1923747    -75           6     +1   21  26   90   -4   77  -10   77  -10  14  0  0 L3P DC
G18 FF 61061 160200  780 694  787    +4452330    -42          33    +54   22  93   86   +3   63  -32   63  -32  15  0  0 L3P EF
G23 FF 61061 160200  780 336 1353    -6023893    -20          14    +30   23  82  146  -26  109  -55  109  -55  18  0  0 L3P 3D
G26 FF 61061 160200  780 577 1941    +3148552    +27           6    -33   28   5   95   +7   90  +22   90   22  21  0  0 L3P CD
G27 FF 61061 160200  780 361 2793     +232988    +73          44     -7   33  93  137  -23  103  -15  103  -15  26  0  0 L3P 21
G29 FF 61061 160200  780 154  914    +3891908   -107         -14    -42   61   1  300 +115  117  +20  117   20  44  0  0 L3P 2C
G31 FF 61061 160200  780 120 2159    +1713905   -149          -2   -129   34  26  380 +188  240 +150  240  150  26  0  0 L3P 79
G10 FF 61061 161800  780 161 1640    +5840551    +29          34     +4   38  38  292 -126  188  -73  188  -73  28  0  0 L3P 59
G16 FF 61061 161800  780 678 2598    -1923818    -65           9    +11   20  26   87   -1   73  -16   73  -16  14  0  0 L3P 06
G18 FF 61061 161800  780 631  688    +4452231    -39          27    +58   24  93   91   +6   60  -53   60  -53  17  0  0 L3P FD
G23 FF 61061 161800  780 399 1297    -6023948    -56           7     -6   27  82  126  -16   83  -18   83  -18  20  0  0 L3P 1F
G26 FF 61061 161800  780 506 1889    +3148594    +30          -9    -30   23   5  104  +11  101  +23  101   23  18  0  0 L3P 0B
G27 FF 61061 161800  780 431 2826     +233071    +70          50    -11   28  93  118  -16   82  -16   82  -16  22  0  0 L3P 07
G07 FF 61061 163400  780 116 3295    +1383474   +117          28    +66   51 145  393  -73   51  -48   51  -48  39  0  0 L3P 5D
G08 FF 61061 163400  780 185 2852    -5016559    +74          30    +30   54  85  254  -86  121  -63  121  -63  41  0  0 L3P 4C
G10 FF 61061 163400  780 231 1622    +5840563    -54          23    -79   27  38  206  -62  123   -4  123   -4  23  0  0 L3P 15
G15 FF 61061 163400  780 101  686    -3787316    -31          19     +5   42  76  448 -131   50  -22   50  -22  37  0  0 L3P 0F
G16 FF 61061 163400  780 678 2389    -1923878    -87          21    -11   23  26   87   +1   57   +4   57    4  16  0  0 L3P EA
G18 FF 61061 163400  780 562  644    +4452135    -59          24    +37   25  93   97   +8   51  -31   51  -31  18  0  0 L3P F7
G23 FF 61061 163400  780 455 1224    -6023998    -51           6     -1   24  82  113  -10   69  -16   69  -16  19  0  0 L3P 05
G26 FF 61061 163400  780 433 1858    +3148667    +70           5    +10   26   5  118  +16   90  -12   90  -12  22  0  0 L3P F5
G27 FF 61061 163400  780 502 2855     +233131    +50          32    -31   18  93  105  -12   78   +8   78    8  13  0  0 L3P D7
G07 FF 61061 165000  780 133 3237    +1383538    +95          42    +44   39 145  344  -32   49  -25   49  -25  30  0  0 L3P 3C
G08 FF 61061 165000  780 250 2879    -5016496    +39          51     -5   44  85  191  -49   81  -22   81  -22  34  0  0 L3P 24
G10 FF 61061 165000  780 304 1601    +5840596    +10          31    -15   29  38  160  -36   91  -15   91  -15  22  0  0 L3P 0F
G15 FF 61061 165000  780 127  622    -3787348    -53          21    -18   45  76  360  -61   40   -1   40   -1  36  0  0 L3P E8
G16 FF 61061 165000  780 645 2211    -1923958    -89          14    -13   20  26   90   +4   61   +8   61    8  15  0  0 L3P CE
G18 FF 61061 165000  780 492  629    +4452032   -109          14    -12   18  93  107  +12   46   -5   46   -5  13  0  0 L3P F6
G23 FF 61061 165000  780 500 1131    -6024056    -62          -4    -12   19  82  106   -6   65   -9   65   -9  14  0  0 L3P DA
G26 FF 61061 165000  780 360 1838    +3148713    +62          -6     +2   37   5  137  +25   96   +1   96    1  30  0  0 L3P C3
G27 FF 61061 165000  780 575 2879     +233203    +74          26     -6   20  93   96   -8   69  -17   69  -17  13  0  0 L3P F6
G07 FF 61061 170600  780 141 3176    +1383567     +6          23    -45   37 145  327   -5   73  +38   73   38  27  0  0 L3P 13
G08 FF 61061 170600  780 316 2902    -5016478   +151          26   +106   33  85  154  -31   80  -90   80  -90  21  0  0 L3P 41
G10 FF 61061 170600  780 377 1574    +5840626    +27          37     +2   23  38  132  -23   70  -26   70  -26  17  0  0 L3P 0D
G15 FF 61061 170600  780 144  555    -3787386    -79          16    -44   51  76  320  -26   32  +34   32   34  41  0  0 L3P 10
G16 FF 61061 170600  780 589 2091    -1924018   -104          27    -28   24  26   94   +6   52  +20   52   20  18  0  0 L3P 00
G18 FF 61061 170600  780 421  631    +4451922   -113          -4    -16   24  93  120  +17   56   +5   56    5  19  0  0 L3P E1
G23 FF 61061 170600  780 529 1016    -6024091    -36           8    +14   20  82  101   -3   49  -14   49  -14  14  0  0 L3P EC
G26 FF 61061 170600  780 288 1824    +3148796     -4          19    -65   28   5  167  +39   85  +53   85   53  20  0  0 L3P 15
G27 FF 61061 170600  780 650 2892     +233276    +93          22    +12   17  93   89   -6   61  -21   61  -21  11  0  0 L3P E9
G02 FF 61061 172200  780 110 2480     -215490   -103         -10    -21   55  52  421 -237  168  -38  168  -38  43  0  0 L3P 54
G07 FF 61061 172200  780 138 3112    +1383615    +69          22    +18   46 145  333  +19   84  +10   84   10  33  0  0 L3P 1A
G08 FF 61061 172200  780 385 2919    -5016440    +51          21     +7   33  85  130  -21   68   -4   68   -4  22  0  0 L3P E8
G10 FF 61061 172200  780 449 1536    +5840641   +115          28    +90   24  38  115  -15   67  -85   67  -85  16  0  0 L3P 43
G15 FF 61061 172200  780 150  486    -3787417    -96          19    -61   41  76  307   -1   25  +38   25   38  29  0  0 L3P 09
G16 FF 61061 172200  780 522 2016    -1924115    -88           4    -11   33  26  102  +10   72  +16   72   16  24  0  0 L3P E6
G18 FF 61061 172200  780 353  644    +4451834    -75           1    +21   28  93  139  +24   50  -20   50  -20  24  0  0 L3P EF
G23 FF 61061 172200  780 537  889    -6024135    -41          13     +9   19  82  100   +0   40  -18   40  -18  14  0  0 L3P DD
G26 FF 61061 172200  780 218 1813    +3148850    +36          15    -24   41   5  216  +67  101  +35  101   35  30  0  0 L3P 0D
G27 FF 61061 172200  780 726 2882     +233365    +86          34     +6   18  93   85   -4   44  -15   44  -15  11  0  0 L3P E4
G02 FF 61061 173800  780 172 2517     -215570   -175         -11    -93   50  52  272  -99  138  +32  138   32  37  0  0 L3P 4D
G07 FF 61061 173800  780 125 3049    +1383681    +28          38    -24   36 145  366  +51   85  +23   85   23  28  0  0 L3P 39
G08 FF 61061 173800  780 455 2929    -5016396    +79          22    +34   30  85  113  -14   56  -37   56  -37  23  0  0 L3P 3A
G10 FF 61061 173800  780 519 1482    +5840664     +5          27    -20   20  38  103  -10   58   +4   58    4  13  0  0 L3P D5
G15 FF 61061 173800  780 145  417    -3787441    -98          29    -63   40  76  317  +24   11  +50   11   50  31  0  0 L3P 06
G16 FF 61061 173800  780 451 1968    -1924178    -66          14    +10   31  26  114  +15   73   -2   73   -2  25  0  0 L3P FE
G18 FF 61061 173800  780 286  664    +4451762   -126          21    -29   31  93  168  +36   36  +22   36   22  26  0  0 L3P 24
G23 FF 61061 173800  780 523  768    -6024191    -71           5    -21   29  82  102   +4   40  +13   40   13  22  0  0 L3P CA
G26 FF 61061 173800  780 150 1804    +3148894    -17           2    -77   31   5  308 +135  126  +94  126   94  23  0  0 L3P 33
G27 FF 61061 173800  780 801 2795     +233419   +103          11    +22   14  93   82   -2   58  -15   58  -15  10  0  0 L3P F7
G02 FF 61061 175400  780 236 2555     -215629    -46           9    +36   32  52  202  -53   98  -53   98  -53  24  0  0 L3P 0F
G07 FF 61061 175400  780 102 2988    +1383724    +24          32    -27   47 145  441 +110   93  +32   93   32  34  0  0 L3P 37
G08 FF 61061 175400  780 526 2925    -5016363    +23          13    -21   27  85  102  -10   51   +4   51    4  18  0  0 L3P DF
G10 FF 61061 175400  780 582 1399    +5840671    +44          10    +19   24  38   95   -6   63  -26   63  -26  16  0  0 L3P 0E
G15 FF 61061 175400  780 128  352    -3787478    +42          26    +77   38  76  356  +60    9  -67    9  -67  31  0  0 L3P 17
G16 FF 61061 175400  780 378 1938    -1924246    -61          19    +15   24  26  132  +22   70   -6   70   -6  19  0  0 L3P 07
G18 FF 61061 175400  780 221  689    +4451650    +29           3   +125   21  93  213  +59   51  -98   51  -98  16  0  0 L3P 22
G23 FF 61061 175400  780 489  666    -6024233    -54          11     -4   23  82  107   +7   35   -3   35   -3  17  0  0 L3P C7
G27 FF 61061 175400  780 853 2298     +233509   +118          23    +37   14  93   81   +0   48  -35   48  -35  10  0  0 L3P 06
G02 FF 61061 181000  780 300 2595     -215718   -168           1    -86   29 101  162  -33   92  +54   92   54  23  0  0 L3P 11
G08 FF 61061 181000  780 598 2901    -5016312    +71          14    +27   17   7   94   -7   42  -18   42  -18  12  0  0 L3P E9
G10 FF 61061 181000  780 631 1275    +5840700    +50          15    +25   29  38   91   -3   49  -29   49  -29  21  0  0 L3P FB
G15 FF 61061 181000  780 101  293    -3787516     -5          16    +30   32   4  445 +134   21   -2   21   -2  25  0  0 L3P BC
G16 FF 61061 181000  780 305 1916    -1924313    -52          22    +24   30  27  159  +35   71   -4   71   -4  21  0  0 L3P E9
G18 FF 61061 181000  780 159  718    +4451565   -106          13    -10   41  94  292 +111   43   +0   43    0  29  0  0 L3P F1
G23 FF 61061 181000  780 441  590    -6024285    -47           5     +3   30  83  116  +11   37   -6   37   -6  21  0  0 L3P B8
G27 FF 61061 181000  780 813 1661     +233581    +39          21    -42   19  95   82   +2   42  +31   42   31  13  0  0 L3P CC
G02 FF 61061 182600  780 365 2637     -215787    -84          10     -2   24 101  136  -22   65   -1   65   -1  18  0  0 L3P E4
G08 FF 61061 182600  780 666 2839    -5016274    +79          10    +34   24   7   88   -5   40  -23   40  -23  17  0  0 L3P F7
G10 FF 61061 182600  780 658 1106    +5840730    +17          22     -8   14  38   89   -1   37   +4   37    4   9  0  0 L3P AD
G16 FF 61061 182600  780 234 1900    -1924391   -111          17    -35   29  27  202  +59   94  +38   94   38  23  0  0 L3P 32
G23 FF 61061 182600  780 384  538    -6024352    -51         -14     -1   33  83  130  +18   47   -8   47   -8  22  0  0 L3P E7
G27 FF 61061 182600  780 738 1538     +233649    +67          11    -13   16  95   84   +3   49   +1   49    1  10  0  0 L3P C4
G01 FF 61061 184200  780 114 2574    -3416149    -18           0    -57   42  34  404 -208  126  -11  126  -11  29  0  0 L3P 36
G02 FF 61061 184200  780 431 2680     -215856    -90          19     -8   34 101  118  -15   50   -3   50   -3  23  0  0 L3P DA
G08 FF 61061 184200  780 724 2703    -5016235    +11           6    -33   18   7   85   -2   41  +17   41   17  13  0  0 L3P BD
G10 FF 61061 184200  780 655  921    +5840728    +26          -5     +1   18  38   89   +1   52   -7   52   -7  13  0  0 L3P B4
G16 FF 61061 184200  780 165 1886    -1924473    -53           8    +23   45  27  281 +113  107  +25  107   25  35  0  0 L3P 3E
G23 FF 61061 184200  780 322  506    -6024385    -12           2    +38   31  83  151  +27   32  -35   32  -35  22  0  0 L3P E8
G27 FF 61061 184200  780 660 1513     +233728   +121          13    +40   21  95   88   +6   44  -20   44  -20  14  0  0 L3P E8
G32 FF 61061 184200  780 154 1288    +1528214   -193           7    -22   37   2  304 -117   80  -11   80  -11  30  0  0 L3P 0E
G01 FF 61061 185800  780 174 2612    -3416060   +140          52   +100   56  34  269  -93   62 -100   62 -100  44  0  0 L3P 51
G02 FF 61061 185800  780 498 2724     -215953    -78           1     +4   22 101  106  -11   51   -3   51   -3  17  0  0 L3P CD
G08 FF 61061 185800  780 755 2450    -5016187     -7          11    -51   16   7   83   +0   35  +30   35   30  10  0  0 L3P C1
G10 FF 61061 185800  780 623  768    +5840773     +7          17    -18   17  38   91   +4   34  +12   34   12  11  0  0 L3P D0
G23 FF 61061 185800  780 257  488    -6024412    +52          23   +102   26  83  185  +45    7  -76    7  -76  20  0  0 L3P 0A
G27 FF 61061 185800  780 581 1513     +233803    +57          10    -24   22  95   95   +8   46  +21   46   21  17  0  0 L3P DF
G32 FF 61061 185800  780 212 1244    +1528075   -205          33    -33   33   2  223  -60   50   +2   50    2  27  0  0 L3P D2
G01 FF 61061 191400  780 236 2650    -3416041    +29          32    -11   38  34  202  -52   56  -11   56  -11  31  0  0 L3P 03
G02 FF 61061 191400  780 566 2770     -216035    -89          -3     -7   25 101   97   -8   45   +7   45    7  17  0  0 L3P C2
G08 FF 61061 191400  780 742 2156    -5016159    +46          -3     +2   21   7   84   +1   43  +19   43   19  14  0  0 L3P BF
G10 FF 61061 191400  780 572  665    +5840789    +91           8    +65   20  38   96   +6   36  -52   36  -52  14  0  0 L3P F1
G14 FF 61061 191400  780 126 3265    -7301920    -33          52    -10   44  49  365 -118    1   -9    1   -9  36  0  0 L3P E8
G23 FF 61061 191400  780 192  482    -6024478     +1           4    +51   52  83  243  +80   17  -41   17  -41  37  0  0 L3P E6
G27 FF 61061 191400  780 503 1523     +233879   +110           9    +29   24  95  105  +12   50  -17   50  -17  19  0  0 L3P 07
G32 FF 61061 191400  780 269 1194    +1527877   -232           0    -61   40   2  178  -35   66  +37   66   37  31  0  0 L3P 11
G01 FF 61061 193000  780 298 2688    -3416001    +74          34    +35   31  34  162  -33   41  -35   41  -35  25  0  0 L3P 16
G02 FF 61061 193000  780 634 2819     -216118    -84          -7     -3   22 101   90   -6   46   -1   46   -1  14  0  0 L3P B3
G08 FF 61061 193000  780 693 1964    -5016118    +55          -5    +10   15   7   86   +4   44   +4   44    4  11  0  0 L3P AF
G10 FF 61061 193000  780 510  604    +5840810    +66           5    +41   34  38  104  +10   36  -27   36  -27  23  0  0 L3P E4
G14 FF 61061 193000  780 164 3216    -7301945    -82          49    -59   35  49  284  -58    2  +46    2   46  27  0  0 L3P 0A
G23 FF 61061 193000  780 128  485    -6024528    -73           2    -23   59  83  360 +177   15  +29   15   29  42  0  0 L3P 0F
G27 FF 61061 193000  780 427 1536     +233962    +77          15     -3   26  95  119  +18   49  +10   49   10  20  0  0 L3P F2
G32 FF 61061 193000  780 322 1135    +1527738   -183          26    -12   22   2  152  -22   36   +0   36    0  17  0  0 L3P D3
G01 FF 61061 194600  780 363 2727    -3415973    +35          24     -5   36  34  137  -22   41   -2   41   -2  25  0  0 L3P E5
G02 FF 61061 194600  780 703 2872     -216177     -6          12    +76   18 101   86   -4   30  -61   30  -61  13  0  0 L3P E1
G08 FF 61061 194600  780 626 1865    -5016068    +35           3     -9   19   7   91   +6   39  +10   39   10  13  0  0 L3P C5
G10 FF 61061 194600  780 444  572    +5840822    +32          -7     +7   26  38  115  +14   39   +6   39    6  19  0  0 L3P CF
G14 FF 61061 194600  780 193 3158    -7301990    +73          25    +96   43  49  243  -30   19  -73   19  -73  28  0  0 L3P 3F
G22 FF 61061 194600  780 120 3293     +561322   -143          12    -98   55   5  382 -125   29  +43   29   43  40  0  0 L3P 13
G27 FF 61061 194600  780 352 1551     +234035   +137          10    +56   27  95  140  +26   57  -31   57  -31  21  0  0 L3P 17
G32 FF 61061 194600  780 368 1064    +1527560   -201          13    -29   24   2  135  -14   38  +19   38   19  17  0  0 L3P 15
G01 FF 61061 200200  780 429 2765    -3415935    +36          21     -4   25  35  119  -16   32   -2   32   -2  17  0  0 L3P D8
G02 FF 61061 200200  780 773 2939     -216260   -108          11    -26   21 102   83   -2   31  +12   31   12  13  0  0 L3P D5
G03 FF 61061 200200  780 122 2244    -5922003     -1          16   -105   60 116  380 -205   74  +52   74   52  49  0  0 L3P 1A
G08 FF 61061 200200  780 552 1814    -5016016    +59          10    +15   21  47   98   +9   34  -16   34  -16  16  0  0 L3P F0
G10 FF 61061 200200  780 377  559    +5840840    +24         -14     +0   23  83  132  +21   44   -3   44   -3  19  0  0 L3P CC
G14 FF 61061 200200  780 211 3093    -7302002    -62          40    -39   34  50  222  -14   11  +24   11   24  25  0  0 L3P DE
G22 FF 61061 200200  780 156 3243     +561307    +29          37    +73   31  65  297  -60    9  -55    9  -55  23  0  0 L3P EE
G27 FF 61061 200200  780 279 1564     +234109   +121          10    +40   29 100  172  +42   65  -27   65  -27  22  0  0 L3P 18
G32 FF 61061 200200  780 403  982    +1527384   -227           4    -56   27  19  125   -8   37  +29   37   29  21  0  0 L3P F7
G01 FF 61061 201800  780 496 2803    -3415908    +32          10     -8   21  35  106  -11   32   +0   32    0  15  0  0 L3P B8
G02 FF 61061 201800  780 843 3069     -216333    -58          16    +24   16 102   81   -1   27  -21   27  -21  10  0  0 L3P E2
G03 FF 61061 201800  780 189 2274    -5921891   +148          28    +44   37 116  250  -89   44  -58   44  -58  29  0  0 L3P 69
G08 FF 61061 201800  780 477 1788    -5015986    +93          -2    +49   28  47  109  +14   48  -37   48  -37  22  0  0 L3P 42
G10 FF 61061 201800  780 310  559    +5840857    -19         -20    -43   29  83  156  +31   45  +22   45   22  22  0  0 L3P 06
G14 FF 61061 201800  780 219 3023    -7302039    -55          24    -32   39  50  215   -1   24  +31   24   31  29  0  0 L3P E8
G22 FF 61061 201800  780 183 3186     +561225    -45          -2     -1   39  65  255  -31   34   +2   34    2  26  0  0 L3P B8
G27 FF 61061 201800  780 208 1577     +234208    +53          32    -28   26 100  225  +73   54  +19   54   19  22  0  0 L3P 0A
G32 FF 61061 201800  780 424  888    +1527207   -132          -8    +40   24  19  120   -3   40  -41   40  -41  19  0  0 L3P F4
G01 FF 61061 203400  780 566 2839    -3415868    +22          12    -17   31  35   97   -8   32  +11   32   11  24  0  0 L3P E7
G02 FF 61061 203400  780 877  703     -216405    -94          22    -12   18 102   81   +0   21   -3   21   -3  13  0  0 L3P A1
G03 FF 61061 203400  780 257 2307    -5921818   +109           0     +5   29 116  187  -48   54  -16   54  -16  21  0  0 L3P 22
G08 FF 61061 203400  780 402 1774    -5015943    +34          -2    -10   23  47  125  +20   48  +14   48   14  20  0  0 L3P F4
G10 FF 61061 203400  780 243  568    +5840866    +57         -33    +33   38  83  195  +50   53  -26   53  -26  29  0  0 L3P 2A
G14 FF 61061 203400  780 214 2951    -7302051    +26          34    +49   30  50  220  +11   21  -30   21  -30  24  0  0 L3P EB
G17 FF 61061 203400  780 116 3167     +395722    +18         -25    -96   34  50  399 -207   44  +63   44   63  26  0  0 L3P 30
G22 FF 61061 203400  780 200 3123     +561200     +4          15    +49   42  65  234  -13   19  -37   19  -37  30  0  0 L3P DD
G27 FF 61061 203400  780 140 1587     +234253    +12          -1    -69   30 100  329 +156   86  +60   86   60  23  0  0 L3P 12
G32 FF 61061 203400  780 430  791    +1527044   -152          -7    +20   29  19  118   +1   38  -25   38  -25  23  0  0 L3P FB
G01 FF 61061 205000  780 637 2872    -3415854   +104         -14    +64   21  36   90   -6   36  -42   36  -42  13  0  0 L3P 10
G02 FF 61061 205000  780 810 1082     -216480    -84          26     -2   20 102   82   +2    9   -5    9   -5  12  0  0 L3P 83
G03 FF 61061 205000  780 326 2344    -5921723   +112          -5     +7   29 116  150  -30   45  -14   45  -14  21  0  0 L3P 10
G08 FF 61061 205000  780 327 1766    -5015894    +93           4    +49   48  47  149  +31   50  -14   50  -14  34  0  0 L3P 17
G10 FF 61061 205000  780 179  584    +5840913    +19          -9     -5   38  83  261  +91   26  +17   26   17  30  0  0 L3P F1
G14 FF 61061 205000  780 198 2880    -7302076    +81          31   +104   37  50  237  +25   24  -71   24  -71  30  0  0 L3P 23
G17 FF 61061 205000  780 176 3156     +395886   +111          30     -2   35  50  266  -90   -3   +5   -3    5  28  0  0 L3P CD
G22 FF 61061 205000  780 205 3055     +561141    -92          -2    -48   28  65  228   +0   35  +24   35   24  21  0  0 L3P D1
G32 FF 61061 205000  780 418  697    +1526890   -165           4     +6   22  19  121   +5   27   +6   27    6  16  0  0 L3P B8
G01 FF 61061 210600  780 710 2898    -3415804    +80          -1    +40   17  36   86   -4   30  -31   30  -31  12  0  0 L3P DD
G02 FF 61061 210600  780 739 1166     -216580   -113           4    -31   16 102   84   +3   20  +21   20   21  10  0  0 L3P BF
G03 FF 61061 210600  780 397 2385    -5921625   +120          -8    +15   28 116  127  -20   38  -11   38  -11  21  0  0 L3P 31
G08 FF 61061 210600  780 255 1761    -5015869    +19         -14    -26   19  47  187  +50   71   +8   71    8  15  0  0 L3P 0C
G10 FF 61061 210600  780 116  606    +5840968    +87          22    +63   55  83  394 +205    4  -49    4  -49  45  0  0 L3P 0E
G14 FF 61061 210600  780 171 2814    -7302106    -79          23    -56   59  50  271  +48   29  +51   29   51  44  0  0 L3P 18
G17 FF 61061 210600  780 235 3136     +395968    +66           3    -48   41  50  202  -48   23  +27   23   27  29  0  0 L3P F6
G22 FF 61061 210600  780 199 2987     +561105     -5           5    +40   35  65  235  +13   30  -15   30  -15  27  0  0 L3P DD
G32 FF 61061 210600  780 390  614    +1526699   -168         -22     +3   28  19  128  +10   51   +2   51    2  21  0  0 L3P D9
G01 FF 61061 212200  780 784 2907    -3415758    +45           7     +5   27  36   83   -2   22  -12   22  -12  18  0  0 L3P D2
G02 FF 61061 212200  780 667 1219     -216645    -81          18     +1   22 102   88   +5    8   -9    8   -9  14  0  0 L3P A0
G03 FF 61061 212200  780 468 2430    -5921527    +85         -10    -19   26 116  111  -14   32   +5   32    5  18  0  0 L3P FA
G08 FF 61061 212200  780 185 1757    -5015835    -46         -22    -90   27  47  252  +92   83  +81   83   81  21  0  0 L3P 2F
G14 FF 61061 212200  780 137 2752    -7302140     -3          11    +20   49  50  335  +91   42  -15   42  -15  38  0  0 L3P F2
G17 FF 61061 212200  780 291 3105     +396071   +107          -3     -6   19  50  166  -29   30   +2   30    2  13  0  0 L3P BB
G22 FF 61061 212200  780 183 2920     +561082     +7          25    +52   35  65  255  +30   15  -28   15  -28  32  0  0 L3P EB
G32 FF 61061 212200  780 350  547    +1526541   -135         -15    +37   27  19  140  +16   44  -22   44  -22  20  0  0 L3P 12
G01 FF 61061 213800  780 859 2805    -3415721    +67           5    +27   17  36   81   -1   22  -20   22  -20  12  0  0 L3P D9
G02 FF 61061 213800  780 595 1263     -216742    -81           0     +1   14 102   94   +7   24  +12   24   12  10  0  0 L3P A8
G03 FF 61061 213800  780 541 2482    -5921430    +78         -13    -27   24 116  100  -10   27  +20   27   20  19  0  0 L3P 18
G04 FF 61061 213800  780 108 1896     -395955    -18          70     +5   41  84  428 -269   37  -32   37  -32  35  0  0 L3P 2D
G08 FF 61061 213800  780 117 1752    -5015801    +45         -30     +0   54  47  390 +216   97   +2   97    2  36  0  0 L3P F9
G17 FF 61061 213800  780 342 3059     +396195   +126          11    +12   21  50  144  -18   20  -15   20  -15  15  0  0 L3P 06
G19 FF 61061 213800  780 137 3206    -6866516    +57          40    +74   32  84  340 -144    8  -56    8  -56  27  0  0 L3P 28
G22 FF 61061 213800  780 156 2857     +561036   -153          22   -109   36  65  296  +57   22  +87   22   87  29  0  0 L3P 3C
G32 FF 61061 213800  780 301  496    +1526402   -157          10    +15   25  19  160  +26   20  -18   20  -18  19  0  0 L3P 09
G01 FF 61061 215400  780 859 1471    -3415671    +66          17    +27   17  36   81   +1   10  -23   10  -23  12  0  0 L3P E9
G02 FF 61061 215400  780 523 1302     -216821    -78           0     +4   22 102  102  +10   27   +5   27    5  17  0  0 L3P 9E
G03 FF 61061 215400  780 614 2543    -5921331   +117         -15    +12   16 116   92   -7   24  -14   24  -14  11  0  0 L3P 11
G04 FF 61061 215400  780 178 1896     -396015    -65          32    -42   40  84  264 -105   55  +23   55   23  29  0  0 L3P 1F
G17 FF 61061 215400  780 384 2997     +396309   +101          16    -12   26  50  130  -11   13   +7   13    7  19  0  0 L3P E5
G19 FF 61061 215400  780 193 3180    -6866539    +77          33    +94   35  84  243  -69   13  -53   13  -53  28  0  0 L3P 42
G22 FF 61061 215400  780 122 2798     +560985     +5          13    +49   60  65  373 +112   33  -35   33  -35  38  0  0 L3P 14
G28 FF 61061 215400  780 177  868    +6079456    -10          35    +45   26 155  263  -57   -2  -53   -2  -53  22  0  0 L3P 27
G32 FF 61061 215400  780 246  460    +1526223   -146          -4    +26   22  19  193  +43   26  -18   26  -18  17  0  0 L3P 13
G01 FF 61061 221000  780 783 1365    -3415632    +88          24    +48   17  37   83   +2   10  -33   10  -33  12  0  0 L3P E8
G02 FF 61061 221000  780 452 1337     -216910    -55          -9    +27   24 103  114  +14   35  -11   35  -11  18  0  0 L3P F7
G03 FF 61061 221000  780 686 2621    -5921222    +81          -4    -23   15 117   87   -4   17  +18   17   18  11  0  0 L3P EF
G04 FF 61061 221000  780 251 1898     -396045   -116          24    -93   31  84  191  -54   43  +48   43   48  22  0  0 L3P 1C
G17 FF 61061 221000  780 416 2920     +396405   +111          -2     -3   17  81  122   -6   27   +0   27    0  13  0  0 L3P A1
G19 FF 61061 221000  780 247 3142    -6866575    +34          17    +51   33   6  193  -39   25  -28   25  -28  23  0  0 L3P 1B
G28 FF 61061 221000  780 212  803    +6079381     -9          13    +46   33 155  222  -31   12  -43   12  -43  26  0  0 L3P F8
G31 FF 61061 221000  780 127 1119    +1713437    +45          -7    +65   50  49  364 -150   55  -41   55  -41  42  0  0 L3P 21
G32 FF 61061 221000  780 188  436    +1526072   -115          11    +56   33  19  249  +78   10  -55   10  -55  26  0  0 L3P 16
G01 FF 61061 222600  780 705 1369    -3415620    +67          -4    +26   17  37   86   +4   29  -20   29  -20  11  0  0 L3P EE
G02 FF 61061 222600  780 381 1368     -216986    -41          -6    +41   33 103  131  +21   41  -19   41  -19  24  0  0 L3P 08
G03 FF 61061 222600  780 757 2739    -5921140    +84         -22    -20   15 117   83   -3   28  +11   28   11  11  0  0 L3P FF
G04 FF 61061 222600  780 325 1901     -396059    +20          31    +43   30  84  151  -32   26  -36   26  -36  22  0  0 L3P FC
G17 FF 61061 222600  780 433 2829     +396513    +84          -3    -30   25  81  118   -2   22  +33   22   33  19  0  0 L3P E1
G19 FF 61061 222600  780 294 3091    -6866584    +21          24    +38   33   6  164  -23   25  -30   25  -30  22  0  0 L3P 0E
G28 FF 61061 222600  780 237  733    +6079316     -8           1    +47   26 155  200  -16   20  -44   20  -44  19  0  0 L3P F6
G31 FF 61061 222600  780 178 1066    +1713430    -18           6     +3   30  49  263  -73   39   +2   39    2  24  0  0 L3P C3
G32 FF 61061 222600  780 127  423    +1525918   -361          21   -189   49  19  360 +169   -5 +137   -5  137  43  0  0 L3P 5D
G01 FF 61061 224200  780 627 1388    -3415570    +28           7    -13   25  37   91   +7   21   +8   21    8  17  0  0 L3P B6
G02 FF 61061 224200  780 311 1397     -217058   -101           0    -19   22 103  156  +32   44  +24   44   24  18  0  0 L3P F2
G03 FF 61061 224200  780 820 2993    -5921044    +82         -26    -23   18 117   82   -1   28  +15   28   15  12  0  0 L3P 07
G04 FF 61061 224200  780 402 1902     -396080    -44          33    -21   21  84  125  -21   18   -2   18   -2  14  0  0 L3P CD
G06 FF 61061 224200  780 118 3053    +6046441    +14          54    -20   47 112  391 -208   10  +20   10   20  37  0  0 L3P 0E
G09 FF 61061 224200  780 122 2081    -7704259    -69          70    -68   43  98  380 -211   22  +66   22   66  32  0  0 L3P 33
G17 FF 61061 224200  780 434 2732     +396616    +96         -10    -18   29  81  117   +2   25  +21   25   21  21  0  0 L3P EE
G19 FF 61061 224200  780 333 3026    -6866597    +19          28    +36   33   6  147  -14   17  -26   17  -26  30  0  0 L3P 1D
G31 FF 61061 224200  780 225 1006    +1713410     -6           6    +14   37  49  210  -41   36  -10   36  -10  30  0  0 L3P CF
G01 FF 61061 225800  780 549 1411    -3415529    +42           9     +1   18  37   99  +10   19   -9   19   -9  12  0  0 L3P CE
G02 FF 61061 225800  780 242 1423     -217143   -184          -6   -102   33 103  196  +53   52  +72   52   72  25  0  0 L3P 1F
G03 FF 61061 225800  780 842   64    -5920936   +137         -18    +32   16 117   81   +0   21  -21   21  -21  11  0  0 L3P F2
G04 FF 61061 225800  780 480 1900     -396127    -26           7     -4   34  84  109  -14   33  -14   33  -14  26  0  0 L3P E7
G06 FF 61061 225800  780 182 3066    +6046464    +58          44    +24   34 112  258  -91   16  -19   16  -19  25  0  0 L3P 3E
G09 FF 61061 225800  780 191 2097    -7704291    +19          39    +20   51  98  247  -90   48  -35   48  -35  39  0  0 L3P 47
G17 FF 61061 225800  780 418 2637     +396728   +108          -6     -6   22  81  121   +6   25   +9   25    9  16  0  0 L3P D3
G19 FF 61061 225800  780 359 2948    -6866616    -71          25    -54   33   6  138   -7   18  +43   18   43  24  0  0 L3P 15
G28 FF 61061 225800  780 252  583    +6079210    -19           3    +37   33 155  188   +4   16  -28   16  -28  24  0  0 L3P 09
G31 FF 61061 225800  780 266  939    +1713411     -9          27    +11   31  49  180  -24   22  -13   22  -13  23  0  0 L3P EC
G01 FF 61061 231400  780 473 1434    -3415486    -30          12    -71   21  37  110  +14   18  +52   18   52  17  0  0 L3P FA
G02 FF 61061 231400  780 175 1446     -217199     -3          16    +79   33 103  266 +101   38  -65   38  -65  26  0  0 L3P 26
G03 FF 61061 231400  780 794  523    -5920832   +123         -14    +19   14 117   82   +2   16  -17   16  -17  11  0  0 L3P 0B
G04 FF 61061 231400  780 559 1890     -396146    -14          10     +8   25  84   98  -10   25   +4   25    4  18  0  0 L3P BE
G06 FF 61061 231400  780 248 3073    +6046481    +59          29    +25   32 112  193  -50   26  -22   26  -22  21  0  0 L3P 25
G09 FF 61061 231400  780 262 2116    -7704285    -42          46    -41   32  98  183  -48   25  +14   25   14  25  0  0 L3P 18
G17 FF 61061 231400  780 387 2551     +396845   +147           1    +33   42  81  129  +11   21  -19   21  -19  34  0  0 L3P 0A
G19 FF 61061 231400  780 371 2860    -6866633    -15          24     +2   30   6  134   -1   16   +4   16    4  26  0  0 L3P AF
G28 FF 61061 231400  780 241  510    +6079145    -19          -8    +37   34 155  197  +14   20  -30   20  -30  26  0  0 L3P 0B
G31 FF 61061 231400  780 297  863    +1713376    +20          11    +40   40  49  163  -13   27  -37   27  -37  35  0  0 L3P 09
G01 FF 61061 233000  780 397 1457    -3415453    +79           6    +38   23  37  126  +20   28  -25   28  -25  16  0  0 L3P 11
G02 FF 61061 233000  780 108 1466     -217373   -433         -79   -351   63 103  422 +250  115 +291  115  291  50  0  0 L3P 8E
G03 FF 61061 233000  780 727  693    -5920738   +106         -21     +1   13 117   85   +3   23   -5   23   -5   9  0  0 L3P C8
G04 FF 61061 233000  780 637 1863     -396176    -38           1    -15   24  84   90   -6   25   +6   25    6  17  0  0 L3P B1
G06 FF 61061 233000  780 314 3071    +6046529     +4          44    -30   32 112  155  -31   13  +22   13   22  24  0  0 L3P E8
G09 FF 61061 233000  780 335 2137    -7704293    -62          39    -61   28  98  147  -30   21  +38   21   38  22  0  0 L3P 1C
G17 FF 61061 233000  780 344 2476     +396944   +196          -9    +82   30  81  142  +18   32  -53   32  -53  22  0  0 L3P 20
G19 FF 61061 233000  780 367 2768    -6866670    -40           4    -23   25   6  135   +4   34  +23   34   23  21  0  0 L3P DE
G28 FF 61061 233000  780 217  444    +6079100    -89           0    -33   27 155  217  +28   14  +27   14   27  22  0  0 L3P F8
G31 FF 61061 233000  780 316  780    +1713363    +31          18    +51   33  49  154   -6   20  -39   20  -39  29  0  0 L3P F1
G01 FF 61061 234600  780 323 1478    -3415423   +119          -3    +78   34  37  151  +31   40  -41   40  -41  23  0  0 L3P 16
G03 FF 61061 234600  780 658  791    -5920635    +40         -19    -64   19 117   89   +5   22  +51   22   51  11  0  0 L3P 02
G04 FF 61061 234600  780 712 1795     -396207    -41          -8    -19   25  84   85   -4   32  +10   32   10  18  0  0 L3P D9
G06 FF 61061 234600  780 381 3056    +6046532    +27          14     -7   28 112  131  -20   27   -2   27   -2  20  0  0 L3P E4
G09 FF 61061 234600  780 409 2160    -7704321    +22          12    +23   26  98  124  -19   37  -26   37  -26  21  0  0 L3P 1C
G17 FF 61061 234600  780 294 2413     +397067   +104           4    -10   33  81  164  +28   29  +12   29   12  25  0  0 L3P F9
G19 FF 61061 234600  780 347 2679    -6866679    -26          11     -9   33   6  141  +10   25  +12   25   12  25  0  0 L3P FC
G28 FF 61061 234600  780 183  387    +6079051    -96           4    -40   37 155  254  +53   12  +35   12   35  30  0  0 L3P 05
G31 FF 61061 234600  780 321  695    +1713335    -15           9     +5   27  49  152   +1   21  -16   21  -16  21  0  0 L3P C5
