CGGTTS     GENERIC DATA FORMAT VERSION = 2E
REV DATE = 2026-01-01                    
RCVR = POLARX5-TR                    R2CGGTTS v8.8    
CH = 99 
IMS = POLARX5-TR                    
LAB = PTB                           
X = +3844059.67 m 
Y =  +709661.67 m 
Z = +5023129.80 m 
FRAME = ITRF
COMMENTS =           IGS RINEX,AUSPOS XYZ          
INT DLY =   31.0 ns (GPS P1),   28.5 ns (GPS P2)     CAL_ID = 1001-2022           
CAB DLY =  205.7 ns 
REF DLY =   56.2 ns
REF = UTC(PTB)                      
CKSUM = 5E

SAT CL  MJD  STTIME TRKL ELV AZTH   REFSV      SRSV     REFSYS    SRSYS  DSG IOE MDTR SMDT MDIO SMDI MSIO SMSI ISG FR HC FRC CK
             hhmmss  s  .1dg .1dg    .1ns     .1ps/s     .1ns    .1ps/s .1ns     .1ns.1ps/s.1ns.1ps/s.1ns.1ps/s.1ns
G01 FF 61046 000200  780 559 1410    -3465234    +24          -4     -8   25  74   97   +9   34  +10   34   10  18  0  0 L3P C7
G02 FF 61046 000200  780 253 1422     -103484    -95          -9    -12   37  71  188  +49   82  +18   82   18  29  0  0 L3P 02
G03 FF 61046 000200  780 844 3580    -6060388    +93         -31     -6   17  84   81   +0   30  +10   30   10  11  0  0 L3P CB
G04 FF 61046 000200  780 478 1896     -363412     -9         -25    +15   30 117  109  -14   61  -16   61  -16  20  0  0 L3P 0E
G06 FF 61046 000200  780 172 3066    +5992234    +23         -20    -22   54   2  273 -102   38   +6   38    6  38  0  0 L3P EF
G09 FF 61046 000200  780 178 2098    -7698175     -9         -18     -1   35  13  264 -102   87  -21   87  -21  27  0  0 L3P 31
G17 FF 61046 000200  780 419 2657     +236368   +186         -32    +68   23  50  121   +5   45  -42   45  -42  19  0  0 L3P 1A
G19 FF 61046 000200  780 359 2953    -6841695   -106           6    -87   27   6  138   -7   14  +60   14   60  21  0  0 L3P FF
G28 FF 61046 000200  780 251  583    +6150515    -68         -21    -20   29 194  190   +3   45  +15   45   15  22  0  0 L3P 00
G31 FF 61046 000200  780 263  938    +1741774    -29           4     -8   24  50  182  -24   74  -15   74  -15  20  0  0 L3P E9
G01 FF 61046 001800  780 483 1434    -3465196     +2           4    -30   23  74  108  +13   34  +35   34   35  16  0  0 L3P DF
G02 FF 61046 001800  780 185 1445     -103572   -171         -17    -88   37  71  252  +90   98  +79   98   79  29  0  0 L3P 47
G03 FF 61046 001800  780 801  495    -6060285    +82         -23    -17   15  84   82   +2   28  +11   28   11  11  0  0 L3P DB
G04 FF 61046 001800  780 557 1885     -363413    -21          -3     +3   24 117   98  -10   41  -10   41  -10  18  0  0 L3P E2
G06 FF 61046 001800  780 237 3074    +5992275    +66         -21    +22   38   2  201  -54   39  -24   39  -24  25  0  0 L3P 1E
G09 FF 61046 001800  780 249 2116    -7698168    -51          -3    -43   44  13  192  -53   63  +20   63   20  34  0  0 L3P 13
G17 FF 61046 001800  780 391 2569     +236491   +130         -23    +12   26  50  128  +10   48   +6   48    6  20  0  0 L3P EE
G19 FF 61046 001800  780 372 2865    -6841718    +46           1    +64   22   6  133   -2   15  -39   15  -39  19  0  0 L3P F9
G28 FF 61046 001800  780 239  510    +6150460    -47         -30     +0   28 194  198  +14   39   +1   39    1  21  0  0 L3P DF
G31 FF 61046 001800  780 294  862    +1741748    -29          -3     -9   34  50  164  -14   60  -15   60  -15  26  0  0 L3P FA
G01 FF 61046 003400  780 407 1456    -3465190    +16         -20    -16   26  74  124  +19   63  +30   63   30  21  0  0 L3P 08
G02 FF 61046 003400  780 118 1465     -103638     +7          -3    +90   56  71  388 +212  112  -42  112  -42  41  0  0 L3P 16
G03 FF 61046 003400  780 735  680    -6060198   +126         -31    +28   20  84   84   +3   33  -17   33  -17  14  0  0 L3P 01
G04 FF 61046 003400  780 635 1857     -363450    -45         -17    -21   15 117   90   -6   50  +18   50   18  10  0  0 L3P F0
G06 FF 61046 003400  780 304 3073    +5992337     +6          -2    -38   32   2  160  -33   27  +21   27   21  23  0  0 L3P D5
G09 FF 61046 003400  780 321 2137    -7698193     +2         -21    +10   30  13  152  -32   65  -15   65  -15  24  0  0 L3P 09
G17 FF 61046 003400  780 350 2492     +236611    +92         -17    -27   26  50  140  +16   50  +32   50   32  21  0  0 L3P EF
G19 FF 61046 003400  780 369 2773    -6841737    -15          -1     +3   26   6  134   +4   21   +4   21    4  23  0  0 L3P AB
G28 FF 61046 003400  780 216  444    +6150437    -53          -7     -5   31 194  218  +28   26   +7   26    7  23  0  0 L3P D8
G31 FF 61046 003400  780 314  780    +1741733    -52           2    -31   20  50  155   -6   49  +18   49   18  16  0  0 L3P D3
G01 FF 61046 005000  780 332 1478    -3465139    -18           0    -50   26  74  147  +30   56  +45   56   45  18  0  0 L3P 01
G03 FF 61046 005000  780 666  783    -6060101    +41         -30    -58   16  84   88   +5   36  +50   36   50  11  0  0 L3P DF
G04 FF 61046 005000  780 710 1789     -363484    -27         -29     -3   17 117   86   -4   53   -5   53   -5  12  0  0 L3P DA
G06 FF 61046 005000  780 370 3060    +5992357    +22         -24    -22   28   2  134  -21   40   +5   40    5  19  0  0 L3P D1
G09 FF 61046 005000  780 395 2160    -7698195     +0         -15     +8   22  13  127  -21   54   -8   54   -8  17  0  0 L3P EB
G17 FF 61046 005000  780 301 2428     +236717   +113         -24     -5   23  50  160  +26   55  +10   55   10  15  0  0 L3P E8
G19 FF 61046 005000  780 350 2684    -6841762    -49          -8    -31   24   6  141   +9   37  +28   37   28  19  0  0 L3P FF
G28 FF 61046 005000  780 182  387    +6150383    -28         -15    +19   36 194  255  +53   27  -17   27  -17  30  0  0 L3P 37
G31 FF 61046 005000  780 319  695    +1741716     -6           4    +15   23  50  152   +1   45  -22   45  -22  19  0  0 L3P C6
G01 FF 61046 010600  780 260 1497    -3465116     -6          -8    -38   30  74  184  +48   70  +24   70   24  22  0  0 L3P F9
G03 FF 61046 010600  780 596  857    -6060003   +124         -26    +25   14  84   94   +7   34  -21   34  -21  10  0  0 L3P F8
G04 FF 61046 010600  780 774 1615     -363488    -20         -10     +4   17 117   83   -2   31  -18   31  -18  12  0  0 L3P E7
G06 FF 61046 010600  780 435 3031    +5992413     +0         -10    -44   31   2  117  -14   25  +34   25   34  23  0  0 L3P D9
G09 FF 61046 010600  780 471 2186    -7698202    -32         -14    -24   27  13  110  -14   43   +6   43    6  19  0  0 L3P F5
G17 FF 61046 010600  780 247 2374     +236837   +153         -18    +34   28  50  192  +42   60  -22   60  -22  24  0  0 L3P 22
G19 FF 61046 010600  780 317 2602    -6841781    +52         -10    +70   22   6  153  +17   53  -33   53  -33  15  0  0 L3P 0C
G28 FF 61046 010600  780 140  339    +6150321   -101         -31    -53   49 194  328 +105   34  +36   34   36  37  0  0 L3P 37
G31 FF 61046 010600  780 309  613    +1741694     +7           2    +27   21  50  157   +8   45  -22   45  -22  15  0  0 L3P C8
G01 FF 61046 012200  780 189 1514    -3465071    +18           7    -14   41  74  247  +90   71  +37   71   37  32  0  0 L3P FE
G03 FF 61046 012200  780 527  919    -6059915    +34         -33    -65   15  84  101  +10   50  +58   50   58  11  0  0 L3P 09
G04 FF 61046 012200  780 802 1230     -363540    -26         -39     -2   19 117   82   +0   49   +0   49    0  13  0  0 L3P AB
G06 FF 61046 012200  780 496 2980    +5992449    +69         -17    +25   20   2  106   -9   29  -27   29  -27  14  0  0 L3P 21
G09 FF 61046 012200  780 547 2212    -7698226    -20         -30    -12   28  13   99  -10   59   +3   59    3  20  0  0 L3P E8
G11 FF 61046 012200  780 103 3158    +4842892   -277         -29   -144   33 165  448 -267   42 +115   42  115  25  0  0 L3P 93
G17 FF 61046 012200  780 189 2327     +236939   +132         -29    +14   27  50  247  +75   71  -13   71  -13  20  0  0 L3P 29
G19 FF 61046 012200  780 274 2531    -6841791     -1          -3    +18   34   6  175  +28   56  -19   56  -19  25  0  0 L3P 06
G31 FF 61046 012200  780 286  538    +1741674    -13           2     +7   25  50  168  +17   42  -16   42  -16  19  0  0 L3P E5
G01 FF 61046 013800  780 120 1529    -3465054   +208          -6   +177   60  74  382 +212   95 -130   95 -130  49  0  0 L3P 76
G03 FF 61046 013800  780 459  973    -6059810    +74         -23    -25   23  84  112  +13   51  +15   51   15  15  0  0 L3P 09
G04 FF 61046 013800  780 769  871     -363540    -31         -15     -8   17 117   83   +2   30  +20   30   20  12  0  0 L3P C4
G06 FF 61046 013800  780 549 2899    +5992486    +79         -23    +34   20   2   99   -6   31  -13   31  -13  14  0  0 L3P 0F
G09 FF 61046 013800  780 625 2240    -7698231    +16         -29    +24   20  13   91   -7   47  -25   47  -25  13  0  0 L3P 0E
G11 FF 61046 013800  780 165 3152    +4842823   -191          29    -58   29 165  284 -106   -1  +52   -1   52  21  0  0 L3P 3F
G17 FF 61046 013800  780 130 2286     +237089    +51           7    -67   38  50  352 +156   56  +79   56   79  32  0  0 L3P 1D
G19 FF 61046 013800  780 224 2469    -6841825    -35         -19    -17   40   6  210  +48   75  +29   75   29  30  0  0 L3P 25
G31 FF 61046 013800  780 250  474    +1741664    -31          12    -10   27  50  190  +29   32   +4   32    4  21  0  0 L3P C0
G03 FF 61046 015400  780 392 1023    -6059720   +148         -28    +49   22  84  128  +19   62  -35   62  -35  17  0  0 L3P 46
G04 FF 61046 015400  780 706  722     -363572    -40         -24    -16   17 117   86   +4   41  +10   41   10  12  0  0 L3P CF
G06 FF 61046 015400  780 587 2782    +5992546    +74          -6    +30   22   2   95   -3   24  -22   24  -22  16  0  0 L3P EC
G07 FF 61046 015400  780 127 1781    +1313070   +116          19    +64   43  65  366 -196   79  -63   79  -63  36  0  0 L3P 5D
G09 FF 61046 015400  780 703 2267    -7698233    -41         -23    -33   14  13   86   -4   38  +19   38   19  10  0  0 L3P 08
G11 FF 61046 015400  780 226 3136    +4842659    -97          -7    +36   34 165  210  -55   35  -34   35  -34  23  0  0 L3P 35
G19 FF 61046 015400  780 169 2416    -6841835    +31         -12    +49   51   6  274  +89   63  -22   63  -22  40  0  0 L3P 27
G31 FF 61046 015400  780 206  422    +1741636     -4           4    +16   34  50  228  +52   36  -15   36  -15  28  0  0 L3P DA
G03 FF 61046 021000  780 326 1070    -6059628    +71         -31    -28   27  93  149  +27   67  +34   67   34  18  0  0 L3P 2A
G04 FF 61046 021000  780 635  670     -363599    +30         -24    +54   25 118   90   +6   42  -46   42  -46  18  0  0 L3P F7
G06 FF 61046 021000  780 602 2635    +5992583    +65         -11    +21   24   2   93   +0   33  -10   33  -10  16  0  0 L3P D8
G07 FF 61046 021000  780 196 1771    +1313116    +62          -8     +8   36   8  240  -85   88   -6   88   -6  27  0  0 L3P E2
G09 FF 61046 021000  780 782 2289    -7698230     -3         -12     +5   16  13   83   -2   25  +12   25   12  12  0  0 L3P CB
G11 FF 61046 021000  780 285 3109    +4842524   -134         -13     -1   26 166  169  -33   36   -5   36   -5  20  0  0 L3P 0F
G20 FF 61046 021000  780 101 2967    -3618001     -9           8    -10   44  65  455 -268   29  +29   29   29  30  0  0 L3P 05
G26 FF 61046 021000  780 117  545    +3067000    +35          13    -26   46  64  390  -48   25  +14   25   14  38  0  0 L3P F2
G31 FF 61046 021000  780 154  382    +1741628    -19          17     +1   42  52  299 +102   21   -3   21   -3  31  0  0 L3P CC
G03 FF 61046 022600  780 261 1113    -6059505   +128          -3    +29   25  93  183  +43   61  -15   61  -15  19  0  0 L3P 24
G04 FF 61046 022600  780 563  657     -363616    +14         -17    +38   24 118   97   +8   37  -27   37  -27  17  0  0 L3P 0C
G06 FF 61046 022600  780 591 2484    +5992617     +7         -20    -37   18   2   94   +2   40  +36   40   36  14  0  0 L3P DC
G07 FF 61046 022600  780 268 1761    +1313164   +145         -10    +91   32   8  180  -46   79  -81   79  -81  26  0  0 L3P 39
G09 FF 61046 022600  780 859 2263    -7698244    -20         -18    -12   19  13   81   -1   39  +14   39   14  13  0  0 L3P 08
G11 FF 61046 022600  780 340 3067    +4842396   -129         -13     +4   34 166  144  -20   30   -9   30   -9  25  0  0 L3P 12
G20 FF 61046 022600  780 162 2988    -3618000     -3           8     -4   36  65  288 -110   34  +15   34   15  29  0  0 L3P EF
G21 FF 61046 022600  780 139 2915    -3740562    -56           2    +30   29  92  335 -147    9   +0    9    0  25  0  0 L3P CB
G26 FF 61046 022600  780 126  479    +3067045   +108          -1    +47   44  64  363  -12   33  -34   33  -34  31  0  0 L3P 13
G03 FF 61046 024200  780 197 1154    -6059419   +106         -12     +7   28  93  237  +74   93  +19   93   19  21  0  0 L3P 2E
G04 FF 61046 024200  780 491  664     -363636     -6         -14    +18   20 118  107  +12   38  -10   38  -10  14  0  0 L3P F6
G06 FF 61046 024200  780 555 2354    +5992654    +60         -25    +16   22   2   98   +5   47   -6   47   -6  16  0  0 L3P E1
G07 FF 61046 024200  780 340 1749    +1313205    +44         -22     -9   29   8  145  -28   72  -13   72  -13  20  0  0 L3P FB
G09 FF 61046 024200  780 862  691    -7698241    +38          -8    +46   12  13   81   +1   36  -24   36  -24   8  0  0 L3P E1
G11 FF 61046 024200  780 388 3009    +4842267   -139         -14     -6   28 166  129  -13   30   -2   30   -2  18  0  0 L3P 17
G20 FF 61046 024200  780 225 3004    -3617975    +50          32    +49   31  65  211  -59   22  -33   22  -33  22  0  0 L3P 0C
G21 FF 61046 024200  780 201 2940    -3740649    +26          -2   +112   33  92  235  -73   17  -81   17  -81  29  0  0 L3P 27
G26 FF 61046 024200  780 125  413    +3067106    -12           1    -74   53  64  365  +18   27  +57   27   57  36  0  0 L3P EF
G03 FF 61046 025800  780 135 1192    -6059308    +52           4    -47   50  93  341 +154   88  +38   88   38  45  0  0 L3P 2C
G04 FF 61046 025800  780 422  681     -363650    -63          -5    -39   26 118  120  +16   36  +39   36   39  18  0  0 L3P 06
G06 FF 61046 025800  780 503 2256    +5992702    +39         -20     -5   21   2  105   +9   47   +9   47    9  14  0  0 L3P CA
G07 FF 61046 025800  780 414 1732    +1313269    +72          -9    +19   33   8  122  -19   47  -22   47  -22  24  0  0 L3P 09
G09 FF 61046 025800  780 786  663    -7698246    -60          -5    -53   15  13   82   +2   29  +33   29   33  11  0  0 L3P EF
G11 FF 61046 025800  780 426 2932    +4842122   -157         -31    -24   21 166  119   -7   42  +29   42   29  17  0  0 L3P 33
G16 FF 61046 025800  780 141  689    -1821272   -186          -6   -109   47  15  327  -64   47  +82   47   82  34  0  0 L3P 3F
G20 FF 61046 025800  780 290 3013    -3617972    +38          34    +37   37  65  167  -36   20  -24   20  -24  28  0  0 L3P 24
G21 FF 61046 025800  780 265 2960    -3740750    -26         -21    +61   29  92  181  -43   35  -47   35  -47  24  0  0 L3P 3A
G26 FF 61046 025800  780 113  350    +3067166    +97           2    +35   39  64  401  +58   19  -38   19  -38  29  0  0 L3P 10
G30 FF 61046 025800  780 166 1934     -785907   -131          21     -8   38  69  282 -117   58  -17   58  -17  30  0  0 L3P 40
G04 FF 61046 031400  780 354  705     -363664    +36           3    +60   26 118  139  +24   38  -45   38  -45  18  0  0 L3P 02
G06 FF 61046 031400  780 440 2185    +5992755    +36          -9     -9   33   2  116  +14   47  +23   47   23  25  0  0 L3P EF
G07 FF 61046 031400  780 488 1707    +1313311    +46         -18     -7   26   8  108  -13   46  -17   46  -17  19  0  0 L3P 0D
G09 FF 61046 031400  780 711  689    -7698259    -22         -10    -14   14  13   85   +4   31   +2   31    2  10  0  0 L3P BC
G11 FF 61046 031400  780 449 2838    +4842013   -105         -13    +28   24 166  114   -3   29   -7   29   -7  20  0  0 L3P 15
G16 FF 61046 031400  780 164  620    -1821340    +28           0   +105   37  15  283  -31   27  -87   27  -87  31  0  0 L3P 06
G20 FF 61046 031400  780 356 3014    -3617973    -71          32    -72   32  65  139  -23   21  +53   21   53  23  0  0 L3P 08
G21 FF 61046 031400  780 331 2975    -3740821    -49          -8    +37   28  92  148  -28   28  -24   28  -24  21  0  0 L3P 2B
G30 FF 61046 031400  780 236 1936     -786059   -107         -14    +16   32  69  202  -59   78  -28   78  -28  28  0  0 L3P 4D
G04 FF 61046 033000  780 288  734     -363711    -48         -21    -24   35 118  167  +35   58  +23   58   23  26  0  0 L3P 14
G05 FF 61046 033000  780 107 3049    +2267859    +91          -4    +85   43   6  432 -253   39  -48   39  -48  32  0  0 L3P 31
G06 FF 61046 033000  780 372 2135    +5992805    +78          -2    +33   30   2  133  +22   50  -17   50  -17  22  0  0 L3P F3
G07 FF 61046 033000  780 559 1666    +1313363    +53         -17     -1   23   8   98   -8   40   -7   40   -7  15  0  0 L3P C3
G09 FF 61046 033000  780 637  724    -7698283    -20         -27    -12   23  13   90   +6   44   +5   44    5  17  0  0 L3P CB
G11 FF 61046 033000  780 455 2734    +4841880   -139         -19     -6   34 166  113   +1   34   +3   34    3  22  0  0 L3P F0
G16 FF 61046 033000  780 176  549    -1821407   -101           7    -23   34  15  264  -10   18   +3   18    3  29  0  0 L3P D0
G20 FF 61046 033000  780 423 3002    -3617978    -80          26    -81   25  65  120  -16   25  +54   25   54  17  0  0 L3P 0D
G21 FF 61046 033000  780 399 2981    -3740904    -98          -8    -12   30  92  126  -19   24  +11   24   11  21  0  0 L3P 0B
G30 FF 61046 033000  780 309 1939     -786161   -123           2     +0   25  69  158  -35   49  -16   49  -16  18  0  0 L3P 0B
G04 FF 61046 034600  780 225  765     -363703    +29          10    +53   37 118  210  +57   45  -25   45  -25  30  0  0 L3P 06
G05 FF 61046 034600  780 171 3062    +2267892    +64          22    +57   32   6  274 -104   22  -37   22  -37  22  0  0 L3P 1B
G06 FF 61046 034600  780 302 2097    +5992839    +38         -11     -7   35   2  160  +35   62   +4   62    4  28  0  0 L3P DE
G07 FF 61046 034600  780 626 1596    +1313388    +40         -43    -13   21   8   91   -5   58  +13   58   13  15  0  0 L3P ED
G09 FF 61046 034600  780 566  761    -7698272    +30          -8    +38   18  13   97   +8   39   -4   39   -4  13  0  0 L3P E4
G11 FF 61046 034600  780 442 2631    +4841749   -116         -22    +17   31 166  116   +5   37   -4   37   -4  22  0  0 L3P 13
G16 FF 61046 034600  780 177  478    -1821487    -82           1     -5   45  15  263   +8   13   -5   13   -5  38  0  0 L3P C2
G20 FF 61046 034600  780 488 2974    -3618004    +18          -2    +17   23  65  107  -11   44  -23   44  -23  17  0  0 L3P 17
G21 FF 61046 034600  780 468 2976    -3741005    -91         -27     -5   27  92  111  -13   39   +9   39    9  18  0  0 L3P 02
G30 FF 61046 034600  780 383 1942     -786298   -111         -17    +12   31  69  131  -22   54  -15   54  -15  24  0  0 L3P 2F
G04 FF 61046 040200  780 163  799     -363738    -32           3     -8   42 119  284 +104   61  +16   61   16  31  0  0 L3P EE
G05 FF 61046 040200  780 237 3069    +2267870     -7          -4    -13   33  51  201  -55   38  +18   38   18  22  0  0 L3P F9
G06 FF 61046 040200  780 232 2067    +5992888    +69          -6    +24   30   7  204  +59   73   -8   73   -8  25  0  0 L3P FC
G07 FF 61046 040200  780 683 1476    +1313446    +31         -33    -22   18   9   87   -3   52   +1   52    1  14  0  0 L3P B7
G09 FF 61046 040200  780 496  800    -7698277    -36          -8    -28   15  26  106  +11   42  +37   42   37  11  0  0 L3P 08
G11 FF 61046 040200  780 412 2536    +4841627   -180         -14    -47   23 167  122   +9   34  +29   34   29  18  0  0 L3P 30
G16 FF 61046 040200  780 165  409    -1821548   -152          12    -75   41  29  280  +29    2  +65    2   65  30  0  0 L3P EB
G20 FF 61046 040200  780 550 2919    -3617990    -44          10    -45   22  66   99   -7   32  +30   32   30  15  0  0 L3P EC
G21 FF 61046 040200  780 537 2952    -3741084    -66         -25    +20   19  93  100   -9   33  -18   33  -18  14  0  0 L3P 18
G30 FF 61046 040200  780 458 1941     -786398    -91           2    +32   27  80  113  -15   40  -48   40  -48  20  0  0 L3P FF
G04 FF 61046 041800  780 103  834     -363749    -32          15     -8   44 119  438 +241   53   +1   53    1  31  0  0 L3P D5
G05 FF 61046 041800  780 304 3066    +2267874    +35          -7    +28   32  51  160  -33   41  -37   41  -37  23  0  0 L3P 17
G06 FF 61046 041800  780 163 2042    +5992921    +77         -16    +32   39   7  285 +117   88   -9   88   -9  34  0  0 L3P 2D
G07 FF 61046 041800  780 718 1285    +1313493    +42         -38    -11   12   9   85   -1   52   +8   52    8   8  0  0 L3P B9
G09 FF 61046 041800  780 428  839    -7698277     -3          -1     +5   24  26  119  +16   46  +12   46   12  17  0  0 L3P EB
G11 FF 61046 041800  780 370 2455    +4841491   -124         -23     +9   19 167  134  +15   43   -3   43   -3  14  0  0 L3P 13
G16 FF 61046 041800  780 142  346    -1821678    -64         -43    +14   46  29  323  +63   45  -17   45  -17  31  0  0 L3P 24
G20 FF 61046 041800  780 603 2827    -3618004    -14          -5    -15   17  66   93   -4   44  +13   44   13  10  0  0 L3P DC
G21 FF 61046 041800  780 602 2899    -3741169    -61         -28    +25   19  93   93   -6   37  -19   37  -19  13  0  0 L3P 2A
G30 FF 61046 041800  780 535 1935     -786527   -160          -9    -37   22  80  101  -10   37  +20   37   20  19  0  0 L3P 0B
G05 FF 61046 043400  780 371 3052    +2267878    -21          -9    -28   27  51  134  -21   41  +18   41   18  20  0  0 L3P 07
G07 FF 61046 043400  780 720 1049    +1313553   +129         -29    +75   12   9   85   +1   48  -45   48  -45   9  0  0 L3P 03
G09 FF 61046 043400  780 361  879    -7698277    +31           7    +39   34  26  137  +22   48  -13   48  -13  26  0  0 L3P 1B
G11 FF 61046 043400  780 318 2388    +4841371   -138         -15     -5   31 167  153  +24   42   -1   42   -1  23  0  0 L3P 0E
G13 FF 61046 043400  780 149 2648    -6904058     -5         -31    -15   36  58  313 -127   61  -12   61  -12  30  0  0 L3P 2B
G16 FF 61046 043400  780 110  290    -1821715   -112          -7    -35   30  29  414 +136   14   +9   14    9  23  0  0 L3P E9
G20 FF 61046 043400  780 639 2688    -3617992     -5           6     -6   21  66   90   -2   33  +10   33   10  14  0  0 L3P BB
G21 FF 61046 043400  780 660 2796    -3741257    -98         -32    -12   20  93   88   -4   41  +17   41   17  15  0  0 L3P 08
G30 FF 61046 043400  780 611 1916     -786642   -138          -7    -16   22  80   92   -7   34  +14   34   14  15  0  0 L3P EC
G05 FF 61046 045000  780 437 3021    +2267910     +8          16     +2   26  51  117  -14   26   +6   26    6  20  0  0 L3P B3
G07 FF 61046 045000  780 689  857    +1313636    +94           3    +40   14   9   87   +3   35  -19   35  -19  10  0  0 L3P D3
G09 FF 61046 045000  780 297  919    -7698293     -6          -2     +2   25  26  162  +33   63   -3   63   -3  18  0  0 L3P D5
G11 FF 61046 045000  780 260 2333    +4841234   -163         -25    -30   34 167  183  +40   59  +36   59   36  28  0  0 L3P 43
G13 FF 61046 045000  780 211 2687    -6904024     -6          -8    -17   30  58  225  -65   32  +18   32   18  24  0  0 L3P FB
G20 FF 61046 045000  780 650 2513    -3617993    -28           4    -29   25  66   89   +0   36  +29   36   29  16  0  0 L3P F2
G21 FF 61046 045000  780 699 2623    -3741353   -117         -46    -30   21  93   86   -1   50  +24   50   24  13  0  0 L3P 07
G30 FF 61046 045000  780 685 1868     -786760   -157          -7    -34   24  80   87   -4   39  +30   39   30  18  0  0 L3P 09
G05 FF 61046 050600  780 499 2966    +2267903     -8           2    -15   19  51  106   -9   36   +3   36    3  15  0  0 L3P C7
G07 FF 61046 050600  780 637  741    +1313677    +64          -8    +11   27   9   90   +5   45  -12   45  -12  18  0  0 L3P D4
G09 FF 61046 050600  780 234  959    -7698288    -45          11    -37   41  26  202  +52   59  +40   59   40  31  0  0 L3P 18
G11 FF 61046 050600  780 200 2287    +4841100   -127         -31     +6   28 167  234  +69   66   +2   66    2  21  0  0 L3P FF
G13 FF 61046 050600  780 274 2727    -6904028     -8         -21    -19   33  58  176  -39   42  +20   42   20  25  0  0 L3P 12
G14 FF 61046 050600  780 147 1608    -7269646    -73          24    -48   30  87  318 -141   72  +28   72   28  24  0  0 L3P 40
G20 FF 61046 050600  780 630 2341    -3617997    +29          -1    +28   20  66   91   +3   40  -26   40  -26  15  0  0 L3P F0
G21 FF 61046 050600  780 705 2395    -3741426    -79         -36     +8   11  93   86   +1   46   +8   46    8   7  0  0 L3P CB
G30 FF 61046 050600  780 752 1752     -786871   -107           1    +15   14  80   84   -2   41   -3   41   -3  10  0  0 L3P B9
G05 FF 61046 052200  780 551 2881    +2267911     +4           5     -3   19  51   99   -6   34   +4   34    4  14  0  0 L3P 94
G07 FF 61046 052200  780 575  681    +1313733    +50          -3     -4   13   9   96   +7   43   -3   43   -3  10  0  0 L3P 90
G09 FF 61046 052200  780 172  997    -7698311    -71          -4    -63   39  26  270  +93   87  +76   87   76  29  0  0 L3P 35
G11 FF 61046 052200  780 139 2246    +4840978   -157         -25    -24   43 167  331 +142   70  +26   70   26  32  0  0 L3P 58
G13 FF 61046 052200  780 339 2766    -6904018    -52         -20    -62   22  58  145  -26   38  +41   38   41  16  0  0 L3P 26
G14 FF 61046 052200  780 213 1584    -7269696    -59          -2    -34   39  87  223  -69   93   +9   93    9  30  0  0 L3P 16
G20 FF 61046 052200  780 585 2208    -3618005    +29         -10    +28   29  66   95   +6   48   -6   48   -6  23  0  0 L3P F1
G21 FF 61046 052200  780 675 2191    -3741497    -98         -24    -11   22  93   87   +3   41  +21   41   21  14  0  0 L3P FA
G30 FF 61046 052200  780 798 1468     -786996   -123          -7     -1   17  80   82   -1   45   -1   45   -1  12  0  0 L3P D1
G05 FF 61046 055000  780 599 2647    +2267918     +0          -1     -7   20  51   93   -1   45   +0   45    0  13  0  0 L3P 99
G07 FF 61046 055000  780 461  646    +1313818    +54          -8     +0   21   9  112  +13   39  +11   39   11  15  0  0 L3P C2
G13 FF 61046 055000  780 458 2834    -6904007    +31         -26    +21   21  58  113  -14   41  -17   41  -17  15  0  0 L3P 1C
G14 FF 61046 055000  780 331 1532    -7269734    -25           3     +0   19  87  148  -28   79  -22   79  -22  15  0  0 L3P 0D
G15 FF 61046 055000  780 163 2919    -3740485    +29           7    +64   40  23  287 -112   28  -41   28  -41  34  0  0 L3P 29
G18 FF 61046 055000  780 125 3298    +4581982    -87           5    +11   49 132  367  -62   21   +6   21    6  35  0  0 L3P FE
G20 FF 61046 055000  780 475 2069    -3618005    +30         -12    +29   32  66  109  +13   71  -12   71  -12  26  0  0 L3P 19
G21 FF 61046 055000  780 570 1993    -3741625    -89          -7     -2   24  93   96   +8   45  +18   45   18  18  0  0 L3P F7
G22 FF 61046 055000  780 194 1642     +619118    -41          -5     +0   37  80  243  -87   87  -28   87  -28  29  0  0 L3P 0D
G30 FF 61046 055000  780 754  869     -787189   -174           6    -51   13  80   83   +2   35  +36   35   36   9  0  0 L3P D7
G05 FF 61046 060600  780 591 2493    +2267926    +16           1     +9   22  51   94   +2   47   +7   47    7  16  0  0 L3P B2
G07 FF 61046 060600  780 395  648    +1313850    +60         -27     +7   23   9  127  +18   53   +0   53    0  20  0  0 L3P BA
G08 FF 61046 060600  780 105  499    -5073395    +35          15     -6   47  52  432  -60   61   +3   61    3  32  0  0 L3P CD
G13 FF 61046 060600  780 529 2871    -6903992    -31         -22    -41   25  61  101  -10   35  +32   35   32  18  0  0 L3P 17
G14 FF 61046 060600  780 399 1492    -7269763    +66          -5    +91   19  88  126  -18   79  -72   79  -72  15  0  0 L3P 56
G15 FF 61046 060600  780 228 2940    -3740522   -109           1    -74   40  24  209  -59   34  +66   34   66  29  0  0 L3P 1F
G18 FF 61046 060600  780 141 3236    +4581898   -117          14    -19   42 133  327  -25   20   +2   20    2  30  0  0 L3P 06
G20 FF 61046 060600  780 404 2023    -3618009    +31         -18    +30   25  67  124  +19   79   -8   79   -8  17  0  0 L3P 0C
G21 FF 61046 060600  780 497 1939    -3741707   -110          -8    -23   26  94  106  +12   52  +30   52   30  20  0  0 L3P 16
G22 FF 61046 060600  780 265 1619     +619078    -12          -3    +29   30  81  181  -47   86   -8   86   -8  23  0  0 L3P F9
G30 FF 61046 060600  780 690  759     -787313   -103          -4    +19   14  81   86   +4   38   -2   38   -2  10  0  0 L3P C6
G05 FF 61046 062200  780 558 2359    +2267920     -9         -12    -16   22  51   98   +5   62  +16   62   16  16  0  0 L3P F2
G07 FF 61046 062200  780 330  660    +1313931    +67           3    +13   27   9  148  +26   37  +15   37   15  22  0  0 L3P D0
G08 FF 61046 062200  780 114  433    -5073365    -12           6    -53   62  52  397  -16   63  +42   63   42  39  0  0 L3P F4
G13 FF 61046 062200  780 602 2905    -6903983    +38         -23    +28   19  61   93   -7   37  -16   37  -16  13  0  0 L3P 19
G14 FF 61046 062200  780 463 1437    -7269799    -28         -17     -3   27  88  112  -12   84   -8   84   -8  20  0  0 L3P 18
G15 FF 61046 062200  780 295 2955    -3740566   -130          -9    -95   35  24  164  -36   44  +58   44   58  25  0  0 L3P 40
G18 FF 61046 062200  780 146 3170    +4581747    -44         -43    +53   34 133  316   +1   55  -35   55  -35  25  0  0 L3P 2F
G20 FF 61046 062200  780 331 1990    -3618016     +9         -26     +8   32  67  147  +30   93   +9   93    9  25  0  0 L3P E2
G21 FF 61046 062200  780 422 1906    -3741781    -97           1    -10   29  94  120  +18   56   +8   56    8  23  0  0 L3P E4
G22 FF 61046 062200  780 338 1591     +619029    -11         -12    +29   27  81  145  -29   94  -29   94  -29  21  0  0 L3P 2A
G30 FF 61046 062200  780 621  721     -787438    -82         -11    +41   12  81   91   +6   48  -23   48  -23  10  0  0 L3P DE
G05 FF 61046 063800  780 506 2256    +2267932    +22          -6    +15   24  51  104   +9   65   -2   65   -2  18  0  0 L3P E1
G07 FF 61046 063800  780 266  679    +1313962    +63         -18     +9   30   9  179  +40   80  +33   80   33  24  0  0 L3P F9
G08 FF 61046 063800  780 114  368    -5073349    +21         -17    -20   46  52  400  +21   83   +5   83    5  34  0  0 L3P E5
G13 FF 61046 063800  780 677 2933    -6903959    +43         -10    +33   14  61   87   -5   30  -19   30  -19  10  0  0 L3P 15
G14 FF 61046 063800  780 521 1361    -7269817    -79         -12    -54   28  88  102   -8   75  +35   75   35  20  0  0 L3P 2A
G15 FF 61046 063800  780 365 2963    -3740593    +16          -2    +51   28  24  136  -24   36  -35   36  -35  20  0  0 L3P 24
G18 FF 61046 063800  780 140 3103    +4581679   -157         -17    -59   30 133  328  +26   43  +47   43   47  22  0  0 L3P 52
G20 FF 61046 063800  780 259 1965    -3618002    +47         -13    +46   38  67  184  +49  105  -10  105  -10  29  0  0 L3P 57
G21 FF 61046 063800  780 347 1884    -3741865    -59           0    +28   21  94  142  +28   75   +1   75    1  17  0  0 L3P F1
G22 FF 61046 063800  780 410 1555     +618979    -67         -23    -26   19  81  123  -18   97   +8   97    8  15  0  0 L3P 10
G30 FF 61046 063800  780 551  714     -787547   -148          -2    -25   19  81   98   +9   49  +40   49   40  13  0  0 L3P F6
G05 FF 61046 065400  780 444 2183    +2267939    -10          -6    -17   27  51  115  +14   79  +33   79   33  20  0  0 L3P 16
G07 FF 61046 065400  780 204  702    +1314020   +119         -11    +66   35   9  230  +68  124   +9  124    9  30  0  0 L3P F6
G08 FF 61046 065400  780 102  305    -5073298    +77          -6    +37   41  52  442  +69   85   +3   85    3  29  0  0 L3P EA
G13 FF 61046 065400  780 754 2948    -6903937    -41           3    -51   19  61   84   -3   31  +48   31   48  15  0  0 L3P F4
G14 FF 61046 065400  780 568 1257    -7269842    +29         -13    +54   21  88   97   -4   76  -29   76  -29  15  0  0 L3P 3A
G15 FF 61046 065400  780 436 2961    -3740624    -94           1    -59   20  24  117  -16   37  +51   37   51  15  0  0 L3P 09
G18 FF 61046 065400  780 123 3037    +4581627    -76          25    +21   36 133  370  +64   17  -22   17  -22  26  0  0 L3P 31
G20 FF 61046 065400  780 188 1945    -3617979    +26           9    +25   37  67  248  +90  121  +31  121   31  33  0  0 L3P 36
G21 FF 61046 065400  780 272 1868    -3741956   -101          -8    -15   27  94  176  +45  108  +41  108   41  22  0  0 L3P 50
G22 FF 61046 065400  780 480 1504     +618942    -46         -21     -5   22  81  109  -12   89   +3   89    3  15  0  0 L3P DD
G23 FF 61046 065400  780 100 3280    -5957284   +128          -1   +178   53 126  457 -254   19 -111   19 -111  39  0  0 L3P 91
G30 FF 61046 065400  780 481  723     -787670   -111          -7    +12   22  81  108  +12   63   +1   63    1  15  0  0 L3P C8
G05 FF 61046 071000  780 376 2130    +2267951    -24           0    -31   31  51  132  +21   91  +47   91   47  22  0  0 L3P EB
G07 FF 61046 071000  780 143  729    +1314074    +39          -9    -14   57   9  322 +133  186  +83  186   83  43  0  0 L3P 2D
G13 FF 61046 071000  780 831 2909    -6903933     +1          -3     -9   14  61   81   -1   44  +23   44   23  11  0  0 L3P B8
G14 FF 61046 071000  780 597 1123    -7269859    -49          -6    -24   21  88   94   -2   74  +14   74   14  15  0  0 L3P 06
G15 FF 61046 071000  780 507 2941    -3740663    -81          -4    -46   18  24  104  -11   43  +38   43   38  13  0  0 L3P 0A
G20 FF 61046 071000  780 119 1926    -3618001    -98         -15    -99   43  67  383 +211  199 +175  199  175  35  0  0 L3P 9D
G21 FF 61046 071000  780 200 1856    -3742031   -107          -1    -21   39  94  234  +81  140  +72  140   72  30  0  0 L3P 27
G22 FF 61046 071000  780 544 1431     +618893    -30         -31    +11   26  81   99   -8   94   -8   94   -8  17  0  0 L3P E4
G23 FF 61046 071000  780 155 3251    -5957350     +9         -19    +59   27 126  300 -102   40  -49   40  -49  23  0  0 L3P 3E
G24 FF 61046 071000  780 115 2584    +1738372   -192         -27    -44   32   8  403 -212   85  +36   85   36  27  0  0 L3P 3E
G30 FF 61046 071000  780 414  742     -787799   -147         -18    -25   23  81  122  +17   91  +43   91   43  19  0  0 L3P 1F
G05 FF 61046 072600  780 306 2091    +2267957    -37           0    -44   39  51  158  +34  111  +57  111   57  29  0  0 L3P 2E
G13 FF 61046 072600  780 879 1828    -6903900    +30          20    +20   10  61   81   +0   42   +2   42    2   7  0  0 L3P A3
G14 FF 61046 072600  780 602  974    -7269879     +0          -1    +25   17  88   93   +1   79  -10   79  -10  11  0  0 L3P E8
G15 FF 61046 072600  780 577 2896    -3740712    -63         -19    -28   18  24   96   -7   63  +35   63   35  12  0  0 L3P 1E
G21 FF 61046 072600  780 130 1844    -3742120   -104          -7    -17   35  94  353 +182  209  +75  209   75  28  0  0 L3P 5D
G22 FF 61046 072600  780 598 1324     +618866    -89         -18    -48   20  81   94   -5   88  +35   88   35  14  0  0 L3P 1A
G23 FF 61046 072600  780 206 3211    -5957380   -121           0    -71   32 126  229  -52   40  +85   40   85  26  0  0 L3P 21
G24 FF 61046 072600  780 176 2619    +1738270   -184          13    -36   39   8  266  -94   57  +29   57   29  32  0  0 L3P 3C
G30 FF 61046 072600  780 347  766     -787914   -157         -15    -34   22  81  141  +24  118  +55  118   55  15  0  0 L3P 44
G05 FF 61046 074200  780 236 2060    +2267973    +71           9    +64   34  51  200  +57  138   +8  138    8  28  0  0 L3P 0A
G13 FF 61046 074200  780 806 1430    -6903910     -3           0    -13   18  61   82   +2   69  +20   69   20  12  0  0 L3P BA
G14 FF 61046 074200  780 581  837    -7269895    -24           6     +1   22  88   95   +3   84  +11   84   11  15  0  0 L3P D1
G15 FF 61046 074200  780 639 2807    -3740739    -72         -13    -36   17  24   90   -5   76  +36   76   36  11  0  0 L3P 15
G17 FF 61046 074200  780 140 1212     +239656   +182          -2    +63   54   9  331 -133  284  -64  284  -64  40  0  0 L3P 40
G22 FF 61046 074200  780 632 1177     +618818    -33         -27     +8   22  81   91   -2  100   -5  100   -5  16  0  0 L3P D8
G23 FF 61046 074200  780 249 3160    -5957418    -82          10    -32   35 126  191  -30   54  +38   54   38  25  0  0 L3P 31
G24 FF 61046 074200  780 240 2655    +1738114   -165          -1    -17   34   8  199  -52   89  +38   89   38  25  0  0 L3P 2D
G30 FF 61046 074200  780 283  794     -788033   -117         -16     +6   30  81  170  +36  147  +37  147   37  24  0  0 L3P 2D
G05 FF 61046 075800  780 168 2034    +2267996     +8          25     +2   42  51  277 +110  175  +49  175   49  33  0  0 L3P 3C
G13 FF 61046 075800  780 726 1415    -6903899    -87           1    -98   15  61   85   +4   83  +88   83   88  10  0  0 L3P 13
G14 FF 61046 075800  780 541  730    -7269929    -38          -4    -13   21  88  100   +6  104  +13  104   13  16  0  0 L3P 0B
G15 FF 61046 075800  780 685 2651    -3740779    -12         -18    +23   19  24   87   -2   90   +5   90    5  13  0  0 L3P EE
G17 FF 61046 075800  780 196 1163     +239777   +117           5     -2   32   9  240  -66  284   -5  284   -5  29  0  0 L3P 07
G22 FF 61046 075800  780 640 1007     +618792    -83         -14    -42   18  81   90   +1  100  +45  100   45  12  0  0 L3P FE
G23 FF 61046 075800  780 284 3097    -5957477     -6          -1    +44   29 126  169  -17   82   -8   82   -8  22  0  0 L3P 24
G24 FF 61046 075800  780 306 2691    +1737973   -197           0    -49   33   8  159  -32  102  +49  102   49  25  0  0 L3P 40
G30 FF 61046 075800  780 220  825     -788158   -146         -23    -24   29  81  214  +58  194  +69  194   69  21  0  0 L3P 56
G05 FF 61046 081400  780 101 2011    +2267990     +4          13     -3   40  53  450 +282  248  +76  248   76  33  0  0 L3P 1E
G13 FF 61046 081400  780 646 1428    -6903905     +3         -10     -7   22  63   89   +6  113  +34  113   34  16  0  0 L3P F8
G14 FF 61046 081400  780 488  657    -7269956    -27          -6     -2   20  89  107  +10  125   +5  125    5  15  0  0 L3P FD
G15 FF 61046 081400  780 701 2430    -3740800    -20          -4    +16   17  62   86   +0  100   +4  100    4  11  0  0 L3P BB
G17 FF 61046 081400  780 249 1108     +239892   +129           6    +11   27  10  192  -38  210  -83  210  -83  22  0  0 L3P 2E
G19 FF 61046 081400  780 143 1328    -6842241    -36          12    -17   44  31  326 -134  349  +57  349   57  34  0  0 L3P 5B
G22 FF 61046 081400  780 619  850     +618739    -48         -24     -7   19  82   92   +3  121  +14  121   14  13  0  0 L3P EB
G23 FF 61046 081400  780 307 3023    -5957519    -50           7     +0   36 127  158   -8   92  +13   92   13  24  0  0 L3P F5
G24 FF 61046 081400  780 373 2726    +1737825   -123          -8    +25   24  16  133  -22  114  -18  114  -18  18  0  0 L3P 4F
G30 FF 61046 081400  780 159  857     -788263   -190         -17    -67   37   3  291 +108  257 +163  257  163  27  0  0 L3P 7B
G10 FF 61046 083000  780 130 3314    +5803866    +51           3    +20   41 103  355 -115  103  +15  103   15  32  0  0 L3P 1B
G13 FF 61046 083000  780 566 1449    -6903904     +5         -20     -6   28  63   97   +9  146  +28  146   28  19  0  0 L3P 18
G14 FF 61046 083000  780 428  611    -7269964    -22          11     +3   28  89  119  +15  125   +5  125    5  19  0  0 L3P F7
G15 FF 61046 083000  780 679 2214    -3740835    -53          -4    -18   16  62   87   +2  108  +20  108   20  11  0  0 L3P 07
G17 FF 61046 083000  780 296 1045     +239998   +128          -2    +10   27  10  163  -23  199   +2  199    2  22  0  0 L3P 13
G19 FF 61046 083000  780 201 1288    -6842256    -44          15    -26   25  31  234  -67  256  -30  256  -30  20  0  0 L3P 45
G22 FF 61046 083000  780 577  733     +618701    -27         -22    +14   19  82   96   +5  124   +2  124    2  14  0  0 L3P CF
G23 FF 61046 083000  780 316 2941    -5957549    -41          25     +9   32 127  154   -1   87   +5   87    5  25  0  0 L3P F3
G24 FF 61046 083000  780 443 2760    +1737690   -173          -2    -25   22  16  116  -15  107  +32  107   32  18  0  0 L3P 38
G10 FF 61046 084600  780 168 3265    +5803892   +101           0    +70   28 103  277  -56  126  -44  126  -44  23  0  0 L3P 58
G12 FF 61046 084600  780 152 2163    +6062043   -124         -11   -128   48  25  308 -137  264 +148  264  148  38  0  0 L3P A4
G13 FF 61046 084600  780 488 1471    -6903919    +24         -44    +14   21  63  107  +13  174  +11  174   11  16  0  0 L3P 42
G14 FF 61046 084600  780 364  586    -7270000    -84          -1    -59   26  89  136  +22  145  +66  145   66  22  0  0 L3P 35
G15 FF 61046 084600  780 628 2064    -3740863    -41           1     -6   21  62   91   +5  120  +23  120   23  15  0  0 L3P DE
G17 FF 61046 084600  780 336  972     +240120   +116           7     -2   26  10  146  -14  192  -30  192  -30  21  0  0 L3P F8
G19 FF 61046 084600  780 259 1242    -6842284    -75           4    -57   24  31  185  -39  235  +59  235   59  18  0  0 L3P 51
G22 FF 61046 084600  780 522  658     +618662    -11         -23    +30   27  82  102   +8  129   -6  129   -6  19  0  0 L3P FC
G23 FF 61046 084600  780 310 2858    -5957633    +16         -11    +66   23 127  156   +6  131  -11  131  -11  16  0  0 L3P 4A
G24 FF 61046 084600  780 515 2792    +1737536   -159         -14    -12   21  16  103  -11  112   +7  112    7  14  0  0 L3P 25
G10 FF 61046 090200  780 197 3206    +5803909    +23         -13     -8   45 103  238  -29  147  +20  147   20  32  0  0 L3P 3B
G12 FF 61046 090200  780 220 2185    +6062019     +2         -39     -3   32  25  215  -67  247   +1  247    1  25  0  0 L3P E9
G13 FF 61046 090200  780 411 1493    -6903901     +8         -36     -3   19  63  123  +19  187  +31  187   31  14  0  0 L3P 20
G14 FF 61046 090200  780 298  575    -7270026    -64          -3    -39   26  89  162  +33  186  +76  186   76  18  0  0 L3P 4A
G15 FF 61046 090200  780 561 1974    -3740902    -51          -3    -15   20  62   97   +8  135  +32  135   32  16  0  0 L3P 0B
G17 FF 61046 090200  780 364  890     +240229   +155           2    +37   24  10  136   -7  162  -30  162  -30  21  0  0 L3P F8
G19 FF 61046 090200  780 314 1188    -6842290    -32          15    -13   26  31  155  -24  208  -57  208  -57  21  0  0 L3P 49
G22 FF 61046 090200  780 460  614     +618625    -40         -20     +0   27  82  112  +12  149  +33  149   33  19  0  0 L3P FA
G23 FF 61046 090200  780 290 2777    -5957681     -7         -11    +43   29 127  166  +14  150   -4  150   -4  23  0  0 L3P 34
G24 FF 61046 090200  780 589 2820    +1737410   -165           2    -18   18  16   94   -8  104  +11  104   11  12  0  0 L3P 06
G10 FF 61046 091800  780 216 3140    +5803941    +44         -10    +13   30 103  218  -13  165   +0  165    0  22  0  0 L3P 09
G12 FF 61046 091800  780 291 2210    +6062018    +46         -44    +42   31  25  166  -39  218  -98  218  -98  26  0  0 L3P 60
G13 FF 61046 091800  780 336 1513    -6903881    +81         -26    +71   25  63  145  +29  213  -16  213  -16  17  0  0 L3P 56
G14 FF 61046 091800  780 233  575    -7270046     -7           1    +18   39  89  203  +54  229  +21  229   21  30  0  0 L3P 06
G15 FF 61046 091800  780 489 1920    -3740943    -15         -11    +20   29  62  107  +13  157   +0  157    0  24  0  0 L3P 1A
G17 FF 61046 091800  780 378  802     +240327   +101         -13    -17   35  10  132   -2  185  +16  185   16  24  0  0 L3P 11
G19 FF 61046 091800  780 363 1122    -6842317    -21           6     -3   19  31  136  -15  189  -10  189  -10  14  0  0 L3P 22
G22 FF 61046 091800  780 396  591     +618595     +3         -11    +44   26  82  126  +18  158  -21  158  -21  18  0  0 L3P 2A
G23 FF 61046 091800  780 258 2702    -5957711    -77           8    -27   45 127  184  +25  164  +56  164   56  34  0  0 L3P 5C
G24 FF 61046 091800  780 665 2840    +1737274   -145           8     +3   20  16   88   -5  104  +10  104   10  13  0  0 L3P F6
G10 FF 61046 093400  780 223 3069    +5803963   +125         -18    +94   31 103  212   -1  185  -58  185  -58  22  0  0 L3P 69
G12 FF 61046 093400  780 363 2238    +6062037    -23         -30    -28   25  25  137  -25  177   +4  177    4  18  0  0 L3P 23
G13 FF 61046 093400  780 263 1532    -6903863     +7         -17     -3   30  63  181  +47  246  +57  246   57  25  0  0 L3P 31
G14 FF 61046 093400  780 169  583    -7270035    +36          35    +61   47  89  275 +101  239   +2  239    2  37  0  0 L3P 26
G15 FF 61046 093400  780 414 1887    -3740972    -12          -7    +24   22  62  122  +19  169   -7  169   -7  19  0  0 L3P 33
G17 FF 61046 093400  780 377  713     +240429    +97         -24    -22   28  10  132   +3  184  +14  184   14  21  0  0 L3P 06
G19 FF 61046 093400  780 404 1043    -6842347    +17          -6    +35   26  31  125   -9  182  -42  182  -42  18  0  0 L3P 33
G22 FF 61046 093400  780 331  584     +618556    -94         -11    -53   33  82  147  +26  181  +69  181   69  26  0  0 L3P 3A
G23 FF 61046 093400  780 217 2636    -5957767    -60           0    -10   43 127  217  +44  197  +29  197   29  32  0  0 L3P 54
G24 FF 61046 093400  780 742 2841    +1737134   -168          10    -20   18  16   84   -3  106  +16  106   16  13  0  0 L3P 1C
G10 FF 61046 095000  780 217 2996    +5804014    +32           3     +2   35 103  217  +12  182  +15  182   15  28  0  0 L3P 11
G12 FF 61046 095000  780 436 2268    +6062050    +16         -21    +12   23  25  117  -17  149  -18  149  -18  16  0  0 L3P 49
G13 FF 61046 095000  780 192 1548    -6903849    +45         -13    +35   39  63  244  +87  290  +30  290   30  28  0  0 L3P 58
G14 FF 61046 095000  780 107  597    -7270074   +136          21   +161  108  89  427 +241  297  -71  297  -71  76  0  0 L3P 99
G15 FF 61046 095000  780 339 1865    -3740996    -15           3    +20   33  62  144  +29  189  +14  189   14  29  0  0 L3P 40
G17 FF 61046 095000  780 361  630     +240564   +128          -3     +9   21  10  137   +8  185   +9  185    9  17  0  0 L3P D8
G19 FF 61046 095000  780 431  951    -6842368    -34         -10    -16   31  31  118   -5  174  +25  174   25  23  0  0 L3P 23
G22 FF 61046 095000  780 267  587     +618503    -32         -24     +9   30  82  179  +40  234  +43  234   43  21  0  0 L3P 0D
G23 FF 61046 095000  780 169 2577    -5957795    +38          19    +88   31 127  275  +80  223  -15  223  -15  25  0  0 L3P 7B
G24 FF 61046 095000  780 818 2771    +1736986   -136           3    +12   16  16   82   -2  116   -6  116   -6  12  0  0 L3P 03
G10 FF 61046 100600  780 199 2924    +5804041    -30           3    -61   38 104  235  +27  208  +64  208   64  27  0  0 L3P 30
G12 FF 61046 100600  780 512 2302    +6062025     -5         -50    -10   29  26  104  -12  169   +2  169    2  21  0  0 L3P E7
G13 FF 61046 100600  780 123 1562    -6903853    +58         -14    +47   41   8  373 +202  387 +108  387  108  30  0  0 L3P 6D
G15 FF 61046 100600  780 266 1850    -3741040     -3          -9    +32   27  83  179  +46  234  +20  234   20  20  0  0 L3P 0E
G17 FF 61046 100600  780 331  557     +240687    +91           2    -27   29  12  147  +14  176  +10  176   10  22  0  0 L3P F3
G19 FF 61046 100600  780 443  851    -6842375     -2           5    +16   27  61  116   -1  166  -29  166  -29  21  0  0 L3P 05
G22 FF 61046 100600  780 205  598     +618477   -109          -8    -69   39  83  229  +68  261  +85  261   85  29  0  0 L3P 4D
G23 FF 61046 100600  780 117 2525    -5957855   -123          15    -73   45 128  390 +174  290 +119  290  119  35  0  0 L3P A4
G24 FF 61046 100600  780 869 2056    +1736846    -81           3    +67   11  21   81   +0  122  -32  122  -32   9  0  0 L3P F2
G25 FF 61046 100600  780 134 2402    -4516735   +115          23    +92   56  30  348 -164  289 -145  289 -145  44  0  0 L3P 9A
G32 FF 61046 100600  780 152 3195    +1753690   -142         -64    +26   31  21  306 -117  246  -48  246  -48  20  0  0 L3P 72
G10 FF 61046 102200  780 171 2857    +5804083    -29          16    -59   36 104  272  +52  225  +65  225   65  29  0  0 L3P 51
G12 FF 61046 102200  780 588 2338    +6062040    +70         -40    +65   28  26   95   -8  151  -50  151  -50  20  0  0 L3P 1E
G15 FF 61046 102200  780 195 1838    -3741063     -1           2    +34   29  83  240  +83  274  +41  274   41  23  0  0 L3P 0D
G17 FF 61046 102200  780 291  498     +240776   +121         -22     +2   29  12  165  +24  195  +15  195   15  24  0  0 L3P 18
G19 FF 61046 102200  780 437  751    -6842394    -19           3     -1   30  61  117   +3  153  -22  153  -22  22  0  0 L3P EE
G22 FF 61046 102200  780 144  615     +618425    -89         -20    -48   45  83  321 +132  312  +75  312   75  34  0  0 L3P 2C
G24 FF 61046 102200  780 811 1460    +1736721   -171          20    -23   15  21   82   +2  110  +12  110   12  11  0  0 L3P E9
G25 FF 61046 102200  780 198 2436    -4516713    +45          23    +22   41  30  239  -77  237  -22  237  -22  30  0  0 L3P 3D
G32 FF 61046 102200  780 209 3172    +1753575    -46         -18   +122   33  21  226  -59  202  -96  202  -96  23  0  0 L3P 60
G10 FF 61046 103800  780 134 2795    +5804093     +2          -4    -29   41 104  343 +102  271  +66  271   66  32  0  0 L3P 3A
G12 FF 61046 103800  780 665 2379    +6062051    +42         -33    +37   15  26   88   -5  140  -38  140  -38  10  0  0 L3P 2A
G15 FF 61046 103800  780 127 1826    -3741130    -65         -31    -30   24  83  360 +185  367 +140  367  140  21  0  0 L3P 73
G17 FF 61046 103800  780 243  453     +240899    +28         -13    -90   29  12  195  +39  214 +109  214  109  21  0  0 L3P 46
G19 FF 61046 103800  780 413  660    -6842427    -59         -12    -41   25  61  122   +8  160  +21  160   21  19  0  0 L3P 16
G24 FF 61046 103800  780 733 1398    +1736558   -233          -1    -86   15  21   84   +4  128  +64  128   64  10  0  0 L3P 2C
G25 FF 61046 103800  780 263 2471    -4516713    -36           1    -58   39  30  182  -44  231   -2  231   -2  29  0  0 L3P 0B
G32 FF 61046 103800  780 263 3136    +1753412   -151         -19    +17   25  21  182  -34  191  -18  191  -18  18  0  0 L3P 5F
G06 FF 61046 105400  780 148  910    +5993991    +51           7     +7   46  16  314  -95  311 -105  311 -105  35  0  0 L3P 37
G12 FF 61046 105400  780 742 2428    +6062069     +6         -19     +1   17  26   84   -3  123   -6  123   -6  12  0  0 L3P D9
G17 FF 61046 105400  780 190  421     +241020   +132          -6    +14   49  12  245  +69  253  +36  253   36  37  0  0 L3P 0D
G19 FF 61046 105400  780 375  585    -6842449     +9         -17    +27   22  61  132  +14  177  +19  177   19  19  0  0 L3P 3E
G24 FF 61046 105400  780 654 1396    +1736426   -137           9    +11   18  21   89   +6  127   +4  127    4  13  0  0 L3P F3
G25 FF 61046 105400  780 330 2509    -4516711    +34         -19    +12   27  30  148  -28  213  -46  213  -46  20  0  0 L3P 42
G32 FF 61046 105400  780 311 3088    +1753273   -179           3    -11   23  21  156  -21  178   +6  178    6  16  0  0 L3P 12
G06 FF 61046 111000  780 190  850    +5994034    +44           7     +0   32  16  247  -50  257  -59  257  -59  22  0  0 L3P 15
G12 FF 61046 111000  780 820 2505    +6062084     -6          -9    -10   13  26   82   -2  118  +13  118   13  10  0  0 L3P D7
G17 FF 61046 111000  780 134  399     +241137    +98          -2    -20   48  12  343 +144  305  +77  305   77  35  0  0 L3P 1D
G19 FF 61046 111000  780 327  527    -6842464     +9         -15    +28   31  61  149  +22  208   -3  208   -3  22  0  0 L3P 04
G24 FF 61046 111000  780 576 1409    +1736280   -140           5     +8   19  21   96   +9  139  +17  139   17  14  0  0 L3P 05
G25 FF 61046 111000  780 399 2549    -4516668    +35           3    +13   24  30  126  -19  165  -32  165  -32  19  0  0 L3P 3A
G32 FF 61046 111000  780 350 3024    +1753110   -129           2    +40   27  21  141  -12  179  -28  179  -28  19  0  0 L3P 2E
G06 FF 61046 112600  780 225  783    +5994061     +6          -8    -38   26  16  210  -28  254  +33  254   33  21  0  0 L3P 11
G11 FF 61046 112600  780 118 1197    +4838105   -223          21    -90   56 171  391 -182  309  +14  309   14  45  0  0 L3P 6E
G12 FF 61046 112600  780 889 3256    +6062079    +11         -18     +6   21  26   81   +0  127   -7  127   -7  15  0  0 L3P F6
G19 FF 61046 112600  780 271  485    -6842479    -32         -12    -14   23  61  176  +36  238  +48  238   48  16  0  0 L3P 4C
G24 FF 61046 112600  780 499 1427    +1736136   -162           3    -14   19  21  105  +12  159  +39  159   39  14  0  0 L3P 3E
G25 FF 61046 112600  780 469 2591    -4516656    +62          -7    +40   22  30  111  -13  157  -49  157  -49  15  0  0 L3P 4A
G29 FF 61046 112600  780 100 1990    +3975905    +14           2    +78   61  22  463 -311  381  -88  381  -88  52  0  0 L3P 5B
G32 FF 61046 112600  780 378 2947    +1752955   -181           8    -13   26  21  132   -7  176   +4  176    4  20  0  0 L3P 0C
G06 FF 61046 114200  780 249  710    +5994105    +96          -7    +52   39  16  191  -14  247  -34  247  -34  29  0  0 L3P 40
G11 FF 61046 114200  780 173 1151    +4837960    -88           4    +45   35 171  271  -84  271  -63  271  -63  25  0  0 L3P 4F
G12 FF 61046 114200  780 824  615    +6062106    +43           4    +39   13  26   82   +1  118  -28  118  -28   8  0  0 L3P E0
G19 FF 61046 114200  780 212  457    -6842494     -5         -10    +13   33  61  222  +63  268  +46  268   46  26  0  0 L3P 28
G24 FF 61046 114200  780 423 1446    +1735992   -124           1    +24   23  21  120  +18  184   +1  184    1  17  0  0 L3P FB
G25 FF 61046 114200  780 540 2636    -4516629     +9          -2    -14   19  30  100  -10  143   +7  143    7  13  0  0 L3P E7
G28 FF 61046 114200  780 137 3049    +6148479   -100         -25    -51   30 199  340 -156  310  +15  310   15  22  0  0 L3P 6F
G29 FF 61046 114200  780 169 1998    +3975857    -36          15    +28   43  22  278 -115  283  -91  283  -91  34  0  0 L3P 87
G32 FF 61046 114200  780 391 2860    +1752794   -172           9     -4   28  21  128   -2  175   +0  175    0  20  0  0 L3P E9
G06 FF 61046 115800  780 262  633    +5994151     +7          -2    -38   38  16  182   -4  241  +23  241   23  30  0  0 L3P F7
G11 FF 61046 115800  780 226 1099    +4837820   -208          -9    -75   36 171  210  -46  270  +53  270   53  29  0  0 L3P 65
G12 FF 61046 115800  780 749  698    +6062100    +37          -5    +33   12  26   84   +3  138   +4  138    4  10  0  0 L3P D2
G19 FF 61046 115800  780 150  441    -6842494   -115           8    -97   36  61  309 +127  295  +84  295   84  28  0  0 L3P 63
G24 FF 61046 115800  780 350 1465    +1735860    -92          11    +56   25  21  140  +26  204   -4  204   -4  19  0  0 L3P 12
G25 FF 61046 115800  780 613 2684    -4516600    +41           5    +19   21  30   92   -7  139  -13  139  -13  14  0  0 L3P 09
G28 FF 61046 115800  780 201 3058    +6148478    -65          20    -16   49 199  235  -75  250  -14  250  -14  40  0  0 L3P 66
G29 FF 61046 115800  780 240 2008    +3975786     -3           5    +61   40  22  199  -58  237  -77  237  -77  33  0  0 L3P 44
G32 FF 61046 115800  780 389 2767    +1752643    -82          20    +86   26  21  128   +3  167  -63  167  -63  22  0  0 L3P 49
G06 FF 61046 121400  780 261  557    +5994189    +39          -5     -5   38  27  183   +5  233  -15  233  -15  28  0  0 L3P 1D
G11 FF 61046 121400  780 273 1038    +4837694   -118           0    +15   25 172  176  -28  249  -32  249  -32  19  0  0 L3P 62
G12 FF 61046 121400  780 675  752    +6062104     -7         -10    -11   20  88   87   +5  147  +25  147   25  14  0  0 L3P F3
G24 FF 61046 121400  780 278 1484    +1735702   -155          -8     -7   24  45  172  +41  254  +37  254   37  18  0  0 L3P 3E
G25 FF 61046 121400  780 687 2740    -4516577    +67           3    +44   17  31   87   -5  141  -27  141  -27  12  0  0 L3P 19
G28 FF 61046 121400  780 266 3059    +6148412    -18           1    +31   28 199  181  -43  235  -63  235  -63  20  0  0 L3P 4B
G29 FF 61046 121400  780 313 2020    +3975725    -86           5    -22   33  25  156  -34  210  +16  210   16  25  0  0 L3P 15
G32 FF 61046 121400  780 370 2678    +1752471   -134           9    +34   23  21  134   +8  191   -7  191   -7  17  0  0 L3P 0F
G06 FF 61046 123000  780 247  484    +5994232    +83          -4    +39   34  27  192  +15  233  -36  233  -36  24  0  0 L3P 35
G11 FF 61046 123000  780 314  968    +4837546   -121         -21    +12   32 172  155  -17  249  -42  249  -42  22  0  0 L3P 5F
G12 FF 61046 123000  780 602  800    +6062102    -19         -17    -23   17  88   93   +7  164  +32  164   32  12  0  0 L3P F9
G24 FF 61046 123000  780 209 1500    +1735570   -128           2    +20   30  45  225  +72  294  +24  294   24  24  0  0 L3P 21
G25 FF 61046 123000  780 761 2814    -4516552    -30           5    -52   18  31   83   -3  139  +31  139   31  12  0  0 L3P F6
G28 FF 61046 123000  780 331 3050    +6148369   -115           5    -66   33 199  148  -27  203  +24  203   24  22  0  0 L3P 44
G29 FF 61046 123000  780 388 2033    +3975649    -42         -10    +22   28  25  129  -22  215  -12  215  -12  20  0  0 L3P 44
G32 FF 61046 123000  780 338 2596    +1752289   -162         -11     +6   33  21  145  +15  230  +17  230   17  24  0  0 L3P 33
G06 FF 61046 124600  780 221  418    +5994250    +53         -29     +8   36  27  213  +30  246  -19  246  -19  26  0  0 L3P 36
G11 FF 61046 124600  780 345  889    +4837433   -152          -7    -19   24 172  143   -9  203   -9  203   -9  19  0  0 L3P 2F
G12 FF 61046 124600  780 531  845    +6062115    -13          -9    -17   18  88  101  +10  163  +16  163   16  12  0  0 L3P 0F
G24 FF 61046 124600  780 142 1515    +1735444   -246          17    -98   30  45  325 +149  336 +125  336  125  23  0  0 L3P 85
G25 FF 61046 124600  780 834 2963    -4516543    +36          -7    +13   16  31   81   -1  140  -25  140  -25  11  0  0 L3P 0F
G28 FF 61046 124600  780 396 3027    +6148312    -13          -5    +36   29 199  127  -18  188  -51  188  -51  21  0  0 L3P 6B
G29 FF 61046 124600  780 465 2045    +3975590   -108          -8    -44   38  25  111  -15  201  +11  201   11  29  0  0 L3P 3D
G31 FF 61046 124600  780 101 3119    +1740861    -23          30     -3   30  87  454 -283  292   -7  292   -7  25  0  0 L3P 20
G32 FF 61046 124600  780 295 2524    +1752138   -147          -1    +21   25  21  163  +24  253  +20  253   20  18  0  0 L3P 2D
G06 FF 61046 130200  780 184  361    +5994323    +52           1     +7   42  27  253  +55  215  -10  215  -10  29  0  0 L3P FD
G11 FF 61046 130200  780 362  803    +4837291   -189         -20    -56   18 172  137   -3  194   -3  194   -3  14  0  0 L3P 32
G12 FF 61046 130200  780 461  888    +6062128    +54           0    +50   25  88  112  +13  162  -38  162  -38  17  0  0 L3P 1A
G25 FF 61046 130200  780 873  411    -4516515    +10          -1    -13   16  31   81   +0  129   +5  129    5  10  0  0 L3P B7
G28 FF 61046 130200  780 457 2986    +6148264    -26          -5    +22   26 199  113  -12  164  -37  164  -37  17  0  0 L3P 67
G29 FF 61046 130200  780 544 2056    +3975538    -91           1    -28   35  25  100  -10  168   -6  168   -6  30  0  0 L3P 14
G31 FF 61046 130200  780 166 3117    +1740835    +40          23    +60   40  87  282 -110  259 -106  259 -106  29  0  0 L3P 72
G32 FF 61046 130200  780 245 2463    +1751990   -210          13    -42   25  21  194  +40  286 +104  286  104  18  0  0 L3P 5E
G06 FF 61046 131800  780 140  316    +5994380   +123          16    +78   34  27  329 +111  190  -49  190  -49  26  0  0 L3P 63
G11 FF 61046 131800  780 364  715    +4837165   -138         -18     -5   25 172  136   +2  168  -16  168  -16  18  0  0 L3P 50
G12 FF 61046 131800  780 394  931    +6062119    +49         -13    +45   29  88  127  +19  177  -31  177  -31  22  0  0 L3P 4E
G25 FF 61046 131800  780 807  895    -4516486    +29           6     +6   16  31   82   +2  114  -24  114  -24  11  0  0 L3P ED
G28 FF 61046 131800  780 513 2919    +6148223    -44           0     +4   21 199  104   -8  141  -20  141  -20  15  0  0 L3P 10
G29 FF 61046 131800  780 623 2060    +3975467    -78          -8    -14   22  25   91   -7  153  -12  153  -12  16  0  0 L3P 26
G31 FF 61046 131800  780 230 3107    +1740808   -109          16    -89   44  87  206  -56  223  +36  223   36  32  0  0 L3P 4D
G32 FF 61046 131800  780 190 2410    +1751830   -245          14    -76   40  21  245  +71  327 +109  327  109  33  0  0 L3P 62
G11 FF 61046 133400  780 351  630    +4837045   -156         -11    -23   22 172  140   +7  144   +6  144    6  18  0  0 L3P 0C
G12 FF 61046 133400  780 328  972    +6062128    -47          -8    -52   30  88  149  +27  175  +40  175   40  27  0  0 L3P 2F
G25 FF 61046 133400  780 733  999    -4516473     -3          -3    -26   21  31   84   +3  111  +14  111   14  14  0  0 L3P DD
G28 FF 61046 133400  780 556 2822    +6148169    -39          -7    +10   23 199   98   -4  134  -19  134  -19  15  0  0 L3P 4A
G29 FF 61046 133400  780 702 2048    +3975414    -61          -1     +2   23  25   86   -4  125  -14  125  -14  16  0  0 L3P 00
G31 FF 61046 133400  780 294 3085    +1740773     +0           0    +20   32  87  165  -33  192  -58  192  -58  23  0  0 L3P 24
G32 FF 61046 133400  780 133 2364    +1751677    -78          22    +90   51  21  345 +147  382  -27  382  -27  37  0  0 L3P 65
G11 FF 61046 135000  780 324  555    +4836936   -173           7    -40   30 172  150  +14  124  +23  124   23  21  0  0 L3P 20
G12 FF 61046 135000  780 263 1012    +6062123    -15         -18    -19   28  88  181  +42  194  +35  194   35  21  0  0 L3P 3B
G25 FF 61046 135000  780 659 1061    -4516447     +2           2    -21   12  31   88   +5  107  +11  107   11   8  0  0 L3P C7
G26 FF 61046 135000  780 181 2887    +3069575    -12           8    -73   54  15  260  -91  242   -6  242   -6  44  0  0 L3P 1F
G28 FF 61046 135000  780 581 2693    +6148110    -54         -25     -5   17 201   95   -2  129  -12  129  -12  12  0  0 L3P 26
G29 FF 61046 135000  780 778 1985    +3975334    -39         -19    +24   18  25   83   -2  120  -26  120  -26  12  0  0 L3P 3E
G31 FF 61046 135000  780 354 3049    +1740750    -35          -3    -15   31  87  139  -21  165  -11  165  -11  22  0  0 L3P 30
G11 FF 61046 140600  780 285  493    +4836785   -174         -14    -41   31 173  169  +24  142  +22  142   22  24  0  0 L3P 56
G12 FF 61046 140600  780 200 1051    +6062117    +16         -28    +12   32   6  234  +71  197  -11  197  -11  27  0  0 L3P 22
G18 FF 61046 140600  780 124 1805    +4579035    -37         -36    +61   42 137  375 -207  402 -196  402 -196  30  0  0 L3P A5
G20 FF 61046 140600  780 164  715    -3617935    +30           9    +29   31  14  284  -48  167  -54  167  -54  27  0  0 L3P 34
G25 FF 61046 140600  780 585 1112    -4516437    +20          -9     -3   17  32   95   +8  109   -4  109   -4  12  0  0 L3P E0
G26 FF 61046 140600  780 245 2909    +3069617     -5         -10    -66   33  15  195  -51  199  +16  199   16  27  0  0 L3P 4E
G28 FF 61046 140600  780 582 2548    +6148076    -84         -15    -35   23 202   95   +1  118  +25  118   25  17  0  0 L3P 3D
G29 FF 61046 140600  780 843 1678    +3975316    -30          22    +34   16  28   81   -1   77  -26   77  -26  11  0  0 L3P 10
G31 FF 61046 140600  780 409 2994    +1740740    -18          -6     +3   21   2  123  -13  136  -18  136  -18  16  0  0 L3P 12
G11 FF 61046 142200  780 237  444    +4836651   -125         -20     +8   38 173  199  +41  152   +6  152    6  28  0  0 L3P 22
G12 FF 61046 142200  780 139 1088    +6062131    -14         -18    -18   47   6  331 +142  197  +24  197   24  35  0  0 L3P 43
G18 FF 61046 142200  780 194 1799    +4578983    -53           6    +45   39 137  243  -89  247 -164  247 -164  29  0  0 L3P A5
G20 FF 61046 142200  780 187  649    -3617945    +45          -2    +44   34  14  250  -24  156  -64  156  -64  27  0  0 L3P 3B
G21 FF 61046 142200  780 116  670    -3744276    -53         -10    +32   52  98  395 -101  181  -34  181  -34  41  0  0 L3P 4D
G25 FF 61046 142200  780 512 1155    -4516423    +29         -17     +6   23  32  103  +11  115   +0  115    0  17  0  0 L3P E4
G26 FF 61046 142200  780 312 2925    +3069698    +61          12     +0   36  15  156  -32  144  -50  144  -50  27  0  0 L3P 2B
G28 FF 61046 142200  780 559 2412    +6148031    -53         -13     -4   29 202   98   +4  107   +9  107    9  22  0  0 L3P FA
G29 FF 61046 142200  780 831  931    +3975258   -123          25    -59   16  28   81   +1   65  +35   65   35  10  0  0 L3P FE
G31 FF 61046 142200  780 454 2919    +1740716    -36          -9    -15   25   2  113   -8  120  -10  120  -10  21  0  0 L3P FD
G04 FF 61046 143800  780 110 3287     -364653    +43          15    +67   51 124  412  -28  196  -51  196  -51  35  0  0 L3P 4D
G05 FF 61046 143800  780 146  912    +2268147    -51          21    -57   52  56  317  -96  170  -14  170  -14  37  0  0 L3P 3D
G11 FF 61046 143800  780 184  408    +4836530    -97         -14    +36   37 173  254  +75  146  -36  146  -36  29  0  0 L3P 6C
G18 FF 61046 143800  780 267 1793    +4578877   -133          -7    -35   27 137  180  -48  184  -30  184  -30  18  0  0 L3P 8D
G20 FF 61046 143800  780 199  579    -3617951    +23          -9    +22   32  14  235   -8  146  -25  146  -25  25  0  0 L3P 2C
G21 FF 61046 143800  780 141  607    -3744340   -110           8    -25   44  98  326  -49  141   -5  141   -5  32  0  0 L3P 0C
G25 FF 61046 143800  780 440 1195    -4516396    +44         -13    +21   22  32  116  +15  123   +7  123    7  17  0  0 L3P 11
G26 FF 61046 143800  780 380 2934    +3069764    +63          20     +2   24  15  131  -21  109  -17  109  -17  19  0  0 L3P 31
G28 FF 61046 143800  780 515 2303    +6147983    -54         -15     -5   28 202  103   +8  105   +3  105    3  20  0  0 L3P FF
G29 FF 61046 143800  780 764  727    +3975162   -108         -10    -44   20  28   83   +3   89  +40   89   40  15  0  0 L3P 13
G31 FF 61046 143800  780 485 2822    +1740708     -5           2    +15   22   2  108   -4   97  -24   97  -24  16  0  0 L3P DD
G04 FF 61046 145400  780 112 3223     -364678    -47          14    -23   51 125  404  +11  193   +5  193    5  36  0  0 L3P 0B
G05 FF 61046 145400  780 188  852    +2268150     +9          17     +3   40  56  250  -50  142  -24  142  -24  31  0  0 L3P 02
G11 FF 61046 145400  780 127  383    +4836409   -140          -7     -7   40 173  362 +163  129  -11  129  -11  32  0  0 L3P 4B
G16 FF 61046 145400  780 106 2939    -1824569    -94          -6    -18   48  96  434 -254  247  -69  247  -69  35  0  0 L3P 90
G18 FF 61046 145400  780 341 1785    +4578778    -45         -11    +53   35 137  144  -29  147  -67  147  -67  27  0  0 L3P 90
G20 FF 61046 145400  780 201  510    -3617938    -21           3    -22   43  14  233   +5  127   +2  127    2  31  0  0 L3P BC
G21 FF 61046 145400  780 158  541    -3744427   -111           3    -26   41  98  293  -21  124  +14  124   14  35  0  0 L3P 1E
G25 FF 61046 145400  780 370 1232    -4516370     +5          -8    -17   18  32  134  +22  131  +33  131   33  13  0  0 L3P 04
G26 FF 61046 145400  780 450 2933    +3069806    +42           2    -19   20  15  114  -15  104   +2  104    2  15  0  0 L3P E7
G28 FF 61046 145400  780 459 2220    +6147941    -57         -10     -8   27 202  112  +12  108  +14  108   14  20  0  0 L3P 31
G29 FF 61046 145400  780 690  689    +3975107    -60          -4     +4   19  28   87   +4   81  +14   81   14  13  0  0 L3P DC
G31 FF 61046 145400  780 497 2710    +1740672    -66         -14    -45   22   2  106   +0  104  +30  104   30  15  0  0 L3P 02
G04 FF 61046 151000  780 103 3158     -364734   -102         -19    -78   46 125  436  +56  215  +62  215   62  32  0  0 L3P 52
G05 FF 61046 151000  780 222  784    +2268129    +26         -10    +20   27  56  213  -28  144  -27  144  -27  21  0  0 L3P 30
G16 FF 61046 151000  780 171 2962    -1824629    +39           7   +115   35  96  275 -105  168 -123  168 -123  26  0  0 L3P 8D
G18 FF 61046 151000  780 418 1773    +4578692   -136          -4    -39   35 137  121  -19  123  +20  123   20  25  0  0 L3P 56
G20 FF 61046 151000  780 190  442    -3617965    -53         -25    -55   42  14  246  +21  136  +22  136   22  32  0  0 L3P 22
G21 FF 61046 151000  780 163  473    -3744518    -65          -6    +20   46  98  284   +0  122  -24  122  -24  34  0  0 L3P 14
G25 FF 61046 151000  780 302 1266    -4516342    +28          -2     +5   27  32  160  +34  140  +26  140   26  21  0  0 L3P FD
G26 FF 61046 151000  780 520 2917    +3069861    +89          -2    +28   25  15  103  -10   98  -20   98  -20  18  0  0 L3P 1F
G28 FF 61046 151000  780 395 2160    +6147882    -24         -22    +24   29 202  127  +18  123  -10  123  -10  21  0  0 L3P 49
G29 FF 61046 151000  780 616  692    +3975036    -23         -14    +41   20  28   92   +7   88  -23   88  -23  14  0  0 L3P 04
G31 FF 61046 151000  780 488 2595    +1740650    -87         -17    -66   23   2  107   +3  103  +63  103   63  17  0  0 L3P 1C
G05 FF 61046 152600  780 246  711    +2268156     +8          10     +1   25  56  194  -14  111  -14  111  -14  21  0  0 L3P F2
G16 FF 61046 152600  780 237 2980    -1824683    -14          26    +62   38  96  201  -56  131  -76  131  -76  29  0  0 L3P 5E
G18 FF 61046 152600  780 494 1754    +4578602   -129           0    -31   27 137  106  -13  115  +11  115   11  17  0  0 L3P 41
G20 FF 61046 152600  780 168  380    -3617941    -16          -3    -17   29  14  275  +43  116  +11  116   11  21  0  0 L3P 13
G21 FF 61046 152600  780 158  407    -3744595    -77          -1     +9   42  98  293  +21  102  -31  102  -31  34  0  0 L3P 1D
G25 FF 61046 152600  780 234 1297    -4516308    +60          11    +38   31  32  202  +55  147   -7  147   -7  25  0  0 L3P 1D
G26 FF 61046 152600  780 587 2875    +3069917    +43          -5    -19   21  15   95   -7   94   +8   94    8  15  0  0 L3P F1
G28 FF 61046 152600  780 327 2115    +6147842     +9         -14    +58   30 202  149  +28  129  -25  129  -25  23  0  0 L3P 57
G29 FF 61046 152600  780 544  710    +3974970    -59         -19     +5   22  28   99   +9   94   -1   94   -1  16  0  0 L3P E5
G31 FF 61046 152600  780 461 2489    +1740628    +17         -19    +37   28   2  112   +7  110  -15  110  -15  19  0  0 L3P 22
G05 FF 61046 154200  780 257  634    +2268162     -1          10     -7   34  56  185   -4   97  -14   97  -14  26  0  0 L3P E4
G16 FF 61046 154200  780 305 2992    -1824775    -54           7    +22   31  96  159  -34  123  -35  123  -35  22  0  0 L3P 3E
G18 FF 61046 154200  780 571 1718    +4578516    -50           8    +48   23 137   96   -9   97  -55   97  -55  17  0  0 L3P 30
G20 FF 61046 154200  780 137  325    -3617943    +51          -6    +49   22  14  335  +86  102  -40  102  -40  18  0  0 L3P 1D
G21 FF 61046 154200  780 141  344    -3744704    -58         -29    +27   48  98  326  +50  110  -21  110  -21  33  0  0 L3P 34
G25 FF 61046 154200  780 169 1325    -4516295    +33           2    +10   40  32  275 +104  164   -7  164   -7  28  0  0 L3P 1B
G26 FF 61046 154200  780 649 2791    +3069979     +0          -2    -62   16  15   89   -4   88  +37   88   37  10  0  0 L3P 00
G28 FF 61046 154200  780 259 2080    +6147812    -99           3    -50   38 202  184  +47  136  +57  136   57  31  0  0 L3P 4B
G29 FF 61046 154200  780 474  737    +3974917    -44         -10    +19   21  28  110  +13   85  -15   85  -15  15  0  0 L3P 28
G31 FF 61046 154200  780 419 2401    +1740616    +50         -11    +70   18   2  121  +12  110  -52  110  -52  14  0  0 L3P 0A
G05 FF 61046 155800  780 256  557    +2268157    -45          -2    -52   33  56  186   +6   96  +36   96   36  23  0  0 L3P 0C
G16 FF 61046 155800  780 376 2994    -1824850    -62           5    +14   24  96  133  -22  110  -20  110  -20  17  0  0 L3P 2E
G18 FF 61046 155800  780 643 1652    +4578419   -117           5    -20   18 137   90   -5   87   -1   87   -1  13  0  0 L3P 01
G21 FF 61046 155800  780 114  287    -3744746   -102          11    -16   40  98  399 +108   72   -1   72   -1  34  0  0 L3P 18
G25 FF 61046 155800  780 105 1351    -4516274    -39           1    -62   64  32  434 +255  159  +38  159   38  48  0  0 L3P 51
G26 FF 61046 155800  780 696 2640    +3070038    +69          -1     +8   15  15   86   -2   84   +3   84    3  11  0  0 L3P BD
G28 FF 61046 155800  780 191 2051    +6147750    -70         -13    -21   47 202  245  +85  160  +32  160   32  35  0  0 L3P 4D
G29 FF 61046 155800  780 405  768    +3974844    -52         -22    +12   28  28  124  +18   91   -7   91   -7  20  0  0 L3P 10
G31 FF 61046 155800  780 366 2330    +1740590    -11         -17    +10   17   2  135  +18  127   +3  127    3  14  0  0 L3P F6
G05 FF 61046 161400  780 241  484    +2268170    +12           7     +5   32  57  197  +17   82  -13   82  -13  24  0  0 L3P E5
G16 FF 61046 161400  780 446 2985    -1824936    -87          -1    -11   18  97  115  -15  101  -15  101  -15  13  0  0 L3P 43
G18 FF 61046 161400  780 706 1526    +4578331   -104          10     -6   19 138   86   -3   77   -6   77   -6  12  0  0 L3P FB
G23 FF 61046 161400  780 135 1465    -5959000    +11         -25    +61   47 132  344 -164  166  -91  166  -91  39  0  0 L3P 80
G26 FF 61046 161400  780 714 2418    +3070099    +53           1     -8   17  18   85   +0   78   +9   78    9  12  0  0 L3P B8
G27 FF 61046 161400  780 160 2684     +134927   +103           5    +31   39  19  291 -112  163  -33  163  -33  30  0  0 L3P 3A
G28 FF 61046 161400  780 124 2026    +6147703    +67         -16   +116   44 203  369 +190  168  -72  168  -72  40  0  0 L3P 91
G29 FF 61046 161400  780 339  802    +3974798    -70          -4     -6   24  31  144  +25   77   -1   77   -1  19  0  0 L3P EB
G31 FF 61046 161400  780 308 2274    +1740573    -15         -13     +5   31   3  157  +29  133   -1  133   -1  24  0  0 L3P F0
G05 FF 61046 163000  780 214  418    +2268167    +33          -3    +26   33  57  220  +33   85  -29   85  -29  25  0  0 L3P 0C
G16 FF 61046 163000  780 516 2955    -1824998    -11           9    +65   23  97  103  -10   77  -55   77  -55  16  0  0 L3P 30
G18 FF 61046 163000  780 745 1297    +4578251    -63          24    +35   23 138   84   -1   56  -36   56  -36  15  0  0 L3P 25
G23 FF 61046 163000  780 201 1434    -5959042     -9         -19    +41   40 132  236  -77  131  -93  131  -93  32  0  0 L3P 4D
G26 FF 61046 163000  780 695 2195    +3070153    +76          -5    +15   17  18   86   +2   82  -17   82  -17  12  0  0 L3P FF
G27 FF 61046 163000  780 223 2720     +134986    +94          -5    +23   41  19  213  -60  153  -41  153  -41  30  0  0 L3P 1C
G29 FF 61046 163000  780 275  837    +3974728   -105         -13    -42   35  31  174  +38   87  +45   87   45  25  0  0 L3P 41
G31 FF 61046 163000  780 246 2228    +1740558     +5          -9    +26   30   3  193  +47  149   -1  149   -1  24  0  0 L3P F3
G05 FF 61046 164600  780 176  361    +2268179    +29           3    +22   44  57  264  +62   64  -23   64  -23  33  0  0 L3P 07
G16 FF 61046 164600  780 582 2897    -1825076   -118           5    -42   17  97   95   -7   68  +16   68   16  11  0  0 L3P 1D
G18 FF 61046 164600  780 742 1009    +4578142   -132           8    -35   16 138   84   +1   56   +6   56    6  12  0  0 L3P E8
G23 FF 61046 164600  780 267 1398    -5959086     -2         -16    +48   25 132  180  -43  106  -48  106  -48  20  0  0 L3P 69
G26 FF 61046 164600  780 646 2039    +3070217    +32           1    -30   26  18   89   +4   76  +14   76   14  19  0  0 L3P E3
G27 FF 61046 164600  780 288 2756     +135052     +7          -8    -65   25  19  168  -36  121  +14  121   14  20  0  0 L3P 11
G29 FF 61046 164600  780 212  874    +3974676    -68          -5     -4   32  31  221  +62   83   -1   83   -1  23  0  0 L3P E1
G31 FF 61046 164600  780 184 2190    +1740558    +58          11    +78   37   3  253  +84  153  -51  153  -51  29  0  0 L3P 3E
G05 FF 61046 170200  780 131  315    +2268218    -88          35    -95   36  57  351 +128   34  +60   34   60  29  0  0 L3P 1B
G16 FF 61046 170200  780 638 2791    -1825160    -68          -7     +8   24  97   90   -4   64  -19   64  -19  15  0  0 L3P 05
G18 FF 61046 170200  780 700  802    +4578032    -53          -8    +45   16 138   86   +3   56  -40   56  -40  11  0  0 L3P F5
G23 FF 61046 170200  780 332 1355    -5959122    +32          -4    +82   31 132  148  -26   82  -74   82  -74  21  0  0 L3P 2E
G26 FF 61046 170200  780 583 1946    +3070285    +29          10    -32   25  18   95   +7   67  +23   67   23  19  0  0 L3P FE
G27 FF 61046 170200  780 355 2791     +135127    +81          -2     +9   21  19  139  -24   92  -32   92  -32  19  0  0 L3P FB
G29 FF 61046 170200  780 152  911    +3974599    -73         -20     -9   48  31  305 +119   96  +12   96   12  37  0  0 L3P 26
G31 FF 61046 170200  780 122 2157    +1740521    -18          -6     +3   35   3  374 +182  175  +20  175   20  29  0  0 L3P 0D
G10 FF 61046 171800  780 154 1642    +5804851     -8          10    -39   35  31  304 -136  118   +9  118    9  28  0  0 L3P 19
G16 FF 61046 171800  780 675 2625    -1825240    -96         -13    -20   20  97   88   -1   60   +4   60    4  14  0  0 L3P DE
G18 FF 61046 171800  780 638  696    +4577940   -105          -6     -8   20 138   90   +5   48   -8   48   -8  15  0  0 L3P FB
G23 FF 61046 171800  780 394 1300    -5959187    -31         -20    +19   28 132  127  -17   79  -25   79  -25  22  0  0 L3P 55
G26 FF 61046 171800  780 512 1892    +3070314    +59         -20     -2   25  18  103  +11   88   +2   88    2  20  0  0 L3P DD
G27 FF 61046 171800  780 424 2824     +135200   +101           2    +29   25  19  120  -17   69  -44   69  -44  19  0  0 L3P 0C
G07 FF 61046 173400  780 113 3302    +1316079    +26          17    -26   37  66  403  -81   76   +6   76    6  29  0  0 L3P FA
G08 FF 61046 173400  780 179 2850    -5071714    +77          18    +36   43  64  262  -92  100  -68  100  -68  33  0  0 L3P 56
G10 FF 61046 173400  780 224 1624    +5804858     -5         -13    -36   29  31  212  -66  112  -15  112  -15  23  0  0 L3P 31
G16 FF 61046 173400  780 679 2419    -1825308    -92          -8    -16   16  97   87   +1   50   +9   50    9  11  0  0 L3P E2
G18 FF 61046 173400  780 570  647    +4577859   -102           7     -4   24 138   96   +8   37   +8   37    8  16  0  0 L3P E1
G23 FF 61046 173400  780 451 1228    -5959227    -62         -13    -12   28 132  114  -11   59   -2   59   -2  23  0  0 L3P 1B
G26 FF 61046 173400  780 439 1859    +3070379    +60         -14     -2   28  18  116  +16   88   +1   88    1  23  0  0 L3P F9
G27 FF 61046 173400  780 495 2853     +135268    +92           1    +20   24  19  106  -12   51  -30   51  -30  19  0  0 L3P F3
G07 FF 61046 175000  780 131 3244    +1316097    +36         -15    -16   43  66  349  -36   87   -6   87   -6  30  0  0 L3P 19
G08 FF 61046 175000  780 244 2877    -5071677    +51          16    +10   47  64  196  -51   73  -37   73  -37  36  0  0 L3P 3E
G10 FF 61046 175000  780 297 1604    +5804904    +38           4     +8   22  31  164  -38   76  -28   76  -28  17  0  0 L3P 0E
G15 FF 61046 175000  780 125  628    -3742009    -21           5    +15   48  93  366  -65   48  -14   48  -14  38  0  0 L3P 0F
G16 FF 61046 175000  780 650 2234    -1825394    -69         -21     +7   19  97   89   +3   58   -5   58   -5  14  0  0 L3P F3
G18 FF 61046 175000  780 499  630    +4577762    -95           4     +3   29 138  105  +11   36   +2   36    2  22  0  0 L3P D4
G23 FF 61046 175000  780 497 1136    -5959275    -43         -12     +7   22 132  106   -6   47  -22   47  -22  17  0  0 L3P 24
G26 FF 61046 175000  780 366 1839    +3070447    +77          -5    +15   24  18  135  +24   89   +7   89    7  21  0  0 L3P 02
G27 FF 61046 175000  780 568 2878     +135328   +103          -8    +32   20  19   97   -9   46  -34   46  -34  14  0  0 L3P 0C
G07 FF 61046 180600  780 140 3183    +1316144   +133         -18    +81   31  71  329   -8   85  -48   85  -48  23  0  0 L3P 37
G08 FF 61046 180600  780 310 2900    -5071650   +125           5    +84   30  76  157  -32   60  -64   60  -64  19  0  0 L3P 1F
G10 FF 61046 180600  780 370 1578    +5804942    +20          12    -11   21  31  135  -24   58   -2   58   -2  14  0  0 L3P EB
G15 FF 61046 180600  780 143  560    -3742038    -30           8     +6   38 102  322  -28   34   -9   34   -9  30  0  0 L3P D4
G16 FF 61046 180600  780 596 2107    -1825467    -89         -16    -13   26  98   94   +6   54   +4   54    4  20  0  0 L3P F5
G18 FF 61046 180600  780 429  631    +4577655   -120         -10    -22   27 139  118  +16   45   +5   45    5  20  0  0 L3P 0F
G23 FF 61046 180600  780 527 1023    -5959324    -19         -11    +31   22 133  102   -3   39  -25   39  -25  15  0  0 L3P 25
G26 FF 61046 180600  780 294 1824    +3070515    +73           0    +12   26  21  164  +37   82   -7   82   -7  20  0  0 L3P E3
G27 FF 61046 180600  780 643 2892     +135403    +72           3     +0   14  29   90   -6   37   -4   37   -4   9  0  0 L3P 94
G02 FF 61046 182200  780 101 2477     -108940    -81          -6     +2   39 175  457 -278  134  -39  134  -39  30  0  0 L3P 4C
G07 FF 61046 182200  780 138 3120    +1316193    +68         -20    +16   36  71  333  +16   88   +4   88    4  27  0  0 L3P FD
G08 FF 61046 182200  780 378 2918    -5071597    +26          18    -15   22  76  132  -21   38  +13   38   13  15  0  0 L3P 21
G10 FF 61046 182200  780 442 1542    +5804964    +68           5    +37   19  31  116  -16   57  -45   57  -45  13  0  0 L3P 1A
G15 FF 61046 182200  780 150  491    -3742074    -37           6     -2   41 102  307   -3   36  +16   36   16  32  0  0 L3P CF
G16 FF 61046 182200  780 531 2027    -1825537   -154         -12    -78   31  98  101   +9   52  +62   52   62  23  0  0 L3P 22
G18 FF 61046 182200  780 360  643    +4577546    -68         -25    +30   30 139  137  +23   55  -20   55  -20  24  0  0 L3P 2F
G23 FF 61046 182200  780 536  897    -5959364    -55          -2     -5   17 133  100   +0   28   -4   28   -4  12  0  0 L3P DC
G26 FF 61046 182200  780 223 1814    +3070573    +93          -1    +31   28  21  211  +63   87  -21   87  -21  25  0  0 L3P 0E
G27 FF 61046 182200  780 719 2885     +135482    +95          12    +23   15  29   85   -4   27  -24   27  -24  10  0  0 L3P F6
G02 FF 61046 183800  780 163 2513     -109039    -70         -25    +13   34 175  287 -110  119  -48  119  -48  26  0  0 L3P 6B
G08 FF 61046 183800  780 448 2929    -5071573    +32           3     -9   22  76  115  -15   39   +1   39    1  16  0  0 L3P DD
G10 FF 61046 183800  780 512 1489    +5804984    +47          -4    +16   23  31  104  -10   58  -12   58  -12  16  0  0 L3P 1C
G15 FF 61046 183800  780 146  423    -3742108    -61           6    -26   33 102  316  +21   29   +8   29    8  26  0  0 L3P DF
G16 FF 61046 183800  780 460 1976    -1825626    -96         -28    -20   25  98  112  +14   71  +29   71   29  20  0  0 L3P 3A
G18 FF 61046 183800  780 293  662    +4577490    -88          13     +9   32 139  164  +35   30   -4   30   -4  23  0  0 L3P FC
G23 FF 61046 183800  780 523  774    -5959423    -69         -13    -19   29 133  102   +3   30  +16   30   16  22  0  0 L3P 13
G26 FF 61046 183800  780 155 1804    +3070623    +12         -10    -49   31  21  298 +126  102  +74  102   74  23  0  0 L3P 46
G27 FF 61046 183800  780 794 2812     +135530    +69          -9     -2   15  29   82   -2   42   +4   42    4  11  0  0 L3P A6
G02 FF 61046 185400  780 227 2552     -109111   -159         -18    -76   33 175  210  -58   90  +47   90   47  26  0  0 L3P 40
G07 FF 61046 185400  780 104 2995    +1316331     -3          18    -56   46  71  432 +103   55  +31   55   31  36  0  0 L3P 11
G08 FF 61046 185400  780 520 2927    -5071544     -2          -7    -43   20  76  103  -10   38  +16   38   16  13  0  0 L3P F9
G10 FF 61046 185400  780 576 1410    +5805017    +48          -1    +17   23  31   96   -7   48  -23   48  -23  16  0  0 L3P F9
G15 FF 61046 185400  780 130  358    -3742120    +10          28    +46   41 102  352  +56    7  -41    7  -41  30  0  0 L3P E6
G16 FF 61046 185400  780 387 1944    -1825695    -76         -23     +0   31  98  129  +21   68   +5   68    5  23  0  0 L3P 0C
G18 FF 61046 185400  780 228  687    +4577403   -130          20    -32   34 139  207  +56   29  +26   29   26  30  0  0 L3P 33
G23 FF 61046 185400  780 491  672    -5959466    -27          -8    +23   30 133  107   +7   28  -10   28  -10  20  0  0 L3P 10
G27 FF 61046 185400  780 851 2386     +135600    +85          -7    +14   14  29   81   +0   40  -12   40  -12   9  0  0 L3P C9
G02 FF 61046 191000  780 291 2591     -109173    -50           0    +33   25 175  166  -35   58  -41   58  -41  18  0  0 L3P 0E
G08 FF 61046 191000  780 591 2905    -5071503    +33          -6     -8   20  76   94   -7   35   +3   35    3  13  0  0 L3P B4
G10 FF 61046 191000  780 628 1291    +5805029   +100         -19    +69   20  31   91   -4   52  -48   52  -48  14  0  0 L3P 16
G15 FF 61046 191000  780 104  298    -3742183    +12          -2    +47   33 102  434 +125   30  -23   30  -23  25  0  0 L3P 0F
G16 FF 61046 191000  780 314 1921    -1825764   -152         -19    -76   30  98  154  +33   68  +67   68   67  22  0  0 L3P 51
G18 FF 61046 191000  780 165  715    +4577300    -88          10     +9   44 139  281 +103   43   +9   43    9  34  0  0 L3P F7
G23 FF 61046 191000  780 443  594    -5959536    -74         -30    -24   18 133  115  +11   44  +29   44   29  13  0  0 L3P 2A
G27 FF 61046 191000  780 820 1688     +135685     +5           9    -67   18  29   82   +1   24  +46   24   46  14  0  0 L3P CB
G02 FF 61046 192600  780 356 2633     -109269    -81         -16     +2   30 175  139  -23   52  -11   52  -11  23  0  0 L3P 11
G08 FF 61046 192600  780 659 2848    -5071466    +26          -7    -15   18  76   89   -5   33   +8   33    8  12  0  0 L3P ED
G10 FF 61046 192600  780 657 1125    +5805076    +26          -1     -4   15  31   89   -1   36   -3   36   -3   9  0  0 L3P B0
G16 FF 61046 192600  780 243 1904    -1825848    -47         -30    +29   31  98  195  +54   87  -22   87  -22  27  0  0 L3P 52
G23 FF 61046 192600  780 387  541    -5959569    -79         -15    -29   37 133  129  +17   33  +13   33   13  25  0  0 L3P 40
G27 FF 61046 192600  780 746 1544     +135737    +77          -7     +5   17  29   84   +3   38   +0   38    0  12  0  0 L3P AF
G01 FF 61046 194200  780 107 2571    -3462974    -90         -16   -122   55  84  431 -236   90  +98   90   98  41  0  0 L3P 60
G02 FF 61046 194200  780 421 2675     -109358    -98         -25    -15   20 175  121  -16   56  +18   56   18  16  0  0 L3P 2C
G08 FF 61046 194200  780 719 2721    -5071429    +39         -11     -2   16  76   85   -3   37   +1   37    1  11  0  0 L3P C9
G10 FF 61046 194200  780 657  939    +5805090    +21         -16    -10   24  31   89   +1   46   +5   46    5  17  0  0 L3P C8
G16 FF 61046 194200  780 174 1889    -1825928    -13         -38    +63   53  98  268 +103   99  -49   99  -49  45  0  0 L3P 85
G23 FF 61046 194200  780 325  507    -5959628     +2         -26    +52   27 133  150  +27   42  -38   42  -38  19  0  0 L3P 2A
G27 FF 61046 194200  780 667 1514     +135805   +104          -8    +32   13  29   88   +5   43   -8   43   -8   9  0  0 L3P CF
G32 FF 61046 194200  780 150 1289    +1747933   -208         -16    -39   35  35  311 -122   80  +22   80   22  27  0  0 L3P 45
G01 FF 61046 195800  780 167 2608    -3462914    +31          14     -1   29  84  281 -101   53  -20   53  -20  24  0  0 L3P 19
G02 FF 61046 195800  780 488 2719     -109427   -104         -14    -21   27 175  107  -11   46  +18   46   18  19  0  0 L3P 42
G08 FF 61046 195800  780 754 2480    -5071386    +39          -6     -2   14  76   84   -1   36   +6   36    6  10  0  0 L3P C9
G10 FF 61046 195800  780 627  781    +5805122    +23         -14     -8   15  31   91   +3   42  +12   42   12  11  0  0 L3P C3
G16 FF 61046 195800  780 107 1876    -1826003    +20         -39    +96   33  98  426 +252  108  -82  108  -82  23  0  0 L3P 7B
G23 FF 61046 195800  780 261  489    -5959640    -60          10    -10   31 133  183  +43   12   +0   12    0  24  0  0 L3P E1
G27 FF 61046 195800  780 589 1513     +135875    +70          -7     -2   18  29   94   +8   50  +13   50   13  14  0  0 L3P D5
G32 FF 61046 195800  780 209 1245    +1747782   -214          -6    -46   46  35  227  -62   68  +27   68   27  37  0  0 L3P 47
G01 FF 61046 201400  780 228 2646    -3462877    +60          17    +28   33  85  208  -55   40  -34   40  -34  26  0  0 L3P 24
G02 FF 61046 201400  780 555 2765     -109506    -62         -15    +21   21 176   98   -8   46  -10   46  -10  15  0  0 L3P 03
G08 FF 61046 201400  780 746 2181    -5071357    +55         -15    +14   16  86   84   +1   41   +4   41    4  10  0  0 L3P CA
G10 FF 61046 201400  780 578  674    +5805152    +40         -14    +10   26  34   95   +6   41   -8   41   -8  18  0  0 L3P CC
G14 FF 61046 201400  780 121 3271    -7271001    -16          25     +9   36  96  379 -130   22  -14   22  -14  28  0  0 L3P 0F
G23 FF 61046 201400  780 196  482    -5959702    +49          -1    +99   31 134  239  +78   22  -77   22  -77  25  0  0 L3P 3A
G27 FF 61046 201400  780 511 1522     +135939    +79          -9     +8   18  46  104  +12   56   +5   56    5  13  0  0 L3P C5
G32 FF 61046 201400  780 266 1196    +1747611   -151         -21    +17   29  41  181  -36   71  -15   71  -15  21  0  0 L3P 33
G01 FF 61046 203000  780 290 2685    -3462849    +91          14    +59   30  85  166  -34   35  -61   35  -61  23  0  0 L3P 2A
G02 FF 61046 203000  780 624 2813     -109582    -70         -12    +13   23 176   91   -6   41  -20   41  -20  16  0  0 L3P EB
G08 FF 61046 203000  780 698 1977    -5071318    +34         -15     -7   15  86   86   +3   49  +14   49   14  10  0  0 L3P FD
G10 FF 61046 203000  780 517  609    +5805186    +46          -9    +15   28  34  103   +9   36   -5   36   -5  20  0  0 L3P CD
G14 FF 61046 203000  780 160 3222    -7271035    +27          16    +52   34  96  291  -63   20  -48   20  -48  26  0  0 L3P 15
G23 FF 61046 203000  780 131  484    -5959765    -54         -16     -4   35 134  350 +168   29   -1   29   -1  30  0  0 L3P 0E
G27 FF 61046 203000  780 434 1535     +136019    +71           3     -1   24  46  117  +17   56  +18   56   18  18  0  0 L3P D4
G32 FF 61046 203000  780 318 1137    +1747447   -171         -23     -3   29  41  153  -22   66   -5   66   -5  23  0  0 L3P 04
G01 FF 61046 204600  780 354 2723    -3462837    +61          -5    +29   29  85  139  -23   41  -27   41  -27  20  0  0 L3P 20
G02 FF 61046 204600  780 693 2865     -109655    -53          -5    +30   20 176   86   -4   35  -21   35  -21  14  0  0 L3P F7
G08 FF 61046 204600  780 632 1872    -5071273     -5         -10    -46   23  86   90   +6   49  +40   49   40  15  0  0 L3P F0
G10 FF 61046 204600  780 451  574    +5805204     +1         -20    -29   20  34  114  +14   47  +25   47   25  14  0  0 L3P E2
G14 FF 61046 204600  780 190 3165    -7271084    -73         -10    -48   37  96  247  -33   38  +48   38   48  27  0  0 L3P 3F
G22 FF 61046 204600  780 115 3299     +616893   -110           1    -69   43   8  399 -139   31  +48   31   48  33  0  0 L3P 17
G27 FF 61046 204600  780 359 1550     +136090    +59           5    -13   19  46  137  +25   64  +24   64   24  17  0  0 L3P F4
G32 FF 61046 204600  780 365 1067    +1747291   -152         -18    +16   24  41  136  -14   57  -24   57  -24  20  0  0 L3P 3D
G01 FF 61046 210200  780 420 2762    -3462822    +14         -20    -18   28  85  121  -16   40   +0   40    0  22  0  0 L3P D2
G02 FF 61046 210200  780 763 2928     -109744   -115         -15    -32   15 176   83   -3   40  +18   40   18  10  0  0 L3P 02
G03 FF 61046 210200  780 115 2242    -6052918    +20          23    -79   64  51  402 -228   60  +54   60   54  50  0  0 L3P 13
G08 FF 61046 210200  780 559 1818    -5071232    +42          -9     +1   27  86   97   +9   56   +2   56    2  21  0  0 L3P BB
G10 FF 61046 210200  780 384  560    +5805233    +51         -20    +20   29  34  130  +20   50  -15   50  -15  21  0  0 L3P EA
G14 FF 61046 210200  780 209 3101    -7271089    -45           9    -20   36  96  225  -15   27  +33   27   33  25  0  0 L3P FD
G22 FF 61046 210200  780 152 3251     +616839    -64         -13    -24   33   8  306  -66   40   +7   40    7  25  0  0 L3P CD
G27 FF 61046 210200  780 286 1563     +136151    +39          -2    -32   35  46  168  +40   77  +26   77   26  25  0  0 L3P 01
G32 FF 61046 210200  780 401  985    +1747125   -193         -23    -24   32  41  125   -8   54  +17   54   17  23  0  0 L3P 05
G01 FF 61046 211800  780 488 2799    -3462792    -53         -21    -85   26  85  108  -12   29  +55   29   55  17  0  0 L3P 46
G02 FF 61046 211800  780 832 3035     -109812    -26          -2    +57   14 176   81   -1   31  -38   31  -38  10  0  0 L3P E8
G03 FF 61046 211800  780 182 2272    -6052842    +83           4    -16   48  51  259  -95   69  +26   69   26  37  0  0 L3P 1F
G08 FF 61046 211800  780 484 1790    -5071211    +84         -26    +43   26  86  108  +13   79  -28   79  -28  20  0  0 L3P 41
G10 FF 61046 211800  780 317  558    +5805265    +24         -18     -7   26  34  153  +30   50  +15   50   15  19  0  0 L3P F2
G14 FF 61046 211800  780 218 3031    -7271131    -34          -9     -9   26  96  216   -3   44  +12   44   12  18  0  0 L3P E2
G22 FF 61046 211800  780 180 3194     +616838    -17          25    +24   41   8  260  -34    7  -14    7  -14  30  0  0 L3P D2
G27 FF 61046 211800  780 215 1576     +136235    +80          12     +8   22  46  219  +69   69   -1   69   -1  19  0  0 L3P E2
G32 FF 61046 211800  780 423  893    +1746951   -157         -35    +12   26  41  120   -4   57  -22   57  -22  19  0  0 L3P 1E
G01 FF 61046 213400  780 557 2835    -3462770    +35         -30     +3   12  85   98   -9   36  -14   36  -14   9  0  0 L3P F1
G02 FF 61046 213400  780 884  440     -109885    -66           4    +17   14 176   81   +0   30   -6   30   -6  10  0  0 L3P AA
G03 FF 61046 213400  780 250 2305    -6052762   +112         -10    +13   25  51  191  -51   79  -16   79  -16  21  0  0 L3P 2B
G08 FF 61046 213400  780 409 1775    -5071154    +83          -9    +42   33  86  123  +19   71  -19   71  -19  26  0  0 L3P 2B
G10 FF 61046 213400  780 250  567    +5805280    +63         -33    +32   37  34  190  +48   61   -8   61   -8  30  0  0 L3P F1
G14 FF 61046 213400  780 214 2960    -7271121    +15          26    +40   33  96  219   +9   20  -30   20  -30  24  0  0 L3P F2
G17 FF 61046 213400  780 104 3170     +245577   +144           3    +26   27  86  442 -254   38  -15   38  -15  19  0  0 L3P 26
G22 FF 61046 213400  780 198 3132     +616752   -100         -21    -59   50   8  237  -15   38  +35   38   35  37  0  0 L3P 11
G27 FF 61046 213400  780 146 1587     +136281   +117         -10    +46   36  46  316 +143   94  -34   94  -34  31  0  0 L3P 42
G32 FF 61046 213400  780 429  795    +1746792   -156         -32    +12   19  41  119   +1   54  -10   54  -10  13  0  0 L3P 15
G01 FF 61046 215000  780 628 2868    -3462731    +69         -21    +38   19  85   91   -6   28  -32   28  -32  12  0  0 L3P 19
G02 FF 61046 215000  780 821 1070     -109958   -146          10    -63   16 176   82   +1   27  +43   27   43  11  0  0 L3P F3
G03 FF 61046 215000  780 319 2341    -6052676    +52         -20    -47   33  51  153  -31   71  +10   71   10  23  0  0 L3P 02
G08 FF 61046 215000  780 334 1767    -5071132    +92         -26    +51   36  86  146  +29   88  -22   88  -22  29  0  0 L3P 42
G10 FF 61046 215000  780 185  583    +5805355   +114          13    +83   31  34  252  +85   21  -61   21  -61  27  0  0 L3P 11
G14 FF 61046 215000  780 199 2889    -7271158    -11          13    +14   43  96  235  +23   31   +0   31    0  35  0  0 L3P E7
G17 FF 61046 215000  780 165 3161     +245715   +172          27    +53   29  86  284 -103   18  -45   18  -45  22  0  0 L3P 37
G22 FF 61046 215000  780 205 3065     +616703    -63         -31    -22   26   8  229   -1   48  +13   48   13  18  0  0 L3P DC
G32 FF 61046 215000  780 418  701    +1746633   -177         -30     -9   26  41  121   +5   50  +14   50   14  19  0  0 L3P E9
G01 FF 61046 220600  780 701 2896    -3462697    +40         -19     +7   13  86   86   -4   27  -18   27  -18   9  0  0 L3P 00
G02 FF 61046 220600  780 750 1161     -110041   -148           1    -65   19 179   84   +3   29  +46   29   46  14  0  0 L3P E9
G03 FF 61046 220600  780 390 2381    -6052581    +90         -15     -9   28  52  129  -21   60   -1   60   -1  19  0  0 L3P ED
G08 FF 61046 220600  780 262 1761    -5071099    +42         -31     +1   28  98  182  +47   99  +14   99   14  22  0  0 L3P 20
G10 FF 61046 220600  780 122  604    +5805370    +63          -4    +32   53  35  374 +186   41  -39   41  -39  43  0  0 L3P 13
G14 FF 61046 220600  780 174 2822    -7271193    -73          -1    -48   38  97  267  +45   43  +40   43   40  30  0  0 L3P 16
G17 FF 61046 220600  780 224 3142     +245805   +111           3     -8   28  87  212  -54   38   -9   38   -9  21  0  0 L3P D8
G22 FF 61046 220600  780 200 2996     +616698    -33           6     +8   31   9  234  +12   28   +3   28    3  22  0  0 L3P A4
G32 FF 61046 220600  780 391  618    +1746478   -187         -23    -19   31  90  128   +9   44  +10   44   10  24  0  0 L3P 12
G01 FF 61046 222200  780 775 2907    -3462678    +45         -31    +12   17  86   83   -3   35  -12   35  -12  11  0  0 L3P 07
G02 FF 61046 222200  780 678 1216     -110118    -36           4    +47   16 179   87   +5   36  -32   36  -32  11  0  0 L3P E3
G03 FF 61046 222200  780 461 2426    -6052491    +79         -20    -20   29  52  112  -14   53   +8   53    8  24  0  0 L3P F0
G08 FF 61046 222200  780 191 1757    -5071020    +83           8    +42   38  98  244  +87   77  -43   77  -43  32  0  0 L3P 25
G14 FF 61046 222200  780 140 2759    -7271232    +13         -17    +38   45  97  327  +85   58  -45   58  -45  36  0  0 L3P 46
G17 FF 61046 222200  780 280 3113     +245936   +132          20    +14   29  87  172  -32   22  -19   22  -19  18  0  0 L3P 14
G22 FF 61046 222200  780 184 2929     +616657    -57           5    -16   44   9  253  +28   31   +7   31    7  34  0  0 L3P C5
G32 FF 61046 222200  780 352  550    +1746311   -200         -29    -31   27  90  140  +16   49  +24   49   24  20  0  0 L3P 09
G01 FF 61046 223800  780 849 2836    -3462649    +66         -34    +33   13  86   81   -1   38  -20   38  -20   9  0  0 L3P 0B
G02 FF 61046 223800  780 606 1261     -110208    -80          -7     +3   15 179   93   +7   50  +12   50   12  11  0  0 L3P BB
G03 FF 61046 223800  780 533 2477    -6052397    +79         -21    -20   19  52  101  -10   45   +1   45    1  15  0  0 L3P F0
G04 FF 61046 223800  780 107 1893     -365367    -25           0     -1   44 129  433 -275   84  +16   84   16  34  0  0 L3P 10
G08 FF 61046 223800  780 123 1753    -5070999   +151          -9   +110   49  98  371 +196   96 -106   96 -106  31  0  0 L3P 96
G14 FF 61046 223800  780 100 2702    -7271240    +19          -1    +44   31  97  449 +184   53  -43   53  -43  28  0  0 L3P 2B
G17 FF 61046 223800  780 332 3069     +246039   +123           9     +5   18  87  148  -20   24   -3   24   -3  14  0  0 L3P D5
G19 FF 61046 223800  780 134 3206    -6843202    +66          14    +85   34  97  347 -151   22  -69   22  -69  23  0  0 L3P 46
G22 FF 61046 223800  780 159 2865     +616612    -77          -1    -36   42   9  291  +53   40  +18   40   18  33  0  0 L3P F2
G32 FF 61046 223800  780 303  498    +1746168   -153         -11    +15   27  90  159  +25   38   +2   38    2  21  0  0 L3P FE
G01 FF 61046 225400  780 867 1539    -3462589    +52          -5    +19   14  86   81   +1   23   -7   23   -7  10  0  0 L3P DD
G02 FF 61046 225400  780 534 1300     -110285   -134          -4    -51   27 179  101  +10   55  +43   55   43  20  0  0 L3P FF
G03 FF 61046 225400  780 606 2537    -6052305    +96         -24     -3   24  52   93   -7   42   -7   42   -7  18  0  0 L3P D8
G04 FF 61046 225400  780 177 1894     -365382    -22           7     +2   44 129  266 -107   81   -9   81   -9  32  0  0 L3P FF
G17 FF 61046 225400  780 376 3011     +246144   +138           1    +20   22  87  132  -12   34  -15   34  -15  17  0  0 L3P F6
G19 FF 61046 225400  780 191 3181    -6843208    -16          25     +3   38  97  246  -71   17  +15   17   15  26  0  0 L3P 11
G22 FF 61046 225400  780 126 2806     +616564    -80         -10    -39   65   9  363 +104   51  +54   51   54  51  0  0 L3P 0E
G28 FF 61046 225400  780 175  867    +6146560     +5           7    +54   40 206  267  -58   44  -52   44  -52  29  0  0 L3P 15
G32 FF 61046 225400  780 248  461    +1746025   -204           8    -36   31  90  191  +42   31  +42   31   42  21  0  0 L3P ED
G01 FF 61046 231000  780 792 1372    -3462564    +62         -12    +29   16  86   82   +2   31  -25   31  -25  10  0  0 L3P F9
G02 FF 61046 231000  780 462 1335     -110375   -123         -14    -40   22 179  112  +14   72  +42   72   42  17  0  0 L3P 10
G03 FF 61046 231000  780 679 2613    -6052208    +77         -22    -22   17  52   87   -5   33  +13   33   13  13  0  0 L3P EF
G04 FF 61046 231000  780 249 1895     -365404   -103           8    -79   39 129  192  -55   68  +39   68   39  28  0  0 L3P 3F
G17 FF 61046 231000  780 409 2936     +246259   +102           3    -16   23  87  123   -7   30  +17   30   17  18  0  0 L3P E5
G19 FF 61046 231000  780 245 3144    -6843232    -50          18    -31   36  97  195  -40   19  +28   19   28  26  0  0 L3P 22
G28 FF 61046 231000  780 210  802    +6146491    -49         -16     +0   41 206  225  -32   60   -3   60   -3  31  0  0 L3P DA
G31 FF 61046 231000  780 124 1117    +1740076    -66           0    -46   49  55  372 -155   86  +41   86   41  37  0  0 L3P 17
G32 FF 61046 231000  780 190  436    +1745878   -119          22    +49   31  90  246  +75   18  -46   18  -46  26  0  0 L3P 33
G01 FF 61046 232600  780 714 1371    -3462543    +32         -22     -1   14  86   85   +4   46   +7   46    7   9  0  0 L3P B4
G02 FF 61046 232600  780 391 1367     -110448   -133          -8    -50   21 179  128  +20   76  +48   76   48  16  0  0 L3P 29
G03 FF 61046 232600  780 750 2725    -6052123    +87         -32    -12   15  52   84   -3   37   +5   37    5  10  0  0 L3P CD
G04 FF 61046 232600  780 324 1898     -365441     +0          -6    +24   36 129  151  -33   77   -3   77   -3  26  0  0 L3P EC
G17 FF 61046 232600  780 429 2848     +246353   +132         -17    +14   19  87  119   -3   46  -21   46  -21  14  0  0 L3P 21
G19 FF 61046 232600  780 292 3094    -6843249    +19          19    +37   34  97  165  -24   24  -28   24  -28  26  0  0 L3P 43
G28 FF 61046 232600  780 235  732    +6146445    -45         -14     +4   41 206  202  -17   48  -18   48  -18  33  0  0 L3P 1F
G31 FF 61046 232600  780 175 1065    +1740041    -60         -15    -40   34  55  267  -75   88  +19   88   19  27  0  0 L3P 30
G32 FF 61046 232600  780 130  423    +1745699   -224           4    -56   37  90  354 +163   30  +41   30   41  30  0  0 L3P 08
G01 FF 61046 234200  780 636 1388    -3462501    -16         -12    -49   19  86   90   +6   39  +33   39   33  13  0  0 L3P 06
G02 FF 61046 234200  780 321 1396     -110536    -48         -16    +35   33 179  151  +30   86  -22   86  -22  27  0  0 L3P 28
G03 FF 61046 234200  780 814 2954    -6052029   +108         -33     +9   16  52   82   -1   35   -2   35   -2  10  0  0 L3P D6
G04 FF 61046 234200  780 400 1899     -365468    +23         -10    +46   25 129  126  -21   72  -53   72  -53  19  0  0 L3P 32
G06 FF 61046 234200  780 109 3052    +5996007   +103           0    +60   34  73  424 -242   29  -54   29  -54  24  0  0 L3P 2E
G09 FF 61046 234200  780 111 2082    -7698779    +64           8    +71   48 104  419 -254   73  -46   73  -46  40  0  0 L3P 54
G17 FF 61046 234200  780 432 2751     +246478   +116          -5     -2   26  87  118   +1   39   -3   39   -3  17  0  0 L3P D8
G19 FF 61046 234200  780 332 3030    -6843277     +7           8    +25   30  97  148  -14   26  -17   26  -17  25  0  0 L3P 06
G28 FF 61046 234200  780 249  658    +6146395    -89         -17    -40   34 206  191   -6   41  +24   41   24  27  0  0 L3P 21
G31 FF 61046 234200  780 223 1005    +1740033    -38          -3    -17   32  55  213  -42   72  +12   72   12  26  0  0 L3P EB
G01 FF 61046 235800  780 559 1410    -3462482    +23         -25    -10   19  86   97   +9   49   +6   49    6  15  0  0 L3P ED
G02 FF 61046 235800  780 252 1422     -110611    -48         -11    +35   26 179  188  +49   89   -7   89   -7  22  0  0 L3P 1A
G03 FF 61046 235800  780 844 3586    -6051938    +90         -37     -9   19  52   81   +0   38   +8   38    8  13  0  0 L3P E5
G04 FF 61046 235800  780 478 1896     -365515    -41         -33    -17   26 129  109  -14   83   -3   83   -3  18  0  0 L3P 22
G06 FF 61046 235800  780 173 3066    +5996029    +41         -20     -2   54  73  272 -101   37   -2   37   -2  38  0  0 L3P 0F
G09 FF 61046 235800  780 179 2098    -7698816     -7         -22     +0   37 104  263 -101   98  -16   98  -16  26  0  0 L3P 56
G17 FF 61046 235800  780 419 2656     +246574   +152         -23    +34   21  87  121   +5   54  -25   54  -25  17  0  0 L3P 23
G19 FF 61046 235800  780 359 2952    -6843297    -54           6    -36   26  97  138   -7   28  +24   28   24  20  0  0 L3P 1C
G28 FF 61046 235800  780 251  583    +6146349    -83         -17    -34   28 206  190   +3   43  +28   43   28  22  0  0 L3P 1E
G31 FF 61046 235800  780 263  938    +1740018     -7           2    +14   29  55  182  -24   63  -18   63  -18  23  0  0 L3P F3
