CGGTTS     GENERIC DATA FORMAT VERSION = 2E
REV DATE = 2026-01-01                    
RCVR = POLARX5-TR                    R2CGGTTS v8.8    
CH = 99 
IMS = POLARX5-TR                    
LAB = PTB                           
X = +3844059.67 m 
Y =  +709661.67 m 
Z = +5023129.80 m 
FRAME = ITRF
COMMENTS =           IGS RINEX,AUSPOS XYZ          
INT DLY =   31.0 ns (GPS P1),   28.5 ns (GPS P2)     CAL_ID = 1001-2022           
CAB DLY =  205.7 ns 
REF DLY =   56.2 ns
REF = UTC(PTB)                      
CKSUM = 5E

SAT CL  MJD  STTIME TRKL ELV AZTH   REFSV      SRSV     REFSYS    SRSYS  DSG IOE MDTR SMDT MDIO SMDI MSIO SMSI ISG FR HC FRC CK
             hhmmss  s  .1dg .1dg    .1ns     .1ps/s     .1ns    .1ps/s .1ns     .1ns.1ps/s.1ns.1ps/s.1ns.1ps/s.1ns
G03 FF 61071 001400  780 380 1030    -5837473    +69         -13    -40   26   2  131  +20   46  +41   46   41  19  0  0 L3P F4
G04 FF 61071 001400  780 707  719     -413755    -22         -27     +0   17 202   86   +4   36   -6   36   -6  12  0  0 L3P B4
G06 FF 61071 001400  780 595 2750    +6070961    +57           5    +29   18  68   94   -2   24  -21   24  -21  12  0  0 L3P E8
G07 FF 61071 001400  780 140 1777    +1424784    +71          13    +21   30   0  332 -162   71  -14   71  -14  23  0  0 L3P FF
G09 FF 61071 001400  780 727 2261    -7703951    +22          -4    +20   15   8   85   -4   33  -29   33  -29  11  0  0 L3P DD
G11 FF 61071 001400  780 230 3136    +4556818   -104         -16    +28   35  11  207  -53   40  -15   40  -15  24  0  0 L3P 20
G19 FF 61071 001400  780 163 2413    -6880068    -34          18    -17   38  88  284  +96   58  +32   58   32  32  0  0 L3P 2D
G26 FF 61071 001400  780 101  601    +3196367    -21          10    -80   63  65  447  -97   15  +48   15   48  50  0  0 L3P FE
G31 FF 61071 001400  780 206  422    +1696865     +9          20    +30   31  56  227  +52   19  -25   19  -25  25  0  0 L3P F0
G03 FF 61071 003000  780 314 1076    -5837351    +62           5    -47   23   2  154  +30   47  +56   47   56  17  0  0 L3P E7
G04 FF 61071 003000  780 635  669     -413766     +3         -17    +25   22 202   90   +6   31  -15   31  -15  15  0  0 L3P CD
G06 FF 61071 003000  780 604 2599    +6070983    +19           1     -9   22  68   93   +0   31  +12   31   12  15  0  0 L3P BC
G07 FF 61071 003000  780 210 1767    +1424834   -100          15   -150   30   0  226  -75   66 +100   66  100  23  0  0 L3P 1E
G09 FF 61071 003000  780 805 2272    -7703940    +18           5    +16   16   8   82   -2   24  -12   24  -12  11  0  0 L3P C2
G11 FF 61071 003000  780 289 3107    +4556712   -133           5     -1   21  11  167  -31   29   +2   29    2  15  0  0 L3P C2
G26 FF 61071 003000  780 119  537    +3196411    +47          -2    -12   57  65  383  -42   22   +8   22    8  43  0  0 L3P D0
G31 FF 61071 003000  780 155  383    +1696841    +17          17    +39   32  56  299 +102   20  -23   20  -23  25  0  0 L3P 11
G03 FF 61071 004600  780 250 1119    -5837253    +67          -2    -43   30   2  190  +47   73  +50   73   50  24  0  0 L3P ED
G04 FF 61071 004600  780 563  658     -413771     +8          -1    +29   22 202   97   +8   23  -24   23  -24  15  0  0 L3P CB
G06 FF 61071 004600  780 587 2449    +6071000    -10         -10    -38   26  68   95   +3   41  +24   41   24  21  0  0 L3P EA
G07 FF 61071 004600  780 282 1756    +1424863    +47          -4     -3   24   0  171  -42   70  -15   70  -15  16  0  0 L3P EB
G09 FF 61071 004600  780 882 2078    -7703941     -6           1     -9   18   8   81   +0   32   +3   32    3  11  0  0 L3P 7E
G11 FF 61071 004600  780 344 3064    +4556600   -134          20     -2   30  11  143  -20   14   -2   14   -2  23  0  0 L3P C8
G21 FF 61071 004600  780 140 2919    -3904016    -37          28    +29   39 179  333 -145   18  -13   18  -13  33  0  0 L3P 49
G26 FF 61071 004600  780 127  471    +3196488    +99          17    +40   33  65  360   -8   12  -16   12  -16  24  0  0 L3P 01
G03 FF 61071 010200  780 186 1159    -5837133   +138          14    +29   35   2  250  +83   85  -13   85  -13  27  0  0 L3P 1E
G04 FF 61071 010200  780 491  666     -413791    +11          -1    +32   29 202  107  +12   26  -19   26  -19  22  0  0 L3P EF
G06 FF 61071 010200  780 547 2325    +6071021    -11         -17    -40   31  68   99   +6   52  +40   52   40  22  0  0 L3P E0
G07 FF 61071 010200  780 355 1743    +1424936    +12          21    -38   24   0  139  -26   42  +24   42   24  16  0  0 L3P E9
G09 FF 61071 010200  780 838  677    -7703916    +10          24     +8   16   8   81   +1   18   -9   18   -9  12  0  0 L3P AB
G11 FF 61071 010200  780 391 3003    +4556455   -136           1     -4   31  11  128  -12   23   +9   23    9  21  0  0 L3P B9
G21 FF 61071 010200  780 202 2944    -3904066    -66          40     +0   38 179  234  -72    9   -4    9   -4  28  0  0 L3P D7
G26 FF 61071 010200  780 124  405    +3196548    +50          21     -9   33  65  367  +23   15  +23   15   23  25  0  0 L3P DC
G03 FF 61071 011800  780 124 1197    -5837030    +93          12    -16   40   2  369 +180   87   +6   87    6  33  0  0 L3P F2
G04 FF 61071 011800  780 422  684     -413797    -25          14     -4   19 202  120  +16   13  +13   13   13  14  0  0 L3P D1
G06 FF 61071 011800  780 491 2234    +6071050    +45         -15    +16   19  68  107  +10   58  -11   58  -11  13  0  0 L3P 18
G07 FF 61071 011800  780 428 1725    +1424955    +77          -8    +27   25   0  119  -17   59  -22   59  -22  20  0  0 L3P 10
G09 FF 61071 011800  780 762  671    -7703935    +20           3    +18   16   8   83   +3   32   -3   32   -3  12  0  0 L3P 98
G11 FF 61071 011800  780 427 2925    +4556316   -126         -11     +6   28  11  119   -7   32   -8   32   -8  19  0  0 L3P F3
G16 FF 61071 011800  780 145  673    -1984964    -91          16    -16   41  73  318  -56   17  +13   17   13  33  0  0 L3P 0F
G21 FF 61071 011800  780 266 2964    -3904139    +53          31   +119   36 179  180  -42   12  -85   12  -85  31  0  0 L3P 4B
G26 FF 61071 011800  780 111  342    +3196577    +65          -7     +6   35  65  408  +65   36   +2   36    2  26  0  0 L3P C8
G30 FF 61071 011800  780 166 1940    -1052555    -99          -1    +26   50  48  282 -117   59  -17   59  -17  39  0  0 L3P 41
G04 FF 61071 013400  780 354  708     -413828     +9           3    +30   32 202  139  +23   19  -37   19  -37  24  0  0 L3P E1
G06 FF 61071 013400  780 427 2168    +6071093    +43           1    +14   20  68  119  +16   54   -6   54   -6  14  0  0 L3P DE
G07 FF 61071 013400  780 502 1697    +1425011    +39           0    -11   24   0  105  -12   50   +4   50    4  17  0  0 L3P 9D
G09 FF 61071 013400  780 688  697    -7703928    +41           8    +39   13   8   87   +4   25  -30   25  -30  10  0  0 L3P D6
G11 FF 61071 013400  780 449 2830    +4556199   -100          -2    +31   23  11  114   -3   24  -17   24  -17  16  0  0 L3P 00
G16 FF 61071 013400  780 166  604    -1985020    -41          32    +34   34  73  280  -26    4  -25    4  -25  26  0  0 L3P DD
G21 FF 61071 013400  780 332 2978    -3904213    -66          20     +0   34 179  147  -27   16   -5   16   -5  22  0  0 L3P F6
G30 FF 61071 013400  780 236 1943    -1052688   -104         -14    +21   28  48  202  -59   63  -16   63  -16  23  0  0 L3P 38
G04 FF 61071 015000  780 288  737     -413857    -90          -5    -68   40 202  167  +35   24  +45   24   45  29  0  0 L3P 06
G05 FF 61071 015000  780 115 3051    +2281585   +159           8   +154   34  81  403 -222   12 -109   12 -109  24  0  0 L3P 50
G06 FF 61071 015000  780 358 2121    +6071134    +85          15    +57   28  68  138  +24   49  -34   49  -34  22  0  0 L3P 23
G07 FF 61071 015000  780 573 1651    +1425059    +93           0    +43   21   0   96   -8   45  -34   45  -34  14  0  0 L3P CD
G09 FF 61071 015000  780 615  731    -7703940    +47          -6    +45   22   8   92   +7   29  -40   29  -40  15  0  0 L3P D5
G11 FF 61071 015000  780 453 2726    +4556065    -77          -9    +55   24  11  114   +1   30  -30   30  -30  16  0  0 L3P EC
G16 FF 61071 015000  780 176  533    -1985100    -49          24    +26   33  73  265   -6    9  -24    9  -24  27  0  0 L3P DF
G21 FF 61071 015000  780 400 2983    -3904275    -46          21    +20   29 179  126  -19   11  -17   11  -17  20  0  0 L3P 21
G30 FF 61071 015000  780 309 1946    -1052809   -150         -15    -25   26  48  158  -35   54   +4   54    4  19  0  0 L3P 0F
G04 FF 61071 020600  780 225  769     -413861    +61          15    +82   27 203  210  +56   16  -55   16  -55  23  0  0 L3P 04
G05 FF 61071 020600  780 179 3064    +2281588    -61          10    -67   36  59  262  -95   21  +38   21   38  26  0  0 L3P 22
G06 FF 61071 020600  780 288 2086    +6071149    -18           3    -47   30  68  167  +38   63  +50   63   50  23  0  0 L3P 09
G07 FF 61071 020600  780 638 1573    +1425109    +48          -1     -2   24   1   90   -5   35  -19   35  -19  16  0  0 L3P CC
G09 FF 61071 020600  780 543  768    -7703928     +8           3     +6   18   8   99   +9   20  -14   20  -14  13  0  0 L3P AD
G11 FF 61071 020600  780 439 2623    +4555949   -134           2     -2   28  12  116   +5   31   +1   31    1  20  0  0 L3P AD
G16 FF 61071 020600  780 174  461    -1985175    -71          26     +4   40  81  267  +12   11  -18   11  -18  34  0  0 L3P F4
G21 FF 61071 020600  780 469 2977    -3904355    -73           5     -7   21 180  111  -13   26   +4   26    4  14  0  0 L3P D9
G30 FF 61071 020600  780 383 1950    -1052942   -112         -25    +13   31  52  131  -22   58  -10   58  -10  26  0  0 L3P 1F
G04 FF 61071 022200  780 163  803     -413884    -25          13     -4   53 203  284 +103   25   -8   25   -8  40  0  0 L3P D7
G05 FF 61071 022200  780 245 3069    +2281579    -50          -4    -56   28  59  195  -51   34  +40   34   40  19  0  0 L3P 15
G06 FF 61071 022200  780 218 2057    +6071178    +75           5    +47   36  68  216  +67   76  -30   76  -30  29  0  0 L3P 1D
G07 FF 61071 022200  780 691 1440    +1425144    +50         -15     +0   19   1   87   -3   31   -4   31   -4  14  0  0 L3P 9D
G09 FF 61071 022200  780 474  807    -7703925    -26           4    -28   20   8  110  +12   17  +24   17   24  15  0  0 L3P D2
G11 FF 61071 022200  780 408 2530    +4555824   -125           3     +7   27  12  124  +10   29   +2   29    2  19  0  0 L3P C2
G16 FF 61071 022200  780 160  394    -1985233    -55          40    +20   43  81  289  +35    1   +6    1    6  34  0  0 L3P AE
G21 FF 61071 022200  780 538 2951    -3904427    -72          -4     -6   25 180  100   -9   27   -4   27   -4  16  0  0 L3P E0
G30 FF 61071 022200  780 458 1950    -1053066    -40         -28    +85   29  52  113  -15   59  -76   59  -76  25  0  0 L3P 3C
G05 FF 61071 023800  780 312 3066    +2281589   +110           0   +104   30  59  156  -31   32  -81   32  -81  23  0  0 L3P 1B
G06 FF 61071 023800  780 149 2033    +6071255     -1          54    -30   34  68  310 +139   46  +39   46   39  27  0  0 L3P 16
G07 FF 61071 023800  780 721 1235    +1425188    +15         -18    -35   18   1   85   -1   33  +24   33   24  12  0  0 L3P D8
G09 FF 61071 023800  780 406  846    -7703914    +42          13    +40   18   8  124  +17   16  -18   16  -18  14  0  0 L3P FC
G11 FF 61071 023800  780 364 2450    +4555686   -151          -8    -19   34  12  136  +16   51  +33   51   33  25  0  0 L3P 19
G16 FF 61071 023800  780 135  332    -1985367    -48         -22    +27   44  81  339  +74   51   +0   51    0  29  0  0 L3P EF
G21 FF 61071 023800  780 603 2896    -3904489    -99          -3    -33   19 180   93   -6   27  +21   27   21  12  0  0 L3P 0E
G30 FF 61071 023800  780 535 1945    -1053185   -125         -27     +0   29  52  101  -10   51   +2   51    2  23  0  0 L3P DC
G05 FF 61071 025400  780 380 3049    +2281585    +17          -9    +11   30  59  131  -20   36  -19   36  -19  21  0  0 L3P 13
G07 FF 61071 025400  780 715 1003    +1425259    +76           4    +26   16   1   85   +1   19  -14   19  -14  11  0  0 L3P C4
G09 FF 61071 025400  780 341  886    -7703921    +23           4    +21   21   8  144  +25   31   -9   31   -9  15  0  0 L3P BE
G11 FF 61071 025400  780 311 2385    +4555558   -185          -9    -54   22  12  156  +26   61  +43   61   43  16  0  0 L3P 1F
G13 FF 61071 025400  780 157 2653    -6881594    +36          13    +25   41  16  297 -114   44  -45   44  -45  33  0  0 L3P 3F
G16 FF 61071 025400  780 101  277    -1985399    -72          17     +3   33  81  448 +165   49  +45   49   45  26  0  0 L3P 1E
G21 FF 61071 025400  780 660 2791    -3904567    -75         -17     -9   21 180   88   -4   39  +13   39   13  14  0  0 L3P 0D
G30 FF 61071 025400  780 611 1928    -1053288   -160         -11    -35   21  52   92   -7   27  +10   27   10  14  0  0 L3P F7
G05 FF 61071 031000  780 445 3015    +2281606    +20           6    +14   20  59  115  -14   23   -4   23   -4  16  0  0 L3P C2
G07 FF 61071 031000  780 678  827    +1425317    +62          15    +12   14   1   87   +3   12   -6   12   -6  10  0  0 L3P 9A
G09 FF 61071 031000  780 276  926    -7703883     -9          39    -12   25   8  173  +37   19  +18   19   18  19  0  0 L3P FA
G11 FF 61071 031000  780 254 2330    +4555430   -159         -11    -27   34  12  187  +42   66  +24   66   24  25  0  0 L3P 20
G13 FF 61071 031000  780 219 2693    -6881574    +18          21     +7   31  16  216  -61   23   -6   23   -6  25  0  0 L3P E4
G21 FF 61071 031000  780 698 2616    -3904614    -97           0    -31   19 180   86   -1   29  +26   29   26  12  0  0 L3P F6
G30 FF 61071 031000  780 685 1883    -1053421   -104         -23    +21   21  52   87   -5   27  -17   27  -17  15  0  0 L3P 0A
G05 FF 61071 032600  780 506 2958    +2281597    +10          -9     +4   23  59  105   -9   31   -8   31   -8  17  0  0 L3P DA
G07 FF 61071 032600  780 624  725    +1425351    +61           0    +11   18   1   91   +5   22   -4   22   -4  12  0  0 L3P 7C
G09 FF 61071 032600  780 214  965    -7703888     +3          32     +1   31   8  220  +62   34  +13   34   13  23  0  0 L3P BD
G11 FF 61071 032600  780 194 2285    +4555316   -104           2    +28   41  12  242  +74   62  -29   62  -29  30  0  0 L3P 16
G13 FF 61071 032600  780 283 2732    -6881588    -49          -4    -61   39  16  171  -37   28  +54   28   54  29  0  0 L3P 31
G14 FF 61071 032600  780 159 1601    -7320054    -45          17    -23   41 171  295 -121   66  +31   66   31  33  0  0 L3P 29
G21 FF 61071 032600  780 702 2390    -3904675    -57           1     +9   23 180   86   +1   30   -4   30   -4  15  0  0 L3P B8
G30 FF 61071 032600  780 753 1771    -1053538   -108         -21    +17   15  52   84   -2   26   -9   26   -9  10  0  0 L3P F1
G05 FF 61071 034200  780 556 2867    +2281611    +60           0    +54   20  59   98   -5   27  -28   27  -28  15  0  0 L3P F3
G07 FF 61071 034200  780 561  672    +1425397    +93          -1    +43   16   1   97   +8   22  -29   22  -29  12  0  0 L3P D2
G09 FF 61071 034200  780 153 1003    -7703913    +26           6    +24   43   8  302 +117   58  -21   58  -21  31  0  0 L3P FA
G11 FF 61071 034200  780 133 2245    +4555198   -145          11    -13   45  12  346 +155   63  +15   63   15  37  0  0 L3P 2B
G13 FF 61071 034200  780 348 2772    -6881574     -3           0    -14   32  16  142  -25   20  +12   20   12  27  0  0 L3P D9
G14 FF 61071 034200  780 225 1577    -7320061    +37          31    +59   34 171  211  -62   54  -31   54  -31  32  0  0 L3P 1F
G21 FF 61071 034200  780 671 2191    -3904730    -54          10    +11   19 180   88   +3   23   -2   23   -2  13  0  0 L3P CF
G30 FF 61071 034200  780 800 1488    -1053656   -131         -18     -6   16  52   82   -1   22   +7   22    7  11  0  0 L3P C4
G05 FF 61071 041000  780 599 2628    +2281629    +49           3    +43   20  60   93   +0   25  -34   25  -34  14  0  0 L3P E3
G07 FF 61071 041000  780 446  644    +1425488    +65           6    +15   20   1  115  +14   19  -11   19  -11  14  0  0 L3P D1
G13 FF 61071 041000  780 468 2839    -6881563     +7          -6     -4   18  21  111  -13   25   +1   25    1  12  0  0 L3P B7
G14 FF 61071 041000  780 344 1523    -7320117    -69          15    -47   21 172  143  -26   50  +14   50   14  17  0  0 L3P 0D
G15 FF 61071 041000  780 172 2922    -3815808     +9          12    +44   47 109  273 -101   22  -31   22  -31  38  0  0 L3P 21
G18 FF 61071 041000  780 129 3287    +4372851    -78          24    +19   44 217  357  -54   51  -19   51  -19  32  0  0 L3P 44
G21 FF 61071 041000  780 565 1997    -3904851    -59          -5     +7   24 181   97   +8   30   +2   30    2  18  0  0 L3P CD
G22 FF 61071 041000  780 208 1634     +524721    -59           5    -12   24  27  227  -76   86   +7   86    7  20  0  0 L3P CC
G30 FF 61071 041000  780 758  870    -1053849   -106          -3    +19   13  55   83   +2   14   -7   14   -7   8  0  0 L3P BF
G05 FF 61071 042600  780 588 2475    +2281645    +41          14    +35   22  60   94   +3   19  -19   19  -19  16  0  0 L3P 05
G07 FF 61071 042600  780 381  649    +1425526    +68          -4    +18   23   1  131  +20   26   -8   26   -8  17  0  0 L3P CE
G08 FF 61071 042600  780 106  489    -4978812    +93         -10    +46   46  92  425  -52   52  -30   52  -30  31  0  0 L3P 24
G13 FF 61071 042600  780 539 2876    -6881558    +20         -12     +8   14  21  100  -10   30   -7   30   -7  11  0  0 L3P E5
G14 FF 61071 042600  780 411 1480    -7320136    +40          16    +61   24 172  123  -17   31  -58   31  -58  17  0  0 L3P 1E
G15 FF 61071 042600  780 237 2943    -3815843    -88          11    -53   37 109  201  -55   20  +50   20   50  27  0  0 L3P 21
G18 FF 61071 042600  780 143 3224    +4372761   -132          27    -35   36 217  322  -20   37  +22   37   22  25  0  0 L3P 29
G21 FF 61071 042600  780 493 1943    -3904884    -65          25     +1   31 181  106  +12   17   +8   17    8  23  0  0 L3P EF
G22 FF 61071 042600  780 280 1610     +524681   -108           9    -61   40  27  172  -42   71  +22   71   22  32  0  0 L3P EC
G30 FF 61071 042600  780 694  759    -1053975    -95          -9    +30   14  55   86   +4   19  -12   19  -12  11  0  0 L3P F3
G05 FF 61071 044200  780 552 2345    +2281634    -12          -3    -18   27  60   98   +6   36  +19   36   19  19  0  0 L3P F0
G07 FF 61071 044200  780 316  662    +1425598    +92          20    +42   28   1  154  +29   11  -35   11  -35  22  0  0 L3P EC
G08 FF 61071 044200  780 115  423    -4978764     -4          -7    -52   46  92  396  -10   45  +35   45   35  31  0  0 L3P FB
G13 FF 61071 044200  780 612 2909    -6881525    +37          10    +26   17  21   92   -7   18  -14   18  -14  12  0  0 L3P F7
G14 FF 61071 044200  780 474 1422    -7320172     -6           1    +15   26 172  110  -11   36  -15   36  -15  19  0  0 L3P F4
G15 FF 61071 044200  780 305 2957    -3815882    -79           6    -43   35 109  159  -34   30  +39   30   39  29  0  0 L3P 2F
G18 FF 61071 044200  780 146 3158    +4372645    -69           3    +27   28 217  315   +5   42  -27   42  -27  21  0  0 L3P 14
G21 FF 61071 044200  780 418 1910    -3904949    -73          23     -7   25 181  121  +18   31  +21   31   21  21  0  0 L3P FD
G22 FF 61071 044200  780 352 1581     +524640    -35          13    +11   27  27  140  -26   56  -30   56  -30  19  0  0 L3P F9
G30 FF 61071 044200  780 624  722    -1054096    -91         -10    +34   19  55   91   +6   21  -25   21  -25  13  0  0 L3P E2
G05 FF 61071 045800  780 499 2246    +2281639    +26          -3    +21   24  60  106   +9   40  -11   40  -11  17  0  0 L3P FA
G07 FF 61071 045800  780 253  682    +1425618    +65          -8    +15   33   1  188  +45   37   +8   37    8  24  0  0 L3P D5
G08 FF 61071 045800  780 112  358    -4978711    -31          -1    -79   51  92  405  +27   46  +54   46   54  34  0  0 L3P 11
G13 FF 61071 045800  780 688 2937    -6881507    +39          17    +27   16  21   87   -5   15  -13   15  -13  11  0  0 L3P 0E
G14 FF 61071 045800  780 530 1341    -7320199    -96          -6    -74   32 172  101   -7   38  +56   38   56  22  0  0 L3P 1A
G15 FF 61071 045800  780 375 2964    -3815890    +15          32    +50   24 109  133  -22   12  -44   12  -44  18  0  0 L3P 31
G18 FF 61071 045800  780 138 3091    +4372560   -153          11    -56   37 217  332  +31   30  +26   30   26  27  0  0 L3P 2E
G21 FF 61071 045800  780 342 1888    -3905017    -67          19     -1   34 181  143  +28   44   +5   44    5  25  0  0 L3P F8
G22 FF 61071 045800  780 424 1542     +524590    -12           8    +34   24  27  120  -17   45  -39   45  -39  18  0  0 L3P FD
G30 FF 61071 045800  780 554  716    -1054220   -149         -14    -24   16  55   98   +9   25  +23   25   23  12  0  0 L3P F7
G05 FF 61071 051400  780 436 2176    +2281663    -39          15    -44   24  60  117  +15   41  +44   41   44  18  0  0 L3P 0B
G07 FF 61071 051400  780 191  706    +1425697    +59          23     +9   34   1  245  +77   28  +19   28   19  27  0  0 L3P F0
G13 FF 61071 051400  780 764 2949    -6881492    +27          21    +16   22  21   83   -3   13  -14   13  -14  15  0  0 L3P F7
G14 FF 61071 051400  780 574 1231    -7320227    +20         -13    +41   27 172   96   -4   41  -29   41  -29  19  0  0 L3P 0F
G15 FF 61071 051400  780 446 2959    -3815911    -50          44    -14   18 109  115  -15    7  +11    7   11  13  0  0 L3P FA
G18 FF 61071 051400  780 120 3025    +4372471    -60          15    +36   35 217  379  +72   13  -34   13  -34  27  0  0 L3P 26
G21 FF 61071 051400  780 268 1872    -3905098    -12           2    +54   33 181  178  +46   64  -20   64  -20  26  0  0 L3P 23
G22 FF 61071 051400  780 493 1487     +524531    -57          -7    -10   23  27  107  -11   49   -4   49   -4  17  0  0 L3P E5
G23 FF 61071 051400  780 106 3278    -6064598    +61           4   +110   49 201  435 -229   65  -92   65  -92  37  0  0 L3P 56
G30 FF 61071 051400  780 485  726    -1054341   -129         -15     -4   25  55  108  +12   26   -4   26   -4  18  0  0 L3P EC
G05 FF 61071 053000  780 367 2125    +2281666     +9          12     +3   26  60  135  +23   52   -5   52   -5  19  0  0 L3P C9
G07 FF 61071 053000  780 130  733    +1425720    +11          -2    -39   57   1  352 +158   73  +83   73   83  42  0  0 L3P F0
G13 FF 61071 053000  780 841 2889    -6881490    +52          12    +40   14  21   81   -1   17  -28   17  -28   9  0  0 L3P EF
G14 FF 61071 053000  780 598 1093    -7320229    -17           6     +5   20 172   93   -1   27  -10   27  -10  15  0  0 L3P DB
G15 FF 61071 053000  780 517 2937    -3815968    -56          21    -21   17 109  103  -10   18  +17   18   17  13  0  0 L3P 25
G21 FF 61071 053000  780 196 1859    -3905152   -149          11    -83   40 181  239  +85   67  +82   67   82  30  0  0 L3P 4D
G22 FF 61071 053000  780 555 1407     +524488    -54          -5     -8   28  27   98   -7   47   +5   47    5  20  0  0 L3P B3
G23 FF 61071 053000  780 160 3248    -6064618     -9          30    +39   50 201  291  -95   25  -76   25  -76  37  0  0 L3P 2C
G24 FF 61071 053000  780 126 2589    +1412981   -114         -14    +40   43  96  367 -177   74  -51   74  -51  36  0  0 L3P 5F
G30 FF 61071 053000  780 417  745    -1054454   -165          -8    -40   21  55  121  +16   25  +34   25   34  16  0  0 L3P FB
G05 FF 61071 054600  780 297 2087    +2281670    -74          12    -79   32  60  162  +36   59  +83   59   83  23  0  0 L3P 2E
G13 FF 61071 054600  780 871 1652    -6881461    +16          30     +4   14  21   81   +0    5   +0    5    0   9  0  0 L3P 6E
G14 FF 61071 054600  780 598  945    -7320248    -33           8    -11   20 172   93   +1   25   +7   25    7  15  0  0 L3P BE
G15 FF 61071 054600  780 586 2887    -3816018    -48           5    -13   16 109   95   -7   29   +7   29    7  12  0  0 L3P ED
G21 FF 61071 054600  780 126 1848    -3905210    -53          16    +13   36 181  363 +193   75   -7   75   -7  28  0  0 L3P 2D
G22 FF 61071 054600  780 605 1292     +524443    -68          -5    -22   26  27   93   -4   42   +9   42    9  18  0  0 L3P BB
G23 FF 61071 054600  780 210 3208    -6064671   -152          25   -103   37 201  225  -49   19  +72   19   72  27  0  0 L3P 46
G24 FF 61071 054600  780 188 2625    +1412843   -171          -3    -17   39  96  250  -83   43   +2   43    2  28  0  0 L3P 03
G30 FF 61071 054600  780 351  770    -1054594   -127         -28     -2   29  55  140  +23   50  +15   50   15  21  0  0 L3P FD
G05 FF 61071 060200  780 227 2057    +2281687    +20          22    +14   29  60  208  +61   69   -1   69   -1  24  0  0 L3P F1
G13 FF 61071 060200  780 795 1422    -6881473   +111          10    +99   20  50   82   +2   21  -54   21  -54  12  0  0 L3P FB
G14 FF 61071 060200  780 574  813    -7320274    -29           6     -7   23 173   96   +4   30  +12   30   12  17  0  0 L3P BE
G15 FF 61071 060200  780 647 2790    -3816060    -23         -10    +12   15 110   89   -4   35   +1   35    1  10  0  0 L3P CC
G17 FF 61071 060200  780 153 1193     +487320   +127          24    +16   41  14  305 -111  137  -46  137  -46  37  0  0 L3P 47
G22 FF 61071 060200  780 634 1139     +524400    -37          -8    +10   22  28   90   -1   46   -6   46   -6  15  0  0 L3P AE
G23 FF 61071 060200  780 253 3155    -6064734   -117          11    -68   30 202  189  -28   26  +27   26   27  21  0  0 L3P 33
G24 FF 61071 060200  780 252 2660    +1412710   -248          14    -93   29   1  189  -47   29  +69   29   69  22  0  0 L3P 22
G30 FF 61071 060200  780 286  798    -1054692    -94          -3    +31   28  56  168  +35   55  +14   55   14  20  0  0 L3P 06
G05 FF 61071 061800  780 159 2032    +2281730   -106          60   -112   42  60  292 +122   63 +103   63  103  32  0  0 L3P 4A
G13 FF 61071 061800  780 715 1415    -6881468    -77           4    -88   13  50   85   +4   35  +69   35   69   9  0  0 L3P F4
G14 FF 61071 061800  780 531  713    -7320299    -52           1    -30   26 173  101   +7   41  +34   41   34  17  0  0 L3P DC
G15 FF 61071 061800  780 690 2624    -3816077    -30           7     +5   20 110   87   -2   34  +11   34   11  13  0  0 L3P C9
G17 FF 61071 061800  780 208 1144     +487439    +52          36    -59   38  14  227  -58  116  +17  116   17  29  0  0 L3P 3A
G22 FF 61071 061800  780 635  969     +524359    -49          -5     -2   20  28   90   +1   48  +17   48   17  13  0  0 L3P C3
G23 FF 61071 061800  780 286 3090    -6064785    -85           6    -36   30 202  168  -16   26  +26   26   26  25  0  0 L3P 23
G24 FF 61071 061800  780 318 2696    +1412553   -183           6    -28   25   1  153  -30   30  +28   30   28  18  0  0 L3P FD
G30 FF 61071 061800  780 223  829    -1054814    -88          -4    +38   30  56  211  +57  104  +22  104   22  24  0  0 L3P 10
G13 FF 61071 063400  780 635 1431    -6881476    -55         -15    -66   21  50   90   +6   59  +62   59   62  14  0  0 L3P 0E
G14 FF 61071 063400  780 476  646    -7320323    -54          -2    -32   18 173  109  +11   62  +35   62   35  13  0  0 L3P 05
G15 FF 61071 063400  780 700 2398    -3816115    -16           3    +19   15 110   86   +0   45   +3   45    3  11  0  0 L3P B8
G17 FF 61071 063400  780 259 1087     +487518   +145           9    +33   27  14  185  -34  130  -26  130  -26  21  0  0 L3P 35
G19 FF 61071 063400  780 149 1326    -6880479    -31          -5    -14   31  91  312 -123  215   -2  215   -2  23  0  0 L3P 27
G22 FF 61071 063400  780 610  821     +524311    -52          -8     -6   21  28   92   +3   61  +19   61   19  14  0  0 L3P A2
G23 FF 61071 063400  780 308 3016    -6064818    -57          21     -9   37 202  158   -7   18  +15   18   15  24  0  0 L3P 06
G24 FF 61071 063400  780 386 2731    +1412409   -128          11    +27   29   1  129  -20   35  -19   35  -19  23  0  0 L3P 19
G30 FF 61071 063400  780 162  862    -1054947   -190         -17    -65   39  56  285 +104  181 +134  181  134  32  0  0 L3P 82
G10 FF 61071 065000  780 137 3306    +5859294    +32          -7    +12   40  49  337 -100   69   -4   69   -4  30  0  0 L3P 09
G12 FF 61071 065000  780 105 2144    +6070866    -50         -17    -53   56 120  440 -275  142 +117  142  117  43  0  0 L3P 7A
G13 FF 61071 065000  780 556 1451    -6881475    +22         -25    +10   24  50   98  +10   87  +26   87   26  16  0  0 L3P 15
G14 FF 61071 065000  780 415  605    -7320323    -38          18    -17   23 173  122  +16   71  +52   71   52  17  0  0 L3P 04
G15 FF 61071 065000  780 673 2190    -3816144    -21           7    +15   18 110   88   +3   52  +11   52   11  13  0  0 L3P D7
G17 FF 61071 065000  780 304 1021     +487630    +69          13    -43   25  14  159  -20  132  +36  132   36  20  0  0 L3P 0C
G19 FF 61071 065000  780 208 1286    -6880491    -15           0     +2   27  91  227  -63  198  -18  198  -18  24  0  0 L3P 3B
G22 FF 61071 065000  780 564  714     +524283    -58           9    -12   19  28   97   +6   67  +40   67   40  15  0  0 L3P C8
G23 FF 61071 065000  780 315 2934    -6064864    +39          21    +88   36 202  154   +0   25  -55   25  -55  28  0  0 L3P 27
G24 FF 61071 065000  780 457 2765    +1412255   -142           5    +12   20   1  113  -14   51   +9   51    9  14  0  0 L3P C3
G10 FF 61071 070600  780 174 3255    +5859336    +16          15     -4   31  49  268  -50   51   +1   51    1  23  0  0 L3P D5
G12 FF 61071 070600  780 172 2163    +6070865    +80         -21    +77   39 120  273 -108  162  -77  162  -77  28  0  0 L3P 80
G13 FF 61071 070600  780 477 1474    -6881472     +5         -33     -7   24  50  109  +14  120  +37  120   37  19  0  0 L3P 1F
G14 FF 61071 070600  780 350  582    -7320351    -10          11    +11   19 173  140  +23  106  +33  106   33  13  0  0 L3P 0B
G15 FF 61071 070600  780 619 2049    -3816172    -14          13    +21   24 110   92   +6   64  +13   64   13  18  0  0 L3P F3
G17 FF 61071 070600  780 341  945     +487741   +124          17    +13   29  14  144  -12  140   +5  140    5  23  0  0 L3P EF
G19 FF 61071 070600  780 266 1240    -6880512     -9          -5     +8   32  91  181  -37  201   -7  201   -7  26  0  0 L3P F8
G22 FF 61071 070600  780 508  646     +524220    +21          -9    +67   26  28  104   +9   99  -33   99  -33  18  0  0 L3P F2
G23 FF 61071 070600  780 308 2851    -6064922    -34          10    +15   28 202  157   +7   55   +7   55    7  22  0  0 L3P EB
G24 FF 61071 070600  780 529 2797    +1412103   -180           1    -26   17   1  101  -10   61  +35   61   35  14  0  0 L3P E6
G10 FF 61071 072200  780 202 3195    +5859349    +67           9    +46   35  49  233  -26   71   -6   71   -6  26  0  0 L3P FE
G12 FF 61071 072200  780 241 2186    +6070872    -10         -17    -13   41 120  198  -56  162  -10  162  -10  27  0  0 L3P 4C
G13 FF 61071 072200  780 401 1495    -6881444     +9         -15     -2   24  50  125  +20  148  +59  148   59  18  0  0 L3P 27
G14 FF 61071 072200  780 285  574    -7320380     +2           3    +24   33 173  168  +36  149  +21  149   21  25  0  0 L3P 0C
G15 FF 61071 072200  780 551 1965    -3816202    -52          18    -17   28 110   98   +9   81  +33   81   33  22  0  0 L3P 04
G17 FF 61071 072200  780 365  862     +487849   +115          18     +3   27  14  136   -6  147  +13  147   13  23  0  0 L3P 08
G19 FF 61071 072200  780 320 1184    -6880510    -20          13     -3   19  91  152  -23  178   -5  178   -5  15  0  0 L3P 0C
G22 FF 61071 072200  780 445  607     +524199    -17          15    +30   22  28  115  +13  108   -4  108   -4  17  0  0 L3P EB
G23 FF 61071 072200  780 287 2770    -6064952    -31          28    +18   31 202  168  +15   64  +21   64   21  24  0  0 L3P 20
G24 FF 61071 072200  780 603 2824    +1411965   -138          12    +16   21   1   93   -7   71   +5   71    5  13  0  0 L3P BB
G10 FF 61071 073800  780 219 3128    +5859376    +54          16    +34   31  49  215  -11   88  -13   88  -13  26  0  0 L3P 32
G12 FF 61071 073800  780 312 2211    +6070872    -10         -21    -13   26 120  156  -33  157  +29  157   29  19  0  0 L3P 48
G13 FF 61071 073800  780 326 1516    -6881440    +39         -23    +28   21  50  149  +31  204  +36  204   36  14  0  0 L3P 3B
G14 FF 61071 073800  780 220  575    -7320385    +20          19    +42   36 173  214  +61  181  +12  181   12  31  0  0 L3P 23
G15 FF 61071 073800  780 478 1915    -3816238    -53          15    -18   36 110  109  +13  112  +59  112   59  30  0  0 L3P 4E
G17 FF 61071 073800  780 375  773     +487967    +91          30    -21   24  14  132   -1  142  +10  142   10  18  0  0 L3P F9
G19 FF 61071 073800  780 369 1117    -6880529     +3          11    +20   25  91  135  -15  175  -22  175  -22  19  0  0 L3P 3B
G22 FF 61071 073800  780 381  588     +524156    -31          16    +16   17  28  131  +19  133  +14  133   14  15  0  0 L3P 08
G23 FF 61071 073800  780 254 2697    -6065010    -62          16    -14   35 202  187  +27   97  +47   97   47  24  0  0 L3P 3E
G24 FF 61071 073800  780 679 2842    +1411811   -159           7     -5   18   1   87   -5   87  +21   87   21  13  0  0 L3P DD
G10 FF 61071 075400  780 223 3056    +5859406    +89          26    +69   24  49  211   +1  103  -28  103  -28  20  0  0 L3P 2F
G12 FF 61071 075400  780 385 2239    +6070882     -8         -14    -11   27 120  130  -22  144   +6  144    6  20  0  0 L3P 0F
G13 FF 61071 075400  780 253 1534    -6881417    +53         -10    +41   25  50  188  +51  260  +37  260   37  20  0  0 L3P 3B
G14 FF 61071 075400  780 156  584    -7320412    -12          13    +10   46 173  296 +117  231  +62  231   62  41  0  0 L3P 38
G15 FF 61071 075400  780 403 1884    -3816276    +14          11    +49   30 110  125  +20  151  +26  151   26  22  0  0 L3P 31
G17 FF 61071 075400  780 370  686     +488055   +164          10    +53   26  14  134   +4  156  -41  156  -41  20  0  0 L3P 1B
G19 FF 61071 075400  780 408 1036    -6880560    -14          -4     +3   22  91  124   -9  174  -21  174  -21  16  0  0 L3P 19
G22 FF 61071 075400  780 316  583     +524105    -85          10    -39   22  28  153  +29  168  +62  168   62  16  0  0 L3P 1B
G23 FF 61071 075400  780 211 2631    -6065078    -73          -5    -24   34 202  222  +47  141  +43  141   43  27  0  0 L3P 33
G24 FF 61071 075400  780 756 2838    +1411665   -179           9    -24   12   1   83   -3   98  +28   98   28   9  0  0 L3P F3
G10 FF 61071 081000  780 216 2983    +5859403    +34           2    +14   37  50  218  +14  132   +1  132    1  27  0  0 L3P E6
G12 FF 61071 081000  780 459 2270    +6070886    +50         -12    +47   25 121  113  -15  139  -32  139  -32  16  0  0 L3P 55
G13 FF 61071 081000  780 182 1550    -6881408    +12         -14     +0   41  56  256  +96  330  +77  330   77  28  0  0 L3P 32
G15 FF 61071 081000  780 329 1863    -3816313    -95           6    -60   26 111  148  +30  192 +103  192  103  22  0  0 L3P 4E
G17 FF 61071 081000  780 350  606     +488149   +133          -3    +22   24  52  140  +10  177  -16  177  -16  18  0  0 L3P 20
G19 FF 61071 081000  780 434  943    -6880566    -32           5    -15   30  92  117   -4  166  +20  166   20  24  0  0 L3P 03
G22 FF 61071 081000  780 253  588     +524066     -7          15    +40   29  29  188  +45  208  +40  208   40  24  0  0 L3P FF
G23 FF 61071 081000  780 163 2573    -6065098    +29          24    +78   40 203  284  +87  167   -7  167   -7  32  0  0 L3P 48
G24 FF 61071 081000  780 832 2735    +1411524   -175          16    -21   12   1   81   -1  106  +26  106   26   8  0  0 L3P E7
G10 FF 61071 082600  780 196 2912    +5859408    +18         -13     -2   36  50  239  +30  167  +29  167   29  26  0  0 L3P 44
G12 FF 61071 082600  780 535 2303    +6070873    -11         -28    -14   23 121  101  -10  149   +4  149    4  17  0  0 L3P 1A
G13 FF 61071 082600  780 114 1564    -6881392    +81          -9    +70   41  56  403 +234  397   -8  397   -8  32  0  0 L3P 48
G15 FF 61071 082600  780 256 1848    -3816354    -66          -2    -30   27 111  186  +50  239  +64  239   64  21  0  0 L3P 54
G17 FF 61071 082600  780 318  537     +488262    +67           3    -45   29  52  153  +17  186  +55  186   55  22  0  0 L3P 1C
G19 FF 61071 082600  780 444  843    -6880568    -30          19    -13   19  92  115   +0  161   +7  161    7  15  0  0 L3P FC
G22 FF 61071 082600  780 190  600     +524026     +3          21    +50   42  29  245  +78  251  +14  251   14  34  0  0 L3P E5
G23 FF 61071 082600  780 111 2521    -6065160    -15           9    +34   40 203  411 +193  224  +19  224   19  34  0  0 L3P 32
G24 FF 61071 082600  780 865 1809    +1411385    -84          26    +70   11   1   81   +0  111  -42  111  -42   8  0  0 L3P EB
G25 FF 61071 082600  780 136 2407    -4465710    -10          28    -33   55  95  342 -159  224   -7  224   -7  41  0  0 L3P 3B
G32 FF 61071 082600  780 157 3195    +1150074    -82          17    +93   27  54  298 -110  145  -47  145  -47  21  0  0 L3P 62
G10 FF 61071 084200  780 166 2846    +5859451    +40          10    +19   44  50  279  +57  175  +16  175   16  37  0  0 L3P 48
G12 FF 61071 084200  780 612 2340    +6070905    +13           0    +10   17 121   92   -7  130   -4  130   -4  11  0  0 L3P CB
G15 FF 61071 084200  780 186 1836    -3816376    +21          10    +56   35 111  252  +92  288  +25  288   25  25  0  0 L3P 57
G17 FF 61071 084200  780 275  482     +488371   +143           5    +31   34  52  174  +28  208  +10  208   10  26  0  0 L3P 0B
G19 FF 61071 084200  780 436  743    -6880597    -63           7    -46   28  92  117   +4  169  +47  169   47  22  0  0 L3P 31
G22 FF 61071 084200  780 130  618     +523964    -12           3    +35   58  29  354 +160  299  +24  299   24  47  0  0 L3P 23
G24 FF 61071 084200  780 797 1432    +1411224   -174          13    -19   21   1   82   +2  126  +21  126   21  14  0  0 L3P F6
G25 FF 61071 084200  780 200 2441    -4465687    -51          27    -75   37  95  236  -76  216  +46  216   46  28  0  0 L3P 54
G32 FF 61071 084200  780 213 3170    +1149910    -94          22    +81   39  54  222  -57  154  -44  154  -44  27  0  0 L3P 45
G10 FF 61071 085800  780 128 2785    +5859452    +84          -8    +64   52  50  358 +114  216  -24  216  -24  37  0  0 L3P 68
G12 FF 61071 085800  780 689 2381    +6070916     -9           8    -12   18 121   87   -5  129   +9  129    9  12  0  0 L3P F9
G15 FF 61071 085800  780 118 1825    -3816422    -11          -3    +25   30 111  388 +213  395 +115  395  115  21  0  0 L3P 75
G17 FF 61071 085800  780 226  441     +488491   +103          19     -9   30  52  209  +46  221  +27  221   27  22  0  0 L3P 11
G19 FF 61071 085800  780 411  654    -6880624    +10          -4    +27   19  92  123   +8  187   -3  187   -3  17  0  0 L3P 0A
G24 FF 61071 085800  780 718 1392    +1411081   -187          19    -33   14   1   85   +4  132  +36  132   36   9  0  0 L3P 03
G25 FF 61071 085800  780 265 2477    -4465676    +14          15    -10   34  95  181  -43  197  -26  197  -26  25  0  0 L3P 6A
G32 FF 61071 085800  780 266 3134    +1149756   -177          36     -2   28  54  180  -33  153  +10  153   10  19  0  0 L3P 3B
G06 FF 61071 091400  780 155  895    +6071873    +22          -3     -6   44  73  299  -84  340  -32  340  -32  34  0  0 L3P 2A
G12 FF 61071 091400  780 767 2432    +6070935    +18          24    +14   16 121   83   -3  116   -1  116   -1  12  0  0 L3P F8
G17 FF 61071 091400  780 172  411     +488595   +196          15    +84   41  52  270  +86  243  -40  243  -40  33  0  0 L3P 38
G19 FF 61071 091400  780 372  580    -6880631    -12           5     +5   33  92  133  +14  185   +0  185    0  27  0  0 L3P DB
G24 FF 61071 091400  780 639 1395    +1410933   -199          19    -44   14   1   90   +6  139  +44  139   44  10  0  0 L3P 1D
G25 FF 61071 091400  780 332 2514    -4465655    +23          13     -1   30  95  148  -28  174  -32  174  -32  21  0  0 L3P 2F
G32 FF 61071 091400  780 313 3084    +1149578   -171          26     +4   29  54  155  -20  162   +0  162    0  21  0  0 L3P 02
G06 FF 61071 093000  780 196  834    +6071924    -43          20    -71   34  73  239  -45  270  +31  270   31  27  0  0 L3P 27
G12 FF 61071 093000  780 844 2526    +6070933     +9          19     +5   10 121   81   -1  119   +3  119    3   7  0  0 L3P BD
G17 FF 61071 093000  780 115  391     +488707   +126          21    +14   47  52  395 +192  285   +8  285    8  36  0  0 L3P 28
G19 FF 61071 093000  780 323  524    -6880640    +11          13    +28   28  92  151  +23  193   -4  193   -4  21  0  0 L3P 07
G24 FF 61071 093000  780 561 1409    +1410778   -151          13     +4   18   1   97   +9  154   +6  154    6  14  0  0 L3P D8
G25 FF 61071 093000  780 401 2554    -4465622    -33          24    -57   26  95  126  -19  150  +31  150   31  18  0  0 L3P 32
G32 FF 61071 093000  780 352 3019    +1149427   -145          43    +30   22  54  140  -12  150  -24  150  -24  19  0  0 L3P 39
G06 FF 61071 094600  780 229  766    +6071929    +43          -2    +14   38  73  207  -25  252  -48  252  -48  28  0  0 L3P 47
G11 FF 61071 094600  780 124 1195    +4552313   -161           9    -29   45  14  372 -165  450 -131  450 -131  37  0  0 L3P 77
G12 FF 61071 094600  780 876  437    +6070936    +64          19    +61   18 121   81   +0  122  -38  122  -38  11  0  0 L3P 21
G19 FF 61071 094600  780 267  483    -6880639    +31          30    +48   29  92  179  +37  201   +1  201    1  22  0  0 L3P 0C
G24 FF 61071 094600  780 485 1428    +1410622   -184           5    -30   27   1  108  +13  180  +48  180   48  18  0  0 L3P 23
G25 FF 61071 094600  780 471 2597    -4465612    +49          11    +25   23  95  110  -13  149  -33  149  -33  16  0  0 L3P 51
G32 FF 61071 094600  780 378 2941    +1149243   -188          28    -13   31  54  132   -6  152   +1  152    1  23  0  0 L3P 0E
G11 FF 61071 100200  780 179 1148    +4552184    -93           5    +39   21  15  262  -78  324 -146  324 -146  15  0  0 L3P 58
G12 FF 61071 100200  780 801  651    +6070947    -56          26    -59   13 121   82   +2  115  +45  115   45   9  0  0 L3P F5
G19 FF 61071 100200  780 207  457    -6880643     -4          42    +13   28  92  227  +66  222  +34  222   34  20  0  0 L3P 0A
G24 FF 61071 100200  780 410 1448    +1410476   -201          13    -46   12   9  123  +19  200  +59  200   59   9  0  0 L3P 07
G25 FF 61071 100200  780 542 2641    -4465579    +43          21    +19   24  95  100   -9  136  -13  136  -13  15  0  0 L3P 28
G28 FF 61071 100200  780 136 3052    +6032448    -38          58    +21   39  35  342 -159  205  -15  205  -15  29  0  0 L3P 52
G29 FF 61071 100200  780 167 2005    +3836964     +3          11    +69   39  18  281 -117  343 -159  343 -159  31  0  0 L3P 75
G32 FF 61071 100200  780 390 2853    +1149074   -153          26    +22   34  54  128   -1  150   -4  150   -4  26  0  0 L3P 07
G06 FF 61071 101800  780 261  615    +6072005    +63          19    +35   35  73  183   -2  225  -36  225  -36  23  0  0 L3P 15
G11 FF 61071 101800  780 231 1095    +4552065   -130          12     +2   34  15  205  -44  263   -3  263   -3  26  0  0 L3P FF
G12 FF 61071 101800  780 725  714    +6070936    -12          11    -16   18 121   85   +4  134  +20  134   20  12  0  0 L3P F2
G19 FF 61071 101800  780 144  441    -6880658    +49          44    +67   42  92  319 +136  268  -18  268  -18  36  0  0 L3P 6C
G24 FF 61071 101800  780 336 1467    +1410332   -211          18    -57   25   9  145  +28  221  +71  221   71  18  0  0 L3P 27
G25 FF 61071 101800  780 615 2690    -4465558    +63          19    +40   25  95   92   -7  137  -33  137  -33  16  0  0 L3P 34
G28 FF 61071 101800  780 200 3061    +6032386    -94          53    -35   40  35  236  -75  194   +5  194    5  26  0  0 L3P 17
G29 FF 61071 101800  780 238 2015    +3836890   -136          -1    -70   44  18  200  -59  264  -36  264  -36  35  0  0 L3P 5D
G32 FF 61071 101800  780 386 2761    +1148891   -176          11     -1   25  54  129   +3  162  +20  162   20  18  0  0 L3P 1A
G06 FF 61071 103400  780 257  539    +6072043    +17          29    -11   30  73  185   +7  225  +29  225   29  22  0  0 L3P 0F
G11 FF 61071 103400  780 279 1034    +4551940    -75          14    +57   29  15  172  -26  232  -79  232  -79  22  0  0 L3P 4C
G12 FF 61071 103400  780 651  764    +6070947    +11          19     +7   13 121   89   +5  140   -3  140   -3  10  0  0 L3P D1
G24 FF 61071 103400  780 265 1485    +1410170   -130           4    +25   31   9  180  +45  262  +13  262   13  23  0  0 L3P 03
G25 FF 61071 103400  780 689 2746    -4465529    +44          25    +20   24  95   87   -5  131  -12  131  -12  16  0  0 L3P 26
G28 FF 61071 103400  780 265 3061    +6032285    -41           8    +19   35  35  181  -43  212  -28  212  -28  24  0  0 L3P 29
G29 FF 61071 103400  780 311 2028    +3836825    -42          -2    +24   26  18  157  -35  219  -49  219  -49  22  0  0 L3P 48
G32 FF 61071 103400  780 367 2672    +1148727   -160          16    +15   32  54  135   +9  174   +3  174    3  24  0  0 L3P 0D
G06 FF 61071 105000  780 241  467    +6072049     +5           9    -23   31  73  197  +18  261  +27  261   27  22  0  0 L3P FC
G11 FF 61071 105000  780 319  963    +4551806   -132           6     +0   36  15  153  -16  224  -20  224  -20  27  0  0 L3P 06
G12 FF 61071 105000  780 579  809    +6070942    -14          11    -17   19 121   95   +8  160  +27  160   27  13  0  0 L3P 0D
G24 FF 61071 105000  780 196 1502    +1410050   -127          33    +27   35   9  238  +81  277  +54  277   54  25  0  0 L3P 31
G25 FF 61071 105000  780 763 2820    -4465509     +5          23    -19   18  95   83   -3  134  +14  134   14  12  0  0 L3P FD
G28 FF 61071 105000  780 330 3052    +6032226    -58           6     +1   34  35  148  -27  197  -24  197  -24  25  0  0 L3P 1D
G29 FF 61071 105000  780 386 2041    +3836753   -119         -11    -53   24  18  130  -22  202  +12  202   12  20  0  0 L3P 32
G32 FF 61071 105000  780 334 2591    +1148551   -117           7    +58   30  54  146  +16  200  -19  200  -19  20  0  0 L3P 2C
G06 FF 61071 110600  780 212  403    +6072076    +10           8    -18   27  73  221  +34  273  +27  273   27  19  0  0 L3P 04
G11 FF 61071 110600  780 348  883    +4551692   -131          19     +1   30  15  141   -9  206  -16  206  -16  23  0  0 L3P 11
G12 FF 61071 110600  780 508  853    +6070948    -26          14    -29   29 121  104  +11  175  +40  175   40  19  0  0 L3P 2F
G24 FF 61071 110600  780 130 1516    +1409887   -101          19    +54   31   9  355 +176  328  +34  328   34  21  0  0 L3P 45
G25 FF 61071 110600  780 836 2972    -4465493    +33          15     +9   15  95   81   -1  141   -6  141   -6  10  0  0 L3P ED
G28 FF 61071 110600  780 394 3028    +6032170    -19           7    +40   31  35  127  -18  178  -50  178  -50  23  0  0 L3P 2F
G29 FF 61071 110600  780 463 2055    +3836693    -96          -8    -30   31  18  112  -15  182   +1  182    1  24  0  0 L3P 0B
G31 FF 61071 110600  780 101 3122    +1696024    +75          -3    +96   34   6  455 -285  281  -65  281  -65  25  0  0 L3P 42
G32 FF 61071 110600  780 290 2521    +1148388   -232          12    -57   40  54  166  +26  228  +81  228   81  29  0  0 L3P 4B
G06 FF 61071 112200  780 174  349    +6072113    +65          18    +37   52  73  267  +64  290   -4  290   -4  36  0  0 L3P 11
G11 FF 61071 112200  780 364  796    +4551558   -201          12    -69   23  15  136   -3  206  +50  206   50  17  0  0 L3P 18
G12 FF 61071 112200  780 439  896    +6070952    +26          15    +23   29 121  116  +15  189  +11  189   11  21  0  0 L3P 2F
G25 FF 61071 112200  780 872  460    -4465459    +48          26    +24   16  95   81   +0  132  -17  132  -17  11  0  0 L3P 0B
G28 FF 61071 112200  780 456 2986    +6032109    -42           3    +17   29  35  113  -12  166  -25  166  -25  20  0  0 L3P 2D
G29 FF 61071 112200  780 541 2066    +3836638    -55           1    +11   32  18  100  -10  158  -18  158  -18  24  0  0 L3P 29
G31 FF 61071 112200  780 166 3120    +1696022    +76          15    +98   34   6  283 -110  259  -86  259  -86  26  0  0 L3P 53
G32 FF 61071 112200  780 239 2460    +1148238   -234          30    -59   31  54  198  +42  249  +92  249   92  22  0  0 L3P 52
G06 FF 61071 113800  780 128  305    +6072155    +30          32     +2   51  73  358 +134  310  +27  310   27  37  0  0 L3P 0D
G11 FF 61071 113800  780 365  707    +4551430   -156          11    -24   25  15  136   +2  202  +16  202   16  20  0  0 L3P 01
G12 FF 61071 113800  780 372  938    +6070961    +14          20    +10   27 121  133  +21  205   -6  205   -6  21  0  0 L3P FF
G25 FF 61071 113800  780 805  908    -4465444    +22          19     -2   16  95   82   +2  136   -4  136   -4   9  0  0 L3P D1
G28 FF 61071 113800  780 511 2920    +6032054    -57           5     +2   23  35  104   -8  149  -12  149  -12  15  0  0 L3P FE
G29 FF 61071 113800  780 620 2072    +3836567    -79          -7    -13   24  18   92   -7  152   -4  152   -4  16  0  0 L3P 05
G31 FF 61071 113800  780 230 3109    +1695983    -43          -3    -22   31   6  207  -56  239  -25  239  -25  22  0  0 L3P 2F
G32 FF 61071 113800  780 184 2408    +1148060   -188          20    -13   46  54  253  +76  271  +20  271   20  34  0  0 L3P 3C
G11 FF 61071 115400  780 350  623    +4551278   -120         -15    +12   32  15  140   +8  213   -7  213   -7  23  0  0 L3P F8
G12 FF 61071 115400  780 307  978    +6070952    -15           8    -18   23 121  158  +31  237  +46  237   46  17  0  0 L3P 2E
G25 FF 61071 115400  780 731 1008    -4465418     +9          21    -15   21  95   84   +3  135  +11  135   11  15  0  0 L3P EF
G28 FF 61071 115400  780 554 2822    +6031998    -43           5    +16   24  35   98   -4  141  -21  141  -21  16  0  0 L3P 0E
G29 FF 61071 115400  780 699 2064    +3836495    -70         -16     -4   24  18   86   -5  139  -16  139  -16  16  0  0 L3P 3C
G31 FF 61071 115400  780 293 3087    +1695977    -16          12     +6   30   6  165  -33  206  -36  206  -36  24  0  0 L3P 28
G32 FF 61071 115400  780 127 2363    +1147852   -107         -20    +69   68  54  360 +160  325  -20  325  -20  49  0  0 L3P 6E
G11 FF 61071 121000  780 321  550    +4551165   -164          -1    -33   27  17  151  +15  206  +22  206   22  20  0  0 L3P 03
G12 FF 61071 121000  780 243 1018    +6070963    -37          18    -41   39 123  195  +49  272  +70  272   70  31  0  0 L3P 42
G25 FF 61071 121000  780 656 1069    -4465398    +44          13    +20   18 102   89   +5  140  -12  140  -12  13  0  0 L3P 1F
G26 FF 61071 121000  780 188 2891    +3198923    +63          23     +3   40   0  250  -84  243  -30  243  -30  31  0  0 L3P 10
G28 FF 61071 121000  780 578 2694    +6031939    -60           3     -1   25  35   95   -1  135   -8  135   -8  16  0  0 L3P E3
G29 FF 61071 121000  780 776 2009    +3836427    -46         -25    +20   17  25   83   -2  137  -19  137  -19  13  0  0 L3P 33
G31 FF 61071 121000  780 353 3050    +1695970     -5          24    +17   26   7  140  -21  177  -11  177  -11  19  0  0 L3P 10
G11 FF 61071 122600  780 282  488    +4551046   -150           7    -18   42  17  170  +25  211  +35  211   35  31  0  0 L3P 10
G12 FF 61071 122600  780 181 1056    +6070955    +62           7    +58   33 123  258  +86  323   +6  323    6  27  0  0 L3P 15
G18 FF 61071 122600  780 136 1803    +4370005    -41          55    +55   33 220  343 -175  339 -147  339 -147  22  0  0 L3P 8B
G25 FF 61071 122600  780 583 1119    -4465374    +43          14    +19   25 102   95   +8  146   +4  146    4  18  0  0 L3P 05
G26 FF 61071 122600  780 253 2912    +3198984    +59          27     +0   25   0  189  -48  213  -13  213  -13  19  0  0 L3P 27
G28 FF 61071 122600  780 579 2550    +6031881   -101           2    -42   25  35   95   +1  139  +40  139   40  16  0  0 L3P 0D
G29 FF 61071 122600  780 843 1731    +3836396    -32           8    +34   19  25   81   -1  117  -17  117  -17  13  0  0 L3P 16
G31 FF 61071 122600  780 408 2995    +1695958    -52          33    -30   27   7  124  -13  163  +26  163   26  20  0  0 L3P 2D
G11 FF 61071 124200  780 233  441    +4550909    -81          -3    +51   29  17  203  +43  233  -33  233  -33  23  0  0 L3P 13
G18 FF 61071 124200  780 206 1796    +4369916    -89          59     +7   28 222  229  -79  273  -17  273  -17  23  0  0 L3P 71
G21 FF 61071 124200  780 120  670    -3906840    -92          20    -27   45 186  383  -94  286  -36  286  -36  34  0  0 L3P 5A
G25 FF 61071 124200  780 510 1162    -4465366    -11          -1    -35   21 102  104  +11  166  +42  166   42  15  0  0 L3P 20
G26 FF 61071 124200  780 320 2927    +3199061    +55          47     -4   34   0  152  -30  182  -19  182  -19  27  0  0 L3P 1F
G28 FF 61071 124200  780 555 2416    +6031818   -101          -5    -42   27  35   98   +4  154  +48  154   48  18  0  0 L3P 2A
G29 FF 61071 124200  780 836  944    +3836323   -107          -2    -41   18  25   81   +1  126  +33  126   33  12  0  0 L3P 04
G31 FF 61071 124200  780 452 2919    +1695939    -10          34    +12   30   7  114   -8  159  -11  159  -11  23  0  0 L3P 1B
G04 FF 61071 125800  780 109 3287     -414717    -56          26    -34   49 207  415  -26  276  +16  276   16  35  0  0 L3P 4F
G05 FF 61071 125800  780 152  905    +2281827    +37           8    +31   45  86  305  -87  303  -99  303  -99  36  0  0 L3P 3E
G11 FF 61071 125800  780 179  406    +4550805    -92          19    +40   47  17  260  +80  219  -39  219  -39  35  0  0 L3P 44
G18 FF 61071 125800  780 279 1790    +4369811   -108          47    -11   34 222  173  -44  240  -28  240  -28  26  0  0 L3P 76
G21 FF 61071 125800  780 145  606    -3906894    -71          29     -6   41 186  319  -45  236  -22  236  -22  34  0  0 L3P 46
G25 FF 61071 125800  780 438 1202    -4465338    +78           4    +54   20 102  116  +16  185   -8  185   -8  16  0  0 L3P 27
G26 FF 61071 125800  780 389 2935    +3199112    +81          42    +22   28   0  129  -20  166  -35  166  -35  21  0  0 L3P 39
G28 FF 61071 125800  780 512 2307    +6031757    -32          -9    +27   31  35  104   +8  170   -3  170   -3  21  0  0 L3P F9
G29 FF 61071 125800  780 768  728    +3836243    -25         -19    +41   15  25   83   +3  136  -18  136  -18  11  0  0 L3P 2C
G31 FF 61071 125800  780 482 2822    +1695906     -2          22    +20   30   7  108   -4  157  -25  157  -25  20  0  0 L3P 07
G04 FF 61071 131400  780 111 3222     -414747    -65          16    -44   45 207  410  +14  278  +31  278   31  33  0  0 L3P 27
G05 FF 61071 131400  780 193  844    +2281841    +11          17     +5   24  86  243  -46  232  -33  232  -33  18  0  0 L3P 16
G11 FF 61071 131400  780 122  382    +4550667    +33           8   +165   69  17  375 +177  237 -112  237 -112  53  0  0 L3P 6B
G16 FF 61071 131400  780 121 2942    -1988192   -133          24    -58   38  95  382 -199  296   +1  296    1  27  0  0 L3P 5A
G18 FF 61071 131400  780 354 1782    +4369703   -116          31    -19   33 222  140  -27  219  -13  219  -13  22  0  0 L3P 60
G21 FF 61071 131400  780 160  539    -3906946    -84          39    -19   47 186  289  -19  205  +13  205   13  35  0  0 L3P 4F
G25 FF 61071 131400  780 368 1238    -4465294    +15          26     -9   24 102  135  +23  190  +29  190   29  18  0  0 L3P 3D
G26 FF 61071 131400  780 459 2932    +3199157    +69          30    +10   21   0  113  -14  156  -27  156  -27  15  0  0 L3P 2E
G28 FF 61071 131400  780 455 2225    +6031713    -63           4     -4   29  35  113  +12  175  +23  175   23  20  0  0 L3P FE
G29 FF 61071 131400  780 694  690    +3836198    -63           0     +3   17  25   86   +4  122   +0  122    0  12  0  0 L3P AF
G31 FF 61071 131400  780 494 2710    +1695868     -1           5    +20   39   7  106   +0  171  -13  171  -13  24  0  0 L3P ED
G04 FF 61071 133000  780 101 3158     -414772    -40          12    -19   44 207  444  +60  289  +32  289   32  31  0  0 L3P 2C
G05 FF 61071 133000  780 226  776    +2281843     +3          13     -3   30  86  210  -26  206  -24  206  -24  23  0  0 L3P F7
G16 FF 61071 133000  780 186 2964    -1988246    -10          41    +65   41  95  253  -89  230 -105  230 -105  29  0  0 L3P 74
G18 FF 61071 133000  780 431 1769    +4369612   -102          34     -5   38 222  119  -18  185  -36  185  -36  28  0  0 L3P 66
G21 FF 61071 133000  780 165  472    -3907034    -41          13    +24   49 186  281   +1  215  -28  215  -28  36  0  0 L3P 2B
G25 FF 61071 133000  780 299 1271    -4465295    +14           2    -10   34 102  161  +34  239  +52  239   52  28  0  0 L3P 30
G26 FF 61071 133000  780 528 2913    +3199216    +37          32    -23   23   0  101  -10  132   -9  132   -9  16  0  0 L3P F7
G28 FF 61071 133000  780 391 2165    +6031658    -58           5     +1   30  35  128  +19  195  +27  195   27  23  0  0 L3P 1A
G29 FF 61071 133000  780 621  694    +3836112    -10         -23    +56   28  25   91   +6  133  -36  133  -36  19  0  0 L3P 17
G31 FF 61071 133000  780 485 2596    +1695870    -45          28    -24   27   7  108   +3  156  +25  156   25  20  0  0 L3P 1E
G05 FF 61071 134600  780 248  702    +2281855    -23          19    -28   29  86  192  -13  182   +3  182    3  22  0  0 L3P 08
G16 FF 61071 134600  780 253 2981    -1988330    -55          30    +20   36  95  189  -49  193  -70  193  -70  29  0  0 L3P 67
G18 FF 61071 134600  780 507 1747    +4369507   -132          21    -36   30 222  104  -12  164  -23  164  -23  21  0  0 L3P 5A
G21 FF 61071 134600  780 159  405    -3907085    -46          24    +19   39 186  291  +22  198  -18  198  -18  32  0  0 L3P 63
G25 FF 61071 134600  780 232 1302    -4465257    +15          16     -9   38 102  204  +57  252  +36  252   36  25  0  0 L3P 2F
G26 FF 61071 134600  780 595 2867    +3199276    +24          35    -35   16   0   94   -7  116  +14  116   14  10  0  0 L3P 0C
G28 FF 61071 134600  780 324 2120    +6031598    -80           6    -21   26  37  150  +29  227  +45  227   45  20  0  0 L3P 1F
G29 FF 61071 134600  780 548  713    +3836045   -112         -27    -46   22  25   99   +9  134  +36  134   36  15  0  0 L3P 2F
G31 FF 61071 134600  780 457 2491    +1695844     +3          22    +25   25   7  113   +7  163  -12  163  -12  16  0  0 L3P 06
G05 FF 61071 140200  780 258  625    +2281863    +46          21    +40   35  87  185   -3  167  -36  167  -36  27  0  0 L3P 2E
G16 FF 61071 140200  780 322 2992    -1988404    -18          28    +57   26 101  152  -31  165  -74  165  -74  19  0  0 L3P 66
G18 FF 61071 140200  780 583 1707    +4369415    -65          25    +32   24 223   95   -8  134  -49  134  -49  15  0  0 L3P 43
G21 FF 61071 140200  780 141  342    -3907196   -144         -25    -80   46 186  326  +52  230  +44  230   44  30  0  0 L3P 46
G25 FF 61071 140200  780 166 1330    -4465258    -10          -8    -33   31 105  279 +107  296  +47  296   47  25  0  0 L3P 60
G26 FF 61071 140200  780 656 2775    +3199310    +43          12    -16   20   0   89   -4  120   -5  120   -5  12  0  0 L3P D4
G28 FF 61071 140200  780 256 2085    +6031555    -60          22     -1   46  38  186  +48  255  +39  255   39  35  0  0 L3P 34
G29 FF 61071 140200  780 478  740    +3835993    -30         -15    +36   22  39  109  +12  130  -26  130  -26  15  0  0 L3P 3A
G31 FF 61071 140200  780 415 2404    +1695829    -34          28    -13   21   7  122  +12  165  +17  165   17  16  0  0 L3P 18
G05 FF 61071 141800  780 255  548    +2281870    -10          22    -16   44  87  187   +7  166   +5  166    5  32  0  0 L3P FA
G16 FF 61071 141800  780 392 2992    -1988472   -111          32    -36   19 101  128  -20  135   +9  135    9  14  0  0 L3P 42
G18 FF 61071 141800  780 654 1633    +4369321    -47          24    +50   24 223   89   -5  117  -49  117  -49  17  0  0 L3P 46
G21 FF 61071 141800  780 113  286    -3907205    -27          29    +37   49 186  401 +111  190  -35  190  -35  36  0  0 L3P 59
G25 FF 61071 141800  780 102 1356    -4465221    -44           6    -68   71 105  445 +267  310  +46  310   46  50  0  0 L3P 43
G26 FF 61071 141800  780 700 2615    +3199365    +91          11    +32   18   0   86   -2  112  -19  112  -19  12  0  0 L3P 00
G27 FF 61071 141800  780 109 2652     +304865    +10          54    -77   40  70  424 -233  310  -41  310  -41  31  0  0 L3P 2F
G28 FF 61071 141800  780 188 2056    +6031508    -84          32    -25   59  38  249  +87  290  +69  290   69  45  0  0 L3P 64
G29 FF 61071 141800  780 410  772    +3835923     +6         -22    +72   27  39  123  +17  137  -47  137  -47  21  0  0 L3P 37
G31 FF 61071 141800  780 362 2334    +1695802     -8          22    +14   27   7  136  +19  180   +2  180    2  20  0  0 L3P DE
G05 FF 61071 143400  780 238  475    +2281874     +6          21     +0   34  87  199  +18  164   +3  164    3  25  0  0 L3P E3
G16 FF 61071 143400  780 463 2979    -1988565    -59          11    +16   25 101  112  -14  132  -29  132  -29  16  0  0 L3P 63
G18 FF 61071 143400  780 714 1491    +4369220    -65          16    +32   21 223   85   -3  110  -29  110  -29  14  0  0 L3P 24
G23 FF 61071 143400  780 142 1463    -6066229    -72          30    -23   54 206  328 -149  250 -133  250 -133  46  0  0 L3P 86
G26 FF 61071 143400  780 713 2388    +3199427    +44          16    -15   18   0   85   +0  106  +16  106   16  11  0  0 L3P F9
G27 FF 61071 143400  780 170 2689     +304947   +104          52    +16   40  70  275 -100  234  -81  234  -81  30  0  0 L3P 4D
G28 FF 61071 143400  780 122 2030    +6031426   -171           7   -112   45  38  377 +197  361 +137  361  137  39  0  0 L3P 81
G29 FF 61071 143400  780 343  806    +3835874    -33          -7    +33   32  39  143  +25  137  -15  137  -15  25  0  0 L3P 36
G31 FF 61071 143400  780 304 2278    +1695790    +12          31    +34   34   7  159  +29  192   -7  192   -7  26  0  0 L3P 19
G05 FF 61071 145000  780 210  410    +2281891    -37          33    -42   46  87  224  +35  157  +28  157   28  36  0  0 L3P 27
G16 FF 61071 145000  780 533 2945    -1988634    -43          14    +32   12 101  101   -9  114  -38  114  -38   9  0  0 L3P 2F
G18 FF 61071 145000  780 747 1246    +4369132   -102          20     -6   22 223   84   -1  100   -4  100   -4  14  0  0 L3P EC
G23 FF 61071 145000  780 208 1432    -6066269    -40          36     +9   34 206  228  -71  194  -79  194  -79  25  0  0 L3P 5E
G26 FF 61071 145000  780 689 2172    +3199481    +66          13     +7   18   0   87   +2  105  -15  105  -15  12  0  0 L3P FA
G27 FF 61071 145000  780 233 2725     +305011    +23          32    -65   35  70  204  -55  191   +3  191    3  25  0  0 L3P E7
G29 FF 61071 145000  780 279  842    +3835794    -77         -24    -12   35  39  172  +37  160  +28  160   28  26  0  0 L3P 4D
G31 FF 61071 145000  780 242 2232    +1695774    +16          35    +38   34   7  196  +48  206  -13  206  -13  25  0  0 L3P 2F
G05 FF 61071 150600  780 171  355    +2281919    -53          55    -59   45  87  271  +67  147  +52  147   52  35  0  0 L3P 3F
G16 FF 61071 150600  780 597 2878    -1988705    -84          15     -9   21 101   94   -6  107   -6  107   -6  13  0  0 L3P 18
G18 FF 61071 150600  780 736  964    +4369027   -121           8    -25   23 223   84   +1  102   +8  102    8  16  0  0 L3P EB
G23 FF 61071 150600  780 274 1396    -6066344    +33           9    +82   24 206  176  -41  173  -78  173  -78  16  0  0 L3P 5D
G26 FF 61071 150600  780 638 2026    +3199541    +90          16    +31   22   0   90   +5  103  -27  103  -27  15  0  0 L3P FB
G27 FF 61071 150600  780 298 2761     +305089    +78          26    -10   39  70  162  -34  163  -30  163  -30  28  0  0 L3P 3A
G29 FF 61071 150600  780 216  878    +3835742   -174         -13   -108   41  39  217  +60  164 +102  164  102  31  0  0 L3P 79
G31 FF 61071 150600  780 180 2194    +1695765    -16          47     +6   52   7  258  +87  220  +23  220   23  42  0  0 L3P 15
G05 FF 61071 152200  780 125  310    +2281893    -31          24    -36   45  87  367 +143  172   -3  172   -3  31  0  0 L3P 17
G16 FF 61071 152200  780 650 2760    -1988776    -82          16     -7   19 101   89   -3   97   -4   97   -4  12  0  0 L3P FA
G18 FF 61071 152200  780 690  778    +4368950    -45          24    +51   17 223   87   +3   91  -28   91  -28  13  0  0 L3P 15
G23 FF 61071 152200  780 339 1351    -6066382     -2          17    +46   28 206  145  -25  143  -52  143  -52  22  0  0 L3P 3C
G26 FF 61071 152200  780 573 1939    +3199601     -9          20    -68   27   0   96   +8  102  +57  102   57  21  0  0 L3P F9
G27 FF 61071 152200  780 366 2795     +305183   +112          36    +24   27  70  136  -23  132  -45  132  -45  22  0  0 L3P 39
G29 FF 61071 152200  780 155  916    +3835672    -62         -20     +4   45  39  297 +113  185   +2  185    2  37  0  0 L3P 1C
G31 FF 61071 152200  780 119 2161    +1695726    -17          29     +5   38   7  384 +191  269  +41  269   41  26  0  0 L3P 38
G10 FF 61071 153800  780 165 1638    +5859995    +39          44    +18   29 159  284 -119  200  -60  200  -60  22  0  0 L3P 7E
G16 FF 61071 153800  780 680 2580    -1988865    -94          -1    -19   22 101   87   -1  105   +7  105    7  15  0  0 L3P 0C
G18 FF 61071 153800  780 626  684    +4368846    -21          12    +76   24 223   91   +6   96  -52   96  -52  16  0  0 L3P 1C
G23 FF 61071 153800  780 401 1295    -6066443    -73           3    -24   31 206  125  -16  131   -4  131   -4  21  0  0 L3P 0A
G26 FF 61071 153800  780 502 1888    +3199630    +37          -8    -22   25   0  105  +11  136  +27  136   27  22  0  0 L3P 1D
G27 FF 61071 153800  780 435 2828     +305258    +77          27    -10   25  70  117  -16  124  -14  124  -14  18  0  0 L3P 32
G07 FF 61071 155400  780 118 3290    +1427642    +80          29    +30   39  87  386  -69  207  -34  207  -34  33  0  0 L3P 57
G08 FF 61071 155400  780 189 2853    -4976828    +76          18    +29   46  97  249  -83  198  -63  198  -63  32  0  0 L3P 91
G10 FF 61071 155400  780 236 1620    +5860001    +31          30    +11   36 159  202  -60  185  -29  185  -29  26  0  0 L3P 45
G15 FF 61071 155400  780 103  683    -3817261    -37          27     -2   40 120  441 -125  121   -4  121   -4  32  0  0 L3P 06
G16 FF 61071 155400  780 677 2371    -1988939    -84          -3     -9   21 101   87   +1  106   +7  106    7  16  0  0 L3P 00
G18 FF 61071 155400  780 557  642    +4368762    -92          21     +5   33 223   98   +8   91   +5   91    5  22  0  0 L3P CD
G23 FF 61071 155400  780 457 1222    -6066484    -45           9     +4   30 206  113  -10  111  -18  111  -18  23  0  0 L3P 1D
G26 FF 61071 155400  780 429 1857    +3199715    +82          21    +23   36   0  118  +17  133   +2  133    2  28  0  0 L3P FE
G27 FF 61071 155400  780 507 2857     +305341    +84          26     -4   24  70  105  -11  113   -3  113   -3  18  0  0 L3P EA
G07 FF 61071 161000  780 135 3232    +1427688     -1          24    -51   29  88  341  -29  197  +35  197   35  22  0  0 L3P 34
G08 FF 61071 161000  780 253 2880    -4976760   +105          44    +57   44  98  189  -47  156  -69  156  -69  33  0  0 L3P 89
G10 FF 61071 161000  780 308 1598    +5860023    +52          35    +31   43   1  158  -35  146  -43  146  -43  33  0  0 L3P 26
G15 FF 61071 161000  780 129  619    -3817298    -65          22    -30   48 121  357  -59  106   +4  106    4  40  0  0 L3P 18
G16 FF 61071 161000  780 641 2197    -1988998    -70          15     +5   19 102   90   +4  102  -11  102  -11  13  0  0 L3P 15
G18 FF 61071 161000  780 486  629    +4368665    -88          15     +9   22 224  107  +12   89   -8   89   -8  14  0  0 L3P 0F
G23 FF 61071 161000  780 502 1127    -6066539    -37           3    +12   23 207  105   -6  107  -32  107  -32  19  0  0 L3P 1C
G26 FF 61071 161000  780 356 1838    +3199767    +88          13    +29   22   6  138  +25  153  -14  153  -14  19  0  0 L3P 44
G27 FF 61071 161000  780 580 2880     +305427    +77          29    -10   22  72   95   -8  105   -4  105   -4  15  0  0 L3P E6
G07 FF 61071 162600  780 141 3170    +1427730    +69          18    +19   31  88  325   -3  199  -18  199  -18  23  0  0 L3P 47
G08 FF 61071 162600  780 320 2903    -4976722   +124          36    +76   25  98  153  -30  137  -79  137  -79  17  0  0 L3P 78
G10 FF 61071 162600  780 381 1571    +5860027    +14          19     -6   32   1  131  -22  137  -20  137  -20  25  0  0 L3P 05
G15 FF 61071 162600  780 145  551    -3817341    -61          13    -26   38 121  318  -24   94   +8   94    8  30  0  0 L3P F5
G16 FF 61071 162600  780 584 2081    -1989061    -91          24    -16   25 102   95   +7   97  +15   97   15  21  0  0 L3P 16
G18 FF 61071 162600  780 416  632    +4368566   -103           9     -6   25 224  121  +17   92   -4   92   -4  18  0  0 L3P F3
G23 FF 61071 162600  780 530 1012    -6066572    -13          17    +36   23 207  101   -3   87  -38   87  -38  16  0  0 L3P 1F
G26 FF 61071 162600  780 284 1824    +3199829    -37          18    -96   24   6  169  +40  164  +90  164   90  18  0  0 L3P 4B
G27 FF 61071 162600  780 655 2892     +305511    +92          30     +4   14  72   89   -6   96  -13   96  -13  10  0  0 L3P E2
G02 FF 61071 164200  780 116 2482     -285890    -59           7    +23   50  92  399 -214  238  -83  238  -83  35  0  0 L3P 51
G07 FF 61071 164200  780 138 3107    +1427760    +22           0    -28   46  88  333  +21  213  +25  213   25  34  0  0 L3P 14
G08 FF 61071 164200  780 389 2920    -4976688    +82          24    +34   28  98  129  -20  119  -43  119  -43  20  0  0 L3P 66
G10 FF 61071 164200  780 454 1533    +5860046    +53          18    +32   22   1  114  -15  114  -49  114  -49  17  0  0 L3P 21
G15 FF 61071 164200  780 150  482    -3817368    -24          20    +11   39 121  307   +0   83   -8   83   -8  25  0  0 L3P E6
G16 FF 61071 164200  780 517 2009    -1989145   -106          12    -31   26 102  103  +10  109  +24  109   24  19  0  0 L3P 46
G18 FF 61071 164200  780 348  645    +4368473   -115           9    -19   26 224  141  +25   81   -2   81   -2  19  0  0 L3P 08
G23 FF 61071 164200  780 537  885    -6066619    +12          17    +61   19 207  100   +1   74  -60   74  -60  14  0  0 L3P 0E
G26 FF 61071 164200  780 214 1813    +3199875    +92           7    +33   38   6  220  +69  191   -5  191   -5  29  0  0 L3P 10
G27 FF 61071 164200  780 731 2879     +305598    +85          32     -3   17  72   84   -4   79  -13   79  -13  11  0  0 L3P F3
G02 FF 61071 165800  780 179 2519     -285952    -68          24    +14   46  92  263  -92  176  -69  176  -69  36  0  0 L3P 6A
G07 FF 61071 165800  780 124 3044    +1427825    +94          17    +44   26  88  369  +54  205  -31  205  -31  21  0  0 L3P 49
G08 FF 61071 165800  780 459 2929    -4976654    +42          12     -6   23  98  113  -14  101  -25  101  -25  16  0  0 L3P 41
G10 FF 61071 165800  780 523 1477    +5860067    -14          20    -35   20   1  102  -10   95   +0   95    0  13  0  0 L3P C5
G15 FF 61071 165800  780 144  414    -3817393    -72          28    -36   41 121  319  +25   74  +21   74   21  30  0  0 L3P 13
G16 FF 61071 165800  780 445 1964    -1989229    -73           0     +2   27 102  115  +15  123   +2  123    2  23  0  0 L3P F9
G18 FF 61071 165800  780 281  665    +4368379    -62           7    +34   29 224  171  +38   70  -26   70  -26  22  0  0 L3P 28
G23 FF 61071 165800  780 522  764    -6066683    -78           0    -29   28 207  102   +4   75  +12   75   12  21  0  0 L3P F8
G26 FF 61071 165800  780 146 1804    +3199938    +61          14     +2   46   6  315 +141  202  +24  202   24  34  0  0 L3P 1D
G27 FF 61071 165800  780 805 2782     +305672   +111          23    +24   12  72   82   -2   77  -23   77  -23   9  0  0 L3P F1
G02 FF 61071 171400  780 242 2557     -286059     -4          -5    +78   35  92  197  -51  156  -96  156  -96  26  0  0 L3P 41
G07 FF 61071 171400  780 101 2983    +1427863    +11           7    -39   33  88  447 +116  221  +54  221   54  24  0  0 L3P 38
G08 FF 61071 171400  780 531 2924    -4976614    +41           7     -6   21  98  101  -10   82  -15   82  -15  15  0  0 L3P FF
G10 FF 61071 171400  780 585 1392    +5860073    -20           6    -40   16   1   95   -6   86  +16   86   16  12  0  0 L3P CE
G15 FF 61071 171400  780 127  349    -3817400    +19          55    +55   44 121  359  +62   45  -46   45  -46  35  0  0 L3P 2D
G16 FF 61071 171400  780 372 1934    -1989281    -67          20     +8   26 102  133  +23  117  +19  117   19  21  0  0 L3P 39
G18 FF 61071 171400  780 216  690    +4368284    -22           5    +75   34 224  217  +62   66  -72   66  -72  26  0  0 L3P 21
G23 FF 61071 171400  780 488  663    -6066728    -59           2    -10   22 207  107   +7   64   -2   64   -2  15  0  0 L3P DF
G27 FF 61071 171400  780 854 2237     +305763    +95          30     +7   13  72   81   +0   65  -19   65  -19   9  0  0 L3P D4
G02 FF 61071 173000  780 307 2598     -286156   -183         -24   -101   23  92  158  -31  137  +46  137   46  18  0  0 L3P 60
G08 FF 61071 173000  780 602 2899    -4976581    +36          -6    -11   19  98   93   -7   79   +1   79    1  13  0  0 L3P EE
G10 FF 61071 173000  780 634 1264    +5860093    +97           6    +76   22   1   90   -3   71  -60   71  -60  16  0  0 L3P D4
G15 FF 61071 173000  780 100  290    -3817469     -5          20    +30   30 121  452 +140   69  -15   69  -15  22  0  0 L3P 0C
G16 FF 61071 173000  780 299 1913    -1989348    -55          25    +20   22 102  161  +36  127  +12  127   12  18  0  0 L3P 47
G18 FF 61071 173000  780 154  719    +4368186    -59          -1    +38   50 224  300 +118   66  -33   66  -33  37  0  0 L3P 3A
G23 FF 61071 173000  780 439  588    -6066780    -18          -3    +31   26 207  116  +12   65  -21   65  -21  18  0  0 L3P 1E
G27 FF 61071 173000  780 809 1646     +305840    +38          23    -49   18  72   82   +2   61  +40   61   40  12  0  0 L3P D7
G02 FF 61071 174600  780 372 2639     -286222    -51         -10    +31   25  92  134  -21  106  -38  106  -38  17  0  0 L3P 37
G08 FF 61071 174600  780 669 2833    -4976533    +45          -4     -2   20  98   88   -4   68   -3   68   -3  13  0  0 L3P E9
G10 FF 61071 174600  780 659 1093    +5860120    +10          14    -10   12   1   89   -1   54  -11   54  -11   8  0  0 L3P BF
G16 FF 61071 174600  780 228 1897    -1989422     -7          23    +68   37 102  207  +61  152  -32  152  -32  30  0  0 L3P 4F
G23 FF 61071 174600  780 382  537    -6066815    -28           8    +20   30 207  130  +18   53  -25   53  -25  22  0  0 L3P 0C
G27 FF 61071 174600  780 733 1535     +305909    +96           7     +9   18  72   84   +4   70  -10   70  -10  12  0  0 L3P CA
G01 FF 61071 180200  780 119 2577    -3379225    +23           5    -22   38 163  387 -192  218  +25  218   25  27  0  0 L3P 56
G02 FF 61071 180200  780 438 2682     -286293    -95          -5    -13   27  93  117  -15   91  -15   91  -15  19  0  0 L3P 1C
G08 FF 61071 180200  780 726 2691    -4976482    +36           4    -11   18   8   85   -2   59   -5   59   -5  12  0  0 L3P D0
G10 FF 61071 180200  780 653  909    +5860121    -21          -5    -42   18   1   89   +2   58  +16   58   16  12  0  0 L3P C1
G16 FF 61071 180200  780 160 1883    -1989499   -137          18    -62   42 104  291 +121  172  +74  172   74  33  0  0 L3P 82
G23 FF 61071 180200  780 319  505    -6066858     +6          10    +55   17 208  152  +28   46  -43   46  -43  12  0  0 L3P 10
G27 FF 61071 180200  780 655 1512     +305982    +73          -2    -15   15  73   89   +6   73  +24   73   24  10  0  0 L3P D8
G32 FF 61071 180200  780 156 1287    +1144010   -172           4     +3   36   3  299 -113  119  -12  119  -12  27  0  0 L3P 1E
G01 FF 61071 181800  780 180 2614    -3379129    +98          57    +53   33 163  261  -88  139 -102  139 -102  26  0  0 L3P 8B
G02 FF 61071 181800  780 505 2727     -286382    -72         -16    +10   22  93  105  -11   80  -21   80  -21  17  0  0 L3P 0D
G08 FF 61071 181800  780 756 2432    -4976432    +28           8    -19   16   8   83   +0   50   +8   50    8  11  0  0 L3P B7
G10 FF 61071 181800  780 619  759    +5860144    +29          -1     +9   20   1   92   +4   46   -8   46   -8  14  0  0 L3P A7
G23 FF 61071 181800  780 255  488    -6066888    +36          27    +85   23 208  187  +45   24  -63   24  -63  19  0  0 L3P 48
G27 FF 61071 181800  780 576 1514     +306078    +70          10    -18   21  73   96   +9   68  +18   68   18  16  0  0 L3P F4
G32 FF 61071 181800  780 215 1244    +1143853   -203          16    -27   26   3  220  -59   96   -8   96   -8  24  0  0 L3P 05
G01 FF 61071 183400  780 241 2652    -3379097    -36          46    -82   37 163  198  -50   98  +21   98   21  27  0  0 L3P 45
G02 FF 61071 183400  780 573 2773     -286441    -76           4     +6   23  93   96   -8   53  -17   53  -17  15  0  0 L3P DE
G08 FF 61071 183400  780 740 2141    -4976390   +100           4    +52   18   8   84   +2   48  -21   48  -21  11  0  0 L3P E4
G10 FF 61071 183400  780 567  660    +5860161    +72          -4    +51   24   1   97   +7   43  -37   43  -37  17  0  0 L3P D8
G14 FF 61071 183400  780 129 3261    -7321215    -43          46    -21   47 178  356 -111   81   -4   81   -4  34  0  0 L3P 21
G23 FF 61071 183400  780 190  482    -6066946    -41          16     +7   37 208  246  +82   32   +0   32    0  25  0  0 L3P DB
G27 FF 61071 183400  780 498 1524     +306170    +99          17    +12   21  73  106  +12   67   +6   67    6  14  0  0 L3P E1
G32 FF 61071 183400  780 272 1193    +1143665   -206          -4    -31   32   3  177  -34   93   -5   93   -5  24  0  0 L3P F7
G01 FF 61071 185000  780 304 2691    -3379068    -19          31    -65   31 163  160  -31   69  +19   69   19  25  0  0 L3P 36
G02 FF 61071 185000  780 641 2822     -286521    -67           2    +14   24  93   90   -5   47  -12   47  -12  16  0  0 L3P D4
G08 FF 61071 185000  780 689 1956    -4976343    +78           6    +30   16   8   87   +4   48  -24   48  -24  11  0  0 L3P FE
G10 FF 61071 185000  780 506  601    +5860176     +9          -9    -12   21   1  104  +10   43  +18   43   18  15  0  0 L3P BD
G14 FF 61071 185000  780 166 3211    -7321239    -68          43    -46   32 178  280  -55   62  +24   62   24  26  0  0 L3P 2D
G23 FF 61071 185000  780 125  485    -6066982    +16          26    +65   46 208  366 +183   20  -56   20  -56  39  0  0 L3P 48
G27 FF 61071 185000  780 422 1537     +306268   +118          32    +30   23  73  120  +18   62   -8   62   -8  19  0  0 L3P F5
G32 FF 61071 185000  780 324 1134    +1143518   -199          17    -24   24   3  151  -21   55   -1   55   -1  21  0  0 L3P E5
G01 FF 61071 190600  780 368 2729    -3379040    +70          15    +24   37 163  135  -21   56  -46   56  -46  28  0  0 L3P 41
G02 FF 61071 190600  780 711 2877     -286588    -80          14     +2   16  93   85   -4   36  -12   36  -12  11  0  0 L3P E1
G08 FF 61071 190600  780 621 1861    -4976303    +46           0     -1   21   8   91   +6   53   +1   53    1  14  0  0 L3P 89
G10 FF 61071 190600  780 440  570    +5860194    +48         -10    +27   23   1  116  +15   46  -13   46  -13  18  0  0 L3P F8
G14 FF 61071 190600  780 195 3153    -7321282     +6          21    +28   45 178  241  -29   66  -30   66  -30  29  0  0 L3P 2A
G22 FF 61071 190600  780 124 3288     +522254   -178          19   -131   46  10  371 -117   76  +75   76   75  34  0  0 L3P 48
G27 FF 61071 190600  780 347 1551     +306338   +124          18    +37   28  73  141  +27   82  -13   82  -13  22  0  0 L3P 1D
G32 FF 61071 190600  780 370 1063    +1143319   -186         -14    -11   26   3  134  -13   63   +1   63    1  21  0  0 L3P DD
G01 FF 61071 192200  780 434 2768    -3379014    -15          -2    -61   26 163  118  -15   49  +37   49   37  20  0  0 L3P 29
G02 FF 61071 192200  780 780 2947     -286666    -63          14    +19   16  93   83   -2   35  -21   35  -21  11  0  0 L3P F3
G03 FF 61071 192200  780 127 2246    -5829915    +90         -16    -20   45 140  367 -191  154  -43  154  -43  35  0  0 L3P 7E
G08 FF 61071 192200  780 548 1812    -4976244    +74          13    +26   23   8   99   +9   47  -23   47  -23  17  0  0 L3P 06
G10 FF 61071 192200  780 372  558    +5860196    -23         -28    -43   26   1  133  +21   56  +25   56   25  19  0  0 L3P FF
G14 FF 61071 192200  780 213 3087    -7321292    -70          31    -48   31 178  221  -13   52  +26   52   26  26  0  0 L3P 1E
G22 FF 61071 192200  780 159 3238     +522221    -22          30    +25   37  10  292  -57   55  -35   55  -35  26  0  0 L3P 07
G27 FF 61071 192200  780 274 1565     +306434   +168          30    +80   25  73  174  +43   85  -56   85  -56  20  0  0 L3P 2F
G32 FF 61071 192200  780 405  979    +1143159   -185          -6    -10   28   3  124   -8   45   -2   45   -2  21  0  0 L3P D0
G01 FF 61071 193800  780 502 2805    -3378955    +31          14    -14   22 163  105  -11   31  +15   31   15  16  0  0 L3P 10
G02 FF 61071 193800  780 850 3099     -286742    -78          17     +4   18  93   81   -1   32  -11   32  -11  13  0  0 L3P DE
G03 FF 61071 193800  780 193 2276    -5829780   +108          13     -3   31 140  244  -84   90  -25   90  -25  25  0  0 L3P 3F
G08 FF 61071 193800  780 472 1787    -4976220    +82          -9    +34   29   8  110  +14   70  -27   70  -27  21  0  0 L3P 1B
G10 FF 61071 193800  780 305  559    +5860232    +54         -12    +34   26   1  159  +32   45  -15   45  -15  20  0  0 L3P FE
G14 FF 61071 193800  780 219 3017    -7321331    -56          18    -34   32 180  215   +0   62  +19   62   19  23  0  0 L3P 0C
G22 FF 61071 193800  780 185 3180     +522159   -134          14    -88   31  10  252  -29   54  +52   54   52  21  0  0 L3P 11
G27 FF 61071 193800  780 204 1577     +306530   +114          42    +26   37  73  230  +76   89  +11   89   11  32  0  0 L3P 15
G32 FF 61071 193800  780 426  886    +1142989   -185          -8    -10   29   3  119   -3   45   -6   45   -6  21  0  0 L3P EB
G01 FF 61071 195400  780 572 2841    -3378923    +81           1    +35   19 163   96   -8   40  -31   40  -31  14  0  0 L3P 00
G02 FF 61071 195400  780 871  804     -286810    -74          28     +8   17  93   81   +0   24   -5   24   -5  11  0  0 L3P A6
G03 FF 61071 195400  780 262 2309    -5829675   +103          12     -7   32 140  183  -46   70  -27   70  -27  24  0  0 L3P 38
G08 FF 61071 195400  780 397 1773    -4976173    +73          -8    +25   27   8  126  +20   76  -10   76  -10  22  0  0 L3P 1F
G10 FF 61071 195400  780 239  569    +5860229    +27         -34     +6   39   1  198  +52   56  -11   56  -11  28  0  0 L3P 09
G14 FF 61071 195400  780 213 2945    -7321339    +35          31    +57   33 180  220  +11   49  -55   49  -55  24  0  0 L3P 37
G17 FF 61071 195400  780 124 3165     +492907   +136          55    +24   38  96  375 -183   45  -33   45  -33  27  0  0 L3P 4E
G22 FF 61071 195400  780 201 3117     +522093    -23          -7    +24   50  10  233  -12   62  -16   62  -16  36  0  0 L3P EC
G27 FF 61071 195400  780 136 1587     +306576    +46           4    -42   30  73  339 +165  134  +52  134   52  21  0  0 L3P 2C
G32 FF 61071 195400  780 430  788    +1142805   -168         -23     +7   21   3  118   +1   55   +1   55    1  16  0  0 L3P BA
G01 FF 61071 201000  780 643 2874    -3378880    +69           3    +23   21 164   90   -6   34  -16   34  -16  13  0  0 L3P F9
G02 FF 61071 201000  780 803 1090     -286888    -54          25    +28   17  94   82   +2   21  -17   21  -17  11  0  0 L3P DF
G03 FF 61071 201000  780 331 2346    -5829604    +96         -20    -14   29 141  148  -29   71   +4   71    4  21  0  0 L3P 02
G08 FF 61071 201000  780 323 1765    -4976118    +73           5    +25   30   9  151  +31   85   +6   85    6  24  0  0 L3P CC
G10 FF 61071 201000  780 174  585    +5860274    -18          -6    -38   45   2  267  +96   36  +41   36   41  36  0  0 L3P F2
G14 FF 61071 201000  780 196 2875    -7321367    +75          21    +97   41 181  238  +26   55  -73   55  -73  32  0  0 L3P 43
G17 FF 61071 201000  780 184 3153     +493030    +86          73    -26   40   0  256  -82   24  +13   24   13  30  0  0 L3P D4
G22 FF 61071 201000  780 206 3049     +522049    -17          -7    +30   39  16  228   +1   65  -19   65  -19  25  0  0 L3P ED
G32 FF 61071 201000  780 418  694    +1142652   -167         -11     +8   26   4  121   +5   36  -11   36  -11  16  0  0 L3P DC
G01 FF 61071 202600  780 716 2900    -3378840    +57          -1    +12   17 164   85   -4   34   -9   34   -9  12  0  0 L3P E3
G02 FF 61071 202600  780 731 1169     -286987   -113           5    -31   22  94   84   +3   39  +24   39   24  13  0  0 L3P E3
G03 FF 61071 202600  780 402 2387    -5829482    +82          -3    -28   28 141  125  -19   48   +5   48    5  19  0  0 L3P 0C
G08 FF 61071 202600  780 251 1760    -4976088    +23         -11    -24   25   9  190  +52  118  +22  118   22  19  0  0 L3P 2E
G10 FF 61071 202600  780 112  607    +5860292     +9          -7    -12   59   2  408 +220   39  +21   39   21  49  0  0 L3P E0
G14 FF 61071 202600  780 169 2808    -7321391    -54          19    -32   46 181  274  +50   60  +32   60   32  35  0  0 L3P 24
G17 FF 61071 202600  780 242 3132     +493108    +95          44    -16   31   0  197  -45   41   +7   41    7  24  0  0 L3P C0
G22 FF 61071 202600  780 199 2981     +522041    -18          30    +28   37  16  235  +14   38  -26   38  -26  26  0  0 L3P 0F
G32 FF 61071 202600  780 390  612    +1142471   -169         -24     +6   25   4  128  +10   44   -2   44   -2  19  0  0 L3P CE
G01 FF 61071 204200  780 791 2907    -3378801    +47          -6     +1   18 164   82   -2   38   -4   38   -4  12  0  0 L3P D4
G02 FF 61071 204200  780 659 1221     -287049    -69          21    +13   17  94   88   +5   28   -8   28   -8  12  0  0 L3P D3
G03 FF 61071 204200  780 474 2433    -5829388   +122         -15    +11   19 141  110  -13   44  -12   44  -12  14  0  0 L3P 36
G08 FF 61071 204200  780 181 1756    -4976027    +10           5    -38   34   9  258  +96  112  +50  112   50  25  0  0 L3P 13
G14 FF 61071 204200  780 134 2747    -7321412    -14          18     +8   36 181  341  +96   66   +7   66    7  30  0  0 L3P F1
G17 FF 61071 204200  780 298 3099     +493215   +117          44     +6   29   0  163  -27   32  -31   32  -31  21  0  0 L3P F2
G22 FF 61071 204200  780 181 2914     +521988    -37          21    +10   49  16  257  +31   47   -6   47   -6  39  0  0 L3P F1
G32 FF 61071 204200  780 349  545    +1142317   -170         -11     +5   31   4  141  +16   43   -2   43   -2  24  0  0 L3P BF
G01 FF 61071 205800  780 865 2774    -3378753    +59          -1    +14   12 164   81   -1   34  -14   34  -14   8  0  0 L3P FE
G02 FF 61071 205800  780 588 1265     -287149    -56           0    +25   18  94   94   +7   45   -5   45   -5  12  0  0 L3P C8
G03 FF 61071 205800  780 546 2485    -5829281   +132         -14    +22   19 141   99   -9   38  -16   38  -16  15  0  0 L3P 42
G04 FF 61071 205800  780 109 1897     -415316   -100          66    -78   51 214  424 -265   86  +53   86   53  35  0  0 L3P 4D
G08 FF 61071 205800  780 113 1752    -4975993   +111          -7    +63   52   9  403 +230  140  -19  140  -19  37  0  0 L3P 55
G17 FF 61071 205800  780 348 3052     +493310    +76          32    -35   32   0  142  -17   34  +20   34   20  24  0  0 L3P D5
G19 FF 61071 205800  780 138 3205    -6881345    -22           1     -5   39 100  336 -140   59   -2   59   -2  30  0  0 L3P FB
G22 FF 61071 205800  780 154 2851     +521957   -101          34    -54   56  16  299  +59   36  +53   36   53  46  0  0 L3P 27
G28 FF 61071 205800  780 138  928    +6030042    -26          -7    +34   51  41  336 -107   81  -61   81  -61  39  0  0 L3P 1F
G32 FF 61071 205800  780 300  495    +1142175   -130          15    +46   21   4  161  +26   30  -24   30  -24  16  0  0 L3P EA
G01 FF 61071 211400  780 852 1439    -3378701    +40           7     -5   14 164   81   +1   27   -1   27   -1  10  0  0 L3P AF
G02 FF 61071 211400  780 516 1303     -287228   -132           0    -50   25  94  103  +11   51  +47   51   47  18  0  0 L3P E7
G03 FF 61071 211400  780 619 2547    -5829178    +90         -18    -20   19 141   92   -6   36   +7   36    7  13  0  0 L3P F8
G04 FF 61071 211400  780 179 1898     -415398    -54           5    -32   35 214  263 -104  122  +14  122   14  27  0  0 L3P 33
G17 FF 61071 211400  780 390 2989     +493419   +160          34    +48   26   0  128  -11   27  -40   27  -40  18  0  0 L3P 10
G19 FF 61071 211400  780 195 3179    -6881337    +21          26    +38   31 100  241  -68   32  -30   32  -30  23  0  0 L3P 28
G22 FF 61071 211400  780 120 2792     +521900   -133          22    -86   50  16  381 +118   58  +62   58   62  36  0  0 L3P 1D
G28 FF 61071 211400  780 179  869    +6030011   -103          19    -44   39  41  261  -55   40  +13   40   13  29  0  0 L3P 07
G32 FF 61071 211400  780 245  459    +1142005   -178          13     -3   24   4  194  +44   36  +13   36   13  17  0  0 L3P DB
G01 FF 61071 213000  780 776 1362    -3378667    +44          -3     -2   22 164   83   +3   30   +4   30    4  14  0  0 L3P B4
G02 FF 61071 213000  780 445 1338     -287316   -100         -10    -18   32  94  115  +15   66  +30   66   30  21  0  0 L3P 04
G03 FF 61071 213000  780 691 2627    -5829074    +77         -20    -34   14 141   87   -4   34  +25   34   25  11  0  0 L3P 0A
G04 FF 61071 213000  780 252 1900     -415390    -29          33     -8   34 214  190  -54   76   -5   76   -5  28  0  0 L3P E9
G17 FF 61071 213000  780 420 2909     +493520    +80          27    -31   38   0  121   -6   29  +15   29   15  29  0  0 L3P D1
G19 FF 61071 213000  780 248 3141    -6881363    +43          16    +60   24 100  192  -38   33  -33   33  -33  19  0  0 L3P 28
G28 FF 61071 213000  780 213  804    +6029940    -42           5    +17   27  41  221  -31   39  -24   39  -24  21  0  0 L3P EB
G31 FF 61071 213000  780 128 1120    +1695267     +7          20    +28   52  65  360 -146  106  -37  106  -37  38  0  0 L3P 3B
G32 FF 61071 213000  780 186  436    +1141834   -170          10     +5   38   4  251  +79   30  -14   30  -14  31  0  0 L3P DE
G01 FF 61071 214600  780 698 1368    -3378641    +49         -20     +3   20 164   86   +4   41   -5   41   -5  13  0  0 L3P E5
G02 FF 61071 214600  780 374 1369     -287375    -42          10    +40   27  94  133  +22   69  -15   69  -15  19  0  0 L3P 1A
G03 FF 61071 214600  780 762 2750    -5828969   +111         -20     +0   15 141   83   -3   34   +5   34    5  10  0  0 L3P DC
G04 FF 61071 214600  780 326 1903     -415436    -49           8    -28   33 214  150  -32   74  +14   74   14  26  0  0 L3P FE
G17 FF 61071 214600  780 435 2817     +493608    +78           9    -34   24   0  117   -2   43  +36   43   36  17  0  0 L3P D4
G19 FF 61071 214600  780 295 3090    -6881381    +28          15    +45   30 100  164  -23   34  -31   34  -31  21  0  0 L3P 26
G28 FF 61071 214600  780 239  733    +6029890    -23          12    +37   32  41  199  -16   26  -40   26  -40  24  0  0 L3P 12
G31 FF 61071 214600  780 180 1067    +1695254    -38          28    -17   28  65  261  -71   81   -3   81   -3  23  0  0 L3P 04
G32 FF 61071 214600  780 126  423    +1141688   -315          33   -140   48   4  365 +173    5  +90    5   90  41  0  0 L3P FA
G01 FF 61071 220200  780 620 1388    -3378598    +18         -19    -27   13 165   91   +7   44  +20   44   20   8  0  0 L3P FF
G02 FF 61071 220200  780 304 1398     -287471   -113          -9    -32   21   0  159  +34   88  +28   88   28  15  0  0 L3P 01
G03 FF 61071 220200  780 824 3024    -5828864   +107         -23     -3   16 142   82   -1   36   -1   36   -1  11  0  0 L3P E1
G04 FF 61071 220200  780 403 1905     -415464     -1           4    +21   29 215  125  -21   64  -24   64  -24  21  0  0 L3P DD
G06 FF 61071 220200  780 124 3054    +6073200    +37          35     +8   35 116  374 -189   28  -18   28  -18  27  0  0 L3P 32
G09 FF 61071 220200  780 130 2080    -7703689    -75          66    -78   38   9  357 -187   62  +42   62   42  30  0  0 L3P 2D
G17 FF 61071 220200  780 434 2720     +493729   +104          24     -8   23  97  117   +2   30   +9   30    9  15  0  0 L3P C0
G19 FF 61071 220200  780 333 3024    -6881393     -8          18     +9   28   0  147  -13   28   -9   28   -9  23  0  0 L3P D3
G28 FF 61071 220200  780 252  659    +6029832    -40          14    +19   30  42  189   -6   21  -23   21  -23  24  0  0 L3P EF
G31 FF 61071 220200  780 227 1007    +1695222    -61          15    -39   29  66  209  -40   71   +4   71    4  25  0  0 L3P E3
G01 FF 61071 221800  780 543 1411    -3378551    +27         -16    -19   20 165   99  +10   46  +15   46   15  15  0  0 L3P 1A
G02 FF 61071 221800  780 236 1424     -287538    -40           2    +42   32   0  201  +56   89  -16   89  -16  25  0  0 L3P E6
G03 FF 61071 221800  780 840  116    -5828756   +116         -21     +5   25 142   81   +0   34   -6   34   -6  16  0  0 L3P DA
G04 FF 61071 221800  780 481 1903     -415472    -50          17    -28   34 215  109  -14   50   +8   50    8  25  0  0 L3P E7
G06 FF 61071 221800  780 188 3067    +6073191    -68          -1    -96   47 116  250  -86   40  +54   40   54  34  0  0 L3P 30
G09 FF 61071 221800  780 199 2096    -7703743    +14          10    +12   34   9  237  -83   91  -26   91  -26  27  0  0 L3P 20
G17 FF 61071 221800  780 416 2625     +493832   +127          20    +16   17  97  121   +6   38   -2   38   -2  14  0  0 L3P E6
G19 FF 61071 221800  780 359 2945    -6881417     +0          10    +17   29   0  137   -7   32  -17   32  -17  22  0  0 L3P ED
G28 FF 61071 221800  780 254  583    +6029771    -54           9     +5   28  42  188   +4   22   +2   22    2  21  0  0 L3P A6
G31 FF 61071 221800  780 267  940    +1695214     +1          28    +23   33  66  179  -23   49  -35   49  -35  25  0  0 L3P 0A
G01 FF 61071 223400  780 466 1435    -3378508    +15         -17    -30   27 165  111  +14   57  +35   57   35  21  0  0 L3P 2C
G02 FF 61071 223400  780 168 1447     -287626    -67          -7    +15   32   0  276 +108  126   -8  126   -8  27  0  0 L3P 14
G03 FF 61071 223400  780 789  540    -5828643   +128         -14    +17   16 142   82   +2   28  -16   28  -16  11  0  0 L3P 1E
G04 FF 61071 223400  780 560 1893     -415500    -46           9    -24   31 215   98   -9   44  +10   44   10  23  0  0 L3P D3
G06 FF 61071 223400  780 254 3073    +6073199    -50         -21    -78   42 116  188  -48   48  +52   48   52  27  0  0 L3P 47
G09 FF 61071 223400  780 271 2115    -7703746    -23           5    -25   28   9  178  -45   75  +21   75   21  23  0  0 L3P F8
G17 FF 61071 223400  780 384 2540     +493945   +106          26     -5   23  97  130  +11   37   +1   37    1  18  0  0 L3P D6
G19 FF 61071 223400  780 371 2857    -6881440    -48           3    -31   29   0  134   -1   35  +26   35   26  24  0  0 L3P E1
G28 FF 61071 223400  780 242  511    +6029715    -11          10    +49   35  42  196  +14   19  -38   19  -38  26  0  0 L3P 0F
G31 FF 61071 223400  780 299  863    +1695193    -10          27    +11   35  66  162  -13   35   -7   35   -7  31  0  0 L3P EF
G01 FF 61071 225000  780 391 1458    -3378464    +47         -17     +1   24 165  128  +21   69   +4   69    4  17  0  0 L3P 04
G03 FF 61071 225000  780 722  701    -5828536    +64         -13    -47   17 142   85   +3   28  +26   28   26  13  0  0 L3P FC
G04 FF 61071 225000  780 638 1866     -415530    -50           0    -28   26 215   90   -6   42   +9   42    9  17  0  0 L3P B8
G06 FF 61071 225000  780 320 3069    +6073235    +19         -12    -10   35 116  152  -29   41   +2   41    2  26  0  0 L3P EF
G09 FF 61071 225000  780 344 2136    -7703741    +22           7    +20   32   9  143  -28   57  -34   57  -34  25  0  0 L3P FA
G17 FF 61071 225000  780 340 2466     +494041    +90          15    -21   28  97  144  +18   50  +23   50   23  23  0  0 L3P F0
G19 FF 61071 225000  780 366 2765    -6881457    -87           2    -69   16   0  135   +4   40  +65   40   65  13  0  0 L3P F0
G28 FF 61071 225000  780 218  445    +6029664    -27          16    +33   26  42  216  +28   14  -25   14  -25  20  0  0 L3P 05
G31 FF 61071 225000  780 318  781    +1695177    -56          32    -34   35  66  153   -5   28  +19   28   19  30  0  0 L3P FE
G01 FF 61071 230600  780 317 1479    -3378417    +97         -13    +52   26 165  153  +33   75  -14   75  -14  18  0  0 L3P 4B
G03 FF 61071 230600  780 653  796    -5828437    +22         -19    -89   17 142   89   +5   34  +64   34   64  11  0  0 L3P 17
G04 FF 61071 230600  780 713 1798     -415572    -47         -21    -26   13 215   85   -4   52  +12   52   12   9  0  0 L3P E7
G06 FF 61071 230600  780 387 3054    +6073254    +47         -20    +18   22 116  129  -19   47  -22   47  -22  15  0  0 L3P 3B
G09 FF 61071 230600  780 418 2160    -7703753    +10          -7     +8   24   9  121  -19   59  -13   59  -13  18  0  0 L3P FB
G17 FF 61071 230600  780 289 2405     +494115    +82         -18    -30   23  97  166  +29   80  +44   80   44  19  0  0 L3P 1C
G19 FF 61071 230600  780 345 2677    -6881465    -14          11     +3   35   0  142  +10   35   +2   35    2  25  0  0 L3P BD
G28 FF 61071 230600  780 184  388    +6029609    -55          17     +4   36  42  254  +52   11   +0   11    0  28  0  0 L3P C3
G31 FF 61071 230600  780 322  695    +1695136     +4          12    +25   23  66  151   +1   37  -28   37  -28  17  0  0 L3P E6
G01 FF 61071 232200  780 245 1498    -3378382    +66         -22    +20   37 165  194  +54  101   +8  101    8  30  0  0 L3P 29
G03 FF 61071 232200  780 583  867    -5828338   +104         -27     -6   17 142   95   +7   39   +7   39    7  11  0  0 L3P EE
G04 FF 61071 232200  780 778 1622     -415579    -28          -8     -7   15 215   83   -2   39   +5   39    5  10  0  0 L3P C0
G06 FF 61071 232200  780 452 3021    +6073290    -54         -12    -82   22 116  114  -13   35  +63   35   63  17  0  0 L3P 1B
G09 FF 61071 232200  780 494 2185    -7703750    -47          -6    -49   29   9  107  -13   49  +36   49   36  23  0  0 L3P 1B
G17 FF 61071 232200  780 233 2353     +494245    +92           5    -19   36  97  203  +48   77  +23   77   23  30  0  0 L3P F8
G19 FF 61071 232200  780 312 2596    -6881493     +2           0    +19   27   0  155  +18   53   -8   53   -8  20  0  0 L3P C9
G28 FF 61071 232200  780 141  340    +6029516    +74         -19   +133   56  42  326 +104   33  -98   33  -98  43  0  0 L3P 42
G31 FF 61071 232200  780 312  613    +1695136    -10          33    +12   29  66  155   +8   19   -8   19   -8  21  0  0 L3P CF
G01 FF 61071 233800  780 174 1515    -3378326     -6         -10    -52   38 165  267 +105  115  +58  115   58  29  0  0 L3P 60
G03 FF 61071 233800  780 514  927    -5828223    +53         -17    -57   26 142  103  +10   42  +49   42   49  18  0  0 L3P 24
G04 FF 61071 233800  780 805 1225     -415606     -9         -14    +12   13 215   82   +0   40   -9   40   -9   8  0  0 L3P B1
G06 FF 61071 233800  780 511 2964    +6073321    +26          -7     -3   24 116  104   -9   30   -7   30   -7  16  0  0 L3P D8
G09 FF 61071 233800  780 571 2211    -7703743     +1          -1     -1   31   9   96   -9   39  -11   39  -11  24  0  0 L3P BE
G11 FF 61071 233800  780 108 3159    +4545732   -181           3    -50   50  22  427 -242   54  +18   54   18  34  0  0 L3P 23
G17 FF 61071 233800  780 175 2309     +494380   +113          33     +2   48  97  266  +88   63   +9   63    9  38  0  0 L3P FC
G19 FF 61071 233800  780 268 2526    -6881493    +14          15    +31   33   0  178  +30   48  -11   48  -11  24  0  0 L3P 12
G31 FF 61071 233800  780 288  538    +1695108    -28          26     -7   26  66  167  +17   27   +1   27    1  19  0  0 L3P E0
G03 FF 61071 235400  780 446  981    -5828130   +127         -30    +17   26 142  115  +14   58   +0   58    0  18  0  0 L3P 05
G04 FF 61071 235400  780 771  864     -415605    -26           8     -5   21 215   83   +2   28  +13   28   13  15  0  0 L3P B4
G06 FF 61071 235400  780 561 2875    +6073339    +86         -17    +58   21 116   97   -5   35  -32   35  -32  14  0  0 L3P 2C
G09 FF 61071 235400  780 649 2237    -7703754    -28         -15    -31   14   9   89   -6   39   +8   39    8  10  0  0 L3P E7
G11 FF 61071 235400  780 170 3152    +4545625   -152          23    -21   45  22  276 -100   33  +11   33   11  31  0  0 L3P 10
G17 FF 61071 235400  780 116 2269     +494463    +65           9    -47   46  97  393 +195  102  +67  102   67  35  0  0 L3P 47
G19 FF 61071 235400  780 217 2465    -6881522     +5           3    +22   50   0  216  +51   76  -21   76  -21  38  0  0 L3P E6
G31 FF 61071 235400  780 251  474    +1695086     +8          24    +29   29  66  189  +30   27  -12   27  -12  21  0  0 L3P 02
