CGGTTS     GENERIC DATA FORMAT VERSION = 2E
REV DATE = 2026-01-01                    
RCVR = POLARX5-TR                    R2CGGTTS v8.8    
CH = 99 
IMS = POLARX5-TR                    
LAB = PTB                           
X = +3844059.67 m 
Y =  +709661.67 m 
Z = +5023129.80 m 
FRAME = ITRF
COMMENTS =           IGS RINEX,AUSPOS XYZ          
INT DLY =   31.0 ns (GPS P1),   28.5 ns (GPS P2)     CAL_ID = 1001-2022           
CAB DLY =  205.7 ns 
REF DLY =   56.2 ns
REF = UTC(PTB)                      
CKSUM = 5E

SAT CL  MJD  STTIME TRKL ELV AZTH   REFSV      SRSV     REFSYS    SRSYS  DSG IOE MDTR SMDT MDIO SMDI MSIO SMSI ISG FR HC FRC CK
             hhmmss  s  .1dg .1dg    .1ns     .1ps/s     .1ns    .1ps/s .1ns     .1ns.1ps/s.1ns.1ps/s.1ns.1ps/s.1ns
G01 FF 61066 000200  780 178 1515    -3401083    +98         -36    +56   29  90  262 +101  100  -21  100  -21  23  0  0 L3P 3D
G03 FF 61066 000200  780 517  925    -5884280    +42         -23    -64   18  58  103  +10   34  +50   34   50  12  0  0 L3P FC
G04 FF 61066 000200  780 804 1227     -404081     -4         -25    +19   19 138   82   +0   33  -18   33  -18  12  0  0 L3P E0
G06 FF 61066 000200  780 508 2967    +6057927    +47          -3    +15   22  17  104   -9   24  -18   24  -18  15  0  0 L3P 0C
G09 FF 61066 000200  780 566 2211    -7704482     -2          -5     -2   24  52   97   -9   32   +3   32    3  18  0  0 L3P 9A
G11 FF 61066 000200  780 103 3160    +4613941   -146           1    -14   41 186  447 -264   32   +2   32    2  29  0  0 L3P F8
G17 FF 61066 000200  780 178 2313     +436428   +150          16    +37   39  88  261  +85   62  -28   62  -28  28  0  0 L3P 2F
G19 FF 61066 000200  780 269 2527    -6872682     -7           2    +10   32   3  177  +30   47  +12   47   12  24  0  0 L3P D9
G31 FF 61066 000200  780 287  538    +1706126    -25          -7     -5   25  43  167  +17   26  -12   26  -12  18  0  0 L3P EF
G03 FF 61066 001800  780 449  979    -5884180   +112         -24     +6   20  58  114  +14   38   -2   38   -2  16  0  0 L3P FC
G04 FF 61066 001800  780 770  866     -404093    -47         -15    -24   19 138   83   +2   29  +20   29   20  14  0  0 L3P EA
G06 FF 61066 001800  780 559 2880    +6057962    +99           2    +67   19  17   98   -5   20  -46   20  -46  14  0  0 L3P 09
G09 FF 61066 001800  780 644 2238    -7704478    -19           0    -19   17  52   90   -6   26   +7   26    7  12  0  0 L3P CA
G11 FF 61066 001800  780 165 3154    +4613811   -160          -2    -29   25 186  284 -106   37   +0   37    0  18  0  0 L3P 16
G17 FF 61066 001800  780 119 2273     +436498   +143         -22    +30   41  88  383 +185  101  -16  101  -16  35  0  0 L3P 5D
G19 FF 61066 001800  780 219 2466    -6872716    -27         -16    -10   49   3  215  +51   85   +7   85    7  37  0  0 L3P 05
G31 FF 61066 001800  780 251  474    +1706099    -12         -15     +9   31  43  189  +29   29   -9   29   -9  24  0  0 L3P F5
G03 FF 61066 003400  780 382 1029    -5884085   +110         -31     +5   20  58  130  +20   43   +6   43    6  15  0  0 L3P E3
G04 FF 61066 003400  780 707  720     -404116     -8         -17    +15   19 138   86   +4   29  -18   29  -18  14  0  0 L3P E8
G06 FF 61066 003400  780 593 2756    +6058000    +78           9    +47   21  17   94   -2   16  -39   16  -39  15  0  0 L3P FA
G07 FF 61066 003400  780 138 1778    +1402794    +59          28     +8   33 139  339 -169   83   +7   83    7  25  0  0 L3P 26
G09 FF 61066 003400  780 722 2262    -7704484    +30          -6    +30   18  52   85   -4   30  -30   30  -30  13  0  0 L3P E1
G11 FF 61066 003400  780 226 3137    +4613663   -231         -23    -99   35 186  210  -55   45  +81   45   81  24  0  0 L3P 47
G19 FF 61066 003400  780 164 2413    -6872705    -84          11    -67   49   3  282  +94   74  +61   74   61  35  0  0 L3P 1A
G26 FF 61066 003400  780 100  603    +3170928    +87          18    +28   87 116  450  -99   15  -17   15  -17  67  0  0 L3P 30
G31 FF 61066 003400  780 206  422    +1706083    -35         -11    -15   35  43  227  +52   22   +7   22    7  29  0  0 L3P D2
G03 FF 61066 005000  780 317 1075    -5883977    +49         -25    -57   26  58  153  +29   46  +49   46   49  19  0  0 L3P 4C
G04 FF 61066 005000  780 635  669     -404138    +45         -16    +67   23 138   90   +6   29  -48   29  -48  16  0  0 L3P 0B
G06 FF 61066 005000  780 604 2606    +6058023    +50           2    +18   24  17   93   +0   24  -12   24  -12  18  0  0 L3P CA
G07 FF 61066 005000  780 207 1768    +1402843    +23          28    -28   36 139  229  -77   72   +1   72    1  30  0  0 L3P 01
G09 FF 61066 005000  780 800 2276    -7704470     +7           7     +7   14  52   82   -2   17   -4   17   -4  10  0  0 L3P 98
G11 FF 61066 005000  780 285 3109    +4613555   -103          -4    +29   22 186  169  -32   35  -14   35  -14  17  0  0 L3P 38
G26 FF 61066 005000  780 119  538    +3170975     -3           8    -63   61 116  385  -43   16  +46   16   46  48  0  0 L3P 01
G31 FF 61066 005000  780 155  383    +1706052     -5         -23    +15   34  43  299 +102   30   -2   30   -2  27  0  0 L3P D8
G03 FF 61066 010600  780 252 1118    -5883875    +74         -24    -32   25  58  189  +46   58  +37   58   37  20  0  0 L3P 3C
G04 FF 61066 010600  780 563  658     -404150    -17          -7     +6   20 138   97   +8   22   -8   22   -8  14  0  0 L3P AD
G06 FF 61066 010600  780 588 2455    +6058059     +1           7    -31   18  17   94   +3   23  +21   23   21  13  0  0 L3P C1
G07 FF 61066 010600  780 279 1757    +1402881    +30          16    -21   25 139  173  -43   62  -16   62  -16  20  0  0 L3P 2D
G09 FF 61066 010600  780 877 2145    -7704478    +15           0    +15   11  52   81   +0   24  -13   24  -13   8  0  0 L3P CD
G11 FF 61066 010600  780 340 3067    +4613459   -168          26    -36   31 186  145  -20   16   +7   16    7  22  0  0 L3P 10
G21 FF 61066 010600  780 140 2918    -3874856    -60          13     +9   49 114  333 -145   27   +7   27    7  37  0  0 L3P 10
G26 FF 61066 010600  780 127  472    +3171006   +117         -17    +58   49 116  361   -9   31  -49   31  -49  37  0  0 L3P 33
G03 FF 61066 012200  780 189 1158    -5883757   +165          -7    +59   31  58  247  +81   64  -37   64  -37  24  0  0 L3P 53
G04 FF 61066 012200  780 492  665     -404176    -26         -11     -4   23 138  107  +12   25   +4   25    4  16  0  0 L3P C4
G06 FF 61066 012200  780 549 2330    +6058072    -38         -10    -70   23  17   99   +6   38  +51   38   51  16  0  0 L3P FE
G07 FF 61066 012200  780 352 1744    +1402922    +51           8     +0   22 139  140  -27   56  -12   56  -12  15  0  0 L3P F5
G09 FF 61066 012200  780 843  679    -7704466    +43          12    +43   15  52   81   +1   15  -35   15  -35  11  0  0 L3P E7
G11 FF 61066 012200  780 388 3008    +4613313   -185           7    -53   24 186  129  -13   24  +32   24   32  19  0  0 L3P 1D
G21 FF 61066 012200  780 202 2943    -3874900    -46          35    +23   37 114  234  -72    2   -5    2   -5  32  0  0 L3P D9
G26 FF 61066 012200  780 124  407    +3171081    +41           1    -18   32 116  367  +22   24  +27   24   27  24  0  0 L3P E5
G03 FF 61066 013800  780 126 1196    -5883657   +114          -9     +8   33  58  363 +174   85   +9   85    9  32  0  0 L3P 20
G04 FF 61066 013800  780 422  683     -404186    -53           1    -31   18 138  120  +16   19  +39   19   39  13  0  0 L3P ED
G06 FF 61066 013800  780 494 2238    +6058106    +47          -7    +15   23  17  106  +10   41   -9   41   -9  17  0  0 L3P F4
G07 FF 61066 013800  780 425 1726    +1402968    +42           5     -9   32 139  120  -17   45   +2   45    2  25  0  0 L3P D9
G09 FF 61066 013800  780 767  670    -7704490     +0         -12     +0   19  52   83   +3   31  +11   31   11  14  0  0 L3P B2
G11 FF 61066 013800  780 425 2930    +4613186    -90           6    +42   29 186  120   -7   22  -32   22  -32  21  0  0 L3P 00
G16 FF 61066 013800  780 144  676    -1952488    -75           4     +0   38   5  320  -58   25   +7   25    7  31  0  0 L3P B7
G21 FF 61066 013800  780 266 2963    -3874986    -36          16    +34   34 114  180  -42   20  -33   20  -33  27  0  0 L3P 3A
G26 FF 61066 013800  780 111  344    +3171119    +52         -18     -7   38 116  406  +64   43  +18   43   18  28  0  0 L3P 0B
G30 FF 61066 013800  780 166 1939     -998789   -104         -22    +21   36  84  283 -118   93  -23   93  -23  28  0  0 L3P 65
G04 FF 61066 015400  780 354  708     -404212     -5          -3    +17   24 138  139  +23   21  -16   21  -16  20  0  0 L3P DB
G06 FF 61066 015400  780 429 2172    +6058132     +7         -11    -24   22  17  118  +15   53  +29   53   29  16  0  0 L3P 06
G07 FF 61066 015400  780 499 1699    +1403015    +23           3    -28   21 139  106  -12   34  +14   34   14  16  0  0 L3P 08
G09 FF 61066 015400  780 692  696    -7704482    +33          -4    +33   16  52   86   +4   26  -19   26  -19  13  0  0 L3P FA
G11 FF 61066 015400  780 448 2837    +4613041   -113         -12    +19   25 186  115   -3   29  -33   29  -33  18  0  0 L3P 3B
G16 FF 61066 015400  780 166  607    -1952554    -97          10    -22   33   5  280  -27   17  +13   17   13  26  0  0 L3P F0
G21 FF 61066 015400  780 332 2977    -3875060    -76           9     -7   29 114  147  -27   22   -2   22   -2  24  0  0 L3P F2
G30 FF 61066 015400  780 236 1942     -998898   -114         -11    +11   28  84  202  -59   75  -14   75  -14  22  0  0 L3P 40
G04 FF 61066 021000  780 288  737     -404242    -59         -12    -36   34 139  167  +35   28  +24   28   24  26  0  0 L3P 14
G05 FF 61066 021000  780 113 3051    +2278947    +65          28    +58   39   2  408 -227    6  -52    6  -52  28  0  0 L3P 04
G06 FF 61066 021000  780 361 2124    +6058167    +43          -6    +11   34  18  137  +24   63   +8   63    8  25  0  0 L3P DE
G07 FF 61066 021000  780 570 1654    +1403063    +81         -22    +30   23   5   96   -8   37  -29   37  -29  15  0  0 L3P F1
G09 FF 61066 021000  780 619  730    -7704489    +74         -12    +74   25  53   91   +6   33  -55   33  -55  18  0  0 L3P 07
G11 FF 61066 021000  780 452 2733    +4612920   -120          -6    +12   34 187  114   +1   24   -7   24   -7  23  0  0 L3P E9
G16 FF 61066 021000  780 176  536    -1952612    -79          25     -4   34  21  264   -7    4  +10    4   10  25  0  0 L3P AC
G21 FF 61066 021000  780 400 2983    -3875135    -79           5     -9   21 115  126  -19   20   +0   20    0  16  0  0 L3P C9
G30 FF 61066 021000  780 309 1945     -999047    -79         -42    +46   24  85  158  -35   87  -50   87  -50  19  0  0 L3P 43
G04 FF 61066 022600  780 225  769     -404252    +19           0    +42   35 139  210  +56   21  -16   21  -16  24  0  0 L3P E7
G05 FF 61066 022600  780 178 3063    +2278939    -32          14    -39   40   2  264  -97   19  +11   19   11  30  0  0 L3P 07
G06 FF 61066 022600  780 290 2088    +6058197    +45          -7    +13   28  18  166  +38   79   +4   79    4  19  0  0 L3P 0A
G07 FF 61066 022600  780 635 1578    +1403117   +115         -17    +64   24   5   90   -5   29  -49   29  -49  17  0  0 L3P 18
G09 FF 61066 022600  780 548  767    -7704469    +10           9    +10   18  53   99   +9   17   -6   17   -6  13  0  0 L3P D0
G11 FF 61066 022600  780 439 2630    +4612784    -96         -15    +36   23 187  116   +5   33  -30   33  -30  18  0  0 L3P 2B
G16 FF 61066 022600  780 175  465    -1952691   -146          17    -71   47  21  266  +11    9  +33    9   33  37  0  0 L3P 00
G21 FF 61066 022600  780 469 2976    -3875202    -68           4     +2   21 115  111  -13   24   -4   24   -4  14  0  0 L3P E1
G30 FF 61066 022600  780 383 1948     -999146   -117         -21     +8   25  85  131  -23   55  -26   55  -26  18  0  0 L3P 33
G04 FF 61066 024200  780 163  803     -404275    -18          -1     +4   45 139  284 +103   37  -10   37  -10  33  0  0 L3P F4
G05 FF 61066 024200  780 244 3069    +2278922     -5         -10    -12   42   2  196  -52   37  +10   37   10  29  0  0 L3P F0
G06 FF 61066 024200  780 220 2059    +6058231    +14          -3    -18   34  18  214  +66   88   +8   88    8  25  0  0 L3P F0
G07 FF 61066 024200  780 689 1448    +1403163    +21         -20    -30   19   5   87   -3   29  +23   29   23  14  0  0 L3P E3
G09 FF 61066 024200  780 478  806    -7704476    -43           1    -43   21  53  109  +12   24  +32   24   32  14  0  0 L3P E8
G11 FF 61066 024200  780 409 2536    +4612672   -126          -1     +6   29 187  123   +9   20  -11   20  -11  22  0  0 L3P 02
G16 FF 61066 024200  780 161  397    -1952768    -73          12     +2   34  21  287  +34   10   +0   10    0  27  0  0 L3P BB
G21 FF 61066 024200  780 538 2951    -3875276    -96          -4    -27   29 115  100   -9   24  +18   24   18  20  0  0 L3P 1A
G30 FF 61066 024200  780 458 1949     -999270   -105         -25    +20   34  85  113  -15   46  -41   46  -41  27  0  0 L3P 39
G04 FF 61066 025800  780 104  838     -404292    -66           3    -43   39 139  437 +239   47  +47   47   47  34  0  0 L3P 1F
G05 FF 61066 025800  780 311 3066    +2278936   +102          -2    +95   32   2  157  -32   36  -70   36  -70  24  0  0 L3P 18
G06 FF 61066 025800  780 152 2035    +6058283    -38          18    -70   66  18  305 +134   79  +68   79   68  51  0  0 L3P 48
G07 FF 61066 025800  780 720 1246    +1403213    +10         -19    -42   16   5   85   -1   29  +35   29   35  12  0  0 L3P DA
G09 FF 61066 025800  780 411  845    -7704469     +9           8     +9   23  53  123  +17   24   -6   24   -6  18  0  0 L3P C6
G11 FF 61066 025800  780 366 2456    +4612524   -154         -22    -23   28 187  135  +16   41  +29   41   29  22  0  0 L3P 46
G16 FF 61066 025800  780 136  334    -1952878   -131         -26    -56   44  21  336  +71   39  +42   39   42  29  0  0 L3P 36
G21 FF 61066 025800  780 603 2896    -3875358   -101         -19    -32   24 115   93   -6   36  +23   36   23  16  0  0 L3P 2E
G30 FF 61066 025800  780 534 1943     -999381   -106         -16    +19   27  85  101  -10   32  -12   32  -12  20  0  0 L3P 26
G05 FF 61066 031400  780 378 3050    +2278927    +67         -18    +60   26   2  132  -21   43  -42   43  -42  18  0  0 L3P 17
G07 FF 61066 031400  780 716 1012    +1403273    +64          -8    +13   15   5   85   +1   24   -9   24   -9  10  0  0 L3P AA
G09 FF 61066 031400  780 345  885    -7704470    +34           8    +34   22  53  142  +24   31  -21   31  -21  17  0  0 L3P F0
G11 FF 61066 031400  780 314 2389    +4612400   -168         -20    -37   26 187  154  +25   49  +38   49   38  19  0  0 L3P 53
G13 FF 61066 031400  780 156 2652    -6886345    +28         -17    +16   44  79  300 -117   57  -24   57  -24  37  0  0 L3P 55
G16 FF 61066 031400  780 102  280    -1952925    -62          -1    +13   34  21  441 +159   35  +13   35   13  24  0  0 L3P F6
G21 FF 61066 031400  780 660 2792    -3875435    -83         -29    -14   18 115   88   -4   41  +14   41   14  12  0  0 L3P 14
G30 FF 61066 031400  780 611 1926     -999495    -88         -10    +37   18  85   92   -7   28  -29   28  -29  13  0  0 L3P 20
G05 FF 61066 033000  780 444 3016    +2278963    -14          12    -21   27   2  116  -14   25  +16   25   16  20  0  0 L3P E8
G07 FF 61066 033000  780 681  833    +1403331    +65           1    +14   21   5   87   +3   17   -8   17   -8  14  0  0 L3P 93
G09 FF 61066 033000  780 281  924    -7704476    +63           2    +63   25  53  171  +36   42  -43   42  -43  17  0  0 L3P FF
G11 FF 61066 033000  780 257 2335    +4612276   -103         -17    +29   46 187  185  +41   64   -6   64   -6  32  0  0 L3P 31
G13 FF 61066 033000  780 218 2692    -6886311    -59           7    -70   35  79  218  -62   21  +38   21   38  30  0  0 L3P 12
G21 FF 61066 033000  780 698 2617    -3875496    -81         -24    -12   15 115   86   -1   35  +13   35   13  10  0  0 L3P 11
G30 FF 61066 033000  780 685 1881     -999622   -115         -17    +10   16  85   87   -5   32   -1   32   -1  12  0  0 L3P E7
G05 FF 61066 034600  780 504 2959    +2278962    +35           4    +28   23   2  105   -9   26  -23   26  -23  16  0  0 L3P F1
G07 FF 61066 034600  780 627  728    +1403369    +91         -11    +40   20   5   91   +5   22  -22   22  -22  15  0  0 L3P D1
G09 FF 61066 034600  780 218  964    -7704474    +47           4    +47   29  53  216  +59   51  -21   51  -21  23  0  0 L3P 0C
G11 FF 61066 034600  780 196 2288    +4612161    -36          -5    +96   43 187  238  +72   62  -67   62  -67  33  0  0 L3P 4B
G13 FF 61066 034600  780 281 2731    -6886325    -56         -19    -68   34  79  172  -37   34  +48   34   48  26  0  0 L3P 4B
G14 FF 61066 034600  780 156 1603    -7310484   -106          30    -83   41 106  299 -125   89  +67   89   67  34  0  0 L3P 66
G21 FF 61066 034600  780 703 2390    -3875551    -53         -12    +16   17 115   86   +1   29   -8   29   -8  12  0  0 L3P FE
G30 FF 61066 034600  780 753 1768     -999743    -92         -17    +33   20  85   84   -2   34  -17   34  -17  14  0  0 L3P 14
G05 FF 61066 040200  780 555 2870    +2278964    +58           3    +52   22  17   98   -5   25  -19   25  -19  17  0  0 L3P 00
G07 FF 61066 040200  780 564  674    +1403410    +80         -18    +29   22   6   97   +7   24  -23   24  -23  14  0  0 L3P D9
G09 FF 61066 040200  780 157 1002    -7704480    -11          -2    -11   44  53  295 +111   73  +17   73   17  34  0  0 L3P 0F
G11 FF 61066 040200  780 136 2248    +4612011   -154         -29    -22   57 188  339 +149   91  +26   91   26  43  0  0 L3P 5B
G13 FF 61066 040200  780 346 2771    -6886338    +29         -14    +18   28  23  142  -25   32   +1   32    1  23  0  0 L3P F5
G14 FF 61066 040200  780 223 1578    -7310521    +20           9    +43   45 107  213  -63   83  -45   83  -45  38  0  0 L3P 1D
G21 FF 61066 040200  780 672 2190    -3875622    -60         -18     +9   20 116   88   +3   34   +4   34    4  14  0  0 L3P D1
G30 FF 61066 040200  780 800 1486     -999857   -151         -18    -26   18  86   82   -1   27  +11   27   11  12  0  0 L3P 06
G05 FF 61066 043000  780 599 2632    +2278986    +42          14    +35   22  17   93   +0   26  -29   26  -29  16  0  0 L3P 0C
G07 FF 61066 043000  780 450  645    +1403498    +81         -16    +30   22   6  114  +14   27  -17   27  -17  16  0  0 L3P FB
G13 FF 61066 043000  780 466 2838    -6886313    -12          -7    -22   26  23  111  -13   28  +14   28   14  19  0  0 L3P 0D
G14 FF 61066 043000  780 341 1525    -7310557    -65          11    -42   26 107  144  -26   63  +16   63   16  19  0  0 L3P 1E
G15 FF 61066 043000  780 170 2922    -3800815    -25          35    +11   50  37  276 -103   10   -1   10   -1  40  0  0 L3P E8
G18 FF 61066 043000  780 128 3289    +4414500   -135          14    -39   41 152  359  -56   18  +22   18   22  29  0  0 L3P 3C
G21 FF 61066 043000  780 566 1996    -3875730    -75          -9     -5   30 116   97   +8   33  +14   33   14  21  0  0 L3P F9
G22 FF 61066 043000  780 205 1636     +544421   -109          -6    -63   31  54  230  -78  100  +37  100   37  24  0  0 L3P 1A
G30 FF 61066 043000  780 757  870    -1000046    -93           3    +32   17  86   83   +2   17  -19   17  -19  12  0  0 L3P D3
G05 FF 61066 044600  780 588 2478    +2278990    -17          11    -24   21  17   94   +2   27  +15   27   15  14  0  0 L3P FE
G07 FF 61066 044600  780 384  649    +1403552   +127         -11    +75   22   6  130  +19   28  -48   28  -48  17  0  0 L3P 26
G08 FF 61066 044600  780 106  490    -4998924    +62         -20    +16   43  43  426  -53   54   -9   54   -9  27  0  0 L3P 12
G13 FF 61066 044600  780 537 2875    -6886314    +35         -17    +25   17  23  100  -10   34  -18   34  -18  14  0  0 L3P 31
G14 FF 61066 044600  780 408 1482    -7310581    -43           9    -20   25 107  124  -17   51   +0   51    0  17  0  0 L3P DE
G15 FF 61066 044600  780 235 2942    -3800871   -124          12    -89   41  37  202  -56   25  +61   25   61  31  0  0 L3P 26
G18 FF 61066 044600  780 143 3226    +4414396   -105           3     -9   47 152  323  -21   27  +13   27   13  33  0  0 L3P 0C
G21 FF 61066 044600  780 493 1942    -3875800    -66         -12     +3   28 116  106  +12   41   +1   41    1  19  0  0 L3P F0
G22 FF 61066 044600  780 277 1612     +544358   -107         -25    -61   36  54  174  -43  102  +32  102   32  27  0  0 L3P 3B
G30 FF 61066 044600  780 693  759    -1000173    -56          -4    +69   15  86   86   +4   23  -38   23  -38  13  0  0 L3P F7
G05 FF 61066 050200  780 553 2347    +2278972    +23         -14    +16   28  17   98   +6   46   -4   46   -4  19  0  0 L3P F5
G07 FF 61066 050200  780 319  662    +1403616    +96           4    +44   26   6  152  +28   21  -41   21  -41  22  0  0 L3P D7
G08 FF 61066 050200  780 115  425    -4998861    +31          -2    -15   68  43  397  -11   39  +16   39   16  45  0  0 L3P 11
G13 FF 61066 050200  780 610 2908    -6886291    +52          -4    +42   20  23   92   -7   25  -29   25  -29  13  0  0 L3P FA
G14 FF 61066 050200  780 472 1425    -7310618    -31          -5     -8   27 107  110  -11   51   -9   51   -9  20  0  0 L3P E4
G15 FF 61066 050200  780 303 2957    -3800897    -93          20    -58   45  37  160  -34   20  +46   20   46  33  0  0 L3P 1A
G18 FF 61066 050200  780 146 3160    +4414302    -99           2     -2   41 152  315   +4   29   +4   29    4  26  0  0 L3P BC
G21 FF 61066 050200  780 418 1909    -3875861   -118          -7    -49   32 116  121  +18   49  +57   49   57  26  0  0 L3P 50
G22 FF 61066 050200  780 349 1583     +544330    -44         -10     +2   23  54  141  -27   81  -19   81  -19  17  0  0 L3P 00
G30 FF 61066 050200  780 624  722    -1000295    -87          -6    +38   16  86   91   +6   29  -29   29  -29  12  0  0 L3P F1
G05 FF 61066 051800  780 500 2248    +2278986    +28          -7    +21   25  17  105   +9   44  -16   44  -16  18  0  0 L3P 12
G08 FF 61066 051800  780 112  360    -4998830    +39         -16     -7   57  43  404  +26   48   -2   48   -2  39  0  0 L3P FC
G13 FF 61066 051800  780 685 2936    -6886276    +16           1     +6   18  23   87   -5   17   -1   17   -1  13  0  0 L3P C8
G14 FF 61066 051800  780 529 1345    -7310647    -62         -13    -39   29 107  101   -7   46  +27   46   27  20  0  0 L3P 28
G15 FF 61066 051800  780 373 2964    -3800936    -21          15    +15   27  37  134  -22   20  -24   20  -24  21  0  0 L3P 14
G18 FF 61066 051800  780 139 3093    +4414191   -152         -17    -55   38 152  331  +30   44  +42   44   42  29  0  0 L3P 45
G21 FF 61066 051800  780 343 1887    -3875932    -95         -12    -26   26 116  143  +28   68  +34   68   34  20  0  0 L3P 4D
G22 FF 61066 051800  780 421 1545     +544285     -4         -11    +41   23  54  121  -17   68  -34   68  -34  15  0  0 L3P 04
G30 FF 61066 051800  780 554  716    -1000424   -176         -14    -51   18  86   98   +9   38  +43   38   43  13  0  0 L3P 08
G05 FF 61066 053400  780 437 2177    +2278989     -8         -10    -14   26  17  117  +15   57  +40   57   40  20  0  0 L3P 18
G07 FF 61066 053400  780 194  705    +1403705    +67          -5    +16   23   6  241  +75   42   +8   42    8  17  0  0 L3P C4
G13 FF 61066 053400  780 762 2948    -6886263     +3           4     -8   17  23   83   -3   20   +8   20    8  11  0  0 L3P 9E
G14 FF 61066 053400  780 573 1236    -7310672    +19         -16    +42   21 107   96   -4   44  -29   44  -29  14  0  0 L3P 21
G15 FF 61066 053400  780 444 2959    -3800976    -69           9    -34   24  37  116  -15   23  +29   23   29  18  0  0 L3P 21
G18 FF 61066 053400  780 121 3028    +4414123   -124           8    -27   31 152  377  +70   21   +0   21    0  25  0  0 L3P E1
G21 FF 61066 053400  780 269 1871    -3875997    -18         -10    +51   22 116  178  +46   80  -19   80  -19  17  0  0 L3P 5E
G22 FF 61066 053400  780 490 1491     +544219    -20         -33    +25   28  54  107  -11   72  -27   72  -27  21  0  0 L3P 13
G23 FF 61066 053400  780 105 3279    -6043371    +77          32   +126   51 138  439 -233   10  -79   10  -79  41  0  0 L3P 5F
G30 FF 61066 053400  780 484  725    -1000524    -70           6    +55   25  86  108  +12   24  -42   24  -42  17  0  0 L3P EF
G05 FF 61066 055000  780 369 2126    +2279015    +34           9    +27   31  17  134  +22   64   -6   64   -6  22  0  0 L3P E5
G07 FF 61066 055000  780 133  733    +1403712    -12         -48    -63   41   6  345 +152  101  +97  101   97  29  0  0 L3P 29
G13 FF 61066 055000  780 839 2893    -6886257    +52          -1    +42   14  23   81   -1   25  -23   25  -23   8  0  0 L3P EF
G14 FF 61066 055000  780 598 1099    -7310686    -13          -8    +10   22 107   93   -1   36  -13   36  -13  16  0  0 L3P 0B
G15 FF 61066 055000  780 515 2938    -3801026    -70          -7    -35   23  37  103  -11   28  +30   28   30  17  0  0 L3P 02
G21 FF 61066 055000  780 197 1859    -3876056   -122          -3    -52   40 116  238  +84   90  +61   90   61  29  0  0 L3P 45
G22 FF 61066 055000  780 553 1412     +544182    -22         -26    +24   18  54   98   -7   63  -19   63  -19  14  0  0 L3P FD
G23 FF 61066 055000  780 159 3249    -6043456     -9          -6    +39   30 138  293  -97   31  -48   31  -48  26  0  0 L3P 39
G24 FF 61066 055000  780 124 2588    +1479323   -187         -33    -33   28  59  374 -184   79  +19   79   19  26  0  0 L3P 74
G30 FF 61066 055000  780 416  744    -1000641   -141           9    -16   22  86  121  +16   28  +25   28   25  16  0  0 L3P F0
G05 FF 61066 060600  780 299 2088    +2279018    -91           6    -98   32  17  161  +35   82  +97   82   97  25  0  0 L3P 2C
G13 FF 61066 060600  780 872 1680    -6886218    +35          29    +25   12  23   81   +0   11   -5   11   -5   8  0  0 L3P C4
G14 FF 61066 060600  780 599  951    -7310693    -24           5     -2   24 108   93   +1   29   -6   29   -6  17  0  0 L3P C7
G15 FF 61066 060600  780 584 2888    -3801064    -92         -19    -57   21  38   95   -7   34  +44   34   44  14  0  0 L3P 1A
G21 FF 61066 060600  780 127 1847    -3876118   -162           5    -93   37 117  362 +191  117 +104  117  104  29  0  0 L3P 8A
G22 FF 61066 060600  780 604 1299     +544157    -51          -9     -5   20  55   93   -4   49   +1   49    1  14  0  0 L3P A8
G23 FF 61066 060600  780 209 3208    -6043500   -162          -1   -113   35 139  226  -50   21  +92   21   92  26  0  0 L3P 32
G24 FF 61066 060600  780 186 2624    +1479187   -182         -16    -29   31  30  253  -85   62  +12   62   12  24  0  0 L3P 39
G30 FF 61066 060600  780 350  769    -1000782   -156         -14    -31   29  88  140  +24   60  +33   60   33  23  0  0 L3P 15
G05 FF 61066 062200  780 229 2058    +2279023    +36           4    +29   32  17  206  +61  106  -14  106  -14  27  0  0 L3P 23
G13 FF 61066 062200  780 797 1424    -6886221    +92          16    +82   22  23   82   +2   25  -40   25  -40  14  0  0 L3P F9
G14 FF 61066 062200  780 575  818    -7310736    -13         -16    +10   21 108   96   +4   47   +0   47    0  15  0  0 L3P CF
G15 FF 61066 062200  780 645 2793    -3801089    -46          -9    -11   15  38   90   -4   37   +4   37    4   9  0  0 L3P C9
G17 FF 61066 062200  780 150 1197     +438966   +103         -14     -9   48  51  310 -115  183  -41  183  -41  34  0  0 L3P 51
G22 FF 61066 062200  780 634 1147     +544108    -30         -14    +15   22  55   90   -1   55   +2   55    2  15  0  0 L3P AE
G23 FF 61066 062200  780 252 3156    -6043544   -113           1    -64   21 139  189  -28   25  +41   25   41  15  0  0 L3P 1E
G24 FF 61066 062200  780 250 2659    +1479054   -215          -1    -62   30  30  191  -48   50  +42   50   42  23  0  0 L3P 12
G30 FF 61066 062200  780 286  797    -1000886   -123           2     +2   24  88  168  +35   67  +33   67   33  19  0  0 L3P 01
G05 FF 61066 063800  780 160 2032    +2279056    -65          31    -72   42  17  289 +120  116  +94  116   94  28  0  0 L3P 52
G13 FF 61066 063800  780 717 1415    -6886229    -33          -2    -43   12  23   85   +4   51  +44   51   44   8  0  0 L3P E2
G14 FF 61066 063800  780 533  716    -7310771    -40         -28    -17   23 108  101   +7   64  +29   64   29  16  0  0 L3P 15
G15 FF 61066 063800  780 689 2629    -3801130    -19         -17    +16   16  38   87   -2   47   +0   47    0  11  0  0 L3P E3
G17 FF 61066 063800  780 205 1147     +439080    +62          -7    -50   28  51  230  -59  153  +25  153   25  23  0  0 L3P 1D
G22 FF 61066 063800  780 636  977     +544053    -87         -26    -41   21  55   90   +1   66  +39   66   39  15  0  0 L3P F5
G23 FF 61066 063800  780 286 3092    -6043602    -71          -9    -22   26 139  168  -16   36  +20   36   20  20  0  0 L3P 21
G24 FF 61066 063800  780 316 2695    +1478913   -162           4     -9   32  30  154  -30   42   +7   42    7  24  0  0 L3P E4
G30 FF 61066 063800  780 223  828    -1001017    -33          -9    +92   37  88  211  +57  116  -19  116  -19  28  0  0 L3P 34
G13 FF 61066 065400  780 637 1430    -6886242     -9         -24    -19   22  23   90   +6   81  +32   81   32  14  0  0 L3P EF
G14 FF 61066 065400  780 478  648    -7310789    -45         -24    -22   21 108  109  +10   77  +29   77   29  14  0  0 L3P 3B
G15 FF 61066 065400  780 700 2404    -3801161    -32         -14     +3   14  38   86   +0   58  +16   58   16  10  0  0 L3P DA
G17 FF 61066 065400  780 257 1091     +439177   +121         -19     +9   33  51  186  -34  148  -12  148  -12  24  0  0 L3P 47
G19 FF 61066 065400  780 148 1327    -6873125    -57         -20    -40   40  48  315 -125  235   +6  235    6  32  0  0 L3P 3B
G22 FF 61066 065400  780 612  826     +544013    -36         -22    +10   20  55   92   +3   70   +3   70    3  16  0  0 L3P 9A
G23 FF 61066 065400  780 308 3017    -6043628    -28          11    +21   40 139  158   -7   30   -4   30   -4  27  0  0 L3P F3
G24 FF 61066 065400  780 384 2730    +1478755   -165          -6    -12   25  30  130  -21   58  +17   58   17  18  0  0 L3P 2C
G30 FF 61066 065400  780 162  861    -1001146   -203         -18    -78   30  88  286 +105  176 +115  176  115  24  0  0 L3P 7B
G10 FF 61066 071000  780 136 3308    +5849961    -32         -23    -55   33  18  340 -103   56  +47   56   47  24  0  0 L3P 39
G12 FF 61066 071000  780 102 2143    +6069314   -113         -51   -116   50  80  452 -290  205 +101  205  101  43  0  0 L3P 72
G13 FF 61066 071000  780 558 1451    -6886230    -19         -22    -30   18  23   98   +9  101  +50  101   50  13  0  0 L3P 13
G14 FF 61066 071000  780 417  606    -7310790    -60          -4    -37   34 108  121  +15   79  +61   79   61  26  0  0 L3P 12
G15 FF 61066 071000  780 674 2194    -3801200    -40         -19     -4   17  38   88   +3   74  +23   74   23  12  0  0 L3P E6
G17 FF 61066 071000  780 303 1025     +439304    +98           0    -14   30  51  160  -21  130  +12  130   12  22  0  0 L3P DF
G19 FF 61066 071000  780 207 1286    -6873134    -36         -13    -19   26  48  228  -64  206   +2  206    2  23  0  0 L3P 26
G22 FF 61066 071000  780 567  717     +543970    -38         -21     +8   22  55   97   +6   80  +22   80   22  16  0  0 L3P CC
G23 FF 61066 071000  780 315 2935    -6043684    +17           3    +66   29 139  154   +0   44  -47   44  -47  20  0  0 L3P 15
G24 FF 61066 071000  780 454 2764    +1478624   -182          11    -29   24  30  114  -15   58  +35   58   35  18  0  0 L3P 2F
G10 FF 61066 072600  780 173 3257    +5849993    +39         -12    +16   33  18  270  -51   67   -5   67   -5  24  0  0 L3P 22
G12 FF 61066 072600  780 169 2163    +6069345    +50         -22    +47   47  80  277 -111  184  -56  184  -56  37  0  0 L3P 7C
G13 FF 61066 072600  780 480 1473    -6886236     +1         -38     -9   22  23  109  +14  139  +42  139   42  17  0  0 L3P 2C
G14 FF 61066 072600  780 353  583    -7310822    +13         -14    +36   21 108  139  +23  108   +0  108    0  15  0  0 L3P 08
G15 FF 61066 072600  780 620 2052    -3801221     -2          -6    +33   17  38   91   +5   82   +9   82    9  12  0  0 L3P AC
G17 FF 61066 072600  780 340  950     +439399   +117         -13     +4   31  51  144  -12  138  -11  138  -11  25  0  0 L3P 24
G19 FF 61066 072600  780 264 1240    -6873154    +14         -16    +31   30  48  181  -37  197  -19  197  -19  22  0  0 L3P 66
G22 FF 61066 072600  780 511  648     +543925    -25         -23    +21   21  55  104   +9   96   -2   96   -2  15  0  0 L3P D3
G23 FF 61066 072600  780 308 2852    -6043740    -21          -7    +28   25 139  157   +7   73   -1   73   -1  22  0  0 L3P F9
G24 FF 61066 072600  780 526 2796    +1478463   -202          -3    -48   21  30  102  -10   76  +44   76   44  16  0  0 L3P 27
G10 FF 61066 074200  780 201 3197    +5850036    +71          10    +48   38  18  233  -26   67  -17   67  -17  28  0  0 L3P 29
G12 FF 61066 074200  780 239 2185    +6069322    +58         -49    +55   33  80  200  -57  201  -64  201  -64  24  0  0 L3P 53
G13 FF 61066 074200  780 403 1495    -6886217    +26         -29    +16   16  23  125  +20  165  +36  165   36  14  0  0 L3P 4A
G14 FF 61066 074200  780 288  574    -7310838    -64          -9    -41   30 108  167  +36  128  +59  128   59  24  0  0 L3P 53
G15 FF 61066 074200  780 553 1967    -3801251    -65          -2    -30   26  38   98   +9  103  +42  103   42  20  0  0 L3P 0C
G17 FF 61066 074200  780 365  867     +439508    +64         -11    -48   32  51  136   -6  135  +29  135   29  27  0  0 L3P 25
G19 FF 61066 074200  780 319 1185    -6873170    -76         -16    -59   31  48  153  -23  172  +22  172   22  24  0  0 L3P 55
G22 FF 61066 074200  780 448  608     +543897     +1          -7    +46   30  55  114  +13   99  -19   99  -19  22  0  0 L3P FF
G23 FF 61066 074200  780 287 2771    -6043785     +6          -5    +55   33 139  167  +15   97   -1   97   -1  26  0  0 L3P 14
G24 FF 61066 074200  780 600 2823    +1478321   -114           2    +39   18  30   93   -7   82  -23   82  -23  13  0  0 L3P F5
G10 FF 61066 075800  780 218 3130    +5850014     +7         -35    -15   30  18  216  -11  116   +6  116    6  22  0  0 L3P F6
G12 FF 61066 075800  780 309 2211    +6069343    -17         -31    -21   24  80  157  -34  183   +4  183    4  21  0  0 L3P 1A
G13 FF 61066 075800  780 328 1515    -6886195    +43         -17    +32   24  23  149  +31  207  +31  207   31  18  0  0 L3P 4A
G14 FF 61066 075800  780 223  575    -7310863    -40         -12    -18   43 108  212  +59  161  +46  161   46  36  0  0 L3P 4B
G15 FF 61066 075800  780 480 1916    -3801280    -65           2    -30   25  38  109  +13  123  +50  123   50  20  0  0 L3P 16
G17 FF 61066 075800  780 376  778     +439614    +67         -14    -45   22  51  132   -1  132  +24  132   24  17  0  0 L3P 15
G19 FF 61066 075800  780 368 1118    -6873176     -4          -6    +13   30  48  135  -15  153  -13  153  -13  21  0  0 L3P 36
G22 FF 61066 075800  780 384  588     +543837    +18         -24    +63   24  55  130  +19  133  -21  133  -21  17  0  0 L3P 33
G23 FF 61066 075800  780 255 2698    -6043834    -67          -7    -18   36 139  187  +27  132  +49  132   49  27  0  0 L3P 73
G24 FF 61066 075800  780 676 2842    +1478169   -153          -3     +1   16  30   87   -5   92   +6   92    6  11  0  0 L3P DC
G10 FF 61066 081400  780 223 3058    +5850072   +125           2   +103   28  40  211   +1  113  -54  113  -54  21  0  0 L3P 1A
G12 FF 61066 081400  780 382 2239    +6069352    +10         -29     +6   31  87  131  -22  159   -4  159   -4  23  0  0 L3P 1E
G13 FF 61066 081400  780 255 1534    -6886196    +51         -28    +41   32  24  187  +50  257  +33  257   33  25  0  0 L3P 54
G14 FF 61066 081400  780 159  584    -7310887     +9         -15    +32   47 109  291 +114  211  +35  211   35  42  0  0 L3P 47
G15 FF 61066 081400  780 405 1884    -3801337    -18         -23    +18   30  40  124  +20  160  +35  160   35  23  0  0 L3P 30
G17 FF 61066 081400  780 371  691     +439715   +152         -29    +39   33  70  134   +4  150   -3  150   -3  26  0  0 L3P 06
G19 FF 61066 081400  780 407 1037    -6873209     -1         -20    +16   23  51  124   -9  146  -20  146  -20  16  0  0 L3P 23
G22 FF 61066 081400  780 319  583     +543810    -30          -8    +16   28  66  152  +28  145  +19  145   19  20  0  0 L3P 11
G23 FF 61066 081400  780 213 2632    -6043886   -100         -10    -52   33 140  221  +46  176  +74  176   74  27  0  0 L3P 64
G24 FF 61066 081400  780 753 2838    +1478025   -168          -1    -15   13  31   84   -3   97  +19   97   19   8  0  0 L3P 09
G10 FF 61066 083000  780 216 2986    +5850086    +49          -6    +26   40  40  218  +13  139   -3  139   -3  28  0  0 L3P 21
G12 FF 61066 083000  780 456 2269    +6069363    +31         -21    +27   23  87  113  -15  146  -35  146  -35  17  0  0 L3P 57
G13 FF 61066 083000  780 184 1550    -6886190    +35         -32    +25   45  24  253  +94  329  +59  329   59  32  0  0 L3P 5E
G15 FF 61066 083000  780 331 1864    -3801357    -44          -9     -9   29  40  148  +30  195  +63  195   63  23  0  0 L3P 32
G17 FF 61066 083000  780 352  610     +439833   +108         -19     -4   23  70  140   +9  158  +24  158   24  18  0  0 L3P 0E
G19 FF 61066 083000  780 434  945    -6873208    -61          -2    -44   32  51  118   -4  144  +36  144   36  26  0  0 L3P 1A
G22 FF 61066 083000  780 256  587     +543776    -21           1    +25   25  66  186  +44  178  +40  178   40  20  0  0 L3P 0C
G23 FF 61066 083000  780 164 2574    -6043914     +7           9    +56   38 140  282  +86  214  +10  214   10  30  0  0 L3P 1D
G24 FF 61066 083000  780 829 2744    +1477882   -158           3     -5   16  31   81   -1  106  +12  106   12  11  0  0 L3P FC
G10 FF 61066 084600  780 196 2915    +5850101     +7         -13    -15   35  40  238  +29  167  +42  167   42  27  0  0 L3P 38
G12 FF 61066 084600  780 532 2303    +6069345    -18         -42    -21   25  87  101  -10  153   +8  153    8  17  0  0 L3P 1B
G13 FF 61066 084600  780 115 1563    -6886169    +76         -21    +66   42  24  396 +227  420  +93  420   93  32  0  0 L3P 70
G15 FF 61066 084600  780 258 1849    -3801403    -79         -22    -44   23  40  185  +49  255  +93  255   93  18  0  0 L3P 67
G17 FF 61066 084600  780 320  541     +439938   +114         -21     +1   27  70  152  +16  183  +31  183   31  20  0  0 L3P 10
G19 FF 61066 084600  780 444  844    -6873225    +34          -3    +51   21  51  115   +0  154   -7  154   -7  17  0  0 L3P FC
G22 FF 61066 084600  780 193  600     +543721    -33         -10    +12   45  66  242  +75  236  +47  236   47  37  0  0 L3P 22
G23 FF 61066 084600  780 112 2522    -6043990   -107         -20    -59   38 140  407 +189  287  +82  287   82  30  0  0 L3P 91
G24 FF 61066 084600  780 866 1856    +1477746    -93          15    +61   13  31   81   +0  109  -30  109  -30   8  0  0 L3P 1C
G25 FF 61066 084600  780 135 2406    -4476124     +8           6    -16   51  39  344 -160  279   +5  279    5  36  0  0 L3P 1B
G32 FF 61066 084600  780 156 3195    +1459813   -117          18    +56   32  64  299 -111  153  -10  153  -10  23  0  0 L3P 6E
G10 FF 61066 090200  780 167 2848    +5850117    -28         -18    -51   52  40  278  +56  197  +74  197   74  40  0  0 L3P 63
G12 FF 61066 090200  780 609 2339    +6069369    -25         -21    -29   28  87   93   -7  133   +8  133    8  18  0  0 L3P 1B
G15 FF 61066 090200  780 187 1837    -3801416     -7           0    +29   44  40  249  +90  316  +70  316   70  35  0  0 L3P 1A
G17 FF 61066 090200  780 278  485     +440061   +119          -6     +7   32  70  172  +27  194  +10  194   10  23  0  0 L3P 06
G19 FF 61066 090200  780 436  744    -6873230    -65           8    -48   27  51  117   +4  150  +38  150   38  21  0  0 L3P 0F
G22 FF 61066 090200  780 132  617     +543679    -23          -8    +22   48  66  347 +154  282  +44  282   44  42  0  0 L3P 2E
G24 FF 61066 090200  780 800 1437    +1477601   -157          17     -4   18  31   82   +2  115  +12  115   12  12  0  0 L3P FA
G25 FF 61066 090200  780 199 2440    -4476091   -191          17   -215   49  39  237  -76  240 +143  240  143  37  0  0 L3P 94
G32 FF 61066 090200  780 213 3170    +1459657   -190          28    -17   30  64  222  -57  161  +22  161   22  22  0  0 L3P 3E
G10 FF 61066 091800  780 129 2787    +5850126    +39         -31    +16   55  40  355 +111  257  +34  257   34  42  0  0 L3P 5F
G12 FF 61066 091800  780 686 2380    +6069367     -2         -27     -5   17  87   87   -5  136   +5  136    5  12  0  0 L3P F5
G15 FF 61066 091800  780 120 1825    -3801490   -101         -40    -66   29  40  383 +207  456 +120  456  120  26  0  0 L3P 86
G17 FF 61066 091800  780 229  443     +440167   +131          -8    +19   28  70  206  +45  221  +16  221   16  20  0  0 L3P 13
G19 FF 61066 091800  780 411  655    -6873273     +4         -18    +22   28  51  123   +8  179   +8  179    8  22  0  0 L3P 05
G24 FF 61066 091800  780 721 1393    +1477444   -190           7    -37   15  31   85   +4  137  +43  137   43   9  0  0 L3P 13
G25 FF 61066 091800  780 265 2476    -4476081    +23           3     -1   35  39  181  -44  228  -46  228  -46  27  0  0 L3P 3B
G32 FF 61066 091800  780 266 3134    +1459488   -212          25    -39   31  64  180  -33  167  +32  167   32  22  0  0 L3P 57
G06 FF 61066 093400  780 154  898    +6059011    +25          -7     -7   40  21  302  -86  341  -64  341  -64  33  0  0 L3P 23
G12 FF 61066 093400  780 764 2431    +6069382     -7         -16    -10   17  87   83   -3  128   +7  128    7  12  0  0 L3P F9
G17 FF 61066 093400  780 176  413     +440267   +188         -16    +75   40  70  265  +82  249  -27  249  -27  30  0  0 L3P 55
G19 FF 61066 093400  780 373  581    -6873297    -24         -26     -7   27  51  133  +14  200  +13  200   13  24  0  0 L3P 1F
G24 FF 61066 093400  780 643 1395    +1477304   -184          15    -30   24  31   90   +6  141  +31  141   31  17  0  0 L3P 19
G25 FF 61066 093400  780 332 2513    -4476053    +31           8     +7   27  39  148  -28  198  -22  198  -22  19  0  0 L3P 3A
G32 FF 61066 093400  780 313 3084    +1459320   -166          23     +6   33  64  155  -20  173   -9  173   -9  25  0  0 L3P 25
G06 FF 61066 095000  780 195  837    +6059054    -34           6    -66   27  21  241  -46  292  +13  292   13  21  0  0 L3P 1E
G12 FF 61066 095000  780 841 2522    +6069389    +10         -12     +7   14  87   81   -1  131   +3  131    3   9  0  0 L3P CE
G17 FF 61066 095000  780 119  393     +440377   +147         -15    +35   43  70  384 +182  314  +36  314   36  31  0  0 L3P 49
G19 FF 61066 095000  780 324  524    -6873301    +17         -13    +34   21  51  150  +23  208  -10  208  -10  17  0  0 L3P 26
G24 FF 61066 095000  780 565 1409    +1477153   -167          11    -14   20  31   97   +9  159  +30  159   30  14  0  0 L3P 2A
G25 FF 61066 095000  780 400 2553    -4476035    +17           4     -6   29  39  126  -19  181  -17  181  -17  23  0  0 L3P 2A
G32 FF 61066 095000  780 352 3020    +1459159   -125          27    +48   26  64  140  -12  165  -34  165  -34  20  0  0 L3P 51
G06 FF 61066 100600  780 228  769    +6059088    +53          15    +21   24  39  208  -25  257  -10  257  -10  21  0  0 L3P 34
G11 FF 61066 100600  780 122 1199    +4609142    -58          -7    +74   55 190  379 -172  426 -160  426 -160  44  0  0 L3P 95
G12 FF 61066 100600  780 878  399    +6069397    +24         -10    +21   15  92   81   +0  133  -19  133  -19  10  0  0 L3P 1C
G19 FF 61066 100600  780 268  484    -6873313    -58         -11    -41   30  53  178  +37  243  +69  243   69  22  0  0 L3P 4B
G24 FF 61066 100600  780 488 1428    +1477010   -213          15    -59   27  31  107  +13  181  +55  181   55  20  0  0 L3P 40
G25 FF 61066 100600  780 470 2596    -4476019    +87          -3    +63   26  40  111  -13  170  -51  170  -51  17  0  0 L3P 3B
G32 FF 61066 100600  780 378 2942    +1458984   -140          22    +32   27  66  132   -6  172   -9  172   -9  21  0  0 L3P 2C
G06 FF 61066 102200  780 251  695    +6059118    +28          14     -4   34  39  190  -12  255  -21  255  -21  27  0  0 L3P 1D
G11 FF 61066 102200  780 177 1152    +4609029   -128           7     +4   22 190  265  -81  357  -41  357  -41  21  0  0 L3P 40
G12 FF 61066 102200  780 804  647    +6069409    -56          -2    -60   15  92   82   +2  126  +47  126   47  10  0  0 L3P FC
G19 FF 61066 102200  780 208  457    -6873315    +33           4    +50   23  53  226  +65  260  +20  260   20  18  0  0 L3P 05
G24 FF 61066 102200  780 413 1447    +1476844   -155          -3     -2   26  31  122  +19  219  +35  219   35  18  0  0 L3P 2D
G25 FF 61066 102200  780 542 2640    -4475978    +46          14    +22   21  40  100   -9  152  -25  152  -25  14  0  0 L3P 24
G28 FF 61066 102200  780 136 3051    +6057506    -82          12    -25   35 213  342 -158  257   -3  257   -3  23  0  0 L3P 3F
G29 FF 61066 102200  780 167 2003    +3865211    -94          63    -30   26  45  280 -117  368  -92  368  -92  24  0  0 L3P 68
G32 FF 61066 102200  780 391 2854    +1458818   -129          22    +43   28  66  128   -1  175  -23  175  -23  23  0  0 L3P 4D
G06 FF 61066 103800  780 261  619    +6059143    +59           9    +28   33  39  183   -3  248  -10  248  -10  24  0  0 L3P 19
G11 FF 61066 103800  780 229 1099    +4608890   -135          -6     -3   30 190  207  -45  309  -37  309  -37  20  0  0 L3P 5D
G12 FF 61066 103800  780 728  712    +6069399    -30         -15    -33   18  92   85   +4  149  +39  149   39  13  0  0 L3P 2C
G19 FF 61066 103800  780 145  441    -6873299    -37          36    -20   56  53  318 +135  282  +70  282   70  45  0  0 L3P 52
G24 FF 61066 103800  780 339 1467    +1476708   -198           8    -45   22  31  144  +28  241  +72  241   72  18  0  0 L3P 4A
G25 FF 61066 103800  780 614 2689    -4475960    +71           9    +48   22  40   92   -7  152  -43  152  -43  15  0  0 L3P 23
G28 FF 61066 103800  780 200 3060    +6057448    -66           9     -9   41 213  236  -75  240  -14  240  -14  28  0  0 L3P 33
G29 FF 61066 103800  780 238 2014    +3865132    -84          47    -19   40  45  200  -59  296  -87  296  -87  31  0  0 L3P 69
G32 FF 61066 103800  780 387 2762    +1458649   -175          19     -2   21  66  129   +3  190  +22  190   22  16  0  0 L3P 32
G06 FF 61066 105400  780 258  542    +6059166    +91           1    +60   38  39  185   +7  258  -54  258  -54  28  0  0 L3P 2C
G11 FF 61066 105400  780 277 1039    +4608766   -152          -3    -20   27 190  173  -27  277   +6  277    6  23  0  0 L3P 41
G12 FF 61066 105400  780 654  762    +6069410    -44          -7    -47   17  92   89   +5  157  +31  157   31  12  0  0 L3P 09
G24 FF 61066 105400  780 268 1485    +1476538   -119         -15    +34   25  31  178  +44  308  +26  308   26  17  0  0 L3P 67
G25 FF 61066 105400  780 688 2745    -4475943    +51           4    +27   14  40   87   -5  145  -19  145  -19  10  0  0 L3P 24
G28 FF 61066 105400  780 265 3061    +6057367    -43         -17    +14   29 213  181  -43  242  -38  242  -38  19  0  0 L3P 6E
G29 FF 61066 105400  780 312 2026    +3865043    -36          19    +29   29  45  156  -35  252  -48  252  -48  24  0  0 L3P 56
G32 FF 61066 105400  780 367 2673    +1458511   -189          47    -16   32  66  135   +9  191  +27  191   27  25  0  0 L3P 4F
G06 FF 61066 111000  780 242  470    +6059188    +49          -7    +17   26  39  196  +17  274  +40  274   40  22  0  0 L3P 27
G11 FF 61066 111000  780 318  968    +4608640   -154          -3    -22   23 190  153  -16  259  +13  259   13  18  0  0 L3P 43
G12 FF 61066 111000  780 582  808    +6069401    +21         -19    +18   22  92   95   +8  176   -9  176   -9  16  0  0 L3P 06
G24 FF 61066 111000  780 199 1501    +1476412   -176           7    -22   33  31  235  +79  346  +92  346   92  25  0  0 L3P 3F
G25 FF 61066 111000  780 762 2819    -4475934     -7         -10    -31   14  40   83   -3  153  +17  153   17   9  0  0 L3P FF
G28 FF 61066 111000  780 330 3051    +6057321    -33          -8    +24   31 214  148  -27  222  -35  222  -35  23  0  0 L3P 35
G29 FF 61066 111000  780 387 2040    +3864962    -81           1    -16   23  45  129  -22  230  -33  230  -33  15  0  0 L3P 27
G32 FF 61066 111000  780 334 2592    +1458310   -144          12    +29   29  66  146  +15  238   +7  238    7  20  0  0 L3P 20
G06 FF 61066 112600  780 214  406    +6059221    +92          -5    +60   39  39  220  +33  291  -14  291  -14  28  0  0 L3P 25
G11 FF 61066 112600  780 348  888    +4608509   -155          -2    -23   33 192  141   -9  229   +4  229    4  29  0  0 L3P 21
G12 FF 61066 112600  780 511  852    +6069401     +6         -23     +2   20  92  104  +11  191  +17  191   17  13  0  0 L3P F0
G24 FF 61066 112600  780 132 1515    +1476220   -199         -38    -46   44  31  348 +170  447 +137  447  137  32  0  0 L3P 98
G25 FF 61066 112600  780 835 2970    -4475912    +70         -11    +46   15  40   81   -1  150  -27  150  -27   9  0  0 L3P 1C
G28 FF 61066 112600  780 395 3028    +6057274    -72           0    -15   21 214  127  -18  195  -19  195  -19  16  0  0 L3P 56
G29 FF 61066 112600  780 464 2053    +3864914    -79          15    -14   30  45  112  -15  199  -12  199  -12  23  0  0 L3P 52
G31 FF 61066 112600  780 101 3121    +1705254    +11         -27    +32   50  91  456 -285  336  -24  336  -24  34  0  0 L3P 50
G32 FF 61066 112600  780 291 2521    +1458162   -265          29    -92   33  66  165  +25  257 +107  257  107  24  0  0 L3P 79
G06 FF 61066 114200  780 176  351    +6059246    +62         -10    +30   58  39  264  +62  315   +0  315    0  39  0  0 L3P 04
G11 FF 61066 114200  780 364  802    +4608394   -164           9    -32   23 192  136   -3  216  +16  216   16  17  0  0 L3P 23
G12 FF 61066 114200  780 442  895    +6069411    +17         -16    +14   23  92  116  +15  208  +20  208   20  17  0  0 L3P 20
G25 FF 61066 114200  780 873  446    -4475879    +45          -1    +21   18  40   81   +0  149  -16  149  -16  12  0  0 L3P 14
G28 FF 61066 114200  780 456 2986    +6057215    -80          -4    -23   26 214  113  -12  187   +2  187    2  19  0  0 L3P 28
G29 FF 61066 114200  780 542 2064    +3864842    -69           6     -4   27  45  100  -10  185  +12  185   12  22  0  0 L3P 11
G31 FF 61066 114200  780 166 3119    +1705249    +54         -12    +74   46  91  283 -110  304  -70  304  -70  34  0  0 L3P 59
G32 FF 61066 114200  780 240 2461    +1457991   -213          25    -40   37  66  197  +42  292  +87  292   87  29  0  0 L3P 64
G06 FF 61066 115800  780 130  307    +6059310    +53          23    +21   44  39  352 +129  321   -4  321   -4  35  0  0 L3P 0B
G11 FF 61066 115800  780 366  713    +4608259   -179           1    -48   28 192  135   +2  221  +48  221   48  22  0  0 L3P 31
G12 FF 61066 115800  780 375  936    +6069409    +29         -21    +26   28  92  132  +21  236   -5  236   -5  19  0  0 L3P 2A
G25 FF 61066 115800  780 806  905    -4475863    +29          -8     +6   15  40   82   +2  160   +0  160    0  10  0  0 L3P BF
G28 FF 61066 115800  780 511 2919    +6057173    -53           8     +4   20 214  104   -8  168   -7  168   -7  14  0  0 L3P 0B
G29 FF 61066 115800  780 621 2070    +3864790   -124          16    -59   22  45   92   -7  165  +38  165   38  17  0  0 L3P 43
G31 FF 61066 115800  780 230 3109    +1705233    -46          -8    -26   29  91  207  -56  269   +1  269    1  20  0  0 L3P 11
G32 FF 61066 115800  780 185 2409    +1457811   -204          10    -31   44  66  251  +75  344  +80  344   80  33  0  0 L3P 4A
G11 FF 61066 121400  780 352  629    +4608120   -166         -11    -34   25 193  140   +8  235  +49  235   49  18  0  0 L3P 44
G12 FF 61066 121400  780 309  977    +6069421    -11         -16    -15   23  94  157  +30  273  +50  273   50  19  0  0 L3P 33
G25 FF 61066 121400  780 732 1006    -4475849     -2         -18    -26   22  42   84   +3  165  +19  165   19  14  0  0 L3P 16
G28 FF 61066 121400  780 554 2822    +6057110    -50           0     +7   18 214   98   -4  172  -14  172  -14  12  0  0 L3P 02
G29 FF 61066 121400  780 700 2061    +3864717    -46           4    +19   24  48   86   -4  162  -16  162  -16  16  0  0 L3P 18
G31 FF 61066 121400  780 293 3086    +1705214    +35          -6    +55   34  92  165  -33  247  -57  247  -57  26  0  0 L3P 4E
G32 FF 61066 121400  780 128 2363    +1457659    -66          28   +107   67  68  357 +157  415  +28  415   28  48  0  0 L3P 81
G11 FF 61066 123000  780 324  554    +4608001   -161          -4    -29   28 193  150  +14  228   +0  228    0  21  0  0 L3P 02
G12 FF 61066 123000  780 245 1017    +6069423    -25         -17    -28   32  94  193  +48  307  +55  307   55  26  0  0 L3P 4B
G25 FF 61066 123000  780 657 1068    -4475827    +25         -19     +1   18  42   89   +5  172   +8  172    8  12  0  0 L3P FB
G26 FF 61066 123000  780 187 2890    +3173485    +43          41    -16   40   2  252  -85  302  -24  302  -24  31  0  0 L3P 27
G28 FF 61066 123000  780 579 2694    +6057043   -106         -12    -49   19 214   95   -1  179  +30  179   30  12  0  0 L3P 53
G29 FF 61066 123000  780 777 2005    +3864645    -64          -6     +0   23  48   83   -2  165   -9  165   -9  16  0  0 L3P FB
G31 FF 61066 123000  780 354 3050    +1705191    -42          -9    -22   35  92  140  -21  225   -1  225   -1  25  0  0 L3P FC
G11 FF 61066 124600  780 285  492    +4607879   -188           2    -56   32 193  169  +25  235  +61  235   61  22  0  0 L3P 52
G12 FF 61066 124600  780 183 1055    +6069423    +72         -20    +69   31  94  255  +84  349   +4  349    4  24  0  0 L3P 2E
G18 FF 61066 124600  780 133 1803    +4411619    -42          19    +55   45 157  349 -181  453  -63  453  -63  35  0  0 L3P 7D
G25 FF 61066 124600  780 583 1117    -4475798    +78         -12    +54   15  42   95   +8  172  -27  172  -27  12  0  0 L3P 49
G26 FF 61066 124600  780 252 2911    +3173524    +42          24    -17   36   2  190  -48  268  -43  268  -43  28  0  0 L3P 3F
G28 FF 61066 124600  780 580 2550    +6056980    -91         -21    -34   18 214   95   +1  185  +18  185   18  14  0  0 L3P 44
G29 FF 61066 124600  780 843 1720    +3864588    -72          -1     -8   15  48   81   -1  157   -4  157   -4  10  0  0 L3P F9
G31 FF 61066 124600  780 408 2995    +1705173    -54          -7    -34   22  92  124  -13  198   +5  198    5  17  0  0 L3P 23
G11 FF 61066 130200  780 237  444    +4607743   -101          -8    +31   37 193  200  +42  244   -6  244   -6  29  0  0 L3P 20
G12 FF 61066 130200  780 122 1092    +6069371   -249         -75   -253   80  94  375 +181  446 +266  446  266  60  0  0 L3P B7
G18 FF 61066 130200  780 204 1797    +4411525   -121          18    -24   29 157  232  -81  369  -72  369  -72  19  0  0 L3P 7E
G21 FF 61066 130200  780 119  670    -3877853   -111           9    -41   43 121  385  -95  320  -17  320  -17  33  0  0 L3P 46
G25 FF 61066 130200  780 510 1161    -4475783    +26         -20     +2   21  42  104  +11  192  +22  192   22  15  0  0 L3P 0E
G26 FF 61066 130200  780 319 2927    +3173589    +62          32     +3   34   2  153  -30  216  -47  216  -47  25  0  0 L3P 23
G28 FF 61066 130200  780 556 2415    +6056923   -135         -23    -78   30 214   98   +4  185  +63  185   63  20  0  0 L3P 53
G29 FF 61066 130200  780 835  941    +3864530   -108           4    -43   18  48   81   +1  149  +21  149   21  12  0  0 L3P 03
G31 FF 61066 130200  780 453 2919    +1705146    -10         -14    +11   32  92  114   -8  185  -14  185  -14  25  0  0 L3P 31
G04 FF 61066 131800  780 109 3287     -405140     -9         -11    +14   55 144  415  -26  324  -19  324  -19  36  0  0 L3P 3E
G05 FF 61066 131800  780 151  907    +2279161    +30         -13    +23   44  25  307  -89  310  -93  310  -93  33  0  0 L3P 3A
G11 FF 61066 131800  780 183  408    +4607621    -96          -4    +36   34 193  255  +76  234  -42  234  -42  27  0  0 L3P 4A
G18 FF 61066 131800  780 277 1791    +4411434   -108          20    -11   39 157  174  -44  304  -21  304  -21  28  0  0 L3P 65
G21 FF 61066 131800  780 144  606    -3877902    -64          26     +6   53 121  320  -46  259  -26  259  -26  43  0  0 L3P 43
G25 FF 61066 131800  780 439 1200    -4475760    +64         -20    +40   24  42  116  +15  205  -23  205  -23  19  0  0 L3P 3D
G26 FF 61066 131800  780 387 2935    +3173632    +51          18     -8   33   2  129  -20  187  -26  187  -26  26  0  0 L3P 36
G28 FF 61066 131800  780 512 2306    +6056870    -68         -22    -11   23 214  103   +8  186  +12  186   12  15  0  0 L3P 3C
G29 FF 61066 131800  780 767  728    +3864451    -41         -14    +24   10  48   83   +3  148  -19  148  -19   8  0  0 L3P 26
G31 FF 61066 131800  780 483 2822    +1705113    -28         -29     -8   28  92  108   -4  178  -17  178  -17  20  0  0 L3P 3E
G04 FF 61066 133400  780 111 3222     -405154     +9          -3    +32   58 144  409  +13  316  -17  316  -17  44  0  0 L3P 1B
G05 FF 61066 133400  780 192  845    +2279187    -23           6    -29   26  25  244  -47  245  -30  245  -30  21  0  0 L3P 2A
G11 FF 61066 133400  780 126  384    +4607495    -32          -2   +100   52 193  364 +166  232  -76  232  -76  39  0  0 L3P 6B
G16 FF 61066 133400  780 118 2942    -1955748   -105         -15    -30   34  64  392 -209  363  -59  363  -59  27  0  0 L3P 99
G18 FF 61066 133400  780 352 1782    +4411347    -86          26    +11   34 157  141  -27  237  -42  237  -42  26  0  0 L3P 5D
G21 FF 61066 133400  780 160  540    -3877960   -118          35    -48   44 121  290  -19  207  +11  207   11  33  0  0 L3P 44
G25 FF 61066 133400  780 368 1237    -4475719    +10          -2    -14   20  42  134  +22  196  +35  196   35  16  0  0 L3P 34
G26 FF 61066 133400  780 457 2933    +3173682    +87          11    +28   27   2  113  -14  163  -55  163  -55  19  0  0 L3P 40
G28 FF 61066 133400  780 456 2224    +6056828    -46         -10    +11   32 214  113  +12  187   +6  187    6  23  0  0 L3P 2D
G29 FF 61066 133400  780 694  690    +3864396    -64          -6     +1   14  48   86   +4  131  -12  131  -12  12  0  0 L3P FF
G31 FF 61066 133400  780 494 2710    +1705083     +5         -38    +25   23  92  106   +0  176  -31  176  -31  18  0  0 L3P 24
G04 FF 61066 135000  780 102 3158     -405194    -92         -22    -70   44 144  443  +60  332  +54  332   54  31  0  0 L3P 34
G05 FF 61066 135000  780 225  777    +2279188    +40           1    +33   31  25  210  -26  203  -70  203  -70  23  0  0 L3P 0B
G16 FF 61066 135000  780 183 2964    -1955787    -27          18    +48   33  64  257  -92  263 -114  263 -114  24  0  0 L3P 8A
G18 FF 61066 135000  780 428 1770    +4411261    -44          33    +53   27 157  119  -18  182  -69  182  -69  20  0  0 L3P 66
G21 FF 61066 135000  780 165  472    -3878035    -79          26    -10   45 121  281   +1  207   +0  207    0  34  0  0 L3P F3
G25 FF 61066 135000  780 300 1270    -4475726     +4         -32    -20   34  42  161  +34  244  +41  244   41  27  0  0 L3P 1A
G26 FF 61066 135000  780 527 2914    +3173741     +7          14    -52   19   2  102  -10  136  +18  136   18  15  0  0 L3P 07
G28 FF 61066 135000  780 392 2164    +6056765    -22         -18    +35   32 214  127  +19  213   -4  213   -4  26  0  0 L3P 3B
G29 FF 61066 135000  780 620  694    +3864324    -33         -15    +32   18  48   91   +6  129  -18  129  -18  14  0  0 L3P 2B
G31 FF 61066 135000  780 486 2596    +1705075    -13         -27     +7   27  92  108   +3  160   -9  160   -9  20  0  0 L3P 0D
G05 FF 61066 140600  780 248  704    +2279189    +23          -3    +16   22  76  192  -13  187  -46  187  -46  19  0  0 L3P 46
G16 FF 61066 140600  780 250 2981    -1955851    -32          26    +43   37  71  191  -50  213  -92  213  -92  29  0  0 L3P 52
G18 FF 61066 140600  780 505 1748    +4411136    -79           4    +18   27 158  105  -12  166  -49  166  -49  18  0  0 L3P 5E
G21 FF 61066 140600  780 158  405    -3878100    -64          28     +5   34 121  292  +22  192  -29  192  -29  30  0  0 L3P 34
G25 FF 61066 140600  780 232 1301    -4475696    +53         -25    +29   30  61  203  +56  262   -2  262   -2  22  0  0 L3P 20
G26 FF 61066 140600  780 594 2868    +3173791     +5           7    -55   20   2   94   -7  130  +30  130   30  14  0  0 L3P DC
G28 FF 61066 140600  780 325 2119    +6056724    -46          -5    +11   27 214  150  +29  221   +6  221    6  21  0  0 L3P 0F
G29 FF 61066 140600  780 548  713    +3864243   -104         -31    -39   21  49   99   +9  144  +29  144   29  15  0  0 L3P 3A
G31 FF 61066 140600  780 458 2491    +1705055    -22           3     -2   25   1  113   +7  160  +15  160   15  18  0  0 L3P D6
G05 FF 61066 142200  780 258  626    +2279185    +33         -13    +26   33  76  185   -3  175  -27  175  -27  25  0  0 L3P 3F
G16 FF 61066 142200  780 319 2992    -1955949    -35           0    +40   26  71  153  -31  194  -61  194  -61  18  0  0 L3P 49
G18 FF 61066 142200  780 580 1709    +4411040    -95           0     +2   23 158   95   -8  149  -27  149  -27  15  0  0 L3P 19
G21 FF 61066 142200  780 141  342    -3878213   -101         -18    -32   44 121  326  +52  211   -1  211   -1  30  0  0 L3P 13
G25 FF 61066 142200  780 167 1329    -4475661    -37         -14    -61   41  61  278 +106  279  +65  279   65  31  0  0 L3P 74
G26 FF 61066 142200  780 654 2779    +3173843    +55           2     -4   17   2   89   -4  128  -10  128  -10  11  0  0 L3P ED
G28 FF 61066 142200  780 256 2084    +6056662    -44         -11    +13   44 214  186  +47  252  +34  252   34  32  0  0 L3P 53
G29 FF 61066 142200  780 477  740    +3864188    -40         -24    +25   15  49  109  +12  138  -12  138  -12  10  0  0 L3P 40
G31 FF 61066 142200  780 415 2403    +1705029    -71          -4    -51   18   1  122  +12  175  +59  175   59  13  0  0 L3P 12
G05 FF 61066 143800  780 255  549    +2279191    +16         -14     +9   38  76  187   +7  175  -12  175  -12  27  0  0 L3P 36
G16 FF 61066 143800  780 389 2993    -1956016    -72           5     +3   22  71  129  -21  158  -31  158  -31  17  0  0 L3P 36
G18 FF 61066 143800  780 652 1637    +4410951   -107           4    -10   22 158   89   -5  128   -8  128   -8  14  0  0 L3P 1F
G21 FF 61066 143800  780 113  286    -3878242    -63          19     +6   50 121  401 +110  166  -31  166  -31  39  0  0 L3P 3F
G25 FF 61066 143800  780 103 1355    -4475676    -71         -51    -95   66  61  442 +264  320  +81  320   81  48  0  0 L3P 6B
G26 FF 61066 143800  780 699 2620    +3173893    +61          -5     +2   14   2   86   -2  127   +3  127    3   9  0  0 L3P BE
G27 FF 61066 143800  780 107 2651     +268035     +7          21    -77   41  58  431 -240  363  -60  363  -60  31  0  0 L3P 35
G28 FF 61066 143800  780 188 2055    +6056607    -58         -12     -2   38 214  248  +87  293  +39  293   39  26  0  0 L3P 6E
G29 FF 61066 143800  780 409  771    +3864114    -96         -35    -31   18  49  123  +17  150  +25  150   25  14  0  0 L3P 3C
G31 FF 61066 143800  780 363 2333    +1705005    -12          -8     +9   28   1  136  +19  197  +18  197   18  20  0  0 L3P 10
G05 FF 61066 145400  780 239  477    +2279205     +1          -6     -6   30  76  198  +18  174  +16  174   16  22  0  0 L3P 0A
G16 FF 61066 145400  780 460 2980    -1956119    -88         -26    -13   24  71  112  -14  155  -10  155  -10  17  0  0 L3P 54
G18 FF 61066 145400  780 712 1499    +4410846   -108          -8    -11   20 158   85   -3  126   -7  126   -7  13  0  0 L3P 27
G23 FF 61066 145400  780 141 1463    -6045069    -71           5    -22   60 144  331 -152  272  -50  272  -50  49  0  0 L3P 53
G26 FF 61066 145400  780 713 2394    +3173947    +42          -7    -17   20   2   85   +0  123  +11  123   11  13  0  0 L3P E9
G27 FF 61066 145400  780 168 2688     +268104   +141           9    +57   37  58  278 -102  283 -120  283 -120  30  0  0 L3P 78
G28 FF 61066 145400  780 122 2029    +6056551   -149         -14    -92   42 214  375 +196  341 +120  341  120  35  0  0 L3P 9A
G29 FF 61066 145400  780 342  805    +3864076    -16         -12    +48   29  49  143  +25  143  -34  143  -34  22  0  0 L3P 49
G31 FF 61066 145400  780 305 2277    +1704995     +2           2    +22   27   1  159  +29  209   +8  209    8  21  0  0 L3P DF
G05 FF 61066 151000  780 210  412    +2279230    +45          12    +39   34  76  223  +35  161  -29  161  -29  26  0  0 L3P 22
G16 FF 61066 151000  780 529 2947    -1956171    -43          -6    +32   18  71  101   -9  124  -31  124  -31  14  0  0 L3P 28
G18 FF 61066 151000  780 747 1256    +4410765    -59           3    +37   19 158   84   -1  107  -36  107  -36  12  0  0 L3P 2E
G23 FF 61066 151000  780 206 1432    -6045105    -30          16    +19   36 144  229  -72  221  -69  221  -69  26  0  0 L3P 4F
G26 FF 61066 151000  780 690 2176    +3174002    +45          -9    -14   19   2   87   +2  117   -4  117   -4  13  0  0 L3P DA
G27 FF 61066 151000  780 231 2724     +268164    +76         -11     -8   35  58  206  -56  237  -46  237  -46  26  0  0 L3P 3E
G29 FF 61066 151000  780 278  841    +3863999    -77         -26    -12   27  49  172  +37  165  +26  165   26  21  0  0 L3P 59
G31 FF 61066 151000  780 243 2232    +1704977    +15           3    +35   28   1  195  +48  236   -3  236   -3  22  0  0 L3P F1
G05 FF 61066 152600  780 172  356    +2279229    +17           5    +11   35  76  270  +66  157  -13  157  -13  29  0  0 L3P 2C
G16 FF 61066 152600  780 594 2882    -1956268    -94         -31    -19   25  71   94   -6  130   -8  130   -8  16  0  0 L3P 2B
G18 FF 61066 152600  780 737  973    +4410655    -97         -13     +0   20 158   84   +1  112  -11  112  -11  15  0  0 L3P 10
G23 FF 61066 152600  780 273 1396    -6045172     -1          -5    +48   30 144  177  -41  200  -81  200  -81  21  0  0 L3P 33
G26 FF 61066 152600  780 640 2028    +3174044    +77         -24    +18   20   2   90   +5  127  -24  127  -24  13  0  0 L3P 0D
G27 FF 61066 152600  780 296 2760     +268233    +47         -23    -37   31  58  163  -34  198  -15  198  -15  23  0  0 L3P 5B
G29 FF 61066 152600  780 216  878    +3863934    -82         -28    -17   34  49  218  +61  180  +26  180   26  28  0  0 L3P 57
G31 FF 61066 152600  780 181 2193    +1704971    -29          17     -8   37   1  257  +86  259  +45  259   45  33  0  0 L3P 31
G05 FF 61066 154200  780 126  311    +2279236    -45           5    -52   34  76  364 +140  138  -18  138  -18  26  0  0 L3P 39
G16 FF 61066 154200  780 648 2766    -1956335    -85         -26    -10   17  71   89   -3  118  -10  118  -10  11  0  0 L3P 3B
G18 FF 61066 154200  780 692  782    +4410572    -47          -3    +50   24 158   86   +3  101  -27  101  -27  17  0  0 L3P 1D
G23 FF 61066 154200  780 338 1352    -6045215    -12           0    +37   26 144  145  -25  161  -60  161  -60  19  0  0 L3P 36
G26 FF 61066 154200  780 575 1940    +3174112    +22         -12    -38   27   2   96   +8  122  +40  122   40  20  0  0 L3P F8
G27 FF 61066 154200  780 364 2794     +268326    +59         -11    -26   25  58  136  -23  163  -17  163  -17  21  0  0 L3P 50
G29 FF 61066 154200  780 155  915    +3863873     -3         -28    +61   42  49  299 +114  188  -42  188  -42  34  0  0 L3P 66
G31 FF 61066 154200  780 120 2160    +1704951    -15          17     +6   33   1  382 +189  319  +63  319   63  25  0  0 L3P 21
G10 FF 61066 155800  780 163 1639    +5850703    +30           2     +8   38  51  288 -123  231  -66  231  -66  26  0  0 L3P 3B
G16 FF 61066 155800  780 680 2589    -1956413    -66         -32     +9   25  71   87   -1  115  -18  115  -18  17  0  0 L3P 3B
G18 FF 61066 155800  780 629  686    +4410466    -22         -17    +75   24 158   91   +6  105  -56  105  -56  16  0  0 L3P 48
G23 FF 61066 155800  780 400 1296    -6045268    -36          -7    +13   24 144  126  -16  138  -30  138  -30  17  0  0 L3P 53
G26 FF 61066 155800  780 504 1889    +3174173    +87          -9    +28   21   2  105  +11  143  +17  143   17  16  0  0 L3P 26
G27 FF 61066 155800  780 433 2827     +268407    +66         -11    -18   30  58  118  -16  143   -5  143   -5  23  0  0 L3P 26
G07 FF 61066 161400  780 117 3292    +1405694    +23           0    -28   33  37  390  -71  186   -3  186   -3  28  0  0 L3P 18
G08 FF 61066 161400  780 187 2853    -4996995   +136           5    +89   52  63  251  -85  227 -129  227 -129  41  0  0 L3P 9F
G10 FF 61066 161400  780 234 1621    +5850723    +27          15     +5   33  17  204  -61  188  -50  188  -50  26  0  0 L3P 2D
G15 FF 61066 161400  780 102  684    -3802309    -53           6    -18   56  49  444 -128  112   -3  112   -3  45  0  0 L3P 0F
G16 FF 61066 161400  780 678 2380    -1956482    -82         -24     -6   26  75   87   +1  103   -2  103   -2  19  0  0 L3P 05
G18 FF 61066 161400  780 560  643    +4410386    -82          -6    +15   26 159   97   +8   86  -12   86  -12  18  0  0 L3P 10
G23 FF 61066 161400  780 456 1223    -6045315    -67          -5    -18   30 145  113  -10  111  -14  111  -14  22  0  0 L3P 31
G26 FF 61066 161400  780 431 1858    +3174227    +71          -9    +12   23  30  118  +17  138   +5  138    5  16  0  0 L3P 0B
G27 FF 61066 161400  780 504 2856     +268483    +66         -10    -18   29  62  105  -11  124   -8  124   -8  20  0  0 L3P 1E
G07 FF 61066 163000  780 134 3235    +1405715   +110         -29    +58   44  37  342  -31  203  -34  203  -34  33  0  0 L3P 4D
G08 FF 61066 163000  780 252 2880    -4996925    +71          30    +24   54  63  190  -48  160  -67  160  -67  41  0  0 L3P 5D
G10 FF 61066 163000  780 306 1599    +5850750    +68          20    +45   34  17  159  -36  149  -57  149  -57  28  0  0 L3P 64
G15 FF 61066 163000  780 128  620    -3802341    -88           8    -52   43  49  358  -60   94  +27   94   27  34  0  0 L3P 07
G16 FF 61066 163000  780 643 2204    -1956561    -75         -31     +1   15  75   90   +4  101  -16  101  -16  11  0  0 L3P 06
G18 FF 61066 163000  780 489  629    +4410282    -96         -17     +1   22 159  107  +12   86   -8   86   -8  14  0  0 L3P 0E
G23 FF 61066 163000  780 501 1129    -6045376    -19         -19    +30   23 145  105   -6  102  -45  102  -45  17  0  0 L3P 40
G26 FF 61066 163000  780 358 1838    +3174278    +56         -15     -3   27  30  138  +25  153   +8  153    8  22  0  0 L3P 19
G27 FF 61066 163000  780 578 2880     +268563    +93         -11     +8   24  62   96   -8  105  -30  105  -30  18  0  0 L3P 16
G07 FF 61066 164600  780 141 3173    +1405787    +45          -6     -6   37  37  326   -4  185   -5  185   -5  28  0  0 L3P 0F
G08 FF 61066 164600  780 318 2902    -4996898   +137          13    +91   33  63  153  -30  134 -109  134 -109  24  0  0 L3P 93
G10 FF 61066 164600  780 379 1572    +5850761    +27           9     +4   26  17  132  -22  126  -54  126  -54  20  0  0 L3P 26
G15 FF 61066 164600  780 144  553    -3802375    -33           8     +2   37  49  319  -25   78   +2   78    2  29  0  0 L3P D2
G16 FF 61066 164600  780 587 2086    -1956632    -88         -30    -13   26  75   95   +7   93   +3   93    3  21  0  0 L3P FB
G18 FF 61066 164600  780 419  632    +4410196    -76         -11    +21   27 159  121  +17   78  -23   78  -23  19  0  0 L3P 3D
G23 FF 61066 164600  780 530 1014    -6045397    -24           8    +24   16 145  101   -3   69  -31   69  -31  13  0  0 L3P 0A
G26 FF 61066 164600  780 286 1824    +3174349    -20          -1    -79   28  30  168  +39  157  +88  157   88  22  0  0 L3P 5C
G27 FF 61066 164600  780 653 2892     +268639    +77         -16     -7   20  62   89   -6   94  -12   94  -12  13  0  0 L3P 0B
G02 FF 61066 170200  780 113 2481     -250751    -88         -20     -6   45  38  410 -225  269  -76  269  -76  33  0  0 L3P 4F
G07 FF 61066 170200  780 138 3110    +1405807    +85         -35    +33   35  37  333  +20  206   +1  206    1  26  0  0 L3P 05
G08 FF 61066 170200  780 387 2920    -4996859    +62           7    +15   24  63  129  -20  105  -31  105  -31  18  0  0 L3P 40
G10 FF 61066 170200  780 451 1535    +5850771   +104          -2    +81   19  17  114  -15   97  -95   97  -95  16  0  0 L3P 3E
G15 FF 61066 170200  780 150  484    -3802411   -101           5    -66   49  49  307   -1   75  +41   75   41  33  0  0 L3P EC
G16 FF 61066 170200  780 520 2012    -1956727   -123         -53    -48   21  75  102  +10  105  +32  105   32  17  0  0 L3P 3B
G18 FF 61066 170200  780 350  645    +4410102    -89         -12     +8   27 159  140  +24   73  -11   73  -11  22  0  0 L3P 0A
G23 FF 61066 170200  780 537  887    -6045444    -39           7    +10   21 145  100   +0   58  -20   58  -20  14  0  0 L3P F3
G26 FF 61066 170200  780 216 1813    +3174407    +83           0    +24   39  30  218  +68  180   -2  180   -2  29  0  0 L3P 06
G27 FF 61066 170200  780 729 2880     +268729    +98          -6    +14   16  62   85   -4   73  -24   73  -24  11  0  0 L3P 00
G02 FF 61066 171800  780 176 2518     -250812   -148          -3    -66   42  38  267  -96  193   -4  193   -4  33  0  0 L3P 35
G07 FF 61066 171800  780 124 3047    +1405884    +56          -7     +5   26  37  367  +53  194   -3  194   -3  20  0  0 L3P 17
G08 FF 61066 171800  780 457 2929    -4996828    +75          -7    +28   25  63  113  -14   90  -50   90  -50  19  0  0 L3P 45
G10 FF 61066 171800  780 521 1479    +5850792    -39          -3    -62   21  17  102  -10   78  +24   78   24  13  0  0 L3P 15
G15 FF 61066 171800  780 145  415    -3802457   -119          -7    -83   29  49  318  +24   74  +55   74   55  22  0  0 L3P 2B
G16 FF 61066 171800  780 448 1966    -1956792    -42         -46    +33   30  75  114  +15  106  -13  106  -13  23  0  0 L3P 5C
G18 FF 61066 171800  780 284  665    +4410015   -140          -6    -43   31 159  169  +37   64  +29   64   29  23  0  0 L3P 32
G23 FF 61066 171800  780 522  766    -6045510    -37         -12    +12   24 145  102   +4   65   -9   65   -9  18  0  0 L3P FA
G26 FF 61066 171800  780 148 1804    +3174463    -17           0    -76   38  30  312 +138  189  +85  189   85  28  0  0 L3P 5B
G27 FF 61066 171800  780 803 2789     +268796    +90         -20     +6   11  62   82   -2   77  -12   77  -12   8  0  0 L3P EF
G02 FF 61066 173400  780 239 2556     -250910    -53         -22    +29   43  38  199  -52  154  -75  154  -75  33  0  0 L3P 54
G07 FF 61066 173400  780 101 2985    +1405922    -10         -18    -61   50  37  444 +113  206  +65  206   65  35  0  0 L3P 52
G08 FF 61066 173400  780 529 2925    -4996785    +47          -9     +1   19  63  101  -10   69  -22   69  -22  12  0  0 L3P 28
G10 FF 61066 173400  780 583 1395    +5850793    +37         -25    +14   19  17   95   -6   78  -18   78  -18  14  0  0 L3P 31
G15 FF 61066 173400  780 128  351    -3802466     -5          18    +31   41  49  358  +61   44  -35   44  -35  33  0  0 L3P 05
G16 FF 61066 173400  780 375 1936    -1956844    -85         -26     -9   32  75  132  +23   98  +15   98   15  24  0  0 L3P 39
G18 FF 61066 173400  780 219  690    +4409928    -61           0    +36   24 159  215  +61   63  -40   63  -40  21  0  0 L3P 14
G23 FF 61066 173400  780 488  665    -6045555    -37         -10    +12   24 145  107   +7   58  -16   58  -16  17  0  0 L3P 2F
G27 FF 61066 173400  780 854 2266     +268894   +103          -3    +19   15  62   81   +0   57  -27   57  -27  10  0  0 L3P 08
G02 FF 61066 175000  780 303 2596     -251002    -96         -35    -14   26  38  160  -32  125  -12  125  -12  18  0  0 L3P 2E
G08 FF 61066 175000  780 600 2900    -4996743    +49         -11     +2   19  63   93   -7   60  -13   60  -13  12  0  0 L3P F9
G10 FF 61066 175000  780 633 1270    +5850826    +92         -13    +69   26  17   91   -3   60  -48   60  -48  20  0  0 L3P 10
G15 FF 61066 175000  780 100  292    -3802519    -21          -1    +14   35  49  449 +137   45  -15   45  -15  24  0  0 L3P 16
G16 FF 61066 175000  780 302 1915    -1956915    -83         -25     -8   25  75  160  +35  105  +21  105   21  17  0  0 L3P 31
G18 FF 61066 175000  780 156  718    +4409826   -100         -10     -4   45 159  296 +115   68  -10   68  -10  35  0  0 L3P 4A
G23 FF 61066 175000  780 440  589    -6045606     -9         -14    +40   24 145  116  +12   59  -28   59  -28  17  0  0 L3P 2B
G27 FF 61066 175000  780 811 1653     +268965    +67         -12    -17   14  62   82   +2   52  +13   52   13   9  0  0 L3P DD
G02 FF 61066 180600  780 369 2638     -251055    -86         -12     -5   32  46  135  -21   82   +1   82    1  23  0  0 L3P D4
G08 FF 61066 180600  780 668 2836    -4996702    +57          -7    +10   15   3   88   -4   57   -1   57   -1  10  0  0 L3P DA
G10 FF 61066 180600  780 658 1099    +5850858    +10          -3    -13   20  17   89   -1   49   +6   49    6  14  0  0 L3P D8
G16 FF 61066 180600  780 231 1898    -1956997   -124         -30    -49   28  76  205  +60  128  +55  128   55  24  0  0 L3P 7D
G23 FF 61066 180600  780 383  538    -6045670    -36         -29    +12   31 146  130  +18   66  -20   66  -20  21  0  0 L3P 2B
G27 FF 61066 180600  780 736 1536     +269038    +98         -20    +14   18  81   84   +3   57  -17   57  -17  12  0  0 L3P 0E
G01 FF 61066 182200  780 117 2575    -3398245    -48           6    -91   50 100  395 -200  187   -4  187   -4  38  0  0 L3P 46
G02 FF 61066 182200  780 435 2681     -251131    -60         -10    +22   27  46  118  -15   72  -31   72  -31  18  0  0 L3P 07
G08 FF 61066 182200  780 725 2697    -4996659    +39          -8     -8   16   3   85   -2   56   -3   56   -3  11  0  0 L3P DB
G10 FF 61066 182200  780 654  915    +5850864     +5         -19    -18   18  17   89   +1   56   +4   56    4  13  0  0 L3P C7
G16 FF 61066 182200  780 162 1885    -1957066   -101         -28    -26   40  76  286 +117  135  +49  135   49  34  0  0 L3P 84
G23 FF 61066 182200  780 321  505    -6045702    +17         -14    +66   29 146  152  +28   55  -45   55  -45  21  0  0 L3P 2D
G27 FF 61066 182200  780 657 1512     +269114    +81         -25     -3   16  81   89   +6   58  +17   58   17  12  0  0 L3P E9
G32 FF 61066 182200  780 155 1287    +1453806   -156          -6    +18   44  43  301 -115  113  -36  113  -36  33  0  0 L3P 5C
G01 FF 61066 183800  780 177 2613    -3398171    +71          38    +28   50 100  265  -90  109  -60  109  -60  38  0  0 L3P 62
G02 FF 61066 183800  780 502 2725     -251216    -96         -17    -14   25  46  105  -11   63   +0   63    0  19  0  0 L3P DF
G08 FF 61066 183800  780 756 2441    -4996602     +1           5    -46   18   3   83   +0   46  +26   46   26  12  0  0 L3P CA
G10 FF 61066 183800  780 621  764    +5850893    +13         -12     -9   18  17   91   +4   47   +5   47    5  12  0  0 L3P C1
G23 FF 61066 183800  780 256  488    -6045730    -17           5    +32   27 146  186  +45   38  -22   38  -22  21  0  0 L3P 20
G27 FF 61066 183800  780 578 1513     +269195    +57         -24    -27   18  81   95   +8   60  +30   60   30  15  0  0 L3P 00
G32 FF 61066 183800  780 214 1244    +1453655   -197          10    -23   34  43  221  -59   87  -11   87  -11  26  0  0 L3P 3A
G01 FF 61066 185400  780 238 2651    -3398149     -7          19    -50   39 100  200  -51   86  +12   86   12  28  0  0 L3P 1D
G02 FF 61066 185400  780 569 2772     -251291   -103         -13    -21   23  46   96   -8   50  +11   50   11  15  0  0 L3P F3
G08 FF 61066 185400  780 741 2148    -4996573    +64         -12    +18   20   3   84   +2   53   +4   53    4  13  0  0 L3P CF
G10 FF 61066 185400  780 570  662    +5850906    +69         -20    +47   25  17   96   +7   46  -41   46  -41  16  0  0 L3P 0B
G14 FF 61066 185400  780 128 3263    -7311697    -36          40    -14   40 115  360 -115   23   +9   23    9  29  0  0 L3P 19
G23 FF 61066 185400  780 191  482    -6045772    -58          10     -9   45 146  245  +81   33   -2   33   -2  34  0  0 L3P F5
G27 FF 61066 185400  780 501 1523     +269280   +103         -21    +19   20  81  105  +12   63   -4   63   -4  14  0  0 L3P F2
G32 FF 61066 185400  780 270 1194    +1453461   -153         -17    +21   31  43  178  -35   92  -30   92  -30  25  0  0 L3P 3C
G01 FF 61066 191000  780 301 2689    -3398103     +6          23    -37   31 100  161  -32   62   +4   62    4  26  0  0 L3P DC
G02 FF 61066 191000  780 638 2820     -251377    -64         -20    +18   13  46   90   -6   49  -18   49  -18   9  0  0 L3P F7
G08 FF 61066 191000  780 691 1959    -4996529    +77         -13    +31   15   3   86   +4   52  -20   52  -20   9  0  0 L3P FC
G10 FF 61066 191000  780 508  602    +5850924     +5         -25    -18   24  17  104  +10   44  +13   44   13  16  0  0 L3P E4
G14 FF 61066 191000  780 165 3213    -7311729    -73          30    -50   40 115  282  -57   36  +43   36   43  31  0  0 L3P 1F
G23 FF 61066 191000  780 126  485    -6045836    -43          -7     +6   46 146  363 +180   35  -13   35  -13  37  0  0 L3P 25
G27 FF 61066 191000  780 424 1537     +269370    +99         -11    +14   23  81  120  +18   64   +6   64    6  17  0  0 L3P EC
G32 FF 61066 191000  780 323 1134    +1453313   -188           1    -14   24  43  151  -22   59   -2   59   -2  21  0  0 L3P E7
G01 FF 61066 192600  780 365 2728    -3398076    +53           8    +10   29 100  136  -22   55  -31   55  -31  22  0  0 L3P 21
G02 FF 61066 192600  780 707 2874     -251448    -62         -13    +20   17  46   86   -4   39  -19   39  -19  11  0  0 L3P 0C
G08 FF 61066 192600  780 623 1862    -4996496    +66         -24    +20   17   3   91   +6   59  -13   59  -13  12  0  0 L3P 14
G10 FF 61066 192600  780 442  571    +5850932    +28         -38     +5   31  17  116  +14   53   +8   53    8  24  0  0 L3P DB
G14 FF 61066 192600  780 194 3155    -7311772     -9           9    +14   30 115  242  -29   49  -18   49  -18  22  0  0 L3P 23
G22 FF 61066 192600  780 122 3291     +541972   -101         -13    -56   36   2  376 -121   52  +34   52   34  29  0  0 L3P 1B
G27 FF 61066 192600  780 349 1551     +269446   +162         -16    +78   29  81  141  +27   75  -50   75  -50  24  0  0 L3P 47
G32 FF 61066 192600  780 369 1063    +1453126   -210         -18    -36   22  43  135  -13   57  +19   57   19  17  0  0 L3P 38
G01 FF 61066 194200  780 431 2766    -3398039    -14           4    -57   27 100  118  -15   45  +34   45   34  20  0  0 L3P 15
G02 FF 61066 194200  780 777 2943     -251530    -82         -16     +0   11  46   83   -2   39   -8   39   -8   8  0  0 L3P C0
G03 FF 61066 194200  780 124 2245    -5876756    +52           7    -54   50  32  374 -198  133  -12  133  -12  42  0  0 L3P 4E
G08 FF 61066 194200  780 550 1813    -4996433    +79          -6    +32   19   3   99   +9   51  -30   51  -30  15  0  0 L3P F9
G10 FF 61066 194200  780 374  558    +5850947    +16         -45     -7   23  17  132  +21   62  +11   62   11  19  0  0 L3P FC
G14 FF 61066 194200  780 212 3090    -7311791    -79          11    -56   34 115  222  -13   48  +43   48   43  26  0  0 L3P 29
G22 FF 61066 194200  780 158 3241     +541934    -69          -8    -24   24   2  294  -59   53   +9   53    9  18  0  0 L3P E1
G27 FF 61066 194200  780 277 1565     +269533   +156          -9    +71   24  81  173  +42   83  -39   83  -39  19  0  0 L3P 42
G32 FF 61066 194200  780 404  980    +1452959   -176         -18     -2   30  43  125   -8   45   -5   45   -5  23  0  0 L3P F2
G01 FF 61066 195800  780 499 2804    -3398000    +22           2    -21   21 100  106  -11   41  +12   41   12  14  0  0 L3P EF
G02 FF 61066 195800  780 846 3083     -251598    -55          -6    +27   18  46   81   -1   31  -20   31  -20  12  0  0 L3P E9
G03 FF 61066 195800  780 191 2275    -5876635   +133          27    +28   42  32  247  -86   80  -52   80  -52  31  0  0 L3P 4D
G08 FF 61066 195800  780 474 1787    -4996398   +109         -15    +63   23   3  109  +14   66  -43   66  -43  17  0  0 L3P 5C
G10 FF 61066 195800  780 307  559    +5850998    +66         -16    +44   22  17  157  +32   56  -11   56  -11  18  0  0 L3P 34
G14 FF 61066 195800  780 219 3020    -7311807    -78          18    -55   30 115  215   -1   49  +38   49   38  24  0  0 L3P 26
G22 FF 61066 195800  780 184 3183     +541914    -11          16    +35   36   2  253  -30   39  -23   39  -23  25  0  0 L3P FF
G27 FF 61066 195800  780 206 1577     +269627    +94           3     +9   28  81  228  +75   84   +7   84    7  23  0  0 L3P E6
G32 FF 61066 195800  780 425  887    +1452791   -151         -20    +23   28  43  119   -3   44  -25   44  -25  21  0  0 L3P 24
G01 FF 61066 201400  780 569 2840    -3397963    +29           1    -14   21 101   97   -8   45   +0   45    0  15  0  0 L3P C9
G02 FF 61066 201400  780 874  760     -251678    -74          -5     +8   21  47   81   +0   27   -8   27   -8  13  0  0 L3P A6
G03 FF 61066 201400  780 259 2308    -5876547   +107          11     +1   44  33  185  -47   78   -3   78   -3  31  0  0 L3P 09
G08 FF 61066 201400  780 399 1773    -4996351    +58         -13    +11   27   4  126  +20   65   +5   65    5  21  0  0 L3P F3
G10 FF 61066 201400  780 241  568    +5850984    +26         -51     +3   28  19  197  +51   64   -4   64   -4  22  0  0 L3P EC
G14 FF 61066 201400  780 214 2948    -7311823    -18          23     +5   36 116  220  +11   49   -6   49   -6  27  0  0 L3P FA
G17 FF 61066 201400  780 120 3166     +444636   +165          18    +52   38  77  386 -194   31  -49   31  -49  27  0  0 L3P 48
G22 FF 61066 201400  780 201 3120     +541861    -48           9     -3   40   3  234  -13   41  +11   41   11  31  0  0 L3P 9C
G27 FF 61066 201400  780 138 1587     +269681   +129         -15    +45   31   1  335 +160  119  -12  119  -12  23  0  0 L3P 4B
G32 FF 61066 201400  780 430  789    +1452608   -177         -35     -4   33  71  118   +1   54   +0   54    0  24  0  0 L3P CD
G01 FF 61066 203000  780 640 2873    -3397915    +52           7     +9   21 101   90   -6   33  -14   33  -14  12  0  0 L3P DB
G02 FF 61066 203000  780 807 1086     -251740    -64          12    +18   16  47   82   +2   12   -9   12   -9  10  0  0 L3P B3
G03 FF 61066 203000  780 329 2345    -5876475    +88         -19    -18   29  33  149  -29   81  -10   81  -10  22  0  0 L3P 40
G08 FF 61066 203000  780 325 1765    -4996304    +55         -11     +9   35   4  150  +31   80  +23   80   23  27  0  0 L3P F5
G10 FF 61066 203000  780 176  585    +5851033    -11         -24    -34   50  19  264  +93   33  +47   33   47  38  0  0 L3P 0E
G14 FF 61066 203000  780 197 2878    -7311849   +124          19   +146   38 116  237  +26   53 -109   53 -109  31  0  0 L3P 8C
G17 FF 61066 203000  780 180 3155     +444742    +90          15    -23   35  77  261  -86   26  +32   26   32  25  0  0 L3P FE
G22 FF 61066 203000  780 206 3052     +541825    -87          18    -41   33   3  228   +1   41  +33   41   33  23  0  0 L3P C1
G32 FF 61066 203000  780 417  695    +1452465   -179         -11     -5   20  71  121   +5   33   +9   33    9  13  0  0 L3P CE
G01 FF 61066 204600  780 713 2899    -3397884    +60          -3    +17   19 101   85   -4   36  -20   36  -20  12  0  0 L3P 10
G02 FF 61066 204600  780 735 1167     -251845   -119         -14    -37   17  47   84   +3   33  +29   33   29  10  0  0 L3P 02
G03 FF 61066 204600  780 399 2386    -5876370    +91         -15    -15   28  33  126  -19   61   -1   61   -1  20  0  0 L3P 13
G08 FF 61066 204600  780 253 1760    -4996267    +31         -19    -15   26   4  188  +51  101  +16  101   16  21  0  0 L3P 2F
G10 FF 61066 204600  780 114  607    +5851077    +60          -1    +37   66  19  401 +212   23  -20   23  -20  51  0  0 L3P FD
G14 FF 61066 204600  780 170 2811    -7311880    -19           9     +3   58 116  272  +49   63   +3   63    3  46  0  0 L3P E5
G17 FF 61066 204600  780 239 3134     +444807   +156         -28    +43   39  77  199  -47   59  -39   59  -39  28  0  0 L3P 64
G22 FF 61066 204600  780 199 2984     +541764    -44           0     +1   41   3  235  +14   55   -6   55   -6  31  0  0 L3P B5
G32 FF 61066 204600  780 390  613    +1452288   -126         -21    +48   32  71  128  +10   44  -30   44  -30  24  0  0 L3P 1B
G01 FF 61066 210200  780 788 2907    -3397837    +53           3    +10   16 101   82   -2   30   -8   30   -8  12  0  0 L3P CF
G02 FF 61066 210200  780 663 1220     -251892    -73          17     +9   13  47   88   +5   15   -3   15   -3   9  0  0 L3P 9E
G03 FF 61066 210200  780 471 2432    -5876275    +87         -22    -18   26  33  110  -13   53  +11   53   11  21  0  0 L3P 0C
G08 FF 61066 210200  780 183 1756    -4996195    -22           9    -69   32   4  255  +94   94  +71   94   71  23  0  0 L3P 15
G14 FF 61066 210200  780 136 2749    -7311914    +46          -3    +69   45 116  338  +93   73  -45   73  -45  35  0  0 L3P 42
G17 FF 61066 210200  780 294 3102     +444950   +136           8    +24   24  77  164  -28   36  -22   36  -22  17  0  0 L3P 0B
G22 FF 61066 210200  780 182 2917     +541738    -68          18    -23   48   3  256  +31   43  +26   43   26  38  0  0 L3P F7
G32 FF 61066 210200  780 349  546    +1452116   -186         -27    -12   37  71  141  +16   49   +2   49    2  29  0  0 L3P FC
G01 FF 61066 211800  780 862 2790    -3397798    +76           0    +33   13 101   81   -1   29  -28   29  -28   9  0  0 L3P 01
G02 FF 61066 211800  780 591 1264     -252000    -72         -13    +10   25  47   94   +7   41  +13   41   13  16  0  0 L3P CC
G03 FF 61066 211800  780 543 2484    -5876170   +126         -18    +21   27  33  100   -9   44  -17   44  -17  20  0  0 L3P 2A
G04 FF 61066 211800  780 109 1896     -405731    -12          58    +10   52 149  426 -267   69   +9   69    9  40  0  0 L3P 1C
G08 FF 61066 211800  780 115 1752    -4996174    +81         -15    +34   54   4  397 +223  118  -29  118  -29  40  0  0 L3P 66
G17 FF 61066 211800  780 345 3055     +445046    +88          -5    -24   19  77  143  -18   35   +8   35    8  16  0  0 L3P EB
G19 FF 61066 211800  780 138 3205    -6873994    +71          -3    +88   27  73  338 -142   32  -64   32  -64  21  0  0 L3P 49
G22 FF 61066 211800  780 155 2854     +541679    -79           2    -33   36   3  297  +58   50  +40   50   40  26  0  0 L3P EA
G32 FF 61066 211800  780 300  495    +1451970   -155          -5    +19   30  71  161  +26   34  -10   34  -10  21  0  0 L3P 02
G01 FF 61066 213400  780 855 1454    -3397737    +38          20     -5   15 101   81   +1   16   +4   16    4  10  0  0 L3P BC
G02 FF 61066 213400  780 520 1302     -252073    -64          -7    +18   27  47  102  +10   41   +4   41    4  21  0  0 L3P AF
G03 FF 61066 213400  780 616 2545    -5876061    +91         -10    -14   18  33   92   -7   32   +6   32    6  12  0  0 L3P D3
G04 FF 61066 213400  780 179 1897     -405828    -64         -16    -41   40 149  263 -104  119  +35  119   35  31  0  0 L3P 65
G17 FF 61066 213400  780 387 2993     +445168   +116           9     +3   23  77  129  -11   21  -14   21  -14  15  0  0 L3P FE
G19 FF 61066 213400  780 194 3179    -6874009     +4          -2    +21   33  73  242  -68   31   -8   31   -8  22  0  0 L3P EE
G22 FF 61066 213400  780 121 2795     +541633   +101           0   +147   51   3  377 +115   62  -79   62  -79  33  0  0 L3P 1E
G28 FF 61066 213400  780 178  869    +6055210    -49          20     +8   31 219  262  -56   29  -21   29  -21  22  0  0 L3P 18
G32 FF 61066 213400  780 245  459    +1451817   -192           8    -18   20  71  193  +43   28  +30   28   30  15  0  0 L3P 01
G01 FF 61066 215000  780 779 1363    -3397704    +74          11    +31   18 101   83   +2   19  -17   19  -17  12  0  0 L3P 0A
G02 FF 61066 215000  780 448 1337     -252156    -96         -12    -14   21  47  114  +15   60  +25   60   25  17  0  0 L3P FE
G03 FF 61066 215000  780 689 2624    -5875964    +93         -15    -12   20  33   87   -4   32  +10   32   10  13  0  0 L3P FA
G04 FF 61066 215000  780 251 1899     -405809    -41          25    -18   45 149  191  -54   69   -3   69   -3  32  0  0 L3P 14
G17 FF 61066 215000  780 418 2914     +445260    +98          -7    -15   31  77  121   -6   31   -2   31   -2  25  0  0 L3P CA
G19 FF 61066 215000  780 248 3142    -6874036    -56         -13    -39   36  73  193  -38   34  +22   34   22  26  0  0 L3P 30
G28 FF 61066 215000  780 213  804    +6055155    -62          20     -5   28 219  222  -31   17  -10   17  -10  24  0  0 L3P F6
G31 FF 61066 215000  780 128 1119    +1704447    +97         -27   +117   59  95  362 -148  110  -94  110  -94  44  0  0 L3P 83
G32 FF 61066 215000  780 187  436    +1451657   -145          16    +29   50  71  250  +78   25  -20   25  -20  38  0  0 L3P 1F
G01 FF 61066 220600  780 701 1369    -3397676    +60          -3    +16   17 102   86   +4   33  -10   33  -10  12  0  0 L3P F6
G02 FF 61066 220600  780 378 1369     -252229   -104           2    -22   21   4  132  +21   74  +30   74   30  17  0  0 L3P D7
G03 FF 61066 220600  780 759 2745    -5875872    +75         -27    -31   17  34   83   -3   33  +19   33   19  11  0  0 L3P 14
G04 FF 61066 220600  780 326 1902     -405853    -16          -3     +7   26 150  150  -32   75  -12   75  -12  21  0  0 L3P F6
G17 FF 61066 220600  780 434 2823     +445367    +65          -7    -48   17  79  117   -2   34  +39   34   39  13  0  0 L3P 00
G19 FF 61066 220600  780 295 3090    -6874050    +49          11    +66   25   2  164  -23   36  -38   36  -38  18  0  0 L3P 21
G28 FF 61066 220600  780 238  733    +6055085    -15          10    +42   33 220  199  -16   21  -47   21  -47  23  0  0 L3P 1B
G31 FF 61066 220600  780 179 1067    +1704445    -84          -3    -64   28 106  262  -72   80  +28   80   28  23  0  0 L3P 2A
G32 FF 61066 220600  780 126  423    +1451498   -255          24    -81   60  71  363 +172   37  +91   37   91  47  0  0 L3P 32
G01 FF 61066 222200  780 624 1388    -3397641    +23         -10    -20   22 102   91   +7   40  +19   40   19  15  0  0 L3P F8
G02 FF 61066 222200  780 308 1398     -252310    -71          -1    +11   28   4  157  +33   87  +10   87   10  20  0  0 L3P D1
G03 FF 61066 222200  780 822 3009    -5875768    +96         -25    -10   18  34   82   -1   32   +9   32    9  12  0  0 L3P E0
G04 FF 61066 222200  780 402 1904     -405881     -5          -9    +18   32 150  125  -21   63  -31   63  -31  22  0  0 L3P F2
G06 FF 61066 222200  780 121 3053    +6060467     +9          11    -21   36   4  382 -198   33  +11   33   11  26  0  0 L3P EB
G09 FF 61066 222200  780 126 2081    -7704390   -104          52   -105   47  72  368 -198   75  +97   75   97  38  0  0 L3P 72
G17 FF 61066 222200  780 434 2726     +445472   +106         -11     -7   25  79  117   +2   36  +15   36   15  17  0  0 L3P F8
G19 FF 61066 222200  780 333 3025    -6874057    -94          21    -77   33   2  147  -13   26  +52   26   52  26  0  0 L3P 09
G28 FF 61066 222200  780 252  659    +6055032    -58          11     -1   29 220  189   -6   13  -10   13  -10  23  0  0 L3P EA
G31 FF 61066 222200  780 226 1007    +1704422    -48          -5    -28   31 106  210  -40   63   -4   63   -4  25  0  0 L3P ED
G01 FF 61066 223800  780 546 1411    -3397588    -14           2    -57   27 102   99  +10   37  +33   37   33  18  0  0 L3P 0D
G02 FF 61066 223800  780 239 1423     -252378    -95          10    -13   28   4  198  +55   91  +16   91   16  23  0  0 L3P F9
G03 FF 61066 223800  780 841   90    -5875660   +141         -19    +36   15  34   81   +0   33  -23   33  -23  10  0  0 L3P EC
G04 FF 61066 223800  780 480 1902     -405907    -47         -13    -24   27 150  109  -14   59  +13   59   13  20  0  0 L3P 1D
G06 FF 61066 223800  780 185 3067    +6060497    +41          12    +10   39   4  254  -88   28  -16   28  -16  28  0  0 L3P 1F
G09 FF 61066 223800  780 195 2097    -7704421     -7          20     -8   40  72  242  -86   97  -31   97  -31  33  0  0 L3P 16
G17 FF 61066 223800  780 417 2631     +445582   +113         -10     +1   21  79  121   +6   44  +19   44   19  17  0  0 L3P F3
G19 FF 61066 223800  780 359 2947    -6874074    -91          20    -74   23   2  137   -7   22  +52   22   52  17  0  0 L3P 05
G28 FF 61066 223800  780 253  583    +6054964    -61          -2     -4   32 220  188   +4   22  +12   22   12  27  0  0 L3P E3
G31 FF 61066 223800  780 267  939    +1704414    +20           6    +40   36 106  180  -24   44  -51   44  -51  27  0  0 L3P 08
G01 FF 61066 225400  780 469 1435    -3397552    -27          -3    -70   24 102  110  +14   54  +61   54   61  19  0  0 L3P 1B
G02 FF 61066 225400  780 171 1446     -252436    -11          30    +70   32   4  271 +104   91  -46   91  -46  27  0  0 L3P 00
G03 FF 61066 225400  780 791  531    -5875553   +114         -13     +8   16  34   82   +2   28   -9   28   -9  11  0  0 L3P DD
G04 FF 61066 225400  780 559 1892     -405923    +10          -8    +33   35 150   98   -9   51  -20   51  -20  25  0  0 L3P F8
G06 FF 61066 225400  780 251 3073    +6060493    +60         -22    +30   38   4  191  -49   48  -25   48  -25  25  0  0 L3P 1E
G09 FF 61066 225400  780 266 2115    -7704430    -29          10    -30   39  72  180  -47   78  +11   78   11  30  0  0 L3P 16
G17 FF 61066 225400  780 385 2545     +445700    +93           1    -20   30  79  129  +11   41  +22   41   22  23  0  0 L3P DD
G19 FF 61066 225400  780 371 2858    -6874102    -30           9    -13   16   2  134   -1   28  +10   28   10  14  0  0 L3P D5
G28 FF 61066 225400  780 241  511    +6054909    -45          -3    +11   33 220  196  +14   23   -9   23   -9  24  0  0 L3P EE
G31 FF 61066 225400  780 298  863    +1704381     +2          -7    +22   51 106  162  -13   41  -19   41  -19  44  0  0 L3P 03
G01 FF 61066 231000  780 394 1457    -3397517    +64         -10    +21   28 102  127  +21   68  -24   68  -24  20  0  0 L3P 36
G03 FF 61066 231000  780 725  697    -5875454    +65         -15    -41   18  34   85   +3   32  +23   32   23  13  0  0 L3P ED
G04 FF 61066 231000  780 638 1864     -405946    +14          -9    +36   20 150   90   -6   45  -30   45  -30  13  0  0 L3P EF
G06 FF 61066 231000  780 317 3070    +6060529    +18         -15    -13   33   4  154  -30   40   +0   40    0  21  0  0 L3P BE
G09 FF 61066 231000  780 339 2137    -7704433     +0           6     -1   19  72  145  -29   66  -18   66  -18  15  0  0 L3P F6
G17 FF 61066 231000  780 342 2471     +445792    +95         -15    -18   33  79  143  +18   61  +26   61   26  24  0  0 L3P 16
G19 FF 61066 231000  780 366 2767    -6874123    -44           4    -27   23   2  135   +4   37  +37   37   37  17  0  0 L3P EE
G28 FF 61066 231000  780 217  445    +6054868    -78          11    -21   31 220  216  +28   16  +12   16   12  22  0  0 L3P 02
G31 FF 61066 231000  780 317  781    +1704364    -68          -5    -48   33 106  153   -6   36  +35   36   35  28  0  0 L3P 03
G01 FF 61066 232600  780 320 1479    -3397482    +98         -17    +55   32 102  152  +32   80  -17   80  -17  24  0  0 L3P 43
G03 FF 61066 232600  780 655  793    -5875349    +24         -12    -82   18  34   89   +5   30  +60   30   60  11  0  0 L3P F5
G04 FF 61066 232600  780 713 1796     -405984     +6         -25    +29   17 150   85   -4   53  -22   53  -22  12  0  0 L3P FE
G06 FF 61066 232600  780 384 3055    +6060555     +2         -19    -29   21   4  130  -20   40  +17   40   17  14  0  0 L3P E7
G09 FF 61066 232600  780 414 2160    -7704443    +19          -6    +17   27  72  122  -19   63  -21   63  -21  20  0  0 L3P 13
G17 FF 61066 232600  780 292 2409     +445905    +47         -10    -65   26  79  165  +28   72  +76   72   76  21  0  0 L3P 2A
G19 FF 61066 232600  780 346 2678    -6874134    -46          10    -29   31   2  142  +10   37  +28   37   28  24  0  0 L3P 0F
G28 FF 61066 232600  780 183  387    +6054800    -31          -2    +26   34 220  254  +52   27   +0   27    0  26  0  0 L3P DB
G31 FF 61066 232600  780 322  695    +1704346    -12          -3     +8   37 106  151   +1   31   -9   31   -9  28  0  0 L3P C9
G01 FF 61066 234200  780 248 1498    -3397427    +68          -3    +25   31 102  192  +53   79  +18   79   18  25  0  0 L3P 39
G03 FF 61066 234200  780 586  865    -5875259    +75         -24    -31   20  34   95   +7   34  +16   34   16  14  0  0 L3P FE
G04 FF 61066 234200  780 777 1621     -405986    -38          -5    -15   17 150   83   -2   35  +12   35   12  11  0  0 L3P E7
G06 FF 61066 234200  780 449 3023    +6060599    -16          -4    -47   32   4  115  -13   26  +40   26   40  24  0  0 L3P F3
G09 FF 61066 234200  780 490 2185    -7704440    -58          -3    -60   32  72  107  -13   51  +37   51   37  24  0  0 L3P 11
G17 FF 61066 234200  780 236 2357     +446016    +93          -7    -19   37  79  201  +47   87  +38   87   38  30  0  0 L3P 1A
G19 FF 61066 234200  780 313 2597    -6874177     -8         -17     +9   30   2  155  +18   72   -5   72   -5  24  0  0 L3P EA
G28 FF 61066 234200  780 141  340    +6054721    +67         -26   +123   48 220  326 +104   54  -70   54  -70  36  0  0 L3P 46
G31 FF 61066 234200  780 311  613    +1704328    -13          -2     +7   29 106  156   +8   25   -7   25   -7  21  0  0 L3P C2
G01 FF 61066 235800  780 177 1515    -3397393    +66         -10    +23   37 102  263 +101  110   +5  110    5  26  0  0 L3P 2F
G03 FF 61066 235800  780 517  926    -5875155    +36         -21    -69   21  34  103  +10   36  +52   36   52  16  0  0 L3P 14
G04 FF 61066 235800  780 804 1226     -406010     -8          -7    +15   18 150   82   +0   32  -15   32  -15  12  0  0 L3P CA
G06 FF 61066 235800  780 509 2967    +6060625    +68          -8    +38   25   4  104   -9   28  -30   28  -30  17  0  0 L3P 0C
G09 FF 61066 235800  780 567 2211    -7704448     -1         -12     -2   26  72   97   -9   52   -7   52   -7  18  0  0 L3P D9
G11 FF 61066 235800  780 104 3160    +4602551   -153          -2    -21   32 198  443 -260   57  -13   57  -13  22  0  0 L3P 43
G17 FF 61066 235800  780 178 2312     +446147   +114          16     +1   34  79  262  +85   84   +9   84    9  29  0  0 L3P F8
G19 FF 61066 235800  780 269 2527    -6874152     -3          24    +14   30   2  178  +30   52   +0   52    0  22  0  0 L3P C5
G31 FF 61066 235800  780 287  538    +1704295     +0         -15    +20   32 106  167  +17   36  -17   36  -17  23  0  0 L3P 1B
