CGGTTS     GENERIC DATA FORMAT VERSION = 2E
REV DATE = 2026-01-01                    
RCVR = POLARX5-TR                    R2CGGTTS v8.8    
CH = 99 
IMS = POLARX5-TR                    
LAB = PTB                           
X = +3844059.67 m 
Y =  +709661.67 m 
Z = +5023129.80 m 
FRAME = ITRF
COMMENTS =           IGS RINEX,AUSPOS XYZ          
INT DLY =   31.0 ns (GPS P1),   28.5 ns (GPS P2)     CAL_ID = 1001-2022           
CAB DLY =  205.7 ns 
REF DLY =   56.2 ns
REF = UTC(PTB)                      
CKSUM = 5E

SAT CL  MJD  STTIME TRKL ELV AZTH   REFSV      SRSV     REFSYS    SRSYS  DSG IOE MDTR SMDT MDIO SMDI MSIO SMSI ISG FR HC FRC CK
             hhmmss  s  .1dg .1dg    .1ns     .1ps/s     .1ns    .1ps/s .1ns     .1ns.1ps/s.1ns.1ps/s.1ns.1ps/s.1ns
G01 FF 61064 001000  780 179 1515    -3408314    +73         -16    +32   31  64  261 +100   73  -18   73  -18  26  0  0 L3P 29
G03 FF 61064 001000  780 518  925    -5902425    +59         -10    -46   14  50  103  +10   26  +35   26   35  10  0  0 L3P F0
G04 FF 61064 001000  780 804 1228     -400183     -8          -9    +15   16 112   82   +0   27  -19   27  -19  11  0  0 L3P CB
G06 FF 61064 001000  780 507 2969    +6052358    +22           8    -11   20   0  104   -9   15   +6   15    6  12  0  0 L3P A0
G09 FF 61064 001000  780 564 2211    -7704475    -30           7    -30   21   9   97   -9   37  +17   37   17  17  0  0 L3P D0
G11 FF 61064 001000  780 102 3161    +4636746   -211          20    -79   44 161  454 -272   52  +53   52   53  31  0  0 L3P 34
G17 FF 61064 001000  780 179 2314     +416914   +189          18    +76   39 174  260  +84   44  -47   44  -47  29  0  0 L3P 4A
G19 FF 61064 001000  780 270 2527    -6869703    -20           9     -2   24   7  177  +30   44   +9   44    9  18  0  0 L3P C1
G31 FF 61064 001000  780 287  538    +1709732    -50          13    -30   25  89  167  +17   36  +17   36   17  19  0  0 L3P 06
G01 FF 61064 002600  780 110 1529    -3408270    +40         -12     -1   52  64  414 +248   77  +15   77   15  42  0  0 L3P 0C
G03 FF 61064 002600  780 450  979    -5902332   +150         -16    +46   20  50  114  +14   34  -27   34  -27  16  0  0 L3P 1C
G04 FF 61064 002600  780 770  867     -400202    -44          -6    -21   15 112   83   +2   25  +17   25   17  11  0  0 L3P BB
G06 FF 61064 002600  780 558 2882    +6052388    +92           7    +59   19   0   98   -5   17  -43   17  -43  14  0  0 L3P F1
G09 FF 61064 002600  780 642 2238    -7704473    +12          10    +12   17   9   90   -6   26  -16   26  -16  12  0  0 L3P E0
G11 FF 61064 002600  780 163 3154    +4636603   -107           4    +25   41 161  287 -108   70  -28   70  -28  28  0  0 L3P 3F
G17 FF 61064 002600  780 120 2274     +417006   +100           0    -14   50 174  380 +182   65  +10   65   10  43  0  0 L3P FB
G19 FF 61064 002600  780 219 2466    -6869725    +12           3    +29   41   7  215  +50   61  -22   61  -22  32  0  0 L3P FA
G31 FF 61064 002600  780 251  474    +1709709     -3          10    +18   34  89  189  +29   51   +1   51    1  27  0  0 L3P C8
G03 FF 61064 004200  780 383 1028    -5902225   +110         -11     +6   23  50  130  +20   34   +8   34    8  18  0  0 L3P D4
G04 FF 61064 004200  780 707  720     -400220    -12          -2    +11   16 112   86   +4   23  -12   23  -12  12  0  0 L3P A9
G06 FF 61064 004200  780 593 2759    +6052431    +61          17    +28   23   0   94   -2    9  -30    9  -30  17  0  0 L3P C0
G07 FF 61064 004200  780 136 1778    +1393914    +13          26    -38   31   3  342 -171   65  +31   65   31  23  0  0 L3P 0C
G09 FF 61064 004200  780 720 2263    -7704479    +33           3    +33   21   9   85   -4   25  -32   25  -32  16  0  0 L3P D2
G11 FF 61064 004200  780 224 3138    +4636491   -205          18    -73   35 161  212  -56   50  +51   50   51  24  0  0 L3P 25
G19 FF 61064 004200  780 165 2413    -6869727    -68          18    -51   37   7  281  +94   51  +52   51   52  27  0  0 L3P 1B
G26 FF 61064 004200  780 100  603    +3160729    +49          40    -10   79  71  451 -100   48   -5   48   -5  64  0  0 L3P F1
G31 FF 61064 004200  780 206  422    +1709693    -43          14    -23   33  89  227  +52   55  +17   55   17  26  0  0 L3P 00
G03 FF 61064 005800  780 318 1074    -5902113    +65           1    -39   34  50  153  +29   35  +38   35   38  26  0  0 L3P 00
G04 FF 61064 005800  780 635  670     -400247    +38          -7    +61   30 112   90   +6   28  -39   28  -39  20  0  0 L3P E1
G06 FF 61064 005800  780 604 2609    +6052449    +53           4    +20   24   0   93   +0   18  -17   18  -17  17  0  0 L3P CE
G07 FF 61064 005800  780 206 1768    +1393986     +1          48    -50   37   3  230  -78   41  +15   41   15  30  0  0 L3P F2
G09 FF 61064 005800  780 798 2277    -7704464    +12          18    +12   15   9   82   -2   10  -10   10  -10  11  0  0 L3P DC
G11 FF 61064 005800  780 283 3110    +4636361   -151          15    -20   20 161  170  -33   55  +13   55   13  15  0  0 L3P 16
G26 FF 61064 005800  780 118  539    +3160748    -15           3    -74   68  71  385  -43   65  +58   65   58  54  0  0 L3P 16
G31 FF 61064 005800  780 155  383    +1709647     +1         -13    +21   39  89  299 +102   76   -3   76   -3  29  0  0 L3P 08
G03 FF 61064 011400  780 253 1117    -5902013    +88           1    -17   29  50  188  +46   48  +27   48   27  21  0  0 L3P FF
G04 FF 61064 011400  780 563  658     -400253    -14           8     +9   17 112   97   +8   19  -11   19  -11  13  0  0 L3P BB
G06 FF 61064 011400  780 588 2458    +6052479    +18           2    -15   19   0   94   +3   19  +13   19   13  14  0  0 L3P CC
G07 FF 61064 011400  780 278 1758    +1394003    +60          17     +9   24   3  174  -43   49  -32   49  -32  20  0  0 L3P FA
G09 FF 61064 011400  780 876 2166    -7704472    +10          10    +10   11   9   81   +0   18   -8   18   -8   8  0  0 L3P AD
G11 FF 61064 011400  780 338 3068    +4636260   -140          40     -8   25 161  145  -20   27  -20   27  -20  18  0  0 L3P 1B
G21 FF 61064 011400  780 140 2918    -3862717    -99          22    -28   55  88  333 -145   29  +30   29   30  44  0  0 L3P 36
G26 FF 61064 011400  780 127  473    +3160794   +138          -8    +79   42  71  361   -9   66  -56   66  -56  31  0  0 L3P 22
G03 FF 61064 013000  780 190 1158    -5901905   +111           9     +6   33  50  246  +80   54  -11   54  -11  25  0  0 L3P F5
G04 FF 61064 013000  780 492  665     -400280    -32           3     -9   20 112  107  +12   24   +5   24    5  15  0  0 L3P 93
G06 FF 61064 013000  780 549 2332    +6052503    -11          -6    -43   21   0   99   +6   33  +37   33   37  16  0  0 L3P C6
G07 FF 61064 013000  780 350 1745    +1394049    +10          14    -41   24   3  141  -27   48  +13   48   13  17  0  0 L3P EA
G09 FF 61064 013000  780 845  680    -7704458    +19          25    +19   10   9   81   +1    9  -18    9  -18   7  0  0 L3P B3
G11 FF 61064 013000  780 386 3010    +4636131   -147          38    -15   23 161  129  -13   17   +6   17    6  17  0  0 L3P 00
G21 FF 61064 013000  780 202 2943    -3862770    -53          38    +19   41  88  234  -72   10   -3   10   -3  32  0  0 L3P ED
G26 FF 61064 013000  780 124  407    +3160860    +61           1     +2   43  71  367  +22   63  +10   63   10  30  0  0 L3P B3
G03 FF 61064 014600  780 127 1195    -5901791    +95          22    -10   41  50  361 +172   54  +11   54   11  37  0  0 L3P 16
G04 FF 61064 014600  780 422  683     -400287    -63          19    -40   21 112  120  +16   14  +45   14   45  14  0  0 L3P E5
G06 FF 61064 014600  780 495 2239    +6052539    +41          -1     +8   23   0  106  +10   40   -3   40   -3  16  0  0 L3P B6
G07 FF 61064 014600  780 424 1727    +1394091    +45           6     -6   27   3  120  -18   45   +6   45    6  23  0  0 L3P B5
G09 FF 61064 014600  780 769  669    -7704482     -8           1     -8   13   9   83   +3   26  +16   26   16  11  0  0 L3P AA
G11 FF 61064 014600  780 424 2933    +4636001   -117          35    +15   19 161  120   -7   14  -19   14  -19  15  0  0 L3P 1F
G16 FF 61064 014600  780 144  677    -1939472    -93          13    -18   42   2  320  -58   35  +30   35   30  30  0  0 L3P EF
G21 FF 61064 014600  780 266 2963    -3862845    -81          31     -9   33  88  180  -42   18   -9   18   -9  26  0  0 L3P 0B
G26 FF 61064 014600  780 112  344    +3160915     +4           0    -55   33  71  406  +63   69  +46   69   46  25  0  0 L3P DE
G30 FF 61064 014600  780 166 1938     -977343   -101         -20    +22   34 108  283 -118   81  -46   81  -46  31  0  0 L3P 55
G04 FF 61064 020200  780 354  708     -400316     -8          10    +14   25 113  139  +23   19  -12   19  -12  21  0  0 L3P D6
G06 FF 61064 020200  780 431 2173    +6052565    +15          -7    -18   24   3  118  +15   49  +20   49   20  18  0  0 L3P EA
G07 FF 61064 020200  780 497 1700    +1394141    +31           7    -20   24  32  106  -12   35  +10   35   10  18  0  0 L3P D8
G09 FF 61064 020200  780 694  695    -7704473    +17          14    +17   19  27   86   +4   20  -14   20  -14  14  0  0 L3P EB
G11 FF 61064 020200  780 447 2839    +4635857    -59          22    +73   27 162  115   -3   21  -63   21  -63  20  0  0 L3P 1F
G16 FF 61064 020200  780 166  608    -1939539   -103          23    -28   30   3  281  -28   42  +31   42   31  25  0  0 L3P F7
G21 FF 61064 020200  780 332 2977    -3862938    -65           3     +7   36  89  148  -27   28   +0   28    0  29  0  0 L3P E2
G30 FF 61064 020200  780 236 1941     -977465   -124         -17     +0   27 109  202  -60   75  -24   75  -24  21  0  0 L3P 25
G04 FF 61064 021800  780 289  736     -400346    -58           2    -35   31 113  167  +35   25  +23   25   23  21  0  0 L3P E3
G05 FF 61064 021800  780 113 3050    +2277858    +82          31    +75   29  65  410 -229   46  -69   46  -69  22  0  0 L3P 46
G06 FF 61064 021800  780 362 2125    +6052595    +39          -8     +6   23   3  136  +23   57   +7   57    7  18  0  0 L3P CC
G07 FF 61064 021800  780 569 1655    +1394191    +59           9     +8   23  32   97   -8   32   -9   32   -9  17  0  0 L3P D2
G09 FF 61064 021800  780 621  729    -7704488    +78          -1    +78   22  27   91   +6   31  -55   31  -55  15  0  0 L3P FA
G11 FF 61064 021800  780 452 2736    +4635721   -114          13    +18   30 162  114   +1   28   -9   28   -9  21  0  0 L3P FF
G16 FF 61064 021800  780 176  537    -1939606   -105          28    -30   35   3  264   -7   37  +27   37   27  28  0  0 L3P 03
G21 FF 61064 021800  780 400 2983    -3862997    -90          13    -19   22  89  126  -19   20   +9   20    9  17  0  0 L3P 02
G30 FF 61064 021800  780 309 1945     -977588   -130         -20     -6   21 109  158  -35   65   -6   65   -6  18  0  0 L3P 20
G04 FF 61064 023400  780 225  768     -400361     -8           9    +15   33 113  210  +56   20   -5   20   -5  23  0  0 L3P A8
G05 FF 61064 023400  780 177 3063    +2277863    -35          29    -42   45  65  265  -97   42   -7   42   -7  33  0  0 L3P 14
G06 FF 61064 023400  780 292 2089    +6052623    +61         -12    +28   26   3  165  +37   68  -15   68  -15  21  0  0 L3P 1C
G07 FF 61064 023400  780 635 1580    +1394241   +108           9    +57   18  32   90   -5   27  -41   27  -41  13  0  0 L3P F8
G09 FF 61064 023400  780 550  766    -7704466     -6          21     -6   14  27   99   +9   16  +10   16   10  12  0  0 L3P BB
G11 FF 61064 023400  780 439 2633    +4635603    -73          22    +59   26 162  116   +5   20  -55   20  -55  20  0  0 L3P 12
G16 FF 61064 023400  780 175  466    -1939695    -81          11     -6   37   3  266  +11   49   +2   49    2  30  0  0 L3P C5
G21 FF 61064 023400  780 469 2976    -3863072    -49           7    +23   20  89  111  -13   26  -25   26  -25  14  0  0 L3P 18
G30 FF 61064 023400  780 383 1948     -977700   -152         -14    -28   25 109  131  -23   48   -3   48   -3  20  0  0 L3P 1D
G04 FF 61064 025000  780 164  802     -400391    +34           1    +57   46 113  283 +103   35  -54   35  -54  37  0  0 L3P FB
G05 FF 61064 025000  780 243 3069    +2277843    +39           3    +32   41  65  196  -52   49  -18   49  -18  29  0  0 L3P 24
G06 FF 61064 025000  780 221 2060    +6052649    +20         -17    -13   25   3  213  +65   85  +18   85   18  19  0  0 L3P 01
G07 FF 61064 025000  780 689 1451    +1394297    +42          16     -9   14  32   87   -3   20  +12   20   12  10  0  0 L3P CD
G09 FF 61064 025000  780 480  805    -7704469    -21          18    -21   21  27  108  +12   22  +18   22   18  16  0  0 L3P F5
G11 FF 61064 025000  780 409 2539    +4635467   -162          12    -30   33 162  123   +9   26  +13   26   13  26  0  0 L3P 16
G16 FF 61064 025000  780 161  398    -1939754    -47          24    +28   39   3  287  +33   38  -16   38  -16  30  0  0 L3P 14
G21 FF 61064 025000  780 538 2951    -3863143    -62           4    +10   22  89  100   -9   19  -10   19  -10  16  0  0 L3P EE
G30 FF 61064 025000  780 458 1948     -977823   -103         -18    +21   34 109  113  -15   44  -34   44  -34  27  0  0 L3P 43
G04 FF 61064 030600  780 104  838     -400406    -64           7    -41   47 113  437 +239   41  +35   41   35  40  0  0 L3P F2
G05 FF 61064 030600  780 310 3066    +2277858    +10          11     +3   31  65  157  -32   36  -16   36  -16  23  0  0 L3P FE
G06 FF 61064 030600  780 153 2035    +6052723     -7          25    -40   57   3  303 +132   68  +44   68   44  46  0  0 L3P FB
G07 FF 61064 030600  780 720 1250    +1394334    +18           4    -34   17  32   85   -1   27  +24   27   24  12  0  0 L3P C9
G09 FF 61064 030600  780 412  844    -7704466    -17          21    -17   21  27  122  +17   24  +12   24   12  16  0  0 L3P EF
G11 FF 61064 030600  780 367 2458    +4635327   -133          -2     -1   25 162  135  +16   39   +2   39    2  19  0  0 L3P F6
G16 FF 61064 030600  780 137  335    -1939867   -198         -17   -123   41   3  335  +71   70  +79   70   79  29  0  0 L3P 41
G21 FF 61064 030600  780 603 2896    -3863237   -148         -20    -76   15  89   93   -6   37  +54   37   54  10  0  0 L3P 28
G30 FF 61064 030600  780 534 1943     -977935   -134         -11    -10   19 109  101  -10   34   +7   34    7  16  0  0 L3P 04
G05 FF 61064 032200  780 378 3050    +2277858    +52           4    +45   29  65  132  -21   34  -29   34  -29  21  0  0 L3P 11
G07 FF 61064 032200  780 717 1016    +1394390    +66          11    +15   19  32   85   +1   24  -11   24  -11  13  0  0 L3P DF
G09 FF 61064 032200  780 347  884    -7704472     -4          15     -4   22  27  142  +24   33   +5   33    5  16  0  0 L3P B5
G11 FF 61064 032200  780 315 2391    +4635206   -116           4    +16   28 162  154  +25   36   -3   36   -3  22  0  0 L3P F8
G13 FF 61064 032200  780 155 2652    -6888198    -46          20    -58   44  58  301 -118   37  +36   37   36  36  0  0 L3P 41
G16 FF 61064 032200  780 103  280    -1939910    -65          12    +10   38   3  438 +156   60   -2   60   -2  29  0  0 L3P DB
G21 FF 61064 032200  780 660 2792    -3863304    -60         -19    +12   20  89   88   -4   34   -1   34   -1  14  0  0 L3P DF
G30 FF 61064 032200  780 611 1925     -978050    -51          -7    +73   20 109   92   -7   30  -61   30  -61  14  0  0 L3P E9
G05 FF 61064 033800  780 443 3017    +2277876    -36          16    -43   24  65  116  -14   23  +32   23   32  21  0  0 L3P 0B
G07 FF 61064 033800  780 682  836    +1394454    +38          26    -13   20  32   87   +3   13   +9   13    9  13  0  0 L3P BD
G09 FF 61064 033800  780 282  924    -7704464    +49          23    +49   32  27  170  +36   35  -32   35  -32  23  0  0 L3P 19
G11 FF 61064 033800  780 258 2336    +4635071    -30          -4   +101   41 162  185  +40   56  -63   56  -63  30  0  0 L3P 32
G13 FF 61064 033800  780 217 2691    -6888191    -13          16    -25   31  58  218  -62   26  +21   26   21  24  0  0 L3P 1A
G21 FF 61064 033800  780 698 2617    -3863372    -75         -18     -4   17  89   86   -1   35  +14   35   14  12  0  0 L3P 04
G30 FF 61064 033800  780 685 1880     -978163   -125          -1     -1   16 109   87   -5   24   +7   24    7  12  0  0 L3P D1
G05 FF 61064 035400  780 504 2960    +2277874    +10           7     +3   17  65  105   -9   28   -2   28   -2  12  0  0 L3P C2
G07 FF 61064 035400  780 628  730    +1394499    +77          21    +26   21  32   91   +5   15  -12   15  -12  15  0  0 L3P E4
G09 FF 61064 035400  780 220  963    -7704476     -6          11     -6   22  27  214  +59   45   +9   45    9  17  0  0 L3P C9
G11 FF 61064 035400  780 198 2290    +4634967    -10          18   +121   38 162  237  +71   41  -90   41  -90  29  0  0 L3P 4B
G13 FF 61064 035400  780 280 2731    -6888215    -54         -19    -65   31  58  172  -38   44  +50   44   50  26  0  0 L3P 31
G14 FF 61064 035400  780 155 1603    -7306588    -56          39    -33   41  80  301 -126   54  +38   54   38  32  0  0 L3P 30
G21 FF 61064 035400  780 703 2390    -3863426    -77          -3     -5   16  89   86   +1   30   +5   30    5  11  0  0 L3P B2
G30 FF 61064 035400  780 753 1767     -978287    -86          -6    +37   17 109   84   -2   27  -19   27  -19  12  0  0 L3P 1E
G05 FF 61064 041000  780 555 2871    +2277894    +48          21    +41   27  65   98   -5   22  -25   22  -25  22  0  0 L3P 04
G07 FF 61064 041000  780 566  675    +1394534    +67           8    +16   18  32   97   +7   25   -9   25   -9  12  0  0 L3P C8
G09 FF 61064 041000  780 159 1002    -7704481    +22           6    +22   57  27  292 +109   58  -16   58  -16  45  0  0 L3P 24
G11 FF 61064 041000  780 137 2250    +4634815   -166          -6    -34   36 163  336 +146   60  +40   60   40  31  0  0 L3P 30
G13 FF 61064 041000  780 346 2770    -6888176    +14          12     +3   29  61  142  -25   23   +9   23    9  23  0  0 L3P DB
G14 FF 61064 041000  780 222 1579    -7306618     -5          30    +18   44  81  214  -64   46  -26   46  -26  39  0  0 L3P 16
G21 FF 61064 041000  780 672 2190    -3863498    -51         -10    +21   20  90   88   +3   33   -9   33   -9  15  0  0 L3P E1
G30 FF 61064 041000  780 800 1485     -978404   -141          -2    -17   18 110   82   -1   23   +5   23    5  13  0  0 L3P BE
G05 FF 61064 043800  780 599 2633    +2277903    +46          19    +40   29  65   93   +0   26  -24   26  -24  21  0  0 L3P 08
G07 FF 61064 043800  780 451  645    +1394627    +51          14     +0   20  32  114  +14   24   -1   24   -1  14  0  0 L3P B7
G13 FF 61064 043800  780 465 2838    -6888168    +48           1    +37   27  61  111  -13   28  -25   28  -25  19  0  0 L3P 2A
G14 FF 61064 043800  780 340 1526    -7306657    -69          30    -46   21  81  144  -26   35  +23   35   23  16  0  0 L3P 16
G15 FF 61064 043800  780 169 2921    -3794828    +33          41    +68   48  11  277 -104   12  -56   12  -56  40  0  0 L3P 44
G18 FF 61064 043800  780 128 3290    +4431187   -108          30    -11   48 126  359  -57   60   +1   60    1  34  0  0 L3P 11
G21 FF 61064 043800  780 566 1996    -3863614    -79          -6     -8   24  90   97   +8   34  +19   34   19  18  0  0 L3P 07
G22 FF 61064 043800  780 204 1636     +552191    -50          14     -5   33  75  232  -79   67   +5   67    5  26  0  0 L3P D3
G30 FF 61064 043800  780 757  870     -978598   -119          12     +5   12 110   83   +2   17   -6   17   -6   8  0  0 L3P C7
G05 FF 61064 045400  780 589 2480    +2277915     -4          24    -10   23  65   94   +2   24   +8   24    8  16  0  0 L3P C1
G07 FF 61064 045400  780 385  649    +1394667   +108           5    +57   23  32  129  +19   33  -48   33  -48  16  0  0 L3P 28
G08 FF 61064 045400  780 106  491    -5006800    +47          -7     +2   42  21  427  -54   67   +0   67    0  30  0  0 L3P B7
G13 FF 61064 045400  780 536 2874    -6888154    +32           4    +20   28  61  100  -10   28  -24   28  -24  22  0  0 L3P 0A
G14 FF 61064 045400  780 407 1483    -7306679    -44          30    -21   25  81  124  -17   27   +6   27    6  18  0  0 L3P F8
G15 FF 61064 045400  780 235 2942    -3794878    -61          25    -26   42  11  203  -56   21  +20   21   20  33  0  0 L3P 0B
G18 FF 61064 045400  780 142 3227    +4431087   -104          23     -7   34 126  323  -22   53   +5   53    5  23  0  0 L3P F1
G21 FF 61064 045400  780 494 1942    -3863668    -83          10    -12   21  90  106  +12   31  +10   31   10  14  0  0 L3P FC
G22 FF 61064 045400  780 276 1613     +552142   -101           9    -57   32  75  175  -44   57  +45   57   45  24  0  0 L3P 0A
G30 FF 61064 045400  780 693  759     -978715    -83          14    +41   15 110   86   +4   17  -26   17  -26  11  0  0 L3P F9
G05 FF 61064 051000  780 553 2348    +2277906     -6           8    -13   25  65   98   +6   36   +5   36    5  19  0  0 L3P B8
G07 FF 61064 051000  780 320  662    +1394730    +82          19    +31   29  32  152  +28   29  -32   29  -32  22  0  0 L3P 01
G08 FF 61064 051000  780 114  426    -5006761    +88         -11    +43   50  21  397  -12   70  -33   70  -33  34  0  0 L3P 0A
G13 FF 61064 051000  780 609 2908    -6888144    +28           3    +16   23  61   93   -7   26  -16   26  -16  15  0  0 L3P F6
G14 FF 61064 051000  780 471 1426    -7306726    -10           4    +13   21  81  110  -11   40  -17   40  -17  16  0  0 L3P E9
G15 FF 61064 051000  780 302 2957    -3794914   -106          22    -71   43  11  161  -34   21  +55   21   55  35  0  0 L3P 1B
G18 FF 61064 051000  780 146 3161    +4430988   -113          17    -17   39 126  315   +4   52   +7   52    7  27  0  0 L3P 02
G21 FF 61064 051000  780 419 1909    -3863727   -126          19    -55   26  90  121  +18   33  +47   33   47  21  0  0 L3P 2D
G22 FF 61064 051000  780 348 1584     +552103    -35          12     +9   19  75  142  -27   49  -18   49  -18  15  0  0 L3P 03
G30 FF 61064 051000  780 624  722     -978843    -79           5    +45   19 110   91   +6   23  -36   23  -36  13  0  0 L3P DD
G05 FF 61064 052600  780 501 2249    +2277921    +37          17    +30   27  65  105   +9   33  -19   33  -19  18  0  0 L3P 10
G07 FF 61064 052600  780 257  681    +1394771    +57          11     +6   31  32  185  +43   42  +11   42   11  26  0  0 L3P E4
G08 FF 61064 052600  780 112  360    -5006693     +5          13    -40   38  21  403  +26   49  +25   49   25  28  0  0 L3P E8
G13 FF 61064 052600  780 684 2935    -6888120    +13          16     +2   17  61   87   -5   16  +10   16   10  12  0  0 L3P D7
G14 FF 61064 052600  780 528 1346    -7306751    -34           1    -12   22  81  101   -7   35  +14   35   14  15  0  0 L3P DE
G15 FF 61064 052600  780 372 2964    -3794956    -19          14    +17   22  11  134  -23   25  -19   25  -19  18  0  0 L3P 32
G18 FF 61064 052600  780 139 3094    +4430882   -140           3    -43   38 126  331  +30   54  +35   54   35  29  0  0 L3P 27
G21 FF 61064 052600  780 343 1887    -3863794    -82          21    -10   26  90  143  +28   38  +24   38   24  20  0  0 L3P 1E
G22 FF 61064 052600  780 420 1546     +552051    -16           2    +29   23  75  121  -17   48  -21   48  -21  18  0  0 L3P ED
G30 FF 61064 052600  780 553  715     -978963   -141           4    -17   20 110   98   +9   28  +13   28   13  15  0  0 L3P E5
G05 FF 61064 054200  780 438 2177    +2277921    -34          11    -41   23  65  117  +14   43  +36   43   36  18  0  0 L3P 10
G07 FF 61064 054200  780 195  705    +1394836    +65          27    +14   29  32  240  +74   40  +17   40   17  22  0  0 L3P FE
G08 FF 61064 054200  780 100  298    -5006664    +41          -2     -4   48  21  451  +77   62  +27   62   27  35  0  0 L3P E8
G13 FF 61064 054200  780 761 2948    -6888108     +4          17     -7   13  61   83   -3   18   +3   18    3   9  0  0 L3P A7
G14 FF 61064 054200  780 573 1238    -7306776    +10          -2    +33   23  81   96   -4   36  -27   36  -27  16  0  0 L3P FF
G15 FF 61064 054200  780 443 2960    -3794987    -70          17    -35   26  11  116  -15   20  +31   20   31  20  0  0 L3P 0A
G18 FF 61064 054200  780 121 3029    +4430809    -78          23    +19   36 126  377  +69   33  -26   33  -26  29  0  0 L3P 43
G21 FF 61064 054200  780 269 1871    -3863859    -63          24     +9   30  90  178  +46   45   +5   45    5  22  0  0 L3P F5
G22 FF 61064 054200  780 489 1492     +551991    -60         -15    -15   24  75  107  -11   55  +15   55   15  19  0  0 L3P 16
G23 FF 61064 054200  780 104 3279    -6034852    -57          52     -8   41 114  441 -235   30  -11   30  -11  29  0  0 L3P 24
G30 FF 61064 054200  780 484  725     -979072   -137          14    -13   26 110  108  +12   20   +5   20    5  18  0  0 L3P DE
G05 FF 61064 055800  780 370 2126    +2277943    +35          26    +28   28  65  134  +22   44   +1   44    1  22  0  0 L3P E8
G07 FF 61064 055800  780 134  732    +1394870    +36          12    -15   53  32  342 +150   80  +55   80   55  37  0  0 L3P 14
G13 FF 61064 055800  780 838 2895    -6888098    +64          17    +53   13  61   81   -1   18  -33   18  -33   8  0  0 L3P 11
G14 FF 61064 055800  780 598 1102    -7306796    +13          -1    +36   19  81   93   -1   36  -29   36  -29  15  0  0 L3P 0C
G15 FF 61064 055800  780 514 2938    -3795024    -57          13    -22   22  11  103  -11   20  +25   20   25  17  0  0 L3P 01
G21 FF 61064 055800  780 197 1858    -3863946    -94           6    -23   42  90  238  +84   72  +36   72   36  29  0  0 L3P 31
G22 FF 61064 055800  780 552 1414     +551946    -76         -18    -32   22  75   98   -7   56  +18   56   18  16  0  0 L3P 08
G23 FF 61064 055800  780 159 3249    -6034938    -22          14    +27   40 114  294  -97   44  -46   44  -46  30  0  0 L3P 49
G24 FF 61064 055800  780 123 2588    +1505694   -235         -11    -83   47  91  377 -187   49  +79   49   79  33  0  0 L3P 7C
G30 FF 61064 055800  780 416  744     -979189   -168          16    -44   23 110  121  +17   25  +39   25   39  17  0  0 L3P 28
G05 FF 61064 061400  780 300 2088    +2277937    -40          19    -47   31  67  161  +35   56  +56   56   56  24  0  0 L3P 23
G13 FF 61064 061400  780 873 1694    -6888074    +34          33    +22   18  62   81   +0   11   -8   11   -8  12  0  0 L3P DA
G14 FF 61064 061400  780 599  953    -7306806    -21          10     +1   23  82   93   +1   28   -2   28   -2  17  0  0 L3P B3
G15 FF 61064 061400  780 583 2889    -3795073    -80          -4    -45   14  25   95   -7   33  +38   33   38  11  0  0 L3P 06
G21 FF 61064 061400  780 127 1846    -3864004   -136          21    -66   31  91  361 +190   98  +83   98   83  26  0  0 L3P 4E
G22 FF 61064 061400  780 603 1301     +551932    -10          13    +34   18  85   93   -4   39  -24   39  -24  12  0  0 L3P DB
G23 FF 61064 061400  780 209 3209    -6034980   -127          21    -78   42 115  226  -50   31  +56   31   56  33  0  0 L3P 34
G24 FF 61064 061400  780 185 2623    +1505558   -159           0     -7   44  10  254  -86   40  +10   40   10  35  0  0 L3P F2
G30 FF 61064 061400  780 350  769     -979336   -155         -10    -31   28 111  140  +24   60  +39   60   39  22  0  0 L3P 1D
G05 FF 61064 063000  780 230 2058    +2277939    +46          14    +39   30  67  206  +60   81   -9   81   -9  25  0  0 L3P 05
G13 FF 61064 063000  780 798 1425    -6888065    +27          31    +15   13  62   82   +2   17   +4   17    4   8  0  0 L3P C0
G14 FF 61064 063000  780 576  819    -7306845    -30          -6     -8   20  82   96   +4   46  +18   46   18  15  0  0 L3P DB
G15 FF 61064 063000  780 645 2794    -3795102    -18           1    +17   19  25   90   -4   35  -19   35  -19  13  0  0 L3P F5
G17 FF 61064 063000  780 149 1198     +419479   +171           1    +57   52   8  312 -117  175  -71  175  -71  38  0  0 L3P 47
G22 FF 61064 063000  780 634 1150     +551881    -58           5    -13   19  85   90   -1   47  +20   47   20  14  0  0 L3P C2
G23 FF 61064 063000  780 252 3156    -6035032    -50          16     -2   28 115  189  -28   34   +1   34    1  23  0  0 L3P DA
G24 FF 61064 063000  780 249 2659    +1505405   -243          -7    -91   29  10  192  -49   45  +59   45   59  24  0  0 L3P 37
G30 FF 61064 063000  780 286  797     -979430    -82          15    +42   32 111  168  +35   64   +8   64    8  24  0  0 L3P EF
G05 FF 61064 064600  780 161 2033    +2277986    -70          54    -76   36  67  288 +119   91 +108   91  108  27  0  0 L3P 6A
G13 FF 61064 064600  780 718 1415    -6888087     +5          -3     -7   19  62   85   +4   48  +19   48   19  12  0  0 L3P E7
G14 FF 61064 064600  780 534  718    -7306873    -51         -13    -28   20  82  101   +7   60  +41   60   41  14  0  0 L3P F3
G15 FF 61064 064600  780 689 2631    -3795137     -2           0    +33   17  25   87   -2   45  -17   45  -17  11  0  0 L3P E6
G17 FF 61064 064600  780 204 1149     +419604    +83          16    -30   36   8  231  -60  146   -3  146   -3  30  0  0 L3P F2
G22 FF 61064 064600  780 637  980     +551832    -70          -2    -25   19  85   90   +1   57  +25   57   25  14  0  0 L3P D3
G23 FF 61064 064600  780 286 3092    -6035091    -31           3    +18   34 115  169  -16   39  -11   39  -11  26  0  0 L3P 22
G24 FF 61064 064600  780 315 2694    +1505276   -167          10    -14   29  10  155  -31   33  +18   33   18  23  0  0 L3P 1F
G30 FF 61064 064600  780 223  828     -979558    -56           6    +68   29 111  211  +57  111   +1  111    1  22  0  0 L3P ED
G13 FF 61064 070200  780 638 1430    -6888081    -70          -8    -82   17  62   90   +6   67  +73   67   73  12  0  0 L3P 02
G14 FF 61064 070200  780 479  649    -7306887    -41          -5    -18   22  82  109  +10   68  +27   68   27  14  0  0 L3P 17
G15 FF 61064 070200  780 701 2407    -3795170    -27           1     +8   14  25   86   +0   55   +6   55    6  10  0  0 L3P 9E
G17 FF 61064 070200  780 256 1092     +419696   +154           0    +40   33   8  187  -35  146  -40  146  -40  27  0  0 L3P 22
G19 FF 61064 070200  780 147 1327    -6870136    -35           2    -18   42  13  316 -126  241   +6  241    6  31  0  0 L3P 0A
G22 FF 61064 070200  780 612  828     +551794    -30           3    +14   17  85   92   +3   60   +0   60    0  13  0  0 L3P 80
G23 FF 61064 070200  780 308 3017    -6035127   -108          15    -59   31 115  158   -7   35  +36   35   36  24  0  0 L3P 22
G24 FF 61064 070200  780 383 2730    +1505133   -166          13    -13   24  10  131  -21   44  +19   44   19  17  0  0 L3P 0A
G30 FF 61064 070200  780 162  861     -979690   -105          -8    +19   42 111  286 +105  181  +57  181   57  33  0  0 L3P 4F
G10 FF 61064 071800  780 135 3309    +5846029    +16          51     -8   37  96  342 -104   39   -2   39   -2  27  0  0 L3P 08
G12 FF 61064 071800  780 101 2143    +6068663   -102         -28   -105   52  93  459 -299  215  +99  215   99  40  0  0 L3P 92
G13 FF 61064 071800  780 559 1451    -6888083    -29         -21    -40   18  62   97   +9   94  +56   94   56  14  0  0 L3P 28
G14 FF 61064 071800  780 418  606    -7306894    -44          10    -21   23  82  121  +15   72  +39   72   39  19  0  0 L3P 0B
G15 FF 61064 071800  780 674 2196    -3795194     -8          11    +27   19  25   87   +3   61   -1   61   -1  15  0  0 L3P D7
G17 FF 61064 071800  780 302 1027     +419803    +84          -2    -29   27   8  160  -21  135  +17  135   17  21  0  0 L3P 03
G19 FF 61064 071800  780 206 1287    -6870131    -34          23    -17   29  13  229  -64  199  -10  199  -10  26  0  0 L3P 58
G22 FF 61064 071800  780 568  719     +551747     -4          -1    +40   22  85   96   +6   71   -4   71   -4  16  0  0 L3P AA
G23 FF 61064 071800  780 315 2936    -6035191    +61          -2   +109   24 115  154   +0   58  -80   58  -80  19  0  0 L3P 30
G24 FF 61064 071800  780 453 2764    +1504978   -144           5     +8   22  10  114  -15   59   -3   59   -3  17  0  0 L3P F4
G10 FF 61064 073400  780 172 3258    +5846030    +62          29    +38   38  96  270  -52   66  -18   66  -18  30  0  0 L3P 34
G12 FF 61064 073400  780 168 2163    +6068685    +35          -9    +32   53  93  280 -113  189  -60  189  -60  43  0  0 L3P 6A
G13 FF 61064 073400  780 481 1473    -6888078    +42         -27    +31   25  62  108  +14  126   +7  126    7  18  0  0 L3P 2C
G14 FF 61064 073400  780 354  583    -7306937    -13         -11    +10   27  82  139  +23  106   +8  106    8  17  0  0 L3P 0E
G15 FF 61064 073400  780 621 2053    -3795217    +15          21    +50   27  25   91   +5   67   +0   67    0  21  0  0 L3P BE
G17 FF 61064 073400  780 339  953     +419910    +88          -4    -25   28   8  145  -12  130  +13  130   13  23  0  0 L3P F7
G19 FF 61064 073400  780 264 1240    -6870175    -17          -4     +1   24  13  182  -37  197   -8  197   -8  16  0  0 L3P 1D
G22 FF 61064 073400  780 512  649     +551706    +29           0    +73   23  85  104   +9   87  -39   87  -39  17  0  0 L3P F0
G23 FF 61064 073400  780 309 2852    -6035216    -91          19    -42   28 115  157   +7   54  +36   54   36  22  0  0 L3P 1D
G24 FF 61064 073400  780 525 2795    +1504823   -225          -5    -72   19  10  102  -10   70  +57   70   57  14  0  0 L3P 1B
G10 FF 61064 075000  780 201 3198    +5846048    +99          25    +75   25  96  234  -27   77  -40   77  -40  17  0  0 L3P 3B
G12 FF 61064 075000  780 237 2185    +6068664     -2         -34     -5   29  93  201  -58  193  -14  193  -14  22  0  0 L3P 37
G13 FF 61064 075000  780 404 1495    -6888057    +42         -16    +31   22  62  124  +20  148  +22  148   22  17  0  0 L3P 3D
G14 FF 61064 075000  780 289  574    -7306944    -55           3    -32   23  82  167  +35  116  +53  116   53  18  0  0 L3P 24
G15 FF 61064 075000  780 554 1968    -3795254    -14          19    +21   21  25   98   +9   88   +7   88    7  17  0  0 L3P F4
G17 FF 61064 075000  780 365  869     +420025   +105           1     -9   29   8  136   -6  126   +3  126    3  22  0  0 L3P B2
G19 FF 61064 075000  780 318 1185    -6870186    -67           0    -49   27  13  153  -23  172  +28  172   28  21  0  0 L3P 36
G22 FF 61064 075000  780 450  609     +551679    +38          15    +82   29  85  114  +13   88  -51   88  -51  21  0  0 L3P 0D
G23 FF 61064 075000  780 288 2772    -6035262    -63          21    -15   30 115  167  +15   71  +38   71   38  24  0  0 L3P 28
G24 FF 61064 075000  780 599 2823    +1504680   -162          -1    -10   22  10   93   -7   75   +6   75    6  18  0  0 L3P DC
G10 FF 61064 080600  780 218 3131    +5846065    +44          22    +20   28  98  216  -11   96   -5   96   -5  22  0  0 L3P FE
G12 FF 61064 080600  780 308 2211    +6068681    +11         -23     +7   21 103  158  -35  164   -5  164   -5  17  0  0 L3P 1F
G13 FF 61064 080600  780 329 1515    -6888050    +37         -17    +26   27  63  148  +30  191  +30  191   30  18  0  0 L3P 48
G14 FF 61064 080600  780 224  575    -7306970    -42          -1    -19   43  83  211  +59  153  +47  153   47  35  0  0 L3P 2D
G15 FF 61064 080600  780 481 1916    -3795289    -78          15    -43   25  26  108  +13  115  +70  115   70  23  0  0 L3P 45
G17 FF 61064 080600  780 376  781     +420133    +89           4    -25   25  16  132   -1  129  +23  129   23  17  0  0 L3P EB
G19 FF 61064 080600  780 367 1118    -6870190    +18          11    +35   22  14  135  -15  154  -39  154  -39  17  0  0 L3P 4D
G22 FF 61064 080600  780 385  589     +551611    -58          -8    -14   23 103  129  +19  126  +28  126   28  17  0  0 L3P 2C
G23 FF 61064 080600  780 255 2698    -6035318    -78          18    -29   36 116  187  +26   97  +45   97   45  27  0  0 L3P 58
G24 FF 61064 080600  780 675 2842    +1504536   -129           4    +24   18  11   88   -5   83   +0   83    0  13  0  0 L3P CB
G10 FF 61064 082200  780 223 3059    +5846089    +20          24     -4   37  98  211   +1  103   +8  103    8  26  0  0 L3P E4
G12 FF 61064 082200  780 380 2239    +6068697     +2         -11     -1   29 103  131  -22  147   -8  147   -8  21  0  0 L3P 15
G13 FF 61064 082200  780 256 1533    -6888034   +139         -12   +128   33  63  186  +50  244  -27  244  -27  24  0  0 L3P 7F
G14 FF 61064 082200  780 160  584    -7307006    -77         -15    -55   47  83  290 +113  209  +97  209   97  43  0  0 L3P 5D
G15 FF 61064 082200  780 406 1885    -3795343    +44          -5    +80   23  26  124  +19  161  -16  161  -16  19  0  0 L3P 46
G17 FF 61064 082200  780 372  693     +420221   +205         -17    +91   27  16  133   +4  150  -48  150  -48  19  0  0 L3P 24
G19 FF 61064 082200  780 407 1038    -6870211     +7           6    +25   30  14  124   -9  143  -17  143  -17  23  0  0 L3P 03
G22 FF 61064 082200  780 321  583     +551583    -49           7     -5   23 103  152  +28  143  +30  143   30  16  0  0 L3P EF
G23 FF 61064 082200  780 213 2632    -6035366    -95          16    -46   38 116  221  +46  125  +64  125   64  30  0  0 L3P 48
G24 FF 61064 082200  780 752 2839    +1504398   -163          12    -11   11  11   84   -3   86  +14   86   14   8  0  0 L3P F3
G10 FF 61064 083800  780 216 2987    +5846106    +32          18     +8   36  98  218  +13  122   +0  122    0  27  0  0 L3P 00
G12 FF 61064 083800  780 454 2269    +6068713    -17           2    -21   27 103  114  -15  127   +7  127    7  20  0  0 L3P 0E
G13 FF 61064 083800  780 185 1550    -6888036    +23         -26    +12   48  63  252  +93  326  +69  326   69  35  0  0 L3P 65
G15 FF 61064 083800  780 332 1864    -3795362    -84          10    -49   29  26  147  +30  195  +93  195   93  23  0  0 L3P 5D
G17 FF 61064 083800  780 353  612     +420328    +86         -19    -28   32  16  139   +9  164  +42  164   42  23  0  0 L3P 15
G19 FF 61064 083800  780 433  945    -6870235    -49          -1    -32   22  14  118   -4  154  +29  154   29  17  0  0 L3P 22
G22 FF 61064 083800  780 257  587     +551551    -58          17    -13   30 103  185  +44  171  +52  171   52  23  0  0 L3P 27
G23 FF 61064 083800  780 165 2574    -6035411     +2          19    +51   43 116  281  +85  169  +13  169   13  31  0  0 L3P 3A
G24 FF 61064 083800  780 828 2747    +1504258   -156          18     -4   17  11   81   -1   92  +13   92   13  12  0  0 L3P F5
G10 FF 61064 085400  780 197 2916    +5846118     +0           7    -24   35  98  238  +29  146  +42  146   42  27  0  0 L3P 2A
G12 FF 61064 085400  780 530 2303    +6068691    +17         -23    +14   21 103  101  -11  140  -11  140  -11  17  0  0 L3P 32
G13 FF 61064 085400  780 116 1563    -6888010   +103         -10    +92   45  63  394 +224  433 +102  433  102  34  0  0 L3P 7E
G15 FF 61064 085400  780 259 1849    -3795409    -27          -3     +8   29  26  184  +49  261  +62  261   62  25  0  0 L3P 46
G17 FF 61064 085400  780 321  543     +420449    +73          -7    -41   24  16  151  +16  169  +49  169   49  18  0  0 L3P 1E
G19 FF 61064 085400  780 444  845    -6870245    +34           5    +51   19  14  115   +0  154  -25  154  -25  14  0  0 L3P 11
G22 FF 61064 085400  780 194  599     +551509     -8          18    +37   38 103  241  +75  216  +47  216   47  34  0  0 L3P 2A
G23 FF 61064 085400  780 112 2522    -6035471   -147           5    -98   56 116  405 +188  231 +141  231  141  43  0  0 L3P 7C
G24 FF 61064 085400  780 867 1875    +1504114   -109          20    +44    8  11   81   +0  101  -18  101  -18   5  0  0 L3P FD
G25 FF 61064 085400  780 135 2406    -4480242    -89          26   -113   57  47  344 -161  233  +47  233   47  40  0  0 L3P 68
G32 FF 61064 085400  780 155 3195    +1489620   -137          12    +36   42  42  300 -112  139   -6  139   -6  29  0  0 L3P 48
G10 FF 61064 091000  780 167 2849    +5846160    -36          26    -60   41  98  277  +55  155  +58  155   58  35  0  0 L3P 5A
G12 FF 61064 091000  780 607 2339    +6068707    +17         -10    +14   25 103   93   -7  129  -13  129  -13  18  0  0 L3P 39
G15 FF 61064 091000  780 188 1837    -3795446    -11          -7    +25   40  26  248  +89  339  +62  339   62  32  0  0 L3P 52
G17 FF 61064 091000  780 280  487     +420561    +80          -4    -33   31  16  171  +26  187  +49  187   49  22  0  0 L3P 15
G19 FF 61064 091000  780 436  745    -6870271    -34          -5    -17   25  14  117   +4  164  +16  164   16  19  0  0 L3P 17
G22 FF 61064 091000  780 134  617     +551449    +23           0    +67   47 103  344 +151  284   -1  284   -1  39  0  0 L3P 05
G24 FF 61064 091000  780 801 1439    +1503960   -117          12    +35   14  11   82   +2  116   -3  116   -3   9  0  0 L3P E2
G25 FF 61064 091000  780 199 2439    -4480215    -86          30   -110   35  47  237  -76  208  +67  208   67  27  0  0 L3P 65
G32 FF 61064 091000  780 212 3171    +1489446   -143           4    +30   39  42  223  -57  152  -21  152  -21  28  0  0 L3P 34
G10 FF 61064 092600  780 129 2788    +5846175    +15          18     -9   35  98  354 +110  192  +38  192   38  27  0  0 L3P 5C
G12 FF 61064 092600  780 684 2380    +6068723    +24           2    +20   14 103   87   -5  122  -11  122  -11  10  0  0 L3P 03
G15 FF 61064 092600  780 120 1825    -3795494    -38         -20     -3   36  26  380 +205  448 +113  448  113  29  0  0 L3P 77
G17 FF 61064 092600  780 231  444     +420676    +84           2    -29   31  16  205  +44  209  +54  209   54  23  0  0 L3P FF
G19 FF 61064 092600  780 412  655    -6870292    -48          -9    -31   14  14  123   +8  176  +23  176   23  12  0  0 L3P 1A
G24 FF 61064 092600  780 723 1394    +1503807   -154           5     -2   14  11   85   +4  133  +19  133   19   9  0  0 L3P ED
G25 FF 61064 092600  780 265 2475    -4480196    +37          26    +14   44  47  181  -44  199  -51  199  -51  33  0  0 L3P 67
G32 FF 61064 092600  780 265 3134    +1489287   -214          11    -41   31  42  181  -33  150  +32  150   32  22  0  0 L3P 36
G06 FF 61064 094200  780 153  899    +6053473    +12          -4    -21   50  31  303  -87  337  -49  337  -49  35  0  0 L3P 41
G12 FF 61064 094200  780 762 2431    +6068732    +20           9    +17   14 103   83   -3  126   -2  126   -2  10  0  0 L3P E6
G17 FF 61064 094200  780 177  413     +420801   +139          17    +25   38  16  263  +81  228   +0  228    0  30  0  0 L3P F3
G19 FF 61064 094200  780 373  581    -6870315    -13         -16     +4   28  14  133  +14  199  +12  199   12  23  0  0 L3P 27
G24 FF 61064 094200  780 644 1395    +1503683   -169          28    -17   19  11   90   +6  136  +35  136   35  14  0  0 L3P 32
G25 FF 61064 094200  780 332 2513    -4480174    +26          26     +2   32  47  148  -28  177  -25  177  -25  23  0  0 L3P 3B
G32 FF 61064 094200  780 313 3085    +1489124   -116          14    +57   34  42  155  -20  153  -33  153  -33  24  0  0 L3P 4B
G06 FF 61064 095800  780 194  838    +6053513    +25           4     -7   24  31  241  -46  300  -23  300  -23  18  0  0 L3P 06
G12 FF 61064 095800  780 839 2520    +6068744     +0          17     -3   10 103   81   -1  131  +14  131   14   7  0  0 L3P DB
G17 FF 61064 095800  780 120  393     +420873   +124         -20    +11   42  16  380 +177  307  +37  307   37  36  0  0 L3P 41
G19 FF 61064 095800  780 324  524    -6870326     +1         -11    +19   31  14  150  +23  220   +9  220    9  22  0  0 L3P EB
G24 FF 61064 095800  780 566 1409    +1503525   -177          16    -25   15  11   97   +9  169  +41  169   41  11  0  0 L3P 37
G25 FF 61064 095800  780 400 2553    -4480169    +76           7    +52   28  47  126  -19  177  -39  177  -39  20  0  0 L3P 57
G32 FF 61064 095800  780 351 3021    +1488966   -130          22    +43   28  42  140  -12  151  -32  151  -32  22  0  0 L3P 43
G06 FF 61064 101400  780 228  770    +6053545     -8           5    -41   36  32  208  -25  279  +24  279   24  30  0  0 L3P 05
G11 FF 61064 101400  780 121 1200    +4631968   -166          51    -34   49 166  382 -175  389  -49  389  -49  45  0  0 L3P 9B
G12 FF 61064 101400  780 880  367    +6068742    +13           9    +10   14 104   81   +0  144   +0  144    0   9  0  0 L3P AF
G19 FF 61064 101400  780 268  484    -6870333     -4           2    +13   25  15  178  +37  244  +36  244   36  19  0  0 L3P 0C
G24 FF 61064 101400  780 489 1428    +1503381   -185          19    -33   18  11  107  +13  191  +53  191   53  13  0  0 L3P 41
G25 FF 61064 101400  780 470 2595    -4480132    +36          21    +12   24  53  111  -13  169  -12  169  -12  16  0  0 L3P 30
G32 FF 61064 101400  780 378 2943    +1488788   -156           9    +17   27  73  132   -6  163   -7  163   -7  20  0  0 L3P 27
G06 FF 61064 103000  780 251  697    +6053571     +0          -1    -33   30  32  190  -13  277  +20  277   20  21  0  0 L3P F1
G11 FF 61064 103000  780 176 1154    +4631821   -142          31    -10   29 166  266  -82  348  -35  348  -35  23  0  0 L3P 65
G12 FF 61064 103000  780 806  644    +6068757    -33          20    -36   12 104   82   +2  136  +26  136   26   8  0  0 L3P F8
G19 FF 61064 103000  780 208  457    -6870332    +55          19    +72   28  15  226  +65  262   -2  262   -2  20  0  0 L3P 0B
G24 FF 61064 103000  780 414 1447    +1503225   -169           8    -16   27  11  122  +19  223  +39  223   39  19  0  0 L3P 2B
G25 FF 61064 103000  780 542 2640    -4480101    +65          29    +41   24  53  100   -9  155  -45  155  -45  17  0  0 L3P 23
G28 FF 61064 103000  780 136 3051    +6067299    +19          44    +76   22 187  342 -158  202  -60  202  -60  18  0  0 L3P 69
G29 FF 61064 103000  780 167 2003    +3876435    -87          44    -23   38  80  280 -117  346   -4  346   -4  27  0  0 L3P 41
G32 FF 61064 103000  780 391 2855    +1488629   -122          16    +50   26  73  128   -1  169  -29  169  -29  22  0  0 L3P 55
G06 FF 61064 104600  780 261  620    +6053606    +76           2    +43   38  32  183   -3  272  -33  272  -33  23  0  0 L3P 02
G11 FF 61064 104600  780 228 1101    +4631684   -145          20    -13   29 166  208  -45  325  -60  325  -60  21  0  0 L3P 58
G12 FF 61064 104600  780 730  711    +6068761     +4          21     +1   16 104   84   +3  148  +21  148   21  13  0  0 L3P D3
G19 FF 61064 104600  780 146  441    -6870342     -2          26    +15   41  15  317 +134  287  +23  287   23  37  0  0 L3P 28
G24 FF 61064 104600  780 340 1467    +1503082   -180          12    -28   28  11  144  +28  247  +58  247   58  20  0  0 L3P 45
G25 FF 61064 104600  780 614 2689    -4480083    +82          24    +58   17  53   92   -7  148  -59  148  -59  11  0  0 L3P 44
G28 FF 61064 104600  780 200 3060    +6067232    -96          32    -39   43 187  236  -75  198  +18  198   18  31  0  0 L3P 61
G29 FF 61064 104600  780 239 2013    +3876347    -34          19    +31   32  80  200  -59  318  -58  318  -58  26  0  0 L3P 58
G32 FF 61064 104600  780 387 2763    +1488468   -189          21    -16   25  73  129   +3  181  +46  181   46  18  0  0 L3P 55
G06 FF 61064 110200  780 258  544    +6053636    +20           1    -13   30  32  184   +6  272  +10  272   10  20  0  0 L3P DA
G11 FF 61064 110200  780 276 1040    +4631539   -115           2    +17   36 166  174  -27  298  -29  298  -29  30  0  0 L3P 60
G12 FF 61064 110200  780 656  761    +6068769    -32          26    -35   18 104   89   +5  160  +30  160   30  13  0  0 L3P 0E
G24 FF 61064 110200  780 269 1485    +1502925   -126           1    +26   20  11  178  +44  299  +33  299   33  14  0  0 L3P 37
G25 FF 61064 110200  780 688 2745    -4480068    +37          16    +13   18  53   87   -5  147   -3  147   -3  13  0  0 L3P 09
G28 FF 61064 110200  780 265 3061    +6067138     -6          -7    +50   38 187  181  -43  222  -38  222  -38  23  0  0 L3P 42
G29 FF 61064 110200  780 312 2026    +3876284    -43          18    +21   37  80  156  -35  275  -63  275  -63  29  0  0 L3P 53
G32 FF 61064 110200  780 368 2674    +1488317   -211          35    -38   23  73  135   +9  190  +45  190   45  16  0  0 L3P 3F
G06 FF 61064 111800  780 242  471    +6053679    +90          13    +57   30  32  196  +17  263  -38  263  -38  22  0  0 L3P 3A
G11 FF 61064 111800  780 317  970    +4631406   -112          -4    +19   19 166  154  -16  283  -56  283  -56  14  0  0 L3P 58
G12 FF 61064 111800  780 584  807    +6068754    +47           7    +44   13 104   95   +8  188  -20  188  -20   9  0  0 L3P 12
G24 FF 61064 111800  780 200 1501    +1502793   -163          15    -10   33  11  234  +78  356 +110  356  110  26  0  0 L3P 4B
G25 FF 61064 111800  780 762 2818    -4480071     -5         -10    -29   16  53   83   -3  165  +24  165   24  12  0  0 L3P 0F
G28 FF 61064 111800  780 330 3051    +6067089    -58         -12     -2   36 188  148  -27  207  -10  207  -10  28  0  0 L3P 53
G29 FF 61064 111800  780 387 2039    +3876234    -90          31    -26   28  80  129  -22  234  -16  234  -16  19  0  0 L3P 56
G32 FF 61064 111800  780 335 2593    +1488129   -129          13    +44   31  73  146  +15  229  -15  229  -15  22  0  0 L3P 5A
G06 FF 61064 113400  780 215  407    +6053712    +67          14    +34   36  32  219  +33  267  -18  267  -18  25  0  0 L3P 32
G11 FF 61064 113400  780 347  891    +4631284   -140           0     -8   32 166  142   -9  250  -41  250  -41  26  0  0 L3P 14
G12 FF 61064 113400  780 513  851    +6068757     -6           7     -9   20 104  103  +10  204  +29  204   29  14  0  0 L3P F0
G24 FF 61064 113400  780 133 1515    +1502620   -202         -11    -49   38  11  346 +168  465 +156  465  156  27  0  0 L3P 87
G25 FF 61064 113400  780 835 2970    -4480029    +60           9    +36   14  53   81   -1  153  -24  153  -24   9  0  0 L3P FF
G28 FF 61064 113400  780 395 3028    +6067044     -9          -2    +47   26 188  127  -18  191  -46  191  -46  20  0  0 L3P 53
G29 FF 61064 113400  780 464 2052    +3876153    -76          11    -11   33  80  112  -15  226  -22  226  -22  27  0  0 L3P 38
G31 FF 61064 113400  780 101 3121    +1708903    -45          33    -24   46 100  456 -285  247  +10  247   10  33  0  0 L3P 41
G32 FF 61064 113400  780 291 2522    +1487975   -227          25    -55   34  73  165  +25  246  +70  246   70  26  0  0 L3P 59
G06 FF 61064 115000  780 177  352    +6053738   +138           8   +105   45  32  263  +61  271  -62  271  -62  35  0  0 L3P 44
G11 FF 61064 115000  780 365  804    +4631162   -125           5     +7   24 166  136   -3  226  -29  226  -29  19  0  0 L3P 1E
G12 FF 61064 115000  780 444  894    +6068759     -6           6    -10   23 104  115  +14  213  +16  213   16  16  0  0 L3P 05
G25 FF 61064 115000  780 873  444    -4479997    +17          19     -7   22  53   81   +0  146   +1  146    1  14  0  0 L3P D5
G28 FF 61064 115000  780 456 2986    +6066982    -93         -12    -37   29 188  113  -12  188   +9  188    9  19  0  0 L3P 65
G29 FF 61064 115000  780 542 2063    +3876093    -98          14    -33   27  80  100  -10  192   +7  192    7  19  0  0 L3P 1A
G31 FF 61064 115000  780 166 3119    +1708866    -48          15    -27   34 100  283 -110  245   +0  245    0  26  0  0 L3P 29
G32 FF 61064 115000  780 241 2461    +1487796   -184          12    -12   37  73  197  +42  291  +59  291   59  28  0  0 L3P 63
G06 FF 61064 120600  780 131  308    +6053799    +21          42    -12   41  33  349 +127  257   -4  257   -4  30  0  0 L3P 18
G11 FF 61064 120600  780 366  715    +4631031   -128           1     +4   29 167  135   +2  205  -28  205  -28  23  0  0 L3P 0E
G12 FF 61064 120600  780 377  936    +6068765    +34           5    +30   19 105  132  +20  228  -15  228  -15  14  0  0 L3P 2D
G25 FF 61064 120600  780 806  904    -4479997    +31          -5     +7   14  54   82   +2  156  -17  156  -17  10  0  0 L3P 06
G28 FF 61064 120600  780 511 2919    +6066943    -44           3    +11   17 188  104   -8  167  -19  167  -19  13  0  0 L3P 44
G29 FF 61064 120600  780 621 2069    +3876028    -70          15     -5   27  81   92   -7  170   -8  170   -8  21  0  0 L3P F7
G31 FF 61064 120600  780 230 3108    +1708861     +8          31    +28   26 101  207  -56  230  -19  230  -19  21  0  0 L3P 2C
G32 FF 61064 120600  780 186 2409    +1487647   -182          32     -9   41  74  251  +75  329  +76  329   76  30  0  0 L3P 54
G11 FF 61064 122200  780 353  631    +4630886   -152         -18    -20   25 167  140   +7  217  +16  217   16  17  0  0 L3P 39
G12 FF 61064 122200  780 311  977    +6068771     +1           8     -2   20 105  156  +30  237  +13  237   13  14  0  0 L3P EB
G25 FF 61064 122200  780 732 1005    -4479976     +0          -7    -24   17  54   84   +3  155   +9  155    9  11  0  0 L3P DF
G28 FF 61064 122200  780 554 2822    +6066882    -63          -4     -7   17 188   98   -4  164   -4  164   -4  13  0  0 L3P 10
G29 FF 61064 122200  780 700 2059    +3875972    -66          21     -1   17  81   86   -4  152   -4  152   -4  13  0  0 L3P EF
G31 FF 61064 122200  780 293 3086    +1708839     +9          30    +29   34 101  165  -33  220  -40  220  -40  26  0  0 L3P 32
G32 FF 61064 122200  780 129 2363    +1487453   -243           5    -70   74  74  356 +156  415 +123  415  123  55  0  0 L3P 72
G11 FF 61064 123800  780 325  556    +4630777   -166           0    -34   31 167  150  +14  205  +24  205   24  25  0  0 L3P 2B
G12 FF 61064 123800  780 247 1016    +6068764    -20          -2    -23   27 105  192  +47  257  +43  257   43  22  0  0 L3P 42
G25 FF 61064 123800  780 657 1067    -4479946    +21           0     -3   17  54   89   +5  151   +7  151    7  12  0  0 L3P D9
G26 FF 61064 123800  780 186 2890    +3163286    +47          40    -12   39  19  252  -86  255  -46  255  -46  31  0  0 L3P 60
G28 FF 61064 123800  780 579 2694    +6066821    -85         -12    -29   24 188   95   -1  162  +15  162   15  15  0  0 L3P 50
G29 FF 61064 123800  780 777 2003    +3875896    -69           7     -4   18  81   83   -2  148  -16  148  -16  13  0  0 L3P 24
G31 FF 61064 123800  780 354 3050    +1708814    -59          24    -38   26 101  140  -21  198   +8  198    8  20  0  0 L3P 29
G11 FF 61064 125400  780 286  494    +4630652   -185           2    -53   32 167  168  +24  208  +46  208   46  22  0  0 L3P 42
G12 FF 61064 125400  780 185 1055    +6068764    +59          -6    +56   29 105  253  +83  294  +14  294   14  25  0  0 L3P 57
G18 FF 61064 125400  780 132 1803    +4428321    +48          42   +144   40 131  352 -183  477 -304  477 -304  29  0  0 L3P A0
G25 FF 61064 125400  780 583 1117    -4479929    +29          -6     +5   17  54   95   +8  163   +8  163    8  13  0  0 L3P F6
G26 FF 61064 125400  780 251 2911    +3163322    +63          19     +4   32  19  190  -48  220  -43  220  -43  27  0  0 L3P 22
G28 FF 61064 125400  780 580 2550    +6066768    -38         -11    +18   20 188   95   +1  157  -18  157  -18  15  0  0 L3P 57
G29 FF 61064 125400  780 843 1717    +3875840    -66          13     -1   20  81   81   -1  136   -9  136   -9  15  0  0 L3P F9
G31 FF 61064 125400  780 408 2995    +1708794    -78          23    -58   26 101  124  -13  169  +26  169   26  20  0  0 L3P 60
G11 FF 61064 131000  780 238  445    +4630537    -83          13    +49   36 167  199  +41  201  -37  201  -37  26  0  0 L3P 44
G18 FF 61064 131000  780 203 1797    +4428230   -110          44    -13   30 131  233  -81  319 -136  319 -136  23  0  0 L3P 7A
G21 FF 61064 131000  780 118  670    -3865777   -127           9    -57   56  95  386  -96  275   +6  275    6  44  0  0 L3P 33
G25 FF 61064 131000  780 510 1160    -4479900    +30           0     +6   16  54  104  +11  167   +0  167    0  12  0  0 L3P C5
G26 FF 61064 131000  780 318 2927    +3163376    +81          17    +22   35  19  153  -30  190  -59  190  -59  26  0  0 L3P 4F
G28 FF 61064 131000  780 556 2415    +6066711    -86         -15    -30   28 188   98   +4  156  +21  156   21  17  0  0 L3P 3D
G29 FF 61064 131000  780 835  941    +3875769   -103           5    -38   15  81   81   +1  133  +16  133   16  11  0  0 L3P 03
G31 FF 61064 131000  780 453 2919    +1708758    -44           7    -24   24 101  114   -8  166   +2  166    2  19  0  0 L3P 00
G04 FF 61064 132600  780 109 3287     -401231    -21          30     +2   42 118  414  -26  245  -19  245  -19  30  0  0 L3P 1D
G05 FF 61064 132600  780 151  907    +2278111    -40          28    -47   48  70  308  -90  272  -37  272  -37  37  0  0 L3P 40
G11 FF 61064 132600  780 185  409    +4630411   -127          14     +5   36 167  253  +75  211  -19  211  -19  27  0  0 L3P 3C
G18 FF 61064 132600  780 276 1791    +4428127   -151          33    -55   34 131  175  -45  249  -10  249  -10  27  0  0 L3P 72
G21 FF 61064 132600  780 144  606    -3865832    -55          22    +16   48  95  321  -46  228  -35  228  -35  41  0  0 L3P 41
G25 FF 61064 132600  780 439 1200    -4479886    +58          -8    +34   28  54  116  +15  182  -17  182  -17  22  0  0 L3P 52
G26 FF 61064 132600  780 387 2935    +3163429    +58          12     -1   24  19  129  -20  166  -13  166  -13  17  0  0 L3P 3A
G28 FF 61064 132600  780 513 2306    +6066661    -79         -11    -24   27 188  103   +8  156  +26  156   26  20  0  0 L3P 4B
G29 FF 61064 132600  780 767  728    +3875703    -53           1    +12   16  81   83   +3  129   -3  129   -3  11  0  0 L3P E1
G31 FF 61064 132600  780 483 2822    +1708735    -47           4    -26   25 101  108   -4  159  +10  159   10  19  0  0 L3P 22
G04 FF 61064 134200  780 111 3223     -401264    -16          19     +6   44 118  408  +13  257   +5  257    5  33  0  0 L3P EE
G05 FF 61064 134200  780 191  846    +2278118    -69          28    -76   32  70  245  -47  215  +23  215   23  25  0  0 L3P 31
G11 FF 61064 134200  780 127  384    +4630254   -142         -16    -10   39 167  360 +162  237   +3  237    3  30  0  0 L3P 33
G16 FF 61064 134200  780 117 2942    -1942707   -131          28    -56   44  19  395 -212  286   -6  286   -6  30  0  0 L3P 5A
G18 FF 61064 134200  780 351 1783    +4428030   -129          29    -32   27 131  141  -28  206  -47  206  -47  21  0  0 L3P 65
G21 FF 61064 134200  780 160  540    -3865885    -81          36    -11   36  95  290  -19  197  -14  197  -14  30  0  0 L3P 47
G25 FF 61064 134200  780 369 1236    -4479857    +17          -2     -7   25  54  134  +22  185  +18  185   18  20  0  0 L3P 32
G26 FF 61064 134200  780 456 2933    +3163476    +84           3    +25   21  19  113  -14  153  -41  153  -41  18  0  0 L3P 2C
G28 FF 61064 134200  780 456 2224    +6066619   -119           0    -63   28 188  113  +12  157  +62  157   62  21  0  0 L3P 50
G29 FF 61064 134200  780 693  690    +3875646    -89           6    -24   14  81   86   +4  121  +20  121   20  12  0  0 L3P F6
G31 FF 61064 134200  780 495 2710    +1708718    +47           6    +68   27 101  106   +0  154  -51  154  -51  19  0  0 L3P 2D
G04 FF 61064 135800  780 102 3158     -401290    +11          14    +34   45 118  442  +59  263  -15  263  -15  34  0  0 L3P 35
G05 FF 61064 135800  780 225  778    +2278113     -3          17     -9   36  70  211  -26  199   -4  199   -4  27  0  0 L3P 02
G16 FF 61064 135800  780 182 2964    -1942780   -100          27    -25   36  19  259  -93  234  -39  234  -39  26  0  0 L3P 79
G18 FF 61064 135800  780 427 1770    +4427946    -51          38    +45   27 131  119  -18  161  -72  161  -72  21  0  0 L3P 67
G21 FF 61064 135800  780 165  472    -3865971    -57          19    +13   36  95  281   +1  204  -15  204  -15  27  0  0 L3P 2E
G25 FF 61064 135800  780 300 1270    -4479840    +78          -8    +54   30  54  161  +34  208  -16  208  -16  21  0  0 L3P 40
G26 FF 61064 135800  780 526 2914    +3163534    +52           4     -7   15  19  102  -10  139   -4  139   -4  12  0  0 L3P F6
G28 FF 61064 135800  780 392 2164    +6066556    -46          -9    +10   27 188  127  +19  186  +10  186   10  23  0  0 L3P 57
G29 FF 61064 135800  780 620  693    +3875575    -24          -3    +41   19  81   91   +6  126  -17  126  -17  15  0  0 L3P 1E
G31 FF 61064 135800  780 486 2595    +1708704    -20          13     +1   26 101  108   +3  154   -4  154   -4  20  0  0 L3P FC
G05 FF 61064 141400  780 247  704    +2278111    -14          11    -21   26  71  192  -13  187   -5  187   -5  21  0  0 L3P 02
G16 FF 61064 141400  780 249 2981    -1942843    -89          36    -14   30  20  192  -51  186  -52  186  -52  23  0  0 L3P 5A
G18 FF 61064 141400  780 504 1749    +4427825    -80          13    +17   20 132  105  -12  158  -36  158  -36  16  0  0 L3P 57
G21 FF 61064 141400  780 158  405    -3866056    -37           1    +34   38  95  292  +22  196  -23  196  -23  34  0  0 L3P 2F
G25 FF 61064 141400  780 233 1301    -4479808    +38           0    +14   29  55  203  +56  226  +10  226   10  22  0  0 L3P 10
G26 FF 61064 141400  780 593 2869    +3163579     +3         -11    -56   17  22   94   -7  129  +28  129   28  11  0  0 L3P 26
G28 FF 61064 141400  780 325 2119    +6066504     -8          -8    +48   36 188  150  +29  200  -13  200  -13  27  0  0 L3P 39
G29 FF 61064 141400  780 547  713    +3875506    -94         -10    -29   20  82   99   +9  134  +24  134   24  15  0  0 L3P 1E
G31 FF 61064 141400  780 458 2491    +1708686     -5           2    +16   21   9  112   +7  148   -2  148   -2  15  0  0 L3P D6
G05 FF 61064 143000  780 258  627    +2278116    +39           9    +32   35  71  185   -3  175  -31  175  -31  27  0  0 L3P 16
G16 FF 61064 143000  780 317 2992    -1942945    -58           6    +17   26  20  154  -31  179  -46  179  -46  20  0  0 L3P 4B
G18 FF 61064 143000  780 579 1710    +4427731   -103          12     -6   19 132   95   -8  138  -10  138  -10  13  0  0 L3P 2A
G21 FF 61064 143000  780 141  343    -3866138   -116         -14    -45   36  95  326  +52  192   +5  192    5  25  0  0 L3P 22
G25 FF 61064 143000  780 167 1329    -4479797    -67         -11    -91   30  55  278 +106  257  +88  257   88  24  0  0 L3P 87
G26 FF 61064 143000  780 654 2780    +3163630    +76         -16    +17   16  22   89   -4  126  -29  126  -29  10  0  0 L3P 32
G28 FF 61064 143000  780 256 2084    +6066450     -1          -9    +55   27 188  186  +47  227   +4  227    4  22  0  0 L3P 1A
G29 FF 61064 143000  780 477  739    +3875453    -24          -1    +41   26  82  109  +12  127  -24  127  -24  17  0  0 L3P 35
G31 FF 61064 143000  780 416 2403    +1708654    -34         -11    -14   23   9  121  +12  163  +24  163   24  17  0  0 L3P 14
G05 FF 61064 144600  780 255  550    +2278123    -12          10    -19   31  71  187   +7  163   +7  163    7  20  0  0 L3P E5
G16 FF 61064 144600  780 388 2993    -1943013   -116          10    -41   19  20  129  -21  144   -3  144   -3  15  0  0 L3P 2C
G18 FF 61064 144600  780 651 1639    +4427641   -121          14    -24   16 132   89   -5  119   -4  119   -4  12  0  0 L3P 24
G21 FF 61064 144600  780 113  286    -3866179   -143          13    -73   43  95  401 +110  155  +17  155   17  35  0  0 L3P 4E
G25 FF 61064 144600  780 103 1354    -4479784    -11         -22    -35   66  55  442 +263  296  +66  296   66  51  0  0 L3P 77
G26 FF 61064 144600  780 699 2622    +3163696    +51          -6     -8   16  22   86   -2  116  +10  116   10  11  0  0 L3P FA
G27 FF 61064 144600  780 106 2651     +253714    +77          31     -4   48  32  434 -244  300  -88  300  -88  35  0  0 L3P 39
G28 FF 61064 144600  780 189 2055    +6066393    -62         -12     -6   44 188  248  +87  269  +46  269   46  38  0  0 L3P 7A
G29 FF 61064 144600  780 409  771    +3875384    -51          -8    +14   23  82  123  +17  135   +1  135    1  17  0  0 L3P 00
G31 FF 61064 144600  780 363 2333    +1708648    -46           3    -26   17   9  136  +19  165  +36  165   36  11  0  0 L3P 1F
G05 FF 61064 150200  780 239  477    +2278131    +58          11    +52   34  71  198  +18  150  -32  150  -32  25  0  0 L3P 2A
G16 FF 61064 150200  780 459 2981    -1943109    -86         -14    -11   20  20  113  -14  139  -13  139  -13  16  0  0 L3P 49
G18 FF 61064 150200  780 712 1502    +4427538   -134           4    -37   18 132   85   -3  111   +9  111    9  12  0  0 L3P F3
G23 FF 61064 150200  780 140 1463    -6036560    -62           2    -13   56 119  332 -153  269  -73  269  -73  47  0  0 L3P 60
G26 FF 61064 150200  780 713 2396    +3163768   +108           9    +49   18  22   85   +0  102  -34  102  -34  12  0  0 L3P 19
G27 FF 61064 150200  780 167 2687     +253778   +113          16    +31   51  32  280 -103  233 -104  233 -104  38  0  0 L3P 6E
G28 FF 61064 150200  780 122 2029    +6066325    -81         -26    -25   39 188  375 +195  332  +86  332   86  35  0  0 L3P 81
G29 FF 61064 150200  780 342  805    +3875332     -2           2    +63   22  82  143  +25  131  -48  131  -48  16  0  0 L3P 05
G31 FF 61064 150200  780 305 2277    +1708638    +28          13    +48   40   9  159  +29  172  -15  172  -15  26  0  0 L3P 38
G05 FF 61064 151800  780 211  412    +2278147    +16          21     +9   40  71  223  +35  134  -18  134  -18  30  0  0 L3P 09
G16 FF 61064 151800  780 528 2948    -1943167    -52           0    +23   18  20  101  -10  107  -32  107  -32  13  0  0 L3P 21
G18 FF 61064 151800  780 747 1261    +4427446    -65           5    +32   18 132   84   -1   95  -38   95  -38  12  0  0 L3P 15
G23 FF 61064 151800  780 206 1432    -6036612    -34          -3    +15   37 119  230  -73  213  -33  213  -33  31  0  0 L3P 39
G26 FF 61064 151800  780 691 2178    +3163810    +68          -7     +9   20  22   86   +2  108  -22  108  -22  13  0  0 L3P 06
G27 FF 61064 151800  780 231 2724     +253851   +128          10    +46   33  32  206  -56  193  -78  193  -78  24  0  0 L3P 51
G29 FF 61064 151800  780 278  840    +3875266    -51          -2    +14   24  82  172  +37  133  -19  133  -19  19  0  0 L3P 40
G31 FF 61064 151800  780 244 2231    +1708604     +6          -1    +26   27   9  195  +48  208   -1  208   -1  21  0  0 L3P E9
G05 FF 61064 153400  780 172  357    +2278168    -47          35    -54   36  71  269  +65  117  +33  117   33  30  0  0 L3P 34
G16 FF 61064 153400  780 593 2883    -1943247   -124          -8    -49   19  20   94   -6  101  +16  101   16  12  0  0 L3P 26
G18 FF 61064 153400  780 738  977    +4427348   -125          -1    -29   17 132   84   +1   89   +5   89    5  12  0  0 L3P F7
G23 FF 61064 153400  780 272 1396    -6036657    -36          -2    +12   26 119  177  -41  162  -29  162  -29  19  0  0 L3P 63
G26 FF 61064 153400  780 641 2029    +3163865    +75          -8    +16   26  22   90   +5  101  -28  101  -28  15  0  0 L3P 15
G27 FF 61064 153400  780 296 2759     +253953    +91          34     +9   31  32  164  -35  141  -44  141  -44  25  0  0 L3P 2C
G29 FF 61064 153400  780 215  877    +3875205    -38          -1    +27   28  82  218  +61  133  -20  133  -20  24  0  0 L3P 2E
G31 FF 61064 153400  780 181 2193    +1708617    -30          31     -9   40   9  257  +86  206  +39  206   39  34  0  0 L3P 1D
G05 FF 61064 155000  780 126  312    +2278155    -43          15    -50   40  71  363 +139  117   -5  117   -5  28  0  0 L3P 16
G16 FF 61064 155000  780 647 2769    -1943319    -85          -8    -10   18  20   89   -3   91   -3   91   -3  13  0  0 L3P E9
G18 FF 61064 155000  780 693  784    +4427269    -50          13    +47   20 132   86   +3   76  -27   76  -27  13  0  0 L3P 12
G23 FF 61064 155000  780 337 1352    -6036685     -5          17    +44   25 119  146  -25  110  -57  110  -57  18  0  0 L3P 46
G26 FF 61064 155000  780 576 1941    +3163920    +52         -10     -7   23  22   96   +8   96   +3   96    3  16  0  0 L3P CE
G27 FF 61064 155000  780 363 2794     +254023    +25          25    -56   30  32  137  -23  118  +10  118   10  25  0  0 L3P 11
G29 FF 61064 155000  780 154  914    +3875151    -32           8    +32   47  82  299 +114  126  -43  126  -43  38  0  0 L3P 42
G31 FF 61064 155000  780 120 2160    +1708559   -104          -8    -84   36   9  381 +189  273  +88  273   88  28  0  0 L3P 63
G10 FF 61064 160600  780 162 1639    +5846758    +19          21     -5   32  41  289 -124  185  -26  185  -26  24  0  0 L3P 59
G16 FF 61064 160600  780 679 2593    -1943386   -116           2    -41   25  30   87   -1   83  +18   83   18  17  0  0 L3P 09
G18 FF 61064 160600  780 630  687    +4427163     +0          -2    +97   21 133   91   +6   78  -75   78  -75  15  0  0 L3P FC
G23 FF 61064 160600  780 399 1296    -6036749    -55           7     -6   23 120  126  -16  103  -26  103  -26  16  0  0 L3P 3A
G26 FF 61064 160600  780 505 1889    +3163964    +19         -23    -40   23  22  105  +11  109  +33  109   33  18  0  0 L3P 3E
G27 FF 61064 160600  780 432 2827     +254091    +51          12    -31   28  33  118  -16  104  +10  104   10  22  0  0 L3P 02
G07 FF 61064 162200  780 117 3293    +1396806   +106          14    +54   37  79  391  -72  154  -51  154  -51  32  0  0 L3P 61
G08 FF 61064 162200  780 186 2852    -5004898    +43          13     -3   44 103  252  -85  159  -44  159  -44  36  0  0 L3P 5A
G10 FF 61064 162200  780 233 1621    +5846775    -36          15    -60   35  41  205  -62  134   +9  134    9  28  0  0 L3P 14
G15 FF 61064 162200  780 102  685    -3796315    +15          24    +50   49  83  446 -129   83  -48   83  -48  45  0  0 L3P 3F
G16 FF 61064 162200  780 678 2384    -1943454    -89           6    -14   17  30   87   +1   75   +7   75    7  13  0  0 L3P D6
G18 FF 61064 162200  780 561  644    +4427076    -60           4    +36   21 133   97   +8   68  -19   68  -19  15  0  0 L3P 01
G23 FF 61064 162200  780 455 1223    -6036799    -34           3    +15   13 120  113  -10   85  -24   85  -24  10  0  0 L3P 10
G26 FF 61064 162200  780 432 1858    +3164037    +70          -6    +11   27  22  118  +17  101   -3  101   -3  21  0  0 L3P FA
G27 FF 61064 162200  780 503 2856     +254167    +35          10    -47   26  33  105  -11   98  +29   98   29  20  0  0 L3P 0B
G07 FF 61064 163800  780 134 3236    +1396834    +76          -8    +25   34  79  343  -31  162  -30  162  -30  28  0  0 L3P 4B
G08 FF 61064 163800  780 251 2879    -5004850    +70          18    +25   47 103  191  -48  124  -43  124  -43  36  0  0 L3P 60
G10 FF 61064 163800  780 305 1600    +5846807    +31          25     +7   37  41  159  -36  106  -39  106  -39  30  0  0 L3P 34
G15 FF 61064 163800  780 128  621    -3796367    -98           6    -63   41  83  359  -60   88  +34   88   34  34  0  0 L3P 22
G16 FF 61064 163800  780 644 2207    -1943526    -89           5    -14   21  30   90   +4   77   -1   77   -1  14  0  0 L3P CF
G18 FF 61064 163800  780 490  629    +4426984   -109           4    -12   22 133  107  +12   64   +1   64    1  14  0  0 L3P ED
G23 FF 61064 163800  780 500 1129    -6036863    -63         -13    -14   19 120  105   -6   86   -2   86   -2  14  0  0 L3P 06
G26 FF 61064 163800  780 359 1838    +3164083   +103         -17    +44   25  22  137  +25  117  -17  117  -17  20  0  0 L3P 62
G27 FF 61064 163800  780 577 2879     +254248    +65          12    -17   24  33   96   -8   86  -14   86  -14  18  0  0 L3P 15
G07 FF 61064 165400  780 141 3174    +1396892     +7           1    -44   39  79  326   -5  156  +38  156   38  29  0  0 L3P 24
G08 FF 61064 165400  780 317 2902    -5004832    +94          -8    +49   35 103  154  -30  117  -62  117  -62  23  0  0 L3P 51
G10 FF 61064 165400  780 378 1573    +5846818    +31          13     +7   22  41  132  -23   97  -28   97  -28  15  0  0 L3P 22
G15 FF 61064 165400  780 144  554    -3796400    -91           6    -56   40  83  319  -25   81  +57   81   57  31  0  0 L3P 07
G16 FF 61064 165400  780 588 2088    -1943597    -89           7    -14   20  30   94   +6   74   +8   74    8  17  0  0 L3P E6
G18 FF 61064 165400  780 420  632    +4426884    -85          -3    +11   28 133  120  +17   69  -15   69  -15  20  0  0 L3P 1F
G23 FF 61064 165400  780 529 1015    -6036896    -73           0    -24   20 120  101   -3   70  +16   70   16  14  0  0 L3P EE
G26 FF 61064 165400  780 287 1824    +3164166     -5           9    -64   27  22  168  +39  113  +75  113   75  21  0  0 L3P 25
G27 FF 61064 165400  780 652 2892     +254317    +90           3     +8   15  33   89   -6   80  -20   80  -20  10  0  0 L3P C7
G02 FF 61064 171000  780 112 2481     -236642   -122           0    -40   47  19  414 -230  200  -27  200  -27  37  0  0 L3P 21
G07 FF 61064 171000  780 138 3111    +1396935    +66          -5    +15   38  79  333  +20  163   -4  163   -4  29  0  0 L3P 1F
G08 FF 61064 171000  780 386 2919    -5004800    +33         -20    -13   20 103  130  -20  104   -5  104   -5  14  0  0 L3P 14
G10 FF 61064 171000  780 451 1535    +5846825   +105          -3    +81   28  41  114  -15   93  -86   93  -86  21  0  0 L3P 33
G15 FF 61064 171000  780 150  484    -3796424     -9          17    +26   42  83  307   -1   67  -18   67  -18  34  0  0 L3P FE
G16 FF 61064 171000  780 521 2014    -1943687   -107         -11    -32   21  30  102  +10   89  +26   89   26  17  0  0 L3P 24
G18 FF 61064 171000  780 351  644    +4426782   -146         -12    -49   28 133  140  +24   69  +27   69   27  23  0  0 L3P 40
G23 FF 61064 171000  780 537  888    -6036932    -46          12     +2   19 120  100   +0   55  -17   55  -17  14  0  0 L3P F4
G26 FF 61064 171000  780 217 1813    +3164216    +65           2     +6   36  22  217  +67  138  +19  138   19  28  0  0 L3P 15
G27 FF 61064 171000  780 728 2881     +254415    +76          22     -6   17  33   85   -4   56  -14   56  -14  12  0  0 L3P E0
G02 FF 61064 172600  780 174 2517     -236714   -130           7    -48   40  19  269  -97  159  -16  159  -16  31  0  0 L3P 4A
G07 FF 61064 172600  780 124 3048    +1396993    -16           4    -68   33  79  367  +52  159  +44  159   44  27  0  0 L3P 4F
G08 FF 61064 172600  780 456 2929    -5004742    +79          -5    +34   26 103  113  -14   72  -48   72  -48  19  0  0 L3P 42
G10 FF 61064 172600  780 520 1480    +5846840    +15         -11     -9   19  41  103  -10   79  -10   79  -10  12  0  0 L3P 0B
G15 FF 61064 172600  780 145  416    -3796452   -172          22   -137   38  83  318  +24   49  +96   49   96  29  0  0 L3P 52
G16 FF 61064 172600  780 449 1967    -1943754    -77          -6     -2   24  30  114  +15   89   +6   89    6  22  0  0 L3P F9
G18 FF 61064 172600  780 284  664    +4426688   -121         -13    -25   32 133  169  +37   62   +9   62    9  23  0  0 L3P 23
G23 FF 61064 172600  780 522  766    -6036981    -77          10    -28   30 120  102   +4   46  +11   46   11  21  0  0 L3P F2
G26 FF 61064 172600  780 149 1804    +3164286    +10          16    -50   44  22  310 +137  149  +72  149   72  33  0  0 L3P 48
G27 FF 61064 172600  780 802 2791     +254473   +122           2    +40   13  33   82   -2   62  -35   62  -35   8  0  0 L3P D2
G02 FF 61064 174200  780 238 2556     -236802     -1          -3    +81   31  19  200  -52  121  -95  121  -95  26  0  0 L3P 0F
G07 FF 61064 174200  780 102 2986    +1397060    +99          22    +48   37  79  443 +112  149  -19  149  -19  29  0  0 L3P 79
G08 FF 61064 174200  780 528 2925    -5004696    +50          -4     +5   21 103  102  -10   53  -20   53  -20  14  0  0 L3P 00
G10 FF 61064 174200  780 583 1397    +5846867    +39          -7    +15   19  41   95   -6   64  -20   64  -20  13  0  0 L3P 0E
G15 FF 61064 174200  780 128  351    -3796480    -17          28    +18   36  83  357  +60   32  -38   32  -38  27  0  0 L3P 26
G16 FF 61064 174200  780 376 1937    -1943807    -72          13     +3   28  30  132  +23   78   +0   78    0  22  0  0 L3P E0
G18 FF 61064 174200  780 220  689    +4426603    -34          -6    +63   31 133  214  +60   52  -74   52  -74  24  0  0 L3P 1A
G23 FF 61064 174200  780 488  665    -6037042    -48          -4     +1   19 120  107   +7   47  -18   47  -18  14  0  0 L3P 01
G27 FF 61064 174200  780 853 2279     +254559   +120           9    +39   16  33   81   +0   50  -37   50  -37  10  0  0 L3P EE
G02 FF 61064 175800  780 302 2596     -236893    -92         -16    -10   31  19  161  -32   99  -16   99  -16  24  0  0 L3P 34
G08 FF 61064 175800  780 599 2900    -5004666    +38         -17     -7   20 103   93   -7   52   +0   52    0  14  0  0 L3P DC
G10 FF 61064 175800  780 632 1272    +5846895    +81          -2    +57   22  41   91   -3   48  -53   48  -53  17  0  0 L3P 0E
G15 FF 61064 175800  780 101  292    -3796525     +0          17    +36   28  83  447 +136   32  -17   32  -17  23  0  0 L3P 17
G16 FF 61064 175800  780 303 1915    -1943888    -90           4    -15   28  30  159  +35   90  +20   90   20  18  0  0 L3P 10
G18 FF 61064 175800  780 157  718    +4426518    -69           2    +27   47 133  294 +113   43  -37   43  -37  37  0  0 L3P 3F
G23 FF 61064 175800  780 440  590    -6037101    -30         -17    +19   28 120  116  +12   50  -19   50  -19  20  0  0 L3P 18
G27 FF 61064 175800  780 812 1656     +254631    +51           2    -31   20  33   82   +2   46  +26   46   26  13  0  0 L3P C3
G02 FF 61064 181400  780 367 2637     -236959    -52          -1    +30   21  20  135  -22   73  -23   73  -23  17  0  0 L3P 02
G08 FF 61064 181400  780 667 2837    -5004602    +46         -10     +0   21   1   88   -4   46   -1   46   -1  15  0  0 L3P B6
G10 FF 61064 181400  780 658 1102    +5846924     +2           4    -22   20  41   89   -1   37  +12   37   12  13  0  0 L3P BA
G16 FF 61064 181400  780 232 1899    -1943970    -53          -2    +22   38  31  204  +59  109   +3  109    3  30  0  0 L3P 10
G23 FF 61064 181400  780 383  538    -6037152    -38         -19    +10   31 121  130  +18   53  -25   53  -25  21  0  0 L3P 1E
G27 FF 61064 181400  780 737 1537     +254703    +96           1    +13   12  34   84   +3   52  -13   52  -13   8  0  0 L3P C0
G01 FF 61064 183000  780 116 2575    -3405521    -30          28    -72   37  74  399 -203  139   -6  139   -6  27  0  0 L3P 40
G02 FF 61064 183000  780 433 2680     -237032   -116           5    -34   32  20  118  -15   57  +14   57   14  22  0  0 L3P EB
G08 FF 61064 183000  780 724 2699    -5004554    +47          -6     +2   17   1   85   -2   41   -7   41   -7  11  0  0 L3P B0
G10 FF 61064 183000  780 654  917    +5846927    +35         -15    +11   21  41   89   +1   45  -20   45  -20  16  0  0 L3P F2
G16 FF 61064 183000  780 163 1885    -1944031   -170          10    -95   42  31  284 +116  105 +102  105  102  37  0  0 L3P 6B
G23 FF 61064 183000  780 321  506    -6037195    +23         -14    +71   22 121  151  +28   45  -55   45  -55  16  0  0 L3P 20
G27 FF 61064 183000  780 658 1513     +254786    +86           4     +3   15  34   89   +6   46   +6   46    6  10  0  0 L3P A5
G32 FF 61064 183000  780 154 1287    +1483632   -196          -5    -23   35   0  302 -115   90   -4   90   -4  27  0  0 L3P 04
G01 FF 61064 184600  780 176 2612    -3405470     -4          39    -46   46  74  267  -91   81  -34   81  -34  35  0  0 L3P 24
G02 FF 61064 184600  780 500 2725     -237124    -87          -9     -6   21  20  106  -11   52   -4   52   -4  17  0  0 L3P C4
G08 FF 61064 184600  780 756 2444    -5004506    +20          -2    -25   18   1   83   +0   35  +14   35   14  12  0  0 L3P C6
G10 FF 61064 184600  780 622  765    +5846959    +20          -6     -4   15  41   91   +4   35   +0   35    0  10  0  0 L3P 9C
G23 FF 61064 184600  780 256  488    -6037211     -6          17    +43   30 121  186  +45   11  -43   11  -43  22  0  0 L3P 03
G27 FF 61064 184600  780 579 1513     +254876    +75          14     -8   18  34   95   +8   44  +13   44   13  14  0  0 L3P E2
G32 FF 61064 184600  780 213 1244    +1483493   -209          21    -36   30   0  222  -60   62   +9   62    9  24  0  0 L3P E6
G01 FF 61064 190200  780 237 2650    -3405455     -8          13    -50   38  74  201  -51   66  +14   66   14  30  0  0 L3P F6
G02 FF 61064 190200  780 568 2771     -237203    -94          -9    -12   21  20   97   -8   43  +10   43   10  16  0  0 L3P CE
G08 FF 61064 190200  780 742 2151    -5004475    +55         -14    +10   17   1   84   +2   40  +15   40   15  12  0  0 L3P C9
G10 FF 61064 190200  780 570  663    +5846975    +77         -13    +53   21  41   96   +6   35  -38   35  -38  15  0  0 L3P 0C
G14 FF 61064 190200  780 127 3264    -7307844    -71          16    -48   46  89  362 -116   30  +20   30   20  31  0  0 L3P 23
G23 FF 61064 190200  780 191  482    -6037261    -26          13    +23   47 121  244  +81    8  -21    8  -21  33  0  0 L3P EE
G27 FF 61064 190200  780 502 1523     +254947   +116           6    +33   24  34  105  +12   55  -16   55  -16  17  0  0 L3P 02
G32 FF 61064 190200  780 270 1194    +1483301   -204          -4    -31   38   0  178  -35   68  +13   68   13  28  0  0 L3P 08
G01 FF 61064 191800  780 300 2689    -3405406    +92          22    +50   38  74  162  -32   41  -50   41  -50  30  0  0 L3P 11
G02 FF 61064 191800  780 636 2820     -237285    -62         -12    +19   12  20   90   -6   44  -13   44  -13   8  0  0 L3P DF
G08 FF 61064 191800  780 691 1961    -5004435    +61         -18    +16   18   1   86   +4   42   +0   42    0  12  0  0 L3P BB
G10 FF 61064 191800  780 509  603    +5846999    +22         -13     -2   24  41  104  +10   33   +3   33    3  17  0  0 L3P CA
G14 FF 61064 191800  780 165 3214    -7307853   -102          29    -79   37  89  283  -57   20  +59   20   59  27  0  0 L3P 4B
G23 FF 61064 191800  780 127  485    -6037332    -88         -11    -39   53 121  361 +179   25  +29   25   29  42  0  0 L3P 46
G27 FF 61064 191800  780 425 1537     +255036    +96          15    +13   22  34  119  +18   56   +0   56    0  17  0  0 L3P DB
G32 FF 61064 191800  780 323 1135    +1483148   -195           8    -22   22   0  151  -22   45   +7   45    7  18  0  0 L3P D9
G01 FF 61064 193400  780 364 2728    -3405365     +0          23    -42   32  74  136  -22   33  +25   33   25  23  0  0 L3P F3
G02 FF 61064 193400  780 706 2873     -237340     -6          11    +76   20  20   86   -4   26  -53   26  -53  15  0  0 L3P D6
G08 FF 61064 193400  780 624 1863    -5004386    +34         -12    -11   21   1   91   +6   40  +14   40   14  14  0  0 L3P D2
G10 FF 61064 193400  780 443  571    +5847018    +18         -16     -6   32  41  115  +14   35  +12   35   12  23  0  0 L3P EA
G14 FF 61064 193400  780 193 3156    -7307882    +44          22    +66   29  89  242  -30   22  -53   22  -53  21  0  0 L3P 2B
G22 FF 61064 193400  780 121 3292     +549766    -47          -4     -3   45  11  378 -122   43  -12   43  -12  37  0  0 L3P 0B
G27 FF 61064 193400  780 350 1551     +255116   +114          15    +31   26  34  140  +27   64  -16   64  -16  20  0  0 L3P 0B
G32 FF 61064 193400  780 368 1064    +1482975   -200           2    -28   28   0  135  -13   42  +18   42   18  21  0  0 L3P FB
G01 FF 61064 195000  780 430 2766    -3405338     -2           9    -44   23  74  118  -15   35  +24   35   24  16  0  0 L3P ED
G02 FF 61064 195000  780 775 2941     -237424   -114           6    -33   23  20   83   -2   33  +17   33   17  15  0  0 L3P D3
G03 FF 61064 195000  780 123 2245    -5894960    +93          16    -13   61  55  376 -201   97   -8   97   -8  52  0  0 L3P 2E
G08 FF 61064 195000  780 551 1813    -5004334    +84          -4    +39   24   1   98   +9   39  -27   39  -27  18  0  0 L3P F9
G10 FF 61064 195000  780 375  558    +5847023    +33         -34     +9   28  41  132  +21   49   -8   49   -8  21  0  0 L3P EE
G14 FF 61064 195000  780 212 3091    -7307898    +17          27    +39   33  89  222  -13   16  -32   16  -32  24  0  0 L3P 28
G22 FF 61064 195000  780 157 3242     +549738    +67          11   +111   29  11  296  -59   30  -74   30  -74  22  0  0 L3P 27
G27 FF 61064 195000  780 278 1564     +255212   +123          32    +40   25  34  173  +42   67  -23   67  -23  19  0  0 L3P 1E
G32 FF 61064 195000  780 403  981    +1482806   -230          -2    -57   22   0  125   -8   35  +35   35   35  17  0  0 L3P E5
G01 FF 61064 200600  780 498 2804    -3405316     -7          -9    -49   21  75  106  -11   39  +11   39   11  15  0  0 L3P F7
G02 FF 61064 200600  780 845 3077     -237498    -58           7    +24   20  24   81   -1   27  -19   27  -19  13  0  0 L3P E1
G03 FF 61064 200600  780 190 2274    -5894849   +146          28    +40   38  57  248  -87   67  -54   67  -54  28  0  0 L3P 62
G08 FF 61064 200600  780 475 1787    -5004298   +101         -10    +56   25  12  109  +14   54  -38   54  -38  20  0  0 L3P 3B
G10 FF 61064 200600  780 308  559    +5847047     -9         -29    -33   28  42  157  +32   45  +14   45   14  22  0  0 L3P 00
G14 FF 61064 200600  780 219 3021    -7307927    -58          20    -35   30  90  215   -1   24  +35   24   35  22  0  0 L3P EF
G22 FF 61064 200600  780 184 3184     +549673    -83          -9    -38   43  20  254  -30   41  +17   41   17  31  0  0 L3P FB
G27 FF 61064 200600  780 207 1577     +255296   +106          37    +23   29  35  227  +74   69   +0   69    0  23  0  0 L3P F6
G32 FF 61064 200600  780 425  888    +1482619   -162         -24    +10   28  12  120   -3   44  -19   44  -19  22  0  0 L3P 13
G01 FF 61064 202200  780 568 2839    -3405275    +18          -8    -25   35  75   97   -8   34  +15   34   15  26  0  0 L3P FC
G02 FF 61064 202200  780 875  738     -237566    -89          19     -7   16  24   81   +0   21   +1   21    1  12  0  0 L3P 8D
G03 FF 61064 202200  780 258 2308    -5894760    +71          15    -35   31  57  186  -48   66   +5   66    5  21  0  0 L3P 01
G08 FF 61064 202200  780 400 1773    -5004262    +47         -17     +1   27  12  125  +20   66   +9   66    9  22  0  0 L3P D7
G10 FF 61064 202200  780 242  568    +5847048    +47         -51    +23   30  42  196  +51   55  -21   55  -21  24  0  0 L3P 10
G14 FF 61064 202200  780 214 2949    -7307961    +39           8    +62   37  90  220  +11   35  -39   35  -39  28  0  0 L3P 1C
G17 FF 61064 202200  780 118 3166     +425136     +7          -1   -107   38  59  391 -199   52  +57   52   57  29  0  0 L3P 21
G22 FF 61064 202200  780 200 3121     +549642    -23           4    +23   34  20  234  -13   26  -23   26  -23  26  0  0 L3P D3
G27 FF 61064 202200  780 139 1587     +255348    +47          10    -36   34  35  333 +159  104  +49  104   49  26  0  0 L3P 3F
G32 FF 61064 202200  780 430  790    +1482455   -121         -22    +52   33  12  118   +1   41  -45   41  -45  25  0  0 L3P FC
G01 FF 61064 203800  780 639 2872    -3405242    +94         -16    +52   17  75   90   -6   36  -38   36  -38  11  0  0 L3P 18
G02 FF 61064 203800  780 808 1085     -237641    -47          22    +35   20  24   82   +2   14  -21   14  -21  13  0  0 L3P CF
G03 FF 61064 203800  780 328 2345    -5894676   +132          -3    +26   28  57  149  -29   61  -27   61  -27  20  0  0 L3P 43
G08 FF 61064 203800  780 326 1765    -5004203    +86          -2    +40   38  12  149  +31   66  -11   66  -11  29  0  0 L3P 13
G10 FF 61064 203800  780 177  585    +5847098    -39         -24    -63   50  42  263  +93   30  +64   30   64  39  0  0 L3P 25
G14 FF 61064 203800  780 197 2879    -7307973     +5          17    +28   35  90  237  +26   34  -26   34  -26  29  0  0 L3P 30
G17 FF 61064 203800  780 179 3155     +425297    +67          52    -47   32  59  263  -87   -5  +22   -5   22  26  0  0 L3P 0E
G22 FF 61064 203800  780 206 3053     +549577    -85         -18    -39   40  20  228   +0   40  +26   40   26  28  0  0 L3P F9
G32 FF 61064 203800  780 418  696    +1482294   -164         -17     +9   19  12  121   +5   30   +6   30    6  14  0  0 L3P D3
G01 FF 61064 205400  780 712 2899    -3405189    +81          -3    +39   14  75   85   -4   30  -30   30  -30  10  0  0 L3P F0
G02 FF 61064 205400  780 737 1167     -237726   -107          15    -26   15  24   84   +3   22  +25   22   25  10  0  0 L3P DF
G03 FF 61064 205400  780 398 2386    -5894568    +85           3    -21   25  57  126  -20   46   +3   46    3  19  0  0 L3P F6
G08 FF 61064 205400  780 254 1761    -5004173     +8         -16    -38   24  12  188  +50   88  +25   88   25  18  0  0 L3P 1B
G10 FF 61064 205400  780 115  606    +5847137    +67          -8    +43   64  42  398 +210   19  -23   19  -23  47  0  0 L3P 23
G14 FF 61064 205400  780 171 2812    -7308014    -26          -2     -3   60  90  272  +48   49  +11   49   11  43  0  0 L3P F1
G17 FF 61064 205400  780 237 3135     +425350    +85          -5    -29   37  59  201  -47   38  +18   38   18  25  0  0 L3P 0A
G22 FF 61064 205400  780 199 2985     +549553     -2           2    +43   30  20  235  +14   31  -21   31  -21  23  0  0 L3P D5
G32 FF 61064 205400  780 390  614    +1482108   -125         -37    +48   31  12  128  +10   49  -26   49  -26  23  0  0 L3P 26
G01 FF 61064 211000  780 786 2907    -3405136    +27           9    -15   23  75   82   -2   22   +3   22    3  16  0  0 L3P AB
G02 FF 61064 211000  780 665 1220     -237792    -78          28     +4   17  24   88   +5   13   -6   13   -6  12  0  0 L3P AD
G03 FF 61064 211000  780 470 2431    -5894472    +92          -2    -14   24  57  111  -14   42   +2   42    2  16  0  0 L3P D2
G08 FF 61064 211000  780 184 1756    -5004139    +23         -25    -23   36  12  254  +94  110  +44  110   44  26  0  0 L3P 2D
G14 FF 61064 211000  780 136 2750    -7308027     -3           7    +20   38  90  337  +92   51  -13   51  -13  31  0  0 L3P E8
G17 FF 61064 211000  780 293 3103     +425462   +136          -2    +22   19  59  165  -29   34  -24   34  -24  13  0  0 L3P 0C
G22 FF 61064 211000  780 182 2918     +549518     -7          11    +38   38  20  255  +30   26  -18   26  -18  35  0  0 L3P FB
G32 FF 61064 211000  780 350  547    +1481946   -143         -33    +29   22  12  141  +16   46  -16   46  -16  16  0  0 L3P 1F
G01 FF 61064 212600  780 860 2797    -3405099    +66           6    +24   17  75   81   -1   23  -19   23  -19  12  0  0 L3P F4
G02 FF 61064 212600  780 593 1264     -237886   -123          13    -41   16  24   94   +7   31  +37   31   37  10  0  0 L3P E9
G03 FF 61064 212600  780 542 2483    -5894361    +81           8    -25   22  57  100   -9   27  +24   27   24  17  0  0 L3P F5
G04 FF 61064 212600  780 109 1896     -401849    -12          49    +11   56 123  427 -268   80  -15   80  -15  40  0  0 L3P 39
G08 FF 61064 212600  780 116 1752    -5004102    +54         -32     +9   53  12  394 +220  131  +11  131   11  37  0  0 L3P 1C
G17 FF 61064 212600  780 344 3057     +425587    +61          13    -53   22  59  143  -18   17  +22   17   22  16  0  0 L3P FE
G19 FF 61064 212600  780 137 3205    -6871042    +45         -14    +62   36  42  339 -143   69  -67   69  -67  29  0  0 L3P 5E
G22 FF 61064 212600  780 156 2855     +549482   -145          18    -99   37  20  297  +58   24  +96   24   96  30  0  0 L3P 39
G32 FF 61064 212600  780 301  496    +1481804   -165          -9     +8   24  12  161  +26   27   -7   27   -7  18  0  0 L3P E7
G01 FF 61064 214200  780 857 1460    -3405050    +79          14    +37   18  75   81   +1   14  -30   14  -30  12  0  0 L3P E5
G02 FF 61064 214200  780 521 1302     -237966    -83          11     -1   22  24  102  +10   36  +11   36   11  17  0  0 L3P C3
G03 FF 61064 214200  780 615 2544    -5894268   +102           0     -4   23  57   92   -7   29   -6   29   -6  15  0  0 L3P D1
G04 FF 61064 214200  780 179 1897     -401937    -38         -17    -16   39 123  264 -105  110   +0  110    0  30  0  0 L3P 22
G17 FF 61064 214200  780 386 2995     +425692   +126          10    +12   21  59  129  -11   16   -9   16   -9  17  0  0 L3P 05
G19 FF 61064 214200  780 194 3179    -6871038    +43           6    +60   36  42  243  -69   36  -47   36  -47  27  0  0 L3P 2D
G22 FF 61064 214200  780 121 2796     +549448   -116          28    -71   56  20  376 +114   32  +57   32   57  37  0  0 L3P 31
G28 FF 61064 214200  780 178  868    +6065016    -31          23    +26   35 193  263  -56   19  -40   19  -40  26  0  0 L3P 2D
G32 FF 61064 214200  780 246  460    +1481628   -170         -20     +3   26  12  193  +43   44  +19   44   19  18  0  0 L3P 03
G01 FF 61064 215800  780 781 1364    -3405016    +78           8    +36   20  75   83   +2   15  -24   15  -24  14  0  0 L3P E4
G02 FF 61064 215800  780 450 1337     -238051    -75           5     +7   25  24  114  +15   48   +7   48    7  18  0  0 L3P B9
G03 FF 61064 215800  780 688 2623    -5894165    +58           1    -48   19  57   87   -4   24  +33   24   33  14  0  0 L3P FB
G04 FF 61064 215800  780 251 1899     -401933    -55           9    -32   31 123  191  -54   75   +7   75    7  23  0  0 L3P ED
G17 FF 61064 215800  780 417 2917     +425798    +94           6    -20   28  59  121   -6   25   +4   25    4  19  0  0 L3P CE
G19 FF 61064 215800  780 247 3142    -6871069    +42          -9    +59   27  42  193  -38   35  -37   35  -37  21  0  0 L3P 3A
G28 FF 61064 215800  780 212  804    +6064947    -37           9    +20   30 193  222  -31   21  -36   21  -36  24  0  0 L3P 08
G31 FF 61064 215800  780 127 1119    +1708090    +16         -20    +36   59  14  363 -149   90  -37   90  -37  47  0  0 L3P 4A
G32 FF 61064 215800  780 187  436    +1481472   -120         -10    +53   38  12  250  +78   58  -15   58  -15  28  0  0 L3P 34
G01 FF 61064 221400  780 703 1369    -3404988    +78          -4    +36   15  76   86   +4   31  -21   31  -21  10  0  0 L3P F2
G02 FF 61064 221400  780 379 1369     -238137    -50          -9    +32   25   1  131  +21   67  -16   67  -16  18  0  0 L3P F6
G03 FF 61064 221400  780 758 2743    -5894075    +79          -8    -27   14  89   83   -3   31  +18   31   18  10  0  0 L3P 02
G04 FF 61064 221400  780 326 1902     -401946     -9          17    +14   26 124  150  -32   56  -22   56  -22  21  0  0 L3P FB
G17 FF 61064 221400  780 434 2826     +425901    +64          -1    -50   28  64  118   -2   23  +43   23   43  19  0  0 L3P DF
G19 FF 61064 221400  780 294 3091    -6871086    +30           4    +47   27  33  164  -23   35  -32   35  -32  19  0  0 L3P 14
G28 FF 61064 221400  780 238  733    +6064895    +30           8    +87   36 194  200  -16   16  -74   16  -74  27  0  0 L3P 24
G31 FF 61064 221400  780 178 1066    +1708072    -65         -16    -45   30  15  262  -72   65  +14   65   14  22  0  0 L3P 1A
G32 FF 61064 221400  780 127  423    +1481324   -378           8   -205   51  12  362 +171   83 +209   83  209  46  0  0 L3P 49
G01 FF 61064 223000  780 625 1388    -3404947    +41          -3     -1   18  76   91   +7   32   +1   32    1  13  0  0 L3P A2
G02 FF 61064 223000  780 309 1397     -238208    -94          -1    -12   29   1  157  +33   70  +19   70   19  20  0  0 L3P E0
G03 FF 61064 223000  780 821 3003    -5893972    +86          -7    -20   15  89   82   -1   30  +13   30   13  10  0  0 L3P DA
G04 FF 61064 223000  780 402 1903     -401962     +5          23    +27   31 124  125  -21   41  -36   41  -36  21  0  0 L3P E8
G06 FF 61064 223000  780 120 3053    +6054994    +17          15    -15   43  48  386 -202   34  -10   34  -10  34  0  0 L3P 1F
G09 FF 61064 223000  780 125 2081    -7704461     +9          45     +9   58  85  373 -203   73   +7   73    7  44  0  0 L3P EE
G17 FF 61064 223000  780 434 2728     +425998    +94         -13    -20   34  64  117   +2   30  +24   30   24  24  0  0 L3P F1
G19 FF 61064 223000  780 333 3026    -6871094    -14          12     +3   32  33  147  -13   23   -4   23   -4  28  0  0 L3P D8
G28 FF 61064 223000  780 251  658    +6064835    -45           2    +12   30 194  189   -6   16  -15   16  -15  23  0  0 L3P FE
G31 FF 61064 223000  780 226 1007    +1708058    -32         -11    -12   38  15  210  -40   49   -3   49   -3  30  0  0 L3P EA
G01 FF 61064 224600  780 547 1411    -3404905    +41          -2     -1   22  76   99  +10   33   -1   33   -1  14  0  0 L3P B7
G02 FF 61064 224600  780 240 1423     -238292   -164          -7    -83   35   1  197  +54   79  +70   79   70  27  0  0 L3P 0D
G03 FF 61064 224600  780 841   80    -5893863   +123           1    +18   13  89   81   +0   24  -14   24  -14   9  0  0 L3P C7
G04 FF 61064 224600  780 480 1901     -402014    -15          -7     +8   30 124  109  -14   54  -24   54  -24  22  0  0 L3P EF
G06 FF 61064 224600  780 184 3067    +6055016    +72           6    +40   48  48  255  -89   28  -44   28  -44  32  0  0 L3P 23
G09 FF 61064 224600  780 194 2097    -7704493    +40          13    +40   41  85  244  -87   94  -62   94  -62  33  0  0 L3P 3C
G17 FF 61064 224600  780 417 2633     +426112    +75          -8    -38   21  64  121   +6   32  +35   32   35  16  0  0 L3P DF
G19 FF 61064 224600  780 359 2947    -6871109    -70          14    -53   24  33  137   -7   21  +37   21   37  20  0  0 L3P 0E
G28 FF 61064 224600  780 253  583    +6064782    +14           3    +71   30 194  188   +4   14  -50   14  -50  23  0  0 L3P FA
G31 FF 61064 224600  780 266  939    +1708040     -3          -8    +17   33  15  180  -24   43  -25   43  -25  25  0  0 L3P F3
G01 FF 61064 230200  780 471 1435    -3404864    -25          -1    -67   17  76  110  +14   38  +54   38   54  14  0  0 L3P 08
G02 FF 61064 230200  780 173 1446     -238350    -14          14    +68   38   1  269 +103   73  -53   73  -53  28  0  0 L3P 0B
G03 FF 61064 230200  780 792  528    -5893755   +112           7     +7   12  89   82   +2   16  -10   16  -10  11  0  0 L3P D3
G04 FF 61064 230200  780 559 1891     -402028    -34           1    -12   24 124   98   -9   42  +14   42   14  17  0  0 L3P D2
G06 FF 61064 230200  780 250 3073    +6055031    +59          -9    +27   35  48  191  -49   32  -25   32  -25  22  0  0 L3P 14
G09 FF 61064 230200  780 265 2116    -7704463    -38          42    -38   33  85  182  -47   50  +10   50   10  28  0  0 L3P 12
G17 FF 61064 230200  780 386 2547     +426227   +109          -2     -5   36  64  129  +11   33  +13   33   13  30  0  0 L3P EA
G19 FF 61064 230200  780 371 2859    -6871125     -6          13    +11   34  33  134   -1   21   +1   21    1  28  0  0 L3P B5
G28 FF 61064 230200  780 241  511    +6064716    -23          -7    +34   32 194  197  +14   23  -24   23  -24  25  0  0 L3P 0D
G31 FF 61064 230200  780 298  863    +1708019     +5         -10    +26   48  15  162  -13   36  -25   36  -25  40  0  0 L3P 01
G01 FF 61064 231800  780 395 1457    -3404836    +58         -14    +16   26  76  127  +21   55   -6   55   -6  18  0  0 L3P 18
G03 FF 61064 231800  780 726  695    -5893668    +92          -7    -14   18  89   85   +3   27   +5   27    5  13  0  0 L3P DC
G04 FF 61064 231800  780 637 1864     -402059    -27          -8     -4   22 124   90   -6   40   -6   40   -6  15  0  0 L3P BF
G06 FF 61064 231800  780 316 3070    +6055070    +32          -1     +1   34  48  154  -30   23   +7   23    7  24  0  0 L3P BC
G09 FF 61064 231800  780 337 2137    -7704489    -47          17    -47   31  85  146  -29   53  +23   53   23  24  0  0 L3P 2E
G17 FF 61064 231800  780 343 2473     +426327   +133         -11    +19   27  64  143  +18   47   -2   47   -2  21  0  0 L3P 01
G19 FF 61064 231800  780 367 2767    -6871165    -15         -10     +2   25  33  135   +4   45  +12   45   12  20  0  0 L3P F7
G28 FF 61064 231800  780 217  445    +6064670   -132           1    -75   30 194  216  +28   25  +71   25   71  23  0  0 L3P 13
G31 FF 61064 231800  780 317  781    +1708006    -15          -4     +5   37  15  154   -6   25  -12   25  -12  29  0  0 L3P DA
G01 FF 61064 233400  780 321 1479    -3404800   +136         -18    +94   38  76  151  +32   67  -48   67  -48  26  0  0 L3P 50
G03 FF 61064 233400  780 656  792    -5893566    +56          -7    -50   19  89   89   +5   27  +41   27   41  12  0  0 L3P FD
G04 FF 61064 233400  780 712 1796     -402086    -42         -13    -20   26 124   85   -4   39   +9   39    9  18  0  0 L3P E2
G06 FF 61064 233400  780 383 3055    +6055078    +22         -24    -10   30  48  131  -20   36   +7   36    7  21  0  0 L3P EA
G09 FF 61064 233400  780 412 2160    -7704504    -33           2    -33   29  85  123  -19   55   +2   55    2  22  0  0 L3P D3
G17 FF 61064 233400  780 292 2411     +426443    +66          -4    -47   27  64  165  +28   55  +47   55   47  24  0  0 L3P 0C
G19 FF 61064 233400  780 347 2678    -6871170    -36           1    -19   30  33  142  +10   36  +18   36   18  24  0  0 L3P 07
G28 FF 61064 233400  780 183  387    +6064599    -35         -15    +22   43 194  254  +52   60  +37   60   37  32  0  0 L3P 31
G31 FF 61064 233400  780 321  695    +1707979    +27         -11    +48   28  15  151   +1   26  -44   26  -44  21  0  0 L3P 09
G01 FF 61064 235000  780 249 1498    -3404758    +91         -16    +49   26  76  191  +53   74   -8   74   -8  21  0  0 L3P 25
G03 FF 61064 235000  780 587  864    -5893473   +168         -15    +62   23  89   94   +7   33  -43   33  -43  17  0  0 L3P 2A
G04 FF 61064 235000  780 777 1621     -402102    -39          -8    -17   15 124   83   -2   31   +7   31    7   9  0  0 L3P A9
G06 FF 61064 235000  780 447 3023    +6055139     +7           7    -25   30  48  115  -13   14  +28   14   28  25  0  0 L3P E5
G09 FF 61064 235000  780 488 2185    -7704498    -24           8    -24   26  85  108  -13   43   +2   43    2  19  0  0 L3P F1
G17 FF 61064 235000  780 237 2358     +426538   +121         -18     +8   30  64  200  +47   76  +15   76   15  25  0  0 L3P 0E
G19 FF 61064 235000  780 313 2598    -6871188     +3           0    +20   31  33  155  +18   53   +2   53    2  24  0  0 L3P C2
G28 FF 61064 235000  780 141  340    +6064523    +45         -37   +102   62 194  326 +104  120  -26  120  -26  47  0  0 L3P 5D
G31 FF 61064 235000  780 311  613    +1707948     -5         -22    +16   31  15  156   +8   29   -6   29   -6  21  0  0 L3P CB
