CGGTTS     GENERIC DATA FORMAT VERSION = 2E
REV DATE = 2026-01-01                    
RCVR = POLARX5-TR                    R2CGGTTS v8.8    
CH = 99 
IMS = POLARX5-TR                    
LAB = PTB                           
X = +3844059.67 m 
Y =  +709661.67 m 
Z = +5023129.80 m 
FRAME = ITRF
COMMENTS =           IGS RINEX,AUSPOS XYZ          
INT DLY =   31.0 ns (GPS P1),   28.5 ns (GPS P2)     CAL_ID = 1001-2022           
CAB DLY =  205.7 ns 
REF DLY =   56.2 ns
REF = UTC(PTB)                      
CKSUM = 5E

SAT CL  MJD  STTIME TRKL ELV AZTH   REFSV      SRSV     REFSYS    SRSYS  DSG IOE MDTR SMDT MDIO SMDI MSIO SMSI ISG FR HC FRC CK
             hhmmss  s  .1dg .1dg    .1ns     .1ps/s     .1ns    .1ps/s .1ns     .1ns.1ps/s.1ns.1ps/s.1ns.1ps/s.1ns
G01 FF 61065 000600  780 178 1515    -3404715    +24         -14    -18   31  77  261 +100   87  +20   87   20  23  0  0 L3P 1D
G03 FF 61065 000600  780 518  925    -5893365    +42          -7    -64   18  90  103  +10   34  +48   34   48  13  0  0 L3P 01
G04 FF 61065 000600  780 804 1228     -402134    -16         -19     +6   19 125   82   +0   35  -13   35  -13  13  0  0 L3P DA
G06 FF 61065 000600  780 508 2968    +6055171    +28          -5     -4   25  10  104   -9   20   +1   20    1  17  0  0 L3P AD
G09 FF 61065 000600  780 565 2211    -7704497    -24           0    -24   17  10   97   -9   44  +17   44   17  14  0  0 L3P E0
G11 FF 61065 000600  780 102 3161    +4625314   -143          -7    -11   40 173  450 -268  110  -41  110  -41  26  0  0 L3P 4A
G17 FF 61065 000600  780 179 2314     +426682   +118          20     +4   52  65  261  +84   59   -9   59   -9  39  0  0 L3P FF
G19 FF 61065 000600  780 270 2527    -6871195    -19           7     -2   32  34  177  +30   52  +10   52   10  23  0  0 L3P E4
G31 FF 61065 000600  780 287  538    +1707936    -35         -13    -15   25  31  167  +17   23   -4   23   -4  18  0  0 L3P F4
G03 FF 61065 002200  780 450  979    -5893263   +136          -6    +31   22  90  114  +14   37  -16   37  -16  17  0  0 L3P 1B
G04 FF 61065 002200  780 770  867     -402149    -40         -11    -17   20 125   83   +2   30  +14   30   14  14  0  0 L3P C6
G06 FF 61065 002200  780 558 2881    +6055201   +105          -5    +73   22  10   98   -5   22  -48   22  -48  15  0  0 L3P 00
G09 FF 61065 002200  780 643 2238    -7704493     +7           4     +7   20  10   90   -6   32  -12   32  -12  14  0  0 L3P B1
G11 FF 61065 002200  780 164 3154    +4625165   -153         -30    -21   30 173  285 -107   88  -44   88  -44  21  0  0 L3P 5E
G17 FF 61065 002200  780 120 2274     +426767    +90          -4    -23   46  65  382 +183   94  +27   94   27  40  0  0 L3P 17
G19 FF 61065 002200  780 219 2466    -6871218    -16           1     +1   50  34  215  +50   75   +1   75    1  38  0  0 L3P C2
G31 FF 61065 002200  780 251  474    +1707908     +4         -22    +24   33  31  189  +29   31   -8   31   -8  25  0  0 L3P D9
G03 FF 61065 003800  780 383 1028    -5893161   +118          -6    +13   25  90  130  +20   41   +4   41    4  19  0  0 L3P E7
G04 FF 61065 003800  780 707  720     -402172     -6         -13    +17   17 125   86   +4   30  -17   30  -17  12  0  0 L3P CD
G06 FF 61065 003800  780 593 2758    +6055244    +70           7    +38   17  10   94   -2   16  -31   16  -31  14  0  0 L3P E9
G07 FF 61065 003800  780 137 1778    +1398361    +76          28    +25   29   2  340 -170   83  -23   83  -23  23  0  0 L3P 2D
G09 FF 61065 003800  780 721 2263    -7704493    +13           4    +13   13  10   85   -4   30  -20   30  -20  11  0  0 L3P C8
G11 FF 61065 003800  780 225 3138    +4625053   -212         -15    -80   41 173  211  -55   45  +55   45   55  27  0  0 L3P 3B
G19 FF 61065 003800  780 165 2413    -6871217    -89          18    -72   54  34  282  +94   68  +63   68   63  38  0  0 L3P 40
G26 FF 61065 003800  780 100  603    +3165832    +86          21    +27   87  73  451 -100    6   -1    6   -1  67  0  0 L3P CD
G31 FF 61065 003800  780 206  422    +1707886    -90         -23    -70   36  31  227  +52   43  +62   43   62  29  0  0 L3P 0C
G03 FF 61065 005400  780 317 1075    -5893059    +45          -5    -61   26  90  153  +29   49  +51   49   51  21  0  0 L3P 19
G04 FF 61065 005400  780 635  670     -402195    +32         -14    +54   25 125   90   +6   31  -39   31  -39  17  0  0 L3P EE
G06 FF 61065 005400  780 604 2607    +6055268    +48           1    +16   20  10   93   +0   25  -11   25  -11  15  0  0 L3P CC
G07 FF 61065 005400  780 207 1768    +1398412    +47          30     -4   36   2  229  -77   63  -21   63  -21  30  0  0 L3P FB
G09 FF 61065 005400  780 799 2277    -7704483    +12          14    +12   17  10   82   -2   19  -10   19  -10  12  0  0 L3P F4
G11 FF 61065 005400  780 284 3110    +4624940   -120          -1    +12   18 173  170  -33   36   -9   36   -9  13  0  0 L3P 06
G26 FF 61065 005400  780 118  539    +3165857    -23         -11    -82   60  73  385  -43   37  +85   37   85  50  0  0 L3P 27
G31 FF 61065 005400  780 155  383    +1707849    -31         -41    -10   29  31  299 +102   84  +54   84   54  22  0  0 L3P 23
G03 FF 61065 011000  780 253 1118    -5892951    +80           1    -26   31  90  188  +46   58  +34   58   34  23  0  0 L3P 05
G04 FF 61065 011000  780 563  658     -402206    -26          -3     -3   21 125   97   +8   24   -4   24   -4  16  0  0 L3P 9D
G06 FF 61065 011000  780 588 2457    +6055298     +4          -1    -27   17  10   94   +3   27  +21   27   21  11  0  0 L3P CC
G07 FF 61065 011000  780 278 1757    +1398438    +53           7     +2   20   2  173  -43   62  -27   62  -27  17  0  0 L3P EE
G09 FF 61065 011000  780 876 2156    -7704493     +5           3     +5   17  10   81   +0   26   -8   26   -8  11  0  0 L3P 9C
G11 FF 61065 011000  780 339 3068    +4624844   -154          29    -22   30 173  145  -20   13   +1   13    1  21  0  0 L3P F4
G21 FF 61065 011000  780 140 2918    -3868835    -84          -5    -14   52 101  333 -145   26  +20   26   20  41  0  0 L3P 21
G26 FF 61065 011000  780 127  472    +3165908    +79         -16    +20   39  73  361   -9   66   +6   66    6  30  0  0 L3P E3
G03 FF 61065 012600  780 189 1158    -5892847   +138           4    +32   28  90  247  +80   71  -27   71  -27  22  0  0 L3P 36
G04 FF 61065 012600  780 492  665     -402230    -35          -6    -12   24 125  107  +12   27   +9   27    9  18  0  0 L3P CC
G06 FF 61065 012600  780 549 2331    +6055312     -6         -17    -38   19  10   99   +6   47  +34   47   34  14  0  0 L3P F0
G07 FF 61065 012600  780 351 1745    +1398480    +30           0    -21   26   2  141  -27   60   -1   60   -1  19  0  0 L3P BF
G09 FF 61065 012600  780 844  680    -7704478    +33          18    +33   13  10   81   +1   16  -27   16  -27  10  0  0 L3P E5
G11 FF 61065 012600  780 387 3009    +4624708   -164          20    -33   32 173  129  -13   15  +21   15   21  23  0  0 L3P 22
G21 FF 61065 012600  780 202 2943    -3868882    -43          15    +27   31 101  234  -72    8   -9    8   -9  27  0  0 L3P F5
G26 FF 61065 012600  780 124  407    +3165977    +65          -4     +6   34  73  367  +22   84  +12   84   12  25  0  0 L3P EF
G03 FF 61065 014200  780 127 1195    -5892742   +106           7     +1   41  90  362 +173   76   +1   76    1  36  0  0 L3P ED
G04 FF 61065 014200  780 422  683     -402236    -47          10    -25   21 125  120  +16   18  +34   18   34  14  0  0 L3P E2
G06 FF 61065 014200  780 494 2238    +6055350    +75          -9    +43   30  10  106  +10   49  -26   49  -26  20  0  0 L3P 0F
G07 FF 61065 014200  780 425 1727    +1398533    +21           4    -30   29   2  120  -18   52  +22   52   22  25  0  0 L3P D8
G09 FF 61065 014200  780 768  669    -7704496     -5           0     -5   16  10   83   +3   28  +15   28   15  12  0  0 L3P B2
G11 FF 61065 014200  780 424 2932    +4624576   -124          14     +8   21 173  120   -7   18  -11   18  -11  15  0  0 L3P 0A
G16 FF 61065 014200  780 144  676    -1945992    -97          -1    -22   45  36  320  -58   25  +15   25   15  35  0  0 L3P 0B
G21 FF 61065 014200  780 266 2963    -3868951    -62          14     +8   32 101  180  -42   18  -18   18  -18  25  0  0 L3P 29
G26 FF 61065 014200  780 111  344    +3166018    +78         -20    +19   33  73  406  +63  105   +4  105    4  25  0  0 L3P F6
G30 FF 61065 014200  780 166 1939     -988055   -134          -5    -10   37  58  283 -118   94  -17   94  -17  30  0  0 L3P 47
G04 FF 61065 015800  780 354  708     -402265     -1           3    +22   22 125  139  +23   21  -17   21  -17  18  0  0 L3P D2
G06 FF 61065 015800  780 430 2172    +6055379    +27         -11     -4   27  10  118  +15   55   +7   55    7  20  0  0 L3P E0
G07 FF 61065 015800  780 498 1699    +1398573     -3          -5    -54   24   2  106  -12   49  +29   49   29  19  0  0 L3P 11
G09 FF 61065 015800  780 693  696    -7704489    +31           7    +31   18  10   86   +4   24  -18   24  -18  14  0  0 L3P EE
G11 FF 61065 015800  780 447 2838    +4624425    -70         -10    +62   32 173  115   -3   30  -61   30  -61  23  0  0 L3P 1C
G16 FF 61065 015800  780 166  608    -1946059   -138           4    -63   39  36  280  -27   22  +53   22   53  31  0  0 L3P 11
G21 FF 61065 015800  780 332 2977    -3869033    -52           0    +19   36 101  148  -27   23  -16   23  -16  29  0  0 L3P 26
G30 FF 61065 015800  780 236 1941     -988177   -114          -9    +10   33  58  202  -60   80  -19   80  -19  26  0  0 L3P 28
G04 FF 61065 021400  780 288  737     -402298    -46          -9    -23   32 126  167  +35   30  +14   30   14  23  0  0 L3P F5
G05 FF 61065 021400  780 113 3051    +2278406    +65          26    +58   34   1  409 -228   37  -76   37  -76  26  0  0 L3P 29
G06 FF 61065 021400  780 361 2124    +6055412    +48         -12    +16   23  11  137  +24   61   -2   61   -2  17  0  0 L3P E5
G07 FF 61065 021400  780 569 1655    +1398620    +68         -11    +17   21   4   97   -8   41  -23   41  -23  15  0  0 L3P F9
G09 FF 61065 021400  780 620  730    -7704499    +49          -3    +49   22  11   91   +6   31  -39   31  -39  15  0  0 L3P EB
G11 FF 61065 021400  780 452 2735    +4624309   -116           1    +16   26 174  114   +1   26   -7   26   -7  18  0  0 L3P EE
G16 FF 61065 021400  780 176  536    -1946116    -90          24    -15   50  37  264   -7   20  +22   20   22  35  0  0 L3P E3
G21 FF 61065 021400  780 400 2983    -3869096   -109           4    -39   23 102  126  -19   18  +23   18   23  18  0  0 L3P 29
G30 FF 61065 021400  780 309 1945     -988310   -110         -20    +14   23  59  158  -35   78  -24   78  -24  18  0  0 L3P 37
G04 FF 61065 023000  780 225  768     -402315    +14          -4    +37   36 126  210  +56   27  -18   27  -18  25  0  0 L3P FC
G05 FF 61065 023000  780 177 3063    +2278402    -29          16    -36   33   1  265  -97   35   -1   35   -1  25  0  0 L3P E5
G06 FF 61065 023000  780 291 2088    +6055433    +17         -22    -15   35  11  165  +38   75  +13   75   13  25  0  0 L3P 16
G07 FF 61065 023000  780 635 1579    +1398673    +89          -7    +38   19   4   90   -5   32  -33   32  -33  13  0  0 L3P F6
G09 FF 61065 023000  780 549  767    -7704488    -23           9    -23   17  11   99   +9   21  +19   21   19  12  0  0 L3P DF
G11 FF 61065 023000  780 439 2632    +4624179    -69          -3    +63   27 174  116   +5   30  -50   30  -50  21  0  0 L3P 0D
G16 FF 61065 023000  780 175  465    -1946211    -86           1    -11   45  37  266  +11   45  +24   45   24  35  0  0 L3P EA
G21 FF 61065 023000  780 469 2976    -3869171    -46          -3    +25   23 102  111  -13   26  -22   26  -22  16  0  0 L3P 24
G30 FF 61065 023000  780 383 1948     -988412   -134          -3    -10   28  59  131  -23   54  -14   54  -14  21  0  0 L3P 17
G04 FF 61065 024600  780 164  802     -402336     +2          -3    +24   47 126  283 +103   37  -30   37  -30  38  0  0 L3P F4
G05 FF 61065 024600  780 244 3069    +2278393    +27           0    +20   46   1  196  -52   39   -7   39   -7  34  0  0 L3P E4
G06 FF 61065 024600  780 221 2060    +6055468    +20         -17    -12   30  11  213  +65   85  +11   85   11  21  0  0 L3P FE
G07 FF 61065 024600  780 689 1450    +1398732    +35           2    -16   15   4   87   -3   24  +18   24   18  11  0  0 L3P D0
G09 FF 61065 024600  780 479  805    -7704481    -12          16    -12   18  11  109  +12   21  +11   21   11  14  0  0 L3P E9
G11 FF 61065 024600  780 409 2537    +4624054   -119          -1    +13   27 174  123   +9   28  -14   28  -14  21  0  0 L3P 22
G16 FF 61065 024600  780 161  397    -1946291    -66          -7     +9   33  37  287  +33   67  +22   67   22  26  0  0 L3P 06
G21 FF 61065 024600  780 538 2951    -3869241    -66          -6     +4   23 102  100   -9   21   -4   21   -4  17  0  0 L3P DB
G30 FF 61065 024600  780 458 1948     -988540   -104         -13    +20   31  59  113  -15   53  -35   53  -35  26  0  0 L3P 34
G05 FF 61065 030200  780 311 3066    +2278403    +44           3    +37   39   1  157  -32   37  -36   37  -36  28  0  0 L3P F7
G06 FF 61065 030200  780 152 2035    +6055538     -7          23    -39   59  11  304 +133   68  +41   68   41  47  0  0 L3P 12
G07 FF 61065 030200  780 720 1248    +1398775     +2          -4    -49   22   4   85   -1   28  +29   28   29  14  0  0 L3P CF
G09 FF 61065 030200  780 412  845    -7704484    -10          12    -10   21  11  122  +17   27   +8   27    8  17  0  0 L3P C9
G11 FF 61065 030200  780 366 2457    +4623912   -135         -17     -3   20 174  135  +16   44   +9   44    9  16  0  0 L3P 09
G16 FF 61065 030200  780 137  335    -1946402   -220         -46   -145   54  37  335  +71  116 +108  116  108  37  0  0 L3P 73
G21 FF 61065 030200  780 603 2896    -3869337   -139         -34    -68   15 102   93   -6   41  +47   41   47  10  0  0 L3P 2E
G30 FF 61065 030200  780 534 1943     -988644   -155           3    -31   24  59  101  -10   34  +18   34   18  17  0  0 L3P FF
G05 FF 61065 031800  780 378 3050    +2278405    +39          -1    +32   25   1  132  -21   35  -27   35  -27  18  0  0 L3P FD
G07 FF 61065 031800  780 717 1014    +1398831    +61           4    +10   19   4   85   +1   24   -8   24   -8  13  0  0 L3P AA
G09 FF 61065 031800  780 346  884    -7704488    +15           9    +15   21  11  142  +24   33   -9   33   -9  15  0  0 L3P E2
G11 FF 61065 031800  780 315 2390    +4623800   -162          -1    -30   36 174  154  +25   40  +30   40   30  26  0  0 L3P 10
G13 FF 61065 031800  780 155 2652    -6887272    -11         -11    -23   41  31  300 -117   45   -1   45   -1  33  0  0 L3P 08
G16 FF 61065 031800  780 103  280    -1946424     -1           4    +74   37  37  439 +158   96  -48   96  -48  26  0  0 L3P 1C
G21 FF 61065 031800  780 660 2792    -3869405    -71         -35     +0   21 102   88   -4   38   +6   38    6  14  0  0 L3P E0
G30 FF 61065 031800  780 611 1925     -988762    -70           4    +54   19  59   92   -7   28  -49   28  -49  14  0  0 L3P 00
G05 FF 61065 033400  780 443 3017    +2278423    -29          11    -36   27   1  116  -14   23  +25   23   25  22  0  0 L3P EA
G07 FF 61065 033400  780 681  835    +1398892    +44          15     -7   20   4   87   +3   15   +1   15    1  14  0  0 L3P 94
G09 FF 61065 033400  780 282  924    -7704483    -10          14    -10   30  11  170  +36   37   +6   37    6  22  0  0 L3P D0
G11 FF 61065 033400  780 257 2335    +4623662    -62         -13    +70   43 174  185  +41   58  -43   58  -43  32  0  0 L3P 42
G13 FF 61065 033400  780 217 2691    -6887248    -17           3    -29   37  31  218  -62   20  +19   20   19  28  0  0 L3P 10
G21 FF 61065 033400  780 698 2617    -3869464    -87         -26    -16   19 102   86   -1   32  +20   32   20  13  0  0 L3P 17
G30 FF 61065 033400  780 685 1880     -988883   -122           2     +2   15  59   87   -5   27   +4   27    4  11  0  0 L3P BA
G05 FF 61065 035000  780 504 2959    +2278423     +4           4     -3   18   1  105   -9   25   -5   25   -5  12  0  0 L3P 97
G07 FF 61065 035000  780 627  729    +1398939    +82          14    +31   19   4   91   +5   13  -15   13  -15  14  0  0 L3P DC
G09 FF 61065 035000  780 219  963    -7704490     +6           6     +6   24  11  215  +59   44   -1   44   -1  18  0  0 L3P B4
G11 FF 61065 035000  780 197 2289    +4623545    -64          -3    +68   34 174  237  +72   56  -51   56  -51  27  0  0 L3P 43
G13 FF 61065 035000  780 281 2731    -6887273    -41         -33    -52   32  31  172  -38   39  +38   39   38  25  0  0 L3P 31
G14 FF 61065 035000  780 156 1603    -7308560    -66          17    -43   40  93  300 -126   68  +46   68   46  32  0  0 L3P 2E
G21 FF 61065 035000  780 703 2390    -3869525    -71         -19     -1   19 102   86   +1   30   +2   30    2  13  0  0 L3P C3
G30 FF 61065 035000  780 753 1768     -989002    -88           1    +36   17  59   84   -2   27  -19   27  -19  11  0  0 L3P F1
G05 FF 61065 040600  780 555 2870    +2278436    +61          11    +54   25   1   98   -5   20  -39   20  -39  20  0  0 L3P E8
G07 FF 61065 040600  780 565  674    +1398972    +62          -3    +11   18   4   97   +7   24   -4   24   -4  13  0  0 L3P B8
G09 FF 61065 040600  780 158 1002    -7704497    +35          -1    +35   45  11  293 +110   58  -27   58  -27  38  0  0 L3P 35
G11 FF 61065 040600  780 136 2249    +4623399   -137         -22     -5   47 175  338 +148   79  +17   79   17  39  0  0 L3P 69
G13 FF 61065 040600  780 346 2770    -6887239     +9          -7     -2   23  48  142  -25   23  +12   23   12  19  0  0 L3P EE
G14 FF 61065 040600  780 222 1579    -7308587    +34          11    +56   37  94  214  -63   57  -51   57  -51  33  0  0 L3P 33
G21 FF 61065 040600  780 672 2190    -3869596    -48         -27    +22   18 103   88   +3   34   -9   34   -9  14  0  0 L3P 0E
G30 FF 61065 040600  780 800 1485     -989120   -134           9    -10   16  60   82   -1   22   -2   22   -2  12  0  0 L3P AE
G05 FF 61065 043400  780 599 2632    +2278442    +40           5    +34   23   1   93   +0   25  -22   25  -22  18  0  0 L3P CB
G07 FF 61065 043400  780 450  645    +1399057    +53          -4     +2   16   4  114  +14   28   -2   28   -2  12  0  0 L3P B1
G13 FF 61065 043400  780 465 2838    -6887219     +2          -7    -10   19  48  111  -13   23   +4   23    4  14  0  0 L3P D7
G14 FF 61065 043400  780 341 1525    -7308614    -45          23    -22   27  94  144  -26   38   +7   38    7  20  0  0 L3P F3
G15 FF 61065 043400  780 170 2922    -3797838    +19          22    +54   46  68  276 -104   20  -44   20  -44  38  0  0 L3P 44
G18 FF 61065 043400  780 128 3290    +4422831   -102          10     -6   31 139  359  -56   62   +5   62    5  23  0  0 L3P FB
G21 FF 61065 043400  780 566 1996    -3869710    -79         -22     -8   29 103   97   +8   33  +16   33   16  21  0  0 L3P 17
G22 FF 61065 043400  780 205 1636     +548308    -46          -5     -1   38  34  231  -79   69   +7   69    7  28  0  0 L3P DD
G30 FF 61065 043400  780 757  870     -989317   -108          20    +16    9  60   83   +2   18  -12   18  -12   6  0  0 L3P CE
G05 FF 61065 045000  780 589 2479    +2278456    -20          13    -27   22   1   94   +2   20  +16   20   16  15  0  0 L3P D5
G07 FF 61065 045000  780 384  649    +1399100   +108         -11    +57   22   4  130  +19   38  -42   38  -42  16  0  0 L3P 15
G08 FF 61065 045000  780 106  491    -5002867    +74         -21    +29   49  25  427  -54  103  -11  103  -11  34  0  0 L3P 32
G13 FF 61065 045000  780 537 2874    -6887212    +39         -11    +27   23  48  100  -10   28  -25   28  -25  19  0  0 L3P 33
G14 FF 61065 045000  780 408 1483    -7308635    -30          23     -7   24  94  124  -17   30   -2   30   -2  17  0  0 L3P DE
G15 FF 61065 045000  780 235 2942    -3797881    -78          12    -43   36  68  203  -56   28  +32   28   32  29  0  0 L3P 30
G18 FF 61065 045000  780 142 3227    +4422735    -83           6    +13   39 139  323  -21   61   -7   61   -7  27  0  0 L3P FD
G21 FF 61065 045000  780 494 1942    -3869769    -73         -14     -2   23 103  106  +12   34   +4   34    4  16  0  0 L3P FB
G22 FF 61065 045000  780 276 1613     +548256   -124         -14    -79   33  34  174  -44   65  +54   65   54  25  0  0 L3P 2E
G30 FF 61065 045000  780 693  759     -989431    -80          26    +44   20  60   86   +4   16  -26   16  -26  14  0  0 L3P E7
G05 FF 61065 050600  780 553 2348    +2278442     +2          -8     -5   26   1   98   +6   38   +6   38    6  19  0  0 L3P 9F
G07 FF 61065 050600  780 319  662    +1399164    +79           5    +28   30   4  152  +28   36  -26   36  -26  24  0  0 L3P F7
G08 FF 61065 050600  780 114  425    -5002831    -13         -28    -59   36  25  397  -11  109  +31  109   31  28  0  0 L3P 2D
G13 FF 61065 050600  780 610 2908    -6887196    +21          -5     +9   20  48   92   -7   24   -8   24   -8  13  0  0 L3P D1
G14 FF 61065 050600  780 472 1425    -7308682     +5          -2    +28   24  94  110  -11   41  -26   41  -26  18  0  0 L3P 00
G15 FF 61065 050600  780 303 2957    -3797915    -93          12    -58   40  68  160  -34   25  +42   25   42  34  0  0 L3P 26
G18 FF 61065 050600  780 146 3161    +4422636   -101           0     -5   35 139  315   +4   66   +7   66    7  25  0  0 L3P D9
G21 FF 61065 050600  780 418 1909    -3869830   -118          -8    -47   29 103  121  +18   39  +44   39   44  24  0  0 L3P 47
G22 FF 61065 050600  780 349 1584     +548216    -28         -10    +18   24  34  141  -27   55  -25   55  -25  17  0  0 L3P 1F
G30 FF 61065 050600  780 624  722     -989557    -89          18    +35   18  60   91   +6   23  -28   23  -28  13  0  0 L3P F0
G05 FF 61065 052200  780 501 2248    +2278457    +27           1    +20   27   1  105   +9   36  -15   36  -15  19  0  0 L3P DD
G07 FF 61065 052200  780 256  681    +1399202    +73          -6    +22   36   4  186  +44   57   +0   57    0  31  0  0 L3P C1
G08 FF 61065 052200  780 112  360    -5002766    -60          -7   -106   40  25  404  +26   84  +48   84   48  28  0  0 L3P 0E
G13 FF 61065 052200  780 685 2935    -6887181    +24          -2    +12   16  48   87   -5   18   +2   18    2  11  0  0 L3P CF
G14 FF 61065 052200  780 528 1346    -7308705    -35          -3    -12   22  94  101   -7   35  +14   35   14  15  0  0 L3P F0
G15 FF 61065 052200  780 372 2964    -3797961    -38          -1     -3   31  68  134  -23   32   -6   32   -6  23  0  0 L3P F1
G18 FF 61065 052200  780 139 3094    +4422540   -137          -3    -40   37 139  331  +30   67  +41   67   41  28  0  0 L3P 30
G21 FF 61065 052200  780 343 1887    -3869893   -106          -3    -36   28 103  143  +28   46  +45   46   45  22  0  0 L3P 46
G22 FF 61065 052200  780 421 1545     +548175    -17          -7    +29   25  34  121  -17   48  -24   48  -24  17  0  0 L3P 0B
G30 FF 61065 052200  780 554  716     -989677   -138          17    -14   18  60   98   +9   28  +15   28   15  14  0  0 L3P FD
G05 FF 61065 053800  780 438 2177    +2278455    -32          -8    -38   25   1  117  +15   47  +34   47   34  20  0  0 L3P 06
G07 FF 61065 053800  780 194  705    +1399273    +28          16    -24   32   4  241  +74   55  +50   55   50  24  0  0 L3P F5
G08 FF 61065 053800  780 100  298    -5002744    +13         -29    -33   41  25  451  +78   97  +33   97   33  33  0  0 L3P 19
G13 FF 61065 053800  780 762 2948    -6887164    +11           5     -1   17  48   83   -3   20   +2   20    2  12  0  0 L3P A7
G14 FF 61065 053800  780 573 1237    -7308734    +11         -10    +34   19  94   96   -4   39  -26   39  -26  14  0  0 L3P 1C
G15 FF 61065 053800  780 443 2959    -3797982    -48          12    -13   21  68  116  -15   19  +18   19   18  17  0  0 L3P 39
G18 FF 61065 053800  780 121 3028    +4422462    -61          12    +35   33 139  377  +70   53  -31   53  -31  26  0  0 L3P 2A
G21 FF 61065 053800  780 269 1871    -3869956    -81           2    -10   25 103  178  +46   54  +22   54   22  19  0  0 L3P 28
G22 FF 61065 053800  780 490 1491     +548108    -52         -31     -6   20  34  107  -11   59   +7   59    7  17  0  0 L3P DD
G23 FF 61065 053800  780 104 3279    -6039118    +39          36    +88   47 126  440 -234   33  -49   33  -49  37  0  0 L3P 62
G30 FF 61065 053800  780 484  725     -989786   -132          27     -8   26  60  108  +12   20   +3   20    3  18  0  0 L3P D4
G05 FF 61065 055400  780 369 2126    +2278468     +8          -1     +1   29   1  134  +22   50  +13   50   13  22  0  0 L3P C4
G07 FF 61065 055400  780 134  732    +1399279    -14         -28    -65   55   4  344 +151  114  +84  114   84  39  0  0 L3P 46
G13 FF 61065 055400  780 839 2894    -6887153    +67           5    +56   13  48   81   -1   21  -33   21  -33   8  0  0 L3P F1
G14 FF 61065 055400  780 598 1100    -7308752    +11          -6    +33   21  94   93   -1   37  -27   37  -27  16  0  0 L3P FD
G15 FF 61065 055400  780 515 2938    -3798031    -54          -3    -19   21  68  103  -11   22  +20   22   20  16  0  0 L3P 03
G21 FF 61065 055400  780 197 1858    -3870040    -62         -14     +8   47 103  238  +84   82  +16   82   16  31  0  0 L3P 2C
G22 FF 61065 055400  780 553 1413     +548069    -74         -27    -28   21  34   98   -7   56  +14   56   14  14  0  0 L3P FA
G23 FF 61065 055400  780 159 3249    -6039199     +2           1    +51   40 126  293  -97   59  -52   59  -52  30  0  0 L3P 27
G24 FF 61065 055400  780 123 2588    +1492514   -206         -25    -53   41  94  376 -186   61  +56   61   56  30  0  0 L3P 57
G30 FF 61065 055400  780 416  744     -989906   -170          26    -47   26  60  121  +16   27  +42   27   42  18  0  0 L3P 0F
G05 FF 61065 061000  780 299 2088    +2278464    -36          -7    -42   29  10  161  +35   70  +59   70   59  22  0  0 L3P 1E
G13 FF 61065 061000  780 873 1687    -6887125    +29          25    +17   14  51   81   +0   12   -5   12   -5  10  0  0 L3P D2
G14 FF 61065 061000  780 599  952    -7308759    -30           8     -8   25  95   93   +1   29   +4   29    4  18  0  0 L3P B6
G15 FF 61065 061000  780 584 2889    -3798078    -85         -18    -50   11  69   95   -7   33  +44   33   44   8  0  0 L3P 17
G21 FF 61065 061000  780 127 1847    -3870117    -72         -24     -2   28 104  361 +191  118  +35  118   35  22  0  0 L3P 4D
G22 FF 61065 061000  780 603 1300     +548049    -35          -9    +10   19  35   93   -4   42   -5   42   -5  13  0  0 L3P AE
G23 FF 61065 061000  780 209 3208    -6039239   -123          15    -74   31 127  226  -50   51  +63   51   63  28  0  0 L3P 32
G24 FF 61065 061000  780 185 2623    +1492388   -189         -17    -36   43  22  254  -86   44  +20   44   20  32  0  0 L3P 38
G30 FF 61065 061000  780 350  769     -990052   -165           0    -41   27  61  140  +24   64  +41   64   41  22  0  0 L3P DF
G05 FF 61065 062600  780 229 2058    +2278481    +13           3     +6   26  10  206  +60   85  +11   85   11  22  0  0 L3P DF
G13 FF 61065 062600  780 797 1425    -6887115    +35          24    +23   14  51   82   +2   19   +1   19    1  10  0  0 L3P C6
G14 FF 61065 062600  780 576  818    -7308791     -8          -2    +15   22  95   96   +4   44   +5   44    5  15  0  0 L3P B9
G15 FF 61065 062600  780 645 2794    -3798106    -38         -13     -3   21  69   90   -4   35   -6   35   -6  14  0  0 L3P EB
G17 FF 61065 062600  780 150 1198     +429219   +186         -20    +73   50  21  311 -116  186  -77  186  -77  38  0  0 L3P 77
G22 FF 61065 062600  780 634 1148     +548005    -61          -9    -16   24  35   90   -1   48  +22   48   22  17  0  0 L3P D7
G23 FF 61065 062600  780 252 3156    -6039290    -93          11    -44   30 127  189  -28   54  +21   54   21  23  0  0 L3P 26
G24 FF 61065 062600  780 249 2659    +1492248   -264          -9   -111   26  22  192  -48   40  +72   40   72  20  0  0 L3P 3C
G30 FF 61065 062600  780 286  797     -990151    -92          21    +32   28  61  168  +35   73  +14   73   14  22  0  0 L3P FC
G05 FF 61065 064200  780 161 2033    +2278515    -78          30    -85   39  10  288 +119  109 +123  109  123  30  0  0 L3P 69
G13 FF 61065 064200  780 717 1415    -6887124    -12           4    -23   17  51   85   +4   45  +32   45   32  10  0  0 L3P D6
G14 FF 61065 064200  780 533  717    -7308824    -26         -13     -3   16  95  101   +7   64  +28   64   28  11  0  0 L3P EF
G15 FF 61065 064200  780 689 2630    -3798142     -3         -15    +33   18  69   87   -2   46  -14   46  -14  12  0  0 L3P 0B
G17 FF 61065 064200  780 205 1148     +429354    +89           6    -25   27  21  230  -60  148   -5  148   -5  23  0  0 L3P FF
G22 FF 61065 064200  780 637  978     +547956    -60         -14    -15   17  35   90   +1   61  +24   61   24  13  0  0 L3P E0
G23 FF 61065 064200  780 286 3092    -6039345    -61           3    -12   33 127  168  -16   50   -1   50   -1  25  0  0 L3P F4
G24 FF 61065 064200  780 315 2695    +1492106   -202          -4    -49   32  22  155  -31   33  +38   33   38  24  0  0 L3P 1A
G30 FF 61065 064200  780 223  828     -990273     -8          18   +116   38  61  211  +57  116  -34  116  -34  28  0  0 L3P 26
G13 FF 61065 065800  780 637 1430    -6887133    -60         -16    -71   17  51   90   +6   75  +65   75   65  12  0  0 L3P 13
G14 FF 61065 065800  780 479  649    -7308832     -5           0    +17   22  95  109  +10   74  +12   74   12  15  0  0 L3P E8
G15 FF 61065 065800  780 700 2405    -3798172    -26         -11     +9   17  69   86   +0   55  +11   55   11  12  0  0 L3P EE
G17 FF 61065 065800  780 257 1092     +429459   +146           2    +32   30  21  186  -35  139  -30  139  -30  24  0  0 L3P 36
G19 FF 61065 065800  780 148 1327    -6871638    -75         -10    -58   34  37  315 -125  231   -2  231   -2  26  0  0 L3P 50
G22 FF 61065 065800  780 612  827     +547916    -33         -11    +12   20  35   92   +3   66   +5   66    5  14  0  0 L3P B4
G23 FF 61065 065800  780 308 3017    -6039390    -71           5    -22   35 127  158   -7   47   +8   47    8  26  0  0 L3P F4
G24 FF 61065 065800  780 383 2730    +1491960   -152          -3     +2   28  22  130  -21   47  +14   47   14  20  0  0 L3P 00
G30 FF 61065 065800  780 162  861     -990412   -158          -3    -34   44  61  286 +105  183  +86  183   86  33  0  0 L3P 4B
G10 FF 61065 071400  780 135 3308    +5848007    +64          -3    +41   41 163  341 -103   64  -27   64  -27  33  0  0 L3P 35
G12 FF 61065 071400  780 101 2143    +6068996    -86         -34    -89   51  59  455 -294  224  +92  224   92  41  0  0 L3P 76
G13 FF 61065 071400  780 558 1451    -6887121    -25         -15    -37   14  51   98   +9   98  +53   98   53  11  0  0 L3P 1B
G14 FF 61065 071400  780 418  606    -7308840    -44          14    -21   30  95  121  +15   84  +47   84   47  23  0  0 L3P 06
G15 FF 61065 071400  780 674 2195    -3798199     -4          -4    +31   15  69   87   +3   66   +1   66    1  12  0  0 L3P CD
G17 FF 61065 071400  780 302 1026     +429558    +61          -9    -52   29  21  160  -21  136  +29  136   29  22  0  0 L3P 1B
G19 FF 61065 071400  780 206 1287    -6871639    -13           5     +4   31  37  229  -64  191  -22  191  -22  27  0  0 L3P 30
G22 FF 61065 071400  780 567  718     +547884    -21           1    +24   21  35   97   +6   74  +14   74   14  15  0  0 L3P C3
G23 FF 61065 071400  780 315 2936    -6039449    +24          -7    +73   23 127  154   +0   64  -60   64  -60  17  0  0 L3P 21
G24 FF 61065 071400  780 453 2764    +1491808   -122          -8    +32   24  22  114  -15   64  -13   64  -13  17  0  0 L3P 26
G10 FF 61065 073000  780 173 3257    +5848025    +53          -7    +30   47 163  270  -52   83   -9   83   -9  35  0  0 L3P 16
G12 FF 61065 073000  780 169 2163    +6069020    +61         -13    +57   37  59  278 -112  200  -72  200  -72  31  0  0 L3P 56
G13 FF 61065 073000  780 480 1473    -6887118     -2         -23    -13   23  51  109  +14  131  +34  131   34  18  0  0 L3P 23
G14 FF 61065 073000  780 353  583    -7308884    -29          -8     -6   20  95  139  +23  127  +27  127   27  13  0  0 L3P 22
G15 FF 61065 073000  780 621 2053    -3798225     -6           4    +29   21  69   91   +5   76  +12   76   12  18  0  0 L3P D4
G17 FF 61065 073000  780 340  951     +429664   +120         -11     +6   24  21  144  -12  136   -4  136   -4  20  0  0 L3P ED
G19 FF 61065 073000  780 264 1240    -6871678    -20         -17     -3   28  37  182  -37  192   +0  192    0  19  0  0 L3P 19
G22 FF 61065 073000  780 511  649     +547838     +2          -1    +47   17  35  104   +9   95  -19   95  -19  13  0  0 L3P E1
G23 FF 61065 073000  780 308 2852    -6039491    -65          -2    -17   27 127  157   +7   69  +18   69   18  22  0  0 L3P 28
G24 FF 61065 073000  780 525 2795    +1491665   -196          -4    -43   22  22  102  -10   70  +41   70   41  16  0  0 L3P 16
G10 FF 61065 074600  780 201 3197    +5848059    +55           6    +33   36 163  234  -27   89  -11   89  -11  25  0  0 L3P 33
G12 FF 61065 074600  780 238 2185    +6069005    +12         -31     +9   31  59  201  -58  203  -27  203  -27  24  0  0 L3P 37
G13 FF 61065 074600  780 403 1495    -6887099    +31         -15    +20   21  51  124  +20  151  +19  151   19  18  0  0 L3P 40
G14 FF 61065 074600  780 288  574    -7308878    -31          20     -9   23  95  167  +35  137  +48  137   48  18  0  0 L3P 40
G15 FF 61065 074600  780 554 1967    -3798258    -50           5    -14   23  69   98   +9   93  +23   93   23  20  0  0 L3P 07
G17 FF 61065 074600  780 365  868     +429781    +96          -4    -18   24  21  136   -6  131  +21  131   21  18  0  0 L3P 05
G19 FF 61065 074600  780 319 1185    -6871686    -81          -9    -64   24  37  153  -23  170  +35  170   35  20  0  0 L3P 4C
G22 FF 61065 074600  780 449  608     +547802     +1           6    +47   33  35  114  +13  108  -19  108  -19  24  0  0 L3P FD
G23 FF 61065 074600  780 288 2772    -6039536    -37           0    +12   38 127  167  +15   84  +21   84   21  30  0  0 L3P 1F
G24 FF 61065 074600  780 600 2823    +1491511   -172         -10    -19   21  22   93   -7   84  +13   84   13  17  0  0 L3P 06
G10 FF 61065 080200  780 218 3130    +5848055    +34         -24    +11   27 164  216  -11  121   +4  121    4  20  0  0 L3P 09
G12 FF 61065 080200  780 309 2211    +6069021    +16         -22    +13   22  60  158  -34  164  -16  164  -16  18  0  0 L3P 3A
G13 FF 61065 080200  780 328 1515    -6887089    +18         -13     +7   25  52  148  +31  183  +32  183   32  17  0  0 L3P 3B
G14 FF 61065 080200  780 223  575    -7308907    -49           7    -27   40  96  211  +59  182  +68  182   68  34  0  0 L3P 34
G15 FF 61065 080200  780 480 1916    -3798292    -98          -2    -62   35  70  108  +13  117  +81  117   81  29  0  0 L3P 48
G17 FF 61065 080200  780 376  780     +429879    +94         -11    -19   25  23  132   -1  144  +15  144   15  19  0  0 L3P 17
G19 FF 61065 080200  780 367 1118    -6871688     -3           8    +15   29  38  135  -15  153  -28  153  -28  21  0  0 L3P 39
G22 FF 61065 080200  780 385  589     +547741    -73         -12    -28   25  36  130  +19  144  +38  144   38  18  0  0 L3P 31
G23 FF 61065 080200  780 255 2698    -6039587    -66          -2    -17   35 128  187  +26  113  +38  113   38  26  0  0 L3P 60
G24 FF 61065 080200  780 676 2842    +1491364   -130         -12    +23   15  25   87   -5   92   +0   92    0  10  0  0 L3P DE
G10 FF 61065 081800  780 223 3059    +5848097    +89          -4    +66   32 164  211   +1  120  -31  120  -31  24  0  0 L3P 33
G12 FF 61065 081800  780 381 2239    +6069039     +2          -7     -1   23  60  131  -22  143   -6  143   -6  17  0  0 L3P ED
G13 FF 61065 081800  780 255 1534    -6887070    +95          -5    +83   35  52  186  +50  221  -10  221  -10  27  0  0 L3P 40
G14 FF 61065 081800  780 159  584    -7308948    -27         -11     -4   46  96  291 +113  245  +57  245   57  42  0  0 L3P 57
G15 FF 61065 081800  780 406 1885    -3798340    +71         -16   +107   28  70  124  +20  148  -48  148  -48  21  0  0 L3P 77
G17 FF 61065 081800  780 372  692     +429974   +171         -25    +57   19  23  133   +4  160  -36  160  -36  15  0  0 L3P 3B
G19 FF 61065 081800  780 407 1038    -6871714     +6          -2    +23   28  38  124   -9  145  -21  145  -21  21  0  0 L3P 1D
G22 FF 61065 081800  780 320  583     +547719     -8           9    +38   23  36  152  +28  158   +9  158    9  17  0  0 L3P E9
G23 FF 61065 081800  780 213 2632    -6039636   -111          -5    -63   34 128  221  +46  138  +64  138   64  27  0  0 L3P 5E
G24 FF 61065 081800  780 752 2839    +1491224   -184          -3    -30   13  25   84   -3   95  +24   95   24  10  0  0 L3P 05
G10 FF 61065 083400  780 216 2986    +5848101    +41         -22    +18   32 164  218  +13  146   -9  146   -9  23  0  0 L3P 41
G12 FF 61065 083400  780 455 2269    +6069055    -34           5    -38   18  60  113  -15  126  +18  126   18  13  0  0 L3P 2B
G13 FF 61065 083400  780 185 1550    -6887066    +17         -12     +5   36  52  253  +94  293  +79  293   79  27  0  0 L3P 5A
G15 FF 61065 083400  780 331 1864    -3798355    -92           2    -57   33  70  147  +30  168  +83  168   83  26  0  0 L3P 48
G17 FF 61065 083400  780 353  611     +430077    +92         -31    -22   38  23  140   +9  176  +36  176   36  26  0  0 L3P 0F
G19 FF 61065 083400  780 434  945    -6871735    -37          -6    -20   31  38  118   -4  151  +16  151   16  23  0  0 L3P 1A
G22 FF 61065 083400  780 256  587     +547683    -31          17    +15   25  36  186  +44  187  +28  187   28  19  0  0 L3P 38
G23 FF 61065 083400  780 164 2574    -6039687    +16          -8    +65   41 128  282  +85  174  -14  174  -14  31  0  0 L3P 69
G24 FF 61065 083400  780 828 2746    +1491088   -166           7    -12   15  25   81   -1   98  +18   98   18  11  0  0 L3P 0D
G10 FF 61065 085000  780 197 2915    +5848114     -6         -31    -29   34 164  238  +29  167  +40  167   40  27  0  0 L3P 56
G12 FF 61065 085000  780 531 2303    +6069031    -13         -22    -17   22  60  101  -11  140   +6  140    6  16  0  0 L3P F2
G13 FF 61065 085000  780 116 1563    -6887050    +92          -6    +80   47  52  395 +225  381  +32  381   32  33  0  0 L3P 50
G15 FF 61065 085000  780 258 1849    -3798412    -42         -21     -7   27  70  184  +49  226  +62  226   62  23  0  0 L3P 4A
G17 FF 61065 085000  780 321  542     +430204    +71         -13    -42   29  23  152  +16  179  +53  179   53  21  0  0 L3P 12
G19 FF 61065 085000  780 444  844    -6871740    +31           5    +48   21  38  115   +0  147  -27  147  -27  17  0  0 L3P 1B
G22 FF 61065 085000  780 194  599     +547645     -8          22    +38   39  36  241  +75  225  +31  225   31  33  0  0 L3P 10
G23 FF 61065 085000  780 112 2522    -6039733   -130          -7    -81   35 128  406 +189  221 +115  221  115  29  0  0 L3P 83
G24 FF 61065 085000  780 866 1866    +1490943   -108           9    +46   13  25   81   +0  104  -23  104  -23   8  0  0 L3P 11
G25 FF 61065 085000  780 135 2406    -4478175    -54          26    -78   60  11  344 -161  220  +43  220   43  41  0  0 L3P 45
G32 FF 61065 085000  780 156 3195    +1474737    -97          22    +76   32  53  300 -111  159  -24  159  -24  24  0  0 L3P 62
G10 FF 61065 090600  780 167 2849    +5848163    +30          -4     +7   50 164  278  +56  167  +15  167   15  42  0  0 L3P 47
G12 FF 61065 090600  780 608 2339    +6069048    +16          -9    +13   21  60   93   -7  127  -13  127  -13  15  0  0 L3P 1C
G15 FF 61065 090600  780 188 1837    -3798441     -5         -16    +30   40  70  249  +90  295  +53  295   53  30  0  0 L3P 4D
G17 FF 61065 090600  780 279  486     +430308    +89         -18    -24   28  23  172  +27  199  +49  199   49  22  0  0 L3P 4C
G19 FF 61065 090600  780 436  745    -6871769    -15          -7     +2   20  38  117   +4  158  +14  158   14  16  0  0 L3P 13
G22 FF 61065 090600  780 133  617     +547585    -15           6    +30   48  36  345 +152  282  +22  282   22  42  0  0 L3P 14
G24 FF 61065 090600  780 800 1438    +1490797   -139          11    +14   15  25   82   +2  110   +8  110    8  10  0  0 L3P F0
G25 FF 61065 090600  780 199 2440    -4478154    -69          25    -93   36  11  237  -76  203  +58  203   58  26  0  0 L3P 58
G32 FF 61065 090600  780 212 3170    +1474567   -146          18    +27   44  53  223  -57  165  -18  165  -18  31  0  0 L3P 61
G10 FF 61065 092200  780 129 2787    +5848168    -18         -20    -41   51 164  354 +111  208  +59  208   59  38  0  0 L3P 80
G12 FF 61065 092200  780 685 2380    +6069051    +24          -9    +21   16  60   87   -5  123  -18  123  -18  11  0  0 L3P 16
G15 FF 61065 092200  780 120 1825    -3798495    +16         -36    +51   42  70  381 +206  391  +58  391   58  32  0  0 L3P 6C
G17 FF 61065 092200  780 230  443     +430432   +131          -3    +18   27  23  205  +45  217  +18  217   18  21  0  0 L3P 04
G19 FF 61065 092200  780 411  655    -6871784    -49          -6    -32   25  38  123   +8  170  +28  170   28  18  0  0 L3P 28
G24 FF 61065 092200  780 722 1394    +1490639   -182           0    -29   12  25   85   +4  128  +33  128   33   8  0  0 L3P 08
G25 FF 61065 092200  780 265 2475    -4478128    -18          28    -42   37  11  181  -44  190  -12  190  -12  27  0  0 L3P 50
G32 FF 61065 092200  780 266 3134    +1474396   -193          12    -20   29  53  181  -33  165  +12  165   12  21  0  0 L3P 43
G06 FF 61065 093800  780 154  899    +6056263    +87         -15    +55   32  14  303  -87  308  -60  308  -60  25  0  0 L3P 59
G12 FF 61065 093800  780 763 2431    +6069066    +13           3     +9   18  60   83   -3  118   +0  118    0  13  0  0 L3P C3
G17 FF 61065 093800  780 176  413     +430538   +174          -7    +60   50  23  264  +81  255   -8  255   -8  37  0  0 L3P 19
G19 FF 61065 093800  780 373  581    -6871811     +6         -16    +23   29  38  133  +14  193   -4  193   -4  24  0  0 L3P 1D
G24 FF 61065 093800  780 643 1395    +1490509   -183          18    -30   20  25   90   +6  128  +38  128   38  13  0  0 L3P 33
G25 FF 61065 093800  780 332 2513    -4478116    +53          17    +29   25  11  148  -28  172  -45  172  -45  19  0  0 L3P 55
G32 FF 61065 093800  780 313 3085    +1474233   -127          16    +46   33  53  155  -20  164  -32  164  -32  24  0  0 L3P 51
G06 FF 61065 095400  780 195  837    +6056307     -8          -1    -40   29  14  241  -46  268  -16  268  -16  21  0  0 L3P 2F
G12 FF 61065 095400  780 840 2521    +6069083     +8          17     +4   13  60   81   -1  118   +9  118    9   9  0  0 L3P BE
G17 FF 61065 095400  780 120  393     +430624    +81         -29    -33   38  23  382 +179  324  +66  324   66  31  0  0 L3P 3E
G19 FF 61065 095400  780 324  524    -6871825     +0         -14    +17   30  38  150  +23  214   +7  214    7  21  0  0 L3P F3
G24 FF 61065 095400  780 565 1409    +1490358   -180          14    -27   20  25   97   +9  149  +32  149   32  13  0  0 L3P 35
G25 FF 61065 095400  780 400 2553    -4478098    +59          11    +35   33  11  126  -19  162  -35  162  -35  23  0  0 L3P 4B
G32 FF 61065 095400  780 352 3020    +1474073   -132          21    +41   27  53  140  -12  157  -29  157  -29  21  0  0 L3P 47
G06 FF 61065 101000  780 228  770    +6056341     -2          -1    -34   39  36  208  -25  253  +31  253   31  30  0  0 L3P F7
G11 FF 61065 101000  780 121 1200    +4620562   -134          32     -2   64 179  381 -173  384  -37  384  -37  52  0  0 L3P 5D
G12 FF 61065 101000  780 879  384    +6069077    +24           4    +20   17  61   81   +0  129  -10  129  -10  11  0  0 L3P E8
G19 FF 61065 101000  780 268  484    -6871822     +9           8    +26   28  39  178  +37  231  +32  231   32  21  0  0 L3P 0C
G24 FF 61065 101000  780 488 1428    +1490213   -194          17    -40   19  25  107  +13  170  +59  170   59  14  0  0 L3P 45
G25 FF 61065 101000  780 470 2595    -4478076    +49           6    +25   22  12  111  -13  158  -19  158  -19  15  0  0 L3P 38
G32 FF 61065 101000  780 378 2943    +1473898   -167          12     +6   29  55  132   -6  163   -7  163   -7  21  0  0 L3P 1D
G06 FF 61065 102600  780 251  696    +6056375    +10           2    -22   27  36  190  -13  243  +22  243   22  22  0  0 L3P FF
G11 FF 61065 102600  780 176 1153    +4620428   -131          24     +1   33 179  266  -81  316  -79  316  -79  28  0  0 L3P 62
G12 FF 61065 102600  780 805  645    +6069087    -29          11    -32   13  61   82   +2  124  +27  124   27   9  0  0 L3P EC
G19 FF 61065 102600  780 208  457    -6871827     +3          20    +20   30  39  226  +65  255  +32  255   32  22  0  0 L3P 11
G24 FF 61065 102600  780 413 1447    +1490051   -197           2    -44   22  25  122  +19  200  +54  200   54  16  0  0 L3P 1B
G25 FF 61065 102600  780 542 2640    -4478040    +53          19    +29   24  12  100   -9  146  -30  146  -30  17  0  0 L3P 23
G28 FF 61065 102600  780 136 3051    +6062425    -14          25    +43   33 200  342 -158  241  -41  241  -41  23  0  0 L3P 4B
G29 FF 61065 102600  780 167 2003    +3870829   -102          29    -37   28  28  280 -117  321   -8  321   -8  20  0  0 L3P 48
G32 FF 61065 102600  780 391 2855    +1473736   -127          15    +46   22  55  128   -1  165  -19  165  -19  20  0  0 L3P 4D
G06 FF 61065 104200  780 261  619    +6056398    +83          -6    +51   30  36  183   -3  248  -34  248  -34  22  0  0 L3P 23
G11 FF 61065 104200  780 229 1100    +4620294   -165          16    -33   29 179  207  -45  287  -44  287  -44  21  0  0 L3P 6E
G12 FF 61065 104200  780 729  711    +6069083    -21           4    -24   16  61   84   +3  141  +30  141   30  12  0  0 L3P D2
G19 FF 61065 104200  780 145  441    -6871835    -11          28     +6   58  39  317 +135  293  +24  293   24  46  0  0 L3P 39
G24 FF 61065 104200  780 340 1467    +1489910   -196           8    -42   22  25  144  +28  221  +65  221   65  17  0  0 L3P 38
G25 FF 61065 104200  780 614 2689    -4478021    +65          15    +42   24  12   92   -7  142  -47  142  -47  16  0  0 L3P 26
G28 FF 61065 104200  780 200 3060    +6062355   -141           9    -84   42 200  236  -75  234  +42  234   42  30  0  0 L3P 32
G29 FF 61065 104200  780 238 2014    +3870741    -22           4    +43   30  28  200  -59  271 -112  271 -112  26  0  0 L3P 41
G32 FF 61065 104200  780 387 2763    +1473564   -191           9    -18   27  55  129   +3  181  +46  181   46  20  0  0 L3P 35
G06 FF 61065 105800  780 258  543    +6056425    +32          -9     +0   36  36  185   +6  255   +1  255    1  25  0  0 L3P D7
G11 FF 61065 105800  780 277 1039    +4620160   -116          10    +16   33 179  174  -27  251  -21  251  -21  27  0  0 L3P 58
G12 FF 61065 105800  780 655  762    +6069097    -51          14    -54   19  61   89   +5  144  +37  144   37  13  0  0 L3P 18
G24 FF 61065 105800  780 269 1485    +1489754   -141          -1    +12   22  25  178  +44  268  +25  268   25  17  0  0 L3P 59
G25 FF 61065 105800  780 688 2745    -4478005    +39           8    +15   18  12   87   -5  136  -13  136  -13  14  0  0 L3P 21
G28 FF 61065 105800  780 265 3061    +6062262    -20         -30    +37   36 200  181  -43  243  -55  243  -55  24  0  0 L3P 58
G29 FF 61065 105800  780 312 2026    +3870660    -17         -15    +48   26  28  156  -35  244  -57  244  -57  21  0  0 L3P 60
G32 FF 61065 105800  780 367 2673    +1473422   -191          32    -18   31  55  135   +9  181  +25  181   25  22  0  0 L3P 39
G06 FF 61065 111400  780 242  471    +6056470    +28           5     -4   30  36  196  +17  249  +15  249   15  22  0  0 L3P FE
G11 FF 61065 111400  780 317  969    +4620029   -142           5    -10   29 179  153  -16  234  -27  234  -27  21  0  0 L3P 42
G12 FF 61065 111400  780 583  807    +6069086    +20           0    +16   19  61   95   +8  165   -4  165   -4  13  0  0 L3P D9
G24 FF 61065 111400  780 200 1501    +1489628   -138          21    +15   31  25  235  +78  305  +77  305   77  25  0  0 L3P 44
G25 FF 61065 111400  780 762 2819    -4478009    -26         -18    -50   16  12   83   -3  148  +35  148   35  11  0  0 L3P 2A
G28 FF 61065 111400  780 330 3051    +6062217    -49         -19     +8   37 200  148  -27  213  -28  213  -28  28  0  0 L3P 4D
G29 FF 61065 111400  780 387 2039    +3870602    -53         -11    +12   25  28  129  -22  207  -40  207  -40  16  0  0 L3P 45
G32 FF 61065 111400  780 335 2592    +1473221   -121          -2    +52   29  55  146  +15  221  -22  221  -22  21  0  0 L3P 2D
G06 FF 61065 113000  780 214  407    +6056496   +117           1    +85   30  36  219  +33  264  -37  264  -37  23  0  0 L3P 30
G11 FF 61065 113000  780 348  890    +4619899    -87           2    +44   26 179  142   -9  217  -47  217  -47  21  0  0 L3P 41
G12 FF 61065 113000  780 512  851    +6069087    +11          -2     +7   22  61  104  +10  177   +8  177    8  15  0  0 L3P D9
G24 FF 61065 113000  780 133 1515    +1489439   -211         -20    -57   30  25  347 +169  419 +142  419  142  23  0  0 L3P 88
G25 FF 61065 113000  780 835 2970    -4477972    +59          -4    +35   15  12   81   -1  139  -21  139  -21  10  0  0 L3P 1E
G28 FF 61065 113000  780 395 3028    +6062169    -20         -13    +37   25 200  127  -18  188  -46  188  -46  18  0  0 L3P 70
G29 FF 61065 113000  780 464 2052    +3870537    -56         -13     +9   30  28  112  -15  187  -27  187  -27  25  0  0 L3P 4A
G31 FF 61065 113000  780 101 3121    +1707113    -18          12     +2   51  37  456 -285  299   -7  299   -7  35  0  0 L3P 1D
G32 FF 61065 113000  780 291 2522    +1473076   -235          19    -62   29  55  165  +25  226  +75  226   75  22  0  0 L3P 4F
G06 FF 61065 114600  780 176  352    +6056525   +124          -1    +92   50  36  264  +62  285  -33  285  -33  37  0  0 L3P 46
G11 FF 61065 114600  780 364  803    +4619778   -174           7    -43   21 179  136   -3  196  +23  196   23  19  0  0 L3P 3F
G12 FF 61065 114600  780 443  894    +6069087     -6          -6     -9   25  61  115  +15  186  +26  186   26  18  0  0 L3P 15
G25 FF 61065 114600  780 873  445    -4477936    +20           9     -4   19  12   81   +0  134   +9  134    9  13  0  0 L3P C3
G28 FF 61065 114600  780 456 2986    +6062105    -69         -22    -12   28 200  113  -12  184   -5  184   -5  19  0  0 L3P 46
G29 FF 61065 114600  780 542 2064    +3870475    -71         -13     -6   26  28  100  -10  168   +3  168    3  19  0  0 L3P 11
G31 FF 61065 114600  780 166 3119    +1707054    +16         -27    +36   34  37  283 -110  297  -69  297  -69  26  0  0 L3P 7E
G32 FF 61065 114600  780 241 2461    +1472895   -182           4     -9   37  55  197  +42  265  +45  265   45  28  0  0 L3P 40
G06 FF 61065 120200  780 131  308    +6056577     -1          17    -33   43  37  351 +128  294  +23  294   23  30  0  0 L3P 1C
G11 FF 61065 120200  780 366  714    +4619649   -126           5     +5   25 180  135   +2  198  -13  198  -13  20  0  0 L3P 20
G12 FF 61065 120200  780 376  936    +6069098    +25          -1    +22   22  62  132  +21  209   +6  209    6  16  0  0 L3P F1
G25 FF 61065 120200  780 806  904    -4477931    +22         -10     -2   14  15   82   +2  144  -11  144  -11   9  0  0 L3P E1
G28 FF 61065 120200  780 511 2919    +6062068    -54          -5     +3   19 200  104   -8  159   +0  159    0  14  0  0 L3P EF
G29 FF 61065 120200  780 621 2069    +3870415    -91          -7    -26   21  29   92   -7  152   +3  152    3  16  0  0 L3P E9
G31 FF 61065 120200  780 230 3109    +1707042    +61         -18    +82   28  38  207  -56  255  -75  255  -75  21  0  0 L3P 4E
G32 FF 61065 120200  780 186 2409    +1472737   -203          16    -30   47  56  251  +75  295  +76  295   76  33  0  0 L3P 5E
G11 FF 61065 121800  780 352  630    +4619509   -166          -8    -35   36 180  140   +7  202  +32  202   32  24  0  0 L3P 21
G12 FF 61065 121800  780 310  977    +6069097    +10          -5     +7   22  62  156  +30  243  +33  243   33  15  0  0 L3P 02
G25 FF 61065 121800  780 732 1005    -4477914     +3         -16    -21   21  15   84   +3  147   +7  147    7  14  0  0 L3P E4
G28 FF 61065 121800  780 554 2822    +6062009    -39          -9    +18   21 200   98   -4  159  -26  159  -26  15  0  0 L3P 3F
G29 FF 61065 121800  780 700 2060    +3870354    -45          -6    +20   18  29   86   -4  141  -12  141  -12  13  0  0 L3P 0B
G31 FF 61065 121800  780 293 3086    +1707031    +32          -9    +52   33  38  165  -33  226  -56  226  -56  25  0  0 L3P 43
G32 FF 61065 121800  780 129 2363    +1472564   -212           8    -39   78  56  357 +157  367 +112  367  112  57  0  0 L3P 89
G11 FF 61065 123400  780 325  555    +4619375   -162         -16    -30   23 180  150  +14  214  +23  214   23  18  0  0 L3P 40
G12 FF 61065 123400  780 246 1016    +6069098    -62          -8    -66   24  62  193  +47  273  +82  273   82  19  0  0 L3P 4A
G25 FF 61065 123400  780 657 1067    -4477888    +12         -13    -12   17  15   89   +5  151  +16  151   16  12  0  0 L3P 27
G26 FF 61065 123400  780 187 2890    +3168383    +34          34    -26   36  27  252  -85  273  -33  273  -33  30  0  0 L3P 57
G28 FF 61065 123400  780 579 2694    +6061949    -79         -15    -22   24 200   95   -1  160  +17  160   17  15  0  0 L3P 43
G29 FF 61065 123400  780 777 2004    +3870283    -65         -14     +0   17  29   83   -2  140  -15  140  -15  13  0  0 L3P 13
G31 FF 61065 123400  780 354 3050    +1707019    -59          -2    -39   31  38  140  -21  195  +10  195   10  22  0  0 L3P 1F
G11 FF 61065 125000  780 285  493    +4619248   -157         -16    -25   32 180  168  +24  221  +43  221   43  23  0  0 L3P 51
G12 FF 61065 125000  780 184 1055    +6069098    +53         -11    +50   28  62  254  +83  316  +12  316   12  24  0  0 L3P 37
G18 FF 61065 125000  780 133 1803    +4419968    +44          24   +140   25 144  350 -182  412 -142  412 -142  21  0  0 L3P 8D
G25 FF 61065 125000  780 583 1117    -4477866    +36         -13    +13   18  15   95   +8  159   +8  159    8  15  0  0 L3P 16
G26 FF 61065 125000  780 251 2911    +3168428    +50          22     -9   41  27  190  -48  236  -34  236  -34  31  0  0 L3P 30
G28 FF 61065 125000  780 580 2550    +6061899    -40         -10    +17   17 200   95   +1  162   -9  162   -9  14  0  0 L3P 19
G29 FF 61065 125000  780 843 1718    +3870215    -55         -20    +10   18  29   81   -1  143   -3  143   -3  13  0  0 L3P FC
G31 FF 61065 125000  780 408 2995    +1706997    -86          -4    -65   25  38  124  -13  177  +36  177   36  18  0  0 L3P 58
G11 FF 61065 130600  780 237  444    +4619142   -115           4    +17   30 180  199  +41  220   -5  220   -5  23  0  0 L3P 08
G18 FF 61065 130600  780 203 1797    +4419885    -86          34    +11   27 144  233  -81  320  -61  320  -61  22  0  0 L3P 5A
G21 FF 61065 130600  780 119  670    -3871852   -118           4    -47   47 107  386  -95  289   +1  289    1  39  0  0 L3P 38
G25 FF 61065 130600  780 510 1161    -4477847    +41         -18    +18   15  15  104  +11  174   +4  174    4  11  0  0 L3P 0E
G26 FF 61065 130600  780 318 2927    +3168483    +65          20     +6   35  27  153  -30  207  -45  207  -45  26  0  0 L3P 3A
G28 FF 61065 130600  780 556 2415    +6061838    -99         -17    -42   22 200   98   +4  170  +42  170   42  13  0  0 L3P 36
G29 FF 61065 130600  780 835  941    +3870153    -86         -20    -22   15  29   81   +1  142  +13  142   13  10  0  0 L3P FF
G31 FF 61065 130600  780 453 2919    +1706954     -6         -27    +15   26  38  114   -8  182  -14  182  -14  21  0  0 L3P 32
G04 FF 61065 132200  780 109 3287     -403196    +33          -2    +56   43 132  415  -26  327  -55  327  -55  32  0  0 L3P 3E
G05 FF 61065 132200  780 151  907    +2278627    +41          -9    +34   50  13  308  -89  296  -66  296  -66  38  0  0 L3P 4D
G11 FF 61065 132200  780 184  409    +4619009   -100          -2    +32   40 180  254  +75  224  -43  224  -43  30  0  0 L3P 36
G18 FF 61065 132200  780 276 1791    +4419785   -105          27     -9   33 144  175  -45  267  -48  267  -48  26  0  0 L3P 82
G21 FF 61065 132200  780 144  606    -3871890    -68          33     +3   56 107  320  -46  247  -24  247  -24  46  0  0 L3P 3C
G25 FF 61065 132200  780 439 1200    -4477830    +55         -23    +31   26  15  116  +15  198  -12  198  -12  21  0  0 L3P 47
G26 FF 61065 132200  780 387 2935    +3168522    +61           2     +1   24  27  129  -20  191  -17  191  -17  18  0  0 L3P 21
G28 FF 61065 132200  780 513 2306    +6061794    -96          -6    -39   28 200  103   +8  172  +38  172   38  20  0  0 L3P 37
G29 FF 61065 132200  780 767  728    +3870085    -21         -26    +44   12  29   83   +3  139  -29  139  -29   9  0  0 L3P 27
G31 FF 61065 132200  780 483 2822    +1706928     -4         -34    +17   28  38  108   -4  176  -30  176  -30  21  0  0 L3P 2E
G04 FF 61065 133800  780 111 3222     -403216    +19           1    +42   47 132  409  +13  322  -19  322  -19  35  0  0 L3P 17
G05 FF 61065 133800  780 192  846    +2278660    -62          18    -69   30  13  245  -47  237  +24  237   24  23  0  0 L3P 37
G11 FF 61065 133800  780 126  384    +4618848   -142         -36    -11   44 180  362 +164  250  -17  250  -17  38  0  0 L3P 7C
G16 FF 61065 133800  780 118 2942    -1949208   -133          28    -58   37  47  393 -210  329   +8  329    8  26  0  0 L3P 5D
G18 FF 61065 133800  780 351 1782    +4419688    -92          22     +5   27 144  141  -28  225  -70  225  -70  21  0  0 L3P 51
G21 FF 61065 133800  780 160  540    -3871957   -110          35    -40   43 107  290  -19  212  +18  212   18  33  0  0 L3P 40
G25 FF 61065 133800  780 369 1237    -4477790    +26          -7     +2   25  15  134  +22  196  +19  196   19  19  0  0 L3P 3C
G26 FF 61065 133800  780 457 2933    +3168579    +90           2    +31   18  27  113  -14  167  -45  167  -45  14  0  0 L3P 48
G28 FF 61065 133800  780 456 2224    +6061742    -93          -3    -36   23 200  113  +12  180  +45  180   45  18  0  0 L3P 3B
G29 FF 61065 133800  780 693  690    +3870029    -54         -20    +10   13  29   86   +4  130   +0  130    0  11  0  0 L3P D8
G31 FF 61065 133800  780 495 2710    +1706904    +13         -38    +34   25  38  106   +0  176  -27  176  -27  18  0  0 L3P 46
G04 FF 61065 135400  780 102 3158     -403242    -10          -4    +13   43 132  442  +59  340  +16  340   16  32  0  0 L3P 0E
G05 FF 61065 135400  780 225  778    +2278654     +0           5     -6   35  13  210  -26  218   +0  218    0  28  0  0 L3P C3
G16 FF 61065 135400  780 182 2964    -1949277   -112          31    -37   43  47  258  -92  279  -32  279  -32  30  0  0 L3P 7B
G18 FF 61065 135400  780 427 1770    +4419599    -53          27    +44   27 144  119  -18  183  -63  183  -63  21  0  0 L3P 74
G21 FF 61065 135400  780 165  472    -3872038    -60          21    +11   38 107  281   +1  218   -4  218   -4  28  0  0 L3P 07
G25 FF 61065 135400  780 300 1270    -4477786    +76         -26    +52   29  15  161  +34  234  -13  234  -13  21  0  0 L3P 4D
G26 FF 61065 135400  780 526 2914    +3168637    +52           3     -7   17  27  102  -10  150   -4  150   -4  15  0  0 L3P F1
G28 FF 61065 135400  780 392 2164    +6061678    -60         -14     -3   26 202  127  +19  214  +29  214   29  21  0  0 L3P 44
G29 FF 61065 135400  780 620  694    +3869955    -24         -32    +41   24  29   91   +6  135  -18  135  -18  17  0  0 L3P 35
G31 FF 61065 135400  780 486 2596    +1706896    -46         -27    -26   26  38  108   +3  168  +22  168   22  20  0  0 L3P 4B
G05 FF 61065 141000  780 248  704    +2278657     +1           4     -6   29  14  192  -13  207   -1  207   -1  22  0  0 L3P C9
G16 FF 61065 141000  780 249 2981    -1949336    -55          44    +20   41  48  192  -51  224  -75  224  -75  31  0  0 L3P 55
G18 FF 61065 141000  780 504 1748    +4419486    -84           4    +13   24 145  105  -12  174  -50  174  -50  18  0  0 L3P 45
G21 FF 61065 141000  780 158  405    -3872128    -58          -1    +12   29 107  292  +22  222  -17  222  -17  25  0  0 L3P 31
G25 FF 61065 141000  780 233 1301    -4477750     +5         -13    -19   30  16  203  +56  251  +42  251   42  21  0  0 L3P 13
G26 FF 61065 141000  780 594 2869    +3168697    +15           7    -45   16  27   94   -7  141  +28  141   28  11  0  0 L3P 1B
G28 FF 61065 141000  780 325 2119    +6061646     +4           9    +61   31 203  150  +29  226   -8  226   -8  23  0  0 L3P 04
G29 FF 61065 141000  780 547  713    +3869892    -82         -34    -17   16  30   99   +9  147  +25  147   25  13  0  0 L3P 2C
G31 FF 61065 141000  780 458 2491    +1706867     -4          -6    +16   20  22  113   +7  172   +3  172    3  15  0  0 L3P DA
G05 FF 61065 142600  780 258  627    +2278643    +17         -16    +10   34  14  185   -3  210  -24  210  -24  26  0  0 L3P 1F
G16 FF 61065 142600  780 318 2992    -1949441    -57          11    +18   25  48  153  -31  207  -52  207  -52  19  0  0 L3P 56
G18 FF 61065 142600  780 580 1710    +4419385   -124          -4    -28   24 145   95   -8  161  -10  161  -10  16  0  0 L3P 3E
G21 FF 61065 142600  780 141  343    -3872211   -124         -17    -54   43 107  326  +52  219   +1  219    1  30  0  0 L3P 1B
G25 FF 61065 142600  780 167 1329    -4477746    -56         -32    -80   35  16  278 +106  305 +101  305  101  25  0  0 L3P 7F
G26 FF 61065 142600  780 654 2779    +3168747    +73           0    +14   15  27   89   -4  138  -29  138  -29  10  0  0 L3P 2E
G28 FF 61065 142600  780 256 2084    +6061571    -26         -11    +30   31 203  186  +47  279  +34  279   34  27  0  0 L3P 60
G29 FF 61065 142600  780 477  740    +3869834    -47         -29    +18   21  30  109  +12  147   -9  147   -9  15  0  0 L3P 38
G31 FF 61065 142600  780 416 2403    +1706836    -17         -17     +3   21  22  122  +12  189  +14  189   14  18  0  0 L3P 26
G05 FF 61065 144200  780 255  550    +2278660    +19          -6    +13   30  14  187   +7  192  -19  192  -19  20  0  0 L3P 1C
G16 FF 61065 144200  780 388 2993    -1949505    -90          19    -15   21  48  129  -21  163  -25  163  -25  16  0  0 L3P 5E
G18 FF 61065 144200  780 652 1638    +4419293    -93          -3     +3   19 145   89   -5  134  -23  134  -23  14  0  0 L3P 28
G21 FF 61065 144200  780 113  286    -3872248    -92          14    -22   43 107  401 +110  164  -32  164  -32  33  0  0 L3P 44
G25 FF 61065 144200  780 103 1355    -4477724    -30         -33    -54   66  16  442 +264  361 +107  361  107  51  0  0 L3P 79
G26 FF 61065 144200  780 699 2621    +3168803    +45          -1    -14   13  27   86   -2  127  +11  127   11   9  0  0 L3P FB
G27 FF 61065 144200  780 107 2651     +260842   +122          12    +39   37  77  432 -242  380 -122  380 -122  31  0  0 L3P 6C
G28 FF 61065 144200  780 188 2055    +6061523    -70          -4    -13   55 203  248  +87  320  +56  320   56  45  0  0 L3P 48
G29 FF 61065 144200  780 409  771    +3869761    -67         -40     -2   21  30  123  +17  159   +8  159    8  15  0  0 L3P 10
G31 FF 61065 144200  780 363 2333    +1706827    -37          -7    -16   22  22  136  +19  193  +28  193   28  16  0  0 L3P 39
G05 FF 61065 145800  780 239  477    +2278670    +41          -2    +34   33  14  198  +18  177  -35  177  -35  24  0  0 L3P 45
G16 FF 61065 145800  780 459 2980    -1949594    -29           2    +46   30  48  113  -14  153  -56  153  -56  21  0  0 L3P 51
G18 FF 61065 145800  780 712 1500    +4419191   -137         -12    -40   20 145   85   -3  128  +12  128   12  13  0  0 L3P 33
G23 FF 61065 145800  780 141 1463    -6040814    -72          -4    -23   52 131  331 -152  308  -77  308  -77  44  0  0 L3P 67
G26 FF 61065 145800  780 713 2395    +3168857    +75          -3    +16   19  27   85   +0  121  -17  121  -17  13  0  0 L3P 26
G27 FF 61065 145800  780 168 2687     +260942   +119          32    +36   45  77  279 -103  261 -102  261 -102  34  0  0 L3P 88
G28 FF 61065 145800  780 122 2029    +6061454    -66         -20     -9   42 203  375 +195  388  +63  388   63  40  0  0 L3P 6F
G29 FF 61065 145800  780 342  805    +3869721    -15         -18    +49   24  30  143  +25  155  -27  155  -27  17  0  0 L3P 53
G31 FF 61065 145800  780 305 2277    +1706822    -28           8     -7   39  22  159  +29  196  +22  196   22  28  0  0 L3P 2D
G05 FF 61065 151400  780 211  412    +2278681     +4           2     -2   40  14  223  +35  158  -21  158  -21  30  0  0 L3P DD
G16 FF 61065 151400  780 529 2948    -1949666    -79           2     -4   17  48  101  -10  129  -12  129  -12  13  0  0 L3P 32
G18 FF 61065 151400  780 747 1258    +4419095    -60         -16    +37   18 145   84   -1  117  -36  117  -36  12  0  0 L3P 4E
G23 FF 61065 151400  780 206 1432    -6040866    -41          -9     +8   34 131  229  -73  250  -92  250  -92  27  0  0 L3P 42
G26 FF 61065 151400  780 691 2177    +3168900    +59         -17     +0   21  27   86   +2  119  -12  119  -12  14  0  0 L3P 18
G27 FF 61065 151400  780 231 2724     +260994    +93           5    +10   32  77  206  -56  224  -52  224  -52  22  0  0 L3P 1C
G29 FF 61065 151400  780 278  841    +3869647    -56         -30     +9   29  30  172  +37  172   +3  172    3  23  0  0 L3P 10
G31 FF 61065 151400  780 243 2231    +1706787    +42          -7    +63   26  22  195  +48  231  -24  231  -24  20  0  0 L3P 31
G05 FF 61065 153000  780 172  356    +2278703    -66          18    -73   42  14  270  +66  127  +28  127   28  33  0  0 L3P 2E
G16 FF 61065 153000  780 594 2882    -1949748    -81          -8     -6   23  48   94   -6  124  -14  124  -14  16  0  0 L3P 28
G18 FF 61065 153000  780 738  975    +4418997    -97         -21     +0   20 145   84   +1  110  -15  110  -15  14  0  0 L3P 1C
G23 FF 61065 153000  780 272 1396    -6040921    -23         -16    +25   21 131  177  -41  203  -64  203  -64  18  0  0 L3P 54
G26 FF 61065 153000  780 640 2029    +3168958    +82         -15    +23   22  27   90   +5  117  -24  117  -24  15  0  0 L3P 2A
G27 FF 61065 153000  780 296 2760     +261080    +67          11    -16   32  77  164  -34  178  -13  178  -13  26  0  0 L3P 3B
G29 FF 61065 153000  780 215  877    +3869586    -45         -28    +20   31  30  218  +61  180   +2  180    2  25  0  0 L3P 13
G31 FF 61065 153000  780 181 2193    +1706809     +5          34    +26   42  22  257  +86  227  +14  227   14  35  0  0 L3P 21
G05 FF 61065 154600  780 126  311    +2278689    -19          -3    -26   40  14  363 +139  110  -37  110  -37  27  0  0 L3P 3F
G16 FF 61065 154600  780 648 2768    -1949811    -86           1    -10   15  48   89   -3  107   -5  107   -5  10  0  0 L3P 03
G18 FF 61065 154600  780 692  783    +4418922    -54          -3    +43   18 145   86   +3   96  -25   96  -25  12  0  0 L3P 18
G23 FF 61065 154600  780 338 1352    -6040959    -11          -8    +38   26 131  146  -25  160  -82  160  -82  19  0  0 L3P 5B
G26 FF 61065 154600  780 576 1941    +3169028    +72          -3    +12   21  27   96   +8  118  +14  118   14  14  0  0 L3P 12
G27 FF 61065 154600  780 363 2794     +261163    +68          14    -15   26  77  137  -23  148  -21  148  -21  23  0  0 L3P 3F
G29 FF 61065 154600  780 155  915    +3869528    -37         -24    +28   36  30  299 +114  186  -25  186  -25  30  0  0 L3P 75
G31 FF 61065 154600  780 120 2160    +1706743   -101         -12    -81   26  22  381 +189  309 +111  309  111  22  0  0 L3P 71
G10 FF 61065 160200  780 163 1639    +5848740    +62           4    +40   33  10  288 -123  238  -45  238  -45  24  0  0 L3P 47
G16 FF 61065 160200  780 679 2591    -1949886    -65           3    +10   18  49   87   -1   99  -12   99  -12  13  0  0 L3P 16
G18 FF 61065 160200  780 629  687    +4418817    -12         -13    +85   20 146   91   +6   96  -70   96  -70  12  0  0 L3P 21
G23 FF 61065 160200  780 400 1296    -6041009    -40          -4     +9   23 132  126  -16  133  -45  133  -45  16  0  0 L3P 27
G26 FF 61065 160200  780 505 1889    +3169064    +42         -26    -17   23  37  105  +11  136  +16  136   16  16  0  0 L3P 41
G27 FF 61065 160200  780 432 2827     +261239    +69           7    -14   26  78  118  -16  124   -6  124   -6  21  0  0 L3P 02
G07 FF 61065 161800  780 117 3293    +1401247   +196          10   +145   44  25  390  -72  152 -106  152 -106  36  0  0 L3P 85
G08 FF 61065 161800  780 187 2853    -5000948    +79           2    +34   41  65  252  -85  204  -86  204  -86  32  0  0 L3P 4D
G10 FF 61065 161800  780 233 1621    +5848760    -44           2    -66   33  10  204  -61  189   +5  189    5  27  0  0 L3P 0A
G15 FF 61065 161800  780 102  685    -3799320    +13           5    +48   59  95  445 -128  124  -47  124  -47  50  0  0 L3P 4C
G16 FF 61065 161800  780 678 2382    -1949964    -93          -3    -18   17  49   87   +1   95  +11   95   11  13  0  0 L3P 13
G18 FF 61065 161800  780 560  644    +4418726    -91         -11     +5   24 146   97   +8   87   +0   87    0  18  0  0 L3P DC
G23 FF 61065 161800  780 456 1223    -6041064    -60         -12    -11   19 132  113  -10  104  -12  104  -12  15  0  0 L3P 36
G26 FF 61065 161800  780 432 1858    +3169132    +65         -15     +6   29  37  118  +17  133   +0  133    0  21  0  0 L3P 06
G27 FF 61065 161800  780 504 2856     +261305    +68          -7    -15   26  78  105  -11  120   +4  120    4  19  0  0 L3P F5
G07 FF 61065 163400  780 134 3235    +1401277    +48          -8     -3   36  25  343  -31  162   -2  162   -2  29  0  0 L3P 00
G08 FF 61065 163400  780 251 2879    -5000903    +89           4    +43   46  65  190  -48  166  -71  166  -71  34  0  0 L3P 4E
G10 FF 61065 163400  780 305 1600    +5848788    +21           8     -1   38  10  159  -36  145  -50  145  -50  30  0  0 L3P 1C
G15 FF 61065 163400  780 128  621    -3799357   -110           1    -75   50  95  359  -60  109  +28  109   28  40  0  0 L3P 3A
G16 FF 61065 163400  780 643 2205    -1950036    -97          -3    -22   23  49   90   +4   97   +6   97    6  16  0  0 L3P D9
G18 FF 61065 163400  780 490  629    +4418633   -114         -11    -18   20 146  107  +12   82   +4   82    4  13  0  0 L3P 06
G23 FF 61065 163400  780 501 1129    -6041126    -71         -27    -22   20 132  105   -6  102   -1  102   -1  16  0  0 L3P 00
G26 FF 61065 163400  780 358 1838    +3169179    +73         -25    +14   21  37  138  +25  146   +5  146    5  19  0  0 L3P 35
G27 FF 61065 163400  780 577 2879     +261389    +63          -2    -20   26  78   96   -8  103  -11  103  -11  19  0  0 L3P 1C
G07 FF 61065 165000  780 141 3174    +1401336    -31           1    -82   34  25  326   -5  161  +60  161   60  26  0  0 L3P FB
G08 FF 61065 165000  780 318 2902    -5000863    +98           0    +53   24  65  153  -30  133  -71  133  -71  18  0  0 L3P 2D
G10 FF 61065 165000  780 379 1573    +5848795    +12          -7    -10   18  10  132  -23  129  -29  129  -29  13  0  0 L3P 4A
G15 FF 61065 165000  780 144  553    -3799396    -85          -4    -50   43  95  319  -25   83  +29   83   29  33  0  0 L3P 26
G16 FF 61065 165000  780 587 2087    -1950109    -84          -4     -9   21  49   94   +6   91   +3   91    3  16  0  0 L3P CB
G18 FF 61065 165000  780 419  632    +4418533   -112         -18    -15   24 146  121  +17   83   +0   83    0  18  0  0 L3P 04
G23 FF 61065 165000  780 529 1014    -6041153    -41          -7     +8   21 132  101   -3   77  -10   77  -10  15  0  0 L3P ED
G26 FF 61065 165000  780 286 1824    +3169262    -35           1    -94   30  37  168  +39  144  +94  144   94  23  0  0 L3P 3D
G27 FF 61065 165000  780 652 2892     +261458   +123         -13    +40   21  78   89   -6   93  -43   93  -43  14  0  0 L3P 1B
G02 FF 61065 170600  780 112 2481     -243694   -119         -18    -38   49  67  412 -227  258  -13  258  -13  37  0  0 L3P 78
G07 FF 61065 170600  780 138 3110    +1401389    +88           5    +37   41  25  333  +20  164   -6  164   -6  32  0  0 L3P 06
G08 FF 61065 170600  780 387 2919    -5000836    +73         -17    +28   23  65  129  -20  116  -32  116  -32  16  0  0 L3P 58
G10 FF 61065 170600  780 451 1535    +5848794    +89         -30    +67   21  10  114  -15  116  -89  116  -89  16  0  0 L3P 66
G15 FF 61065 170600  780 150  484    -3799434    -61          -8    -26   47  95  307   -1   67   +8   67    8  36  0  0 L3P EE
G16 FF 61065 170600  780 520 2013    -1950204   -118         -26    -43   23  49  102  +10  108  +30  108   30  18  0  0 L3P 34
G18 FF 61065 170600  780 351  644    +4418442   -142         -16    -45   30 146  140  +24   74  +26   74   26  23  0  0 L3P 2F
G23 FF 61065 170600  780 537  888    -6041195    -39          -2    +10   21 132  100   +0   61  -20   61  -20  15  0  0 L3P EF
G26 FF 61065 170600  780 216 1813    +3169312    +70          -5    +10   31  37  218  +68  168  +12  168   12  26  0  0 L3P 2C
G27 FF 61065 170600  780 728 2881     +261547    +83          -3     +0   15  78   85   -4   70  -18   70  -18  10  0  0 L3P E1
G02 FF 61065 172200  780 175 2517     -243755   -149           1    -67   45  67  268  -96  192  -19  192  -19  35  0  0 L3P 5A
G07 FF 61065 172200  780 124 3047    +1401441    +21           9    -30   39  25  367  +52  177  +37  177   37  29  0  0 L3P 29
G08 FF 61065 172200  780 457 2929    -5000781    +73          -6    +27   27  65  113  -14   84  -45   84  -45  20  0  0 L3P 2C
G10 FF 61065 172200  780 521 1480    +5848818     -1         -28    -24   20  10  103  -10   88   -3   88   -3  13  0  0 L3P EB
G15 FF 61065 172200  780 145  416    -3799453   -133           7    -98   40  95  318  +24   46  +77   46   77  29  0  0 L3P 2D
G16 FF 61065 172200  780 448 1967    -1950268    -85         -19    -10   27  49  114  +15  107  +11  107   11  23  0  0 L3P 49
G18 FF 61065 172200  780 284  664    +4418352   -109         -14    -12   34 146  169  +37   67   +7   67    7  24  0  0 L3P 25
G23 FF 61065 172200  780 522  766    -6041240    -46          -1     +3   29 132  102   +4   53   -6   53   -6  21  0  0 L3P BD
G26 FF 61065 172200  780 148 1804    +3169389    +35          15    -24   42  37  311 +137  169  +48  169   48  31  0  0 L3P 61
G27 FF 61065 172200  780 803 2790     +261608   +124         -22    +41    9  78   82   -2   74  -33   74  -33   7  0  0 L3P EE
G02 FF 61065 173800  780 238 2556     -243851    -70         -17    +12   35  67  200  -52  155  -59  155  -59  30  0  0 L3P 4C
G07 FF 61065 173800  780 102 2986    +1401504    +65          22    +14   35  25  443 +113  185  +22  185   22  28  0  0 L3P 40
G08 FF 61065 173800  780 528 2925    -5000743    +61         -11    +15   26  65  101  -10   71  -26   71  -26  18  0  0 L3P 27
G10 FF 61065 173800  780 583 1396    +5848842    +17         -25     -5   16  10   95   -6   77   +1   77    1  12  0  0 L3P DA
G15 FF 61065 173800  780 128  351    -3799485     -2           9    +34   37  95  358  +61   37  -41   37  -41  31  0  0 L3P 0A
G16 FF 61065 173800  780 375 1936    -1950327    -63          -5    +12   26  49  132  +23  100   -3  100   -3  20  0  0 L3P 0C
G18 FF 61065 173800  780 219  690    +4418261     +6         -12   +102   31 146  215  +60   68  -85   68  -85  24  0  0 L3P 3C
G23 FF 61065 173800  780 488  665    -6041300    -49         -13     +0   21 132  107   +7   58  -16   58  -16  16  0  0 L3P 0D
G27 FF 61065 173800  780 853 2272     +261695   +116         -14    +33   15  78   81   +0   62  -36   62  -36  10  0  0 L3P 10
G02 FF 61065 175400  780 303 2596     -243937   -132         -24    -51   36  67  160  -32  125   -1  125   -1  26  0  0 L3P 27
G08 FF 61065 175400  780 599 2900    -5000704    +33         -16    -13   22  65   93   -7   64   -3   64   -3  15  0  0 L3P EA
G10 FF 61065 175400  780 632 1271    +5848876    +96         -13    +73   25  10   91   -3   60  -56   60  -56  19  0  0 L3P 1C
G15 FF 61065 175400  780 101  292    -3799528    +49           0    +84   29  95  448 +137   43  -42   43  -42  23  0  0 L3P 28
G16 FF 61065 175400  780 303 1915    -1950400   -119          -7    -43   28  49  160  +35  115  +47  115   47  19  0  0 L3P 4B
G18 FF 61065 175400  780 157  718    +4418168   -104         -12     -7   43 146  295 +114   72   -6   72   -6  34  0  0 L3P 2D
G23 FF 61065 175400  780 440  589    -6041359    -13         -25    +35   27 132  116  +12   64  -26   64  -26  19  0  0 L3P 35
G27 FF 61065 175400  780 811 1655     +261764    +49         -26    -34   18  78   82   +2   59  +27   59   27  12  0  0 L3P 09
G02 FF 61065 181000  780 368 2638     -244002    -97         -14    -16   22  75  135  -21   90   +7   90    7  17  0  0 L3P EB
G08 FF 61065 181000  780 667 2836    -5000665    +53         -24     +8   20 102   88   -4   60   -5   60   -5  14  0  0 L3P E2
G10 FF 61065 181000  780 658 1101    +5848898    +20         -12     -3   20  11   89   -1   50   -4   50   -4  13  0  0 L3P C1
G16 FF 61065 181000  780 232 1899    -1950493    -48         -23    +27   35  50  204  +60  145   +4  145    4  28  0  0 L3P 26
G23 FF 61065 181000  780 383  538    -6041412    -37         -30    +12   32 133  130  +18   71  -19   71  -19  21  0  0 L3P 19
G27 FF 61065 181000  780 736 1537     +261834    +77         -33     -6   10  79   84   +3   65   -2   65   -2   7  0  0 L3P BE
G01 FF 61065 182600  780 116 2575    -3401893    -23          15    -65   42  87  397 -201  181  -29  181  -29  31  0  0 L3P 69
G02 FF 61065 182600  780 434 2681     -244075   -141          -8    -59   31  75  118  -15   74  +26   74   26  21  0  0 L3P 19
G08 FF 61065 182600  780 725 2698    -5000624    +78         -26    +33   16 102   85   -2   57  -28   57  -28  10  0  0 L3P 2E
G10 FF 61065 182600  780 654  916    +5848894    +24         -38     +1   18  11   89   +1   64   -9   64   -9  15  0  0 L3P E0
G16 FF 61065 182600  780 163 1885    -1950531   -193          11   -118   43  50  285 +116  131 +117  131  117  37  0  0 L3P 92
G23 FF 61065 182600  780 321  505    -6041447    +14         -18    +63   23 133  152  +28   63  -44   63  -44  16  0  0 L3P 26
G27 FF 61065 182600  780 658 1512     +261922    +81         -26     -2   20  79   89   +6   55   +5   55    5  12  0  0 L3P C2
G32 FF 61065 182600  780 155 1287    +1468728   -185          -3    -13   33  25  302 -115  125  -12  125  -12  25  0  0 L3P 5E
G01 FF 61065 184200  780 176 2612    -3401831    +46          37     +4   43  87  266  -91  108  -72  108  -72  34  0  0 L3P 3B
G02 FF 61065 184200  780 501 2725     -244170    -95         -24    -13   23  75  105  -11   67   -3   67   -3  20  0  0 L3P EA
G08 FF 61065 184200  780 756 2443    -5000573    -11         -19    -56   18 102   83   +0   47  +32   47   32  12  0  0 L3P 08
G10 FF 61065 184200  780 621  764    +5848940    +26         -13     +4   13  11   91   +4   49   +2   49    2   9  0  0 L3P A2
G23 FF 61065 184200  780 256  488    -6041460    +18          17    +67   35 133  186  +45   30  -53   30  -53  26  0  0 L3P 28
G27 FF 61065 184200  780 579 1513     +262005    +76         -22     -7   22  79   95   +8   53  +11   53   11  16  0  0 L3P DC
G32 FF 61065 184200  780 213 1244    +1468587   -216          22    -43   31  25  222  -59   92   +6   92    6  24  0  0 L3P 07
G01 FF 61065 185800  780 238 2651    -3401819    -32           9    -74   35  87  200  -51   93  +19   93   19  27  0  0 L3P 1B
G02 FF 61065 185800  780 569 2771     -244249    -92         -24    -10   18  75   97   -8   53   +7   53    7  14  0  0 L3P E7
G08 FF 61065 185800  780 741 2150    -5000544    +38         -34     -8   14 102   84   +2   51  +23   51   23  10  0  0 L3P E6
G10 FF 61065 185800  780 570  663    +5848962    +87         -14    +64   25  11   96   +6   49  -44   49  -44  17  0  0 L3P 20
G14 FF 61065 185800  780 128 3264    -7309785    +17          16    +39   46 102  361 -115   38  -27   38  -27  35  0  0 L3P 62
G23 FF 61065 185800  780 191  482    -6041526    -28          -3    +21   50 133  244  +81   38  -26   38  -26  36  0  0 L3P 24
G27 FF 61065 185800  780 501 1523     +262071   +134         -36    +51   21  79  105  +12   65  -28   65  -28  16  0  0 L3P 2C
G32 FF 61065 185800  780 270 1194    +1468390   -174          -9     -2   28  25  178  -35   92  -21   92  -21  23  0  0 L3P 2F
G01 FF 61065 191400  780 301 2689    -3401767    +86          20    +44   29  87  161  -32   57  -50   57  -50  24  0  0 L3P 2D
G02 FF 61065 191400  780 637 2820     -244335    -72         -32    +10   17  75   90   -6   51  -12   51  -12  11  0  0 L3P E4
G08 FF 61065 191400  780 691 1960    -5000503    +40         -36     -6   12 102   86   +4   47   +8   47    8   8  0  0 L3P C8
G10 FF 61065 191400  780 508  603    +5848989    +36          -8    +13   27  11  104  +10   45   -6   45   -6  18  0  0 L3P EC
G14 FF 61065 191400  780 165 3214    -7309801   -136          22   -113   39 102  282  -57   44  +87   44   87  28  0  0 L3P 5A
G23 FF 61065 191400  780 127  485    -6041582    -50         -12     -1   49 133  362 +179   36  -16   36  -16  37  0  0 L3P 38
G27 FF 61065 191400  780 425 1537     +262161   +102         -25    +19   23  79  119  +18   66   +3   66    3  17  0  0 L3P FF
G32 FF 61065 191400  780 323 1134    +1468244   -192          11    -19   27  25  151  -22   52   -4   52   -4  20  0  0 L3P FC
G01 FF 61065 193000  780 365 2728    -3401729    +26          18    -17   35  87  136  -22   45   +0   45    0  25  0  0 L3P F0
G02 FF 61065 193000  780 706 2874     -244391    -41         -10    +41   20  75   86   -4   30  -35   30  -35  14  0  0 L3P EA
G08 FF 61065 193000  780 624 1863    -5000459    +57         -36    +12   19 102   91   +6   45   -5   45   -5  14  0  0 L3P F8
G10 FF 61065 193000  780 442  571    +5849005    +14         -14     -9   22  11  116  +14   48  +15   48   15  17  0  0 L3P EF
G14 FF 61065 193000  780 194 3156    -7309838    +79           7   +102   37 102  242  -30   49  -76   49  -76  25  0  0 L3P 4F
G22 FF 61065 193000  780 122 3291     +545876    -90         -11    -45   44  47  377 -121   49  +31   49   31  33  0  0 L3P 29
G27 FF 61065 193000  780 350 1551     +262242   +122         -24    +39   29  79  140  +27   75  -16   75  -16  23  0  0 L3P 2D
G32 FF 61065 193000  780 368 1064    +1468064   -217          -4    -44   21  25  135  -13   49  +28   49   28  17  0  0 L3P 2B
G01 FF 61065 194600  780 431 2766    -3401702     +2           4    -40   22  87  118  -15   42  +15   42   15  15  0  0 L3P DE
G02 FF 61065 194600  780 776 2942     -244473    -91         -13     -9   20  75   83   -2   32   -1   32   -1  12  0  0 L3P C2
G03 FF 61065 194600  780 124 2245    -5885852    +63          31    -43   59  48  375 -199  105   +9  105    9  49  0  0 L3P 4F
G08 FF 61065 194600  780 550 1813    -5000399    +60         -20    +15   24 102   98   +9   38  -12   38  -12  17  0  0 L3P 1A
G10 FF 61065 194600  780 375  558    +5849009    +43         -32    +20   25  11  132  +21   60  -18   60  -18  21  0  0 L3P 10
G14 FF 61065 194600  780 212 3090    -7309842    -26          24     -3   33 102  222  -13   38   -8   38   -8  24  0  0 L3P FC
G22 FF 61065 194600  780 157 3241     +545863     -5          19    +40   30  47  295  -59   33  -32   33  -32  22  0  0 L3P 04
G27 FF 61065 194600  780 277 1564     +262326   +130         -19    +47   20  79  173  +42   89  -22   89  -22  15  0  0 L3P 44
G32 FF 61065 194600  780 404  980    +1467897   -242          -4    -69   26  25  125   -8   41  +43   41   43  20  0  0 L3P 0D
G01 FF 61065 200200  780 499 2804    -3401675     +0         -13    -42   21  88  106  -11   43  +10   43   10  16  0  0 L3P ED
G02 FF 61065 200200  780 846 3080     -244553    -72         -12    +10   16  97   81   -1   30  -17   30  -17  11  0  0 L3P DC
G03 FF 61065 200200  780 191 2275    -5885744   +122          35    +16   43  49  247  -87   72  -29   72  -29  30  0  0 L3P 47
G08 FF 61065 200200  780 475 1787    -5000359    +86         -14    +40   26   2  109  +14   54  -29   54  -29  19  0  0 L3P 23
G10 FF 61065 200200  780 308  559    +5849034     -4         -28    -26   28  11  157  +32   56  +11   56   11  21  0  0 L3P F0
G14 FF 61065 200200  780 219 3020    -7309883    -40           5    -17   34 103  215   -1   47  +23   47   23  24  0  0 L3P ED
G22 FF 61065 200200  780 184 3184     +545784    -51         -16     -6   32  47  254  -30   55   +8   55    8  22  0  0 L3P DC
G27 FF 61065 200200  780 206 1577     +262440    +93          10    +10   34   0  227  +75   87  +10   87   10  27  0  0 L3P DA
G32 FF 61065 200200  780 425  887    +1467717   -135         -15    +38   26  26  120   -3   50  -36   50  -36  20  0  0 L3P 14
G01 FF 61065 201800  780 568 2840    -3401636    +15         -14    -27   29  88   97   -8   39  +15   39   15  23  0  0 L3P 11
G02 FF 61065 201800  780 875  749     -244629    -99          -9    -17   17  97   81   +0   25   +6   25    6  11  0  0 L3P BD
G03 FF 61065 201800  780 259 2308    -5885672   +112           5     +6   38  49  185  -48   81  -29   81  -29  26  0  0 L3P 32
G08 FF 61065 201800  780 400 1773    -5000322    +59         -21    +13   25   2  125  +20   70   +6   70    6  21  0  0 L3P C3
G10 FF 61065 201800  780 241  568    +5849034    +74         -51    +52   32  11  196  +51   70  -36   70  -36  24  0  0 L3P 18
G14 FF 61065 201800  780 214 2949    -7309894    +19          15    +41   29 103  220  +11   44  -26   44  -26  23  0  0 L3P 31
G17 FF 61065 201800  780 119 3166     +434858    +37         -32    -76   39  69  388 -197   57  +55   57   55  29  0  0 L3P 5B
G22 FF 61065 201800  780 201 3120     +545751    -22          -5    +23   38  47  234  -13   45  -19   45  -19  28  0  0 L3P FE
G27 FF 61065 201800  780 138 1587     +262494    +45         -16    -38   30   0  334 +160  122  +52  122   52  23  0  0 L3P 25
G32 FF 61065 201800  780 430  789    +1467555   -140         -11    +33   30  26  118   +1   47  -31   47  -31  22  0  0 L3P 0D
G01 FF 61065 203400  780 640 2872    -3401607    +84         -26    +42   18  88   90   -6   43  -33   43  -33  12  0  0 L3P 05
G02 FF 61065 203400  780 807 1086     -244704    -43          -6    +39   14  97   82   +2   19  -24   19  -24   9  0  0 L3P DB
G03 FF 61065 203400  780 328 2345    -5885573   +112           3     +7   32  49  149  -29   62  -18   62  -18  22  0  0 L3P 1C
G08 FF 61065 203400  780 325 1765    -5000259    +84          -1    +38   34   2  150  +31   75   +0   75    0  27  0  0 L3P C8
G10 FF 61065 203400  780 177  585    +5849084    -84         -23   -107   46  11  263  +93   47 +100   47  100  36  0  0 L3P 49
G14 FF 61065 203400  780 197 2878    -7309908    +11          23    +33   36 103  237  +26   44  -31   44  -31  28  0  0 L3P 37
G17 FF 61065 203400  780 179 3155     +435016    +73          18    -39   26  69  262  -87   14  +24   14   24  23  0  0 L3P 0B
G22 FF 61065 203400  780 206 3053     +545694   -103         -19    -57   30  47  228   +0   60  +28   60   28  22  0  0 L3P 04
G32 FF 61065 203400  780 417  696    +1467391   -181          -9     -8   21  26  121   +5   40  +21   40   21  14  0  0 L3P DB
G01 FF 61065 205000  780 713 2899    -3401553    +82         -12    +40   19  88   85   -4   35  -32   35  -32  13  0  0 L3P 08
G02 FF 61065 205000  780 736 1167     -244799    -94         -22    -13   19  97   84   +3   31  +17   31   17  11  0  0 L3P F0
G03 FF 61065 205000  780 399 2386    -5885468   +105           7     -1   20  49  126  -20   44  -14   44  -14  16  0  0 L3P 16
G08 FF 61065 205000  780 253 1760    -5000232     -8         -18    -53   26   2  188  +51  106  +41  106   41  20  0  0 L3P 04
G10 FF 61065 205000  780 114  607    +5849132    +46           4    +23   56  11  400 +211   33   -8   33   -8  48  0  0 L3P D4
G14 FF 61065 205000  780 170 2812    -7309949    +13           4    +36   53 103  272  +49   58  -20   58  -20  40  0  0 L3P 1C
G17 FF 61065 205000  780 238 3135     +435083   +136         -23    +23   36  69  200  -47   53  -12   53  -12  25  0  0 L3P 1D
G22 FF 61065 205000  780 199 2984     +545668    -41          -1     +4   36  47  235  +14   48   +1   48    1  26  0  0 L3P CF
G32 FF 61065 205000  780 390  613    +1467213   -141         -21    +32   33  26  128  +10   56  -18   56  -18  24  0  0 L3P 18
G01 FF 61065 210600  780 787 2907    -3401503    +42          -3     +0   24  88   82   -2   29   -7   29   -7  16  0  0 L3P C2
G02 FF 61065 210600  780 664 1220     -244854    -93           1    -11   17  97   88   +5   16   +2   16    2  11  0  0 L3P 9B
G03 FF 61065 210600  780 471 2432    -5885382   +118          -9    +12   20  49  110  -13   41  -15   41  -15  13  0  0 L3P 19
G08 FF 61065 210600  780 183 1756    -5000201    +21         -31    -24   26   2  255  +94  131  +42  131   42  19  0  0 L3P 13
G14 FF 61065 210600  780 136 2750    -7309963    +32          12    +55   50 103  338  +93   56  -45   56  -45  37  0  0 L3P 3D
G17 FF 61065 210600  780 294 3102     +435197    +86         -17    -26   23  69  165  -28   46   +3   46    3  17  0  0 L3P F8
G22 FF 61065 210600  780 182 2918     +545631    -45           5     +1   46  47  256  +30   40   +9   40    9  36  0  0 L3P B7
G32 FF 61065 210600  780 350  546    +1467041   -164         -28     +9   22  26  141  +16   60   -4   60   -4  17  0  0 L3P E7
G01 FF 61065 212200  780 861 2794    -3401459    +57           1    +15   13  88   81   -1   25  -14   25  -14  10  0  0 L3P DE
G02 FF 61065 212200  780 592 1264     -244947   -113         -13    -31   14  97   94   +7   31  +26   31   26   9  0  0 L3P E8
G03 FF 61065 212200  780 543 2483    -5885279    +78          -7    -27   20  49  100   -9   33  +26   33   26  15  0  0 L3P 0A
G04 FF 61065 212200  780 109 1896     -403807    -73          32    -50   48 136  426 -267   94  +34   94   34  35  0  0 L3P 3A
G08 FF 61065 212200  780 115 1752    -5000152    +49         -26     +3   62   2  396 +222  143  +20  143   20  44  0  0 L3P 11
G17 FF 61065 212200  780 344 3056     +435312    +74         -10    -38   28  69  143  -18   35  +11   35   11  19  0  0 L3P 04
G19 FF 61065 212200  780 137 3205    -6872532    +28         -13    +45   36  47  338 -142   41  -31   41  -31  29  0  0 L3P 3E
G22 FF 61065 212200  780 155 2854     +545591   -136           9    -90   38  47  297  +58   39  +84   39   84  32  0  0 L3P 2A
G32 FF 61065 212200  780 300  496    +1466898   -157          -4    +15   29  26  161  +26   41  -17   41  -17  21  0  0 L3P 1B
G01 FF 61065 213800  780 856 1457    -3401410    +74           9    +32   15  88   81   +1   16  -27   16  -27  10  0  0 L3P E5
G02 FF 61065 213800  780 520 1302     -245037   -113         -25    -31   26  97  102  +10   40  +28   40   28  19  0  0 L3P 01
G03 FF 61065 213800  780 616 2545    -5885180   +103         -10     -3   19  49   92   -7   32   -7   32   -7  14  0  0 L3P EB
G04 FF 61065 213800  780 179 1897     -403883    -13         -21    +10   36 136  263 -105  116  -16  116  -16  26  0  0 L3P 64
G17 FF 61065 213800  780 387 2994     +435424   +104          -6     -8   24  69  129  -11   27   -3   27   -3  20  0  0 L3P F0
G19 FF 61065 213800  780 194 3179    -6872532    +37           3    +54   34  47  242  -68   29  -36   29  -36  25  0  0 L3P 35
G22 FF 61065 213800  780 121 2796     +545558   -130          19    -84   60  47  376 +114   41  +39   41   39  39  0  0 L3P 3B
G28 FF 61065 213800  780 178  869    +6060133     -1          26    +56   38 206  263  -56   25  -63   25  -63  27  0  0 L3P 25
G32 FF 61065 213800  780 245  460    +1466740   -165           3     +7   26  26  193  +43   37   +0   37    0  19  0  0 L3P C8
G01 FF 61065 215400  780 780 1364    -3401377    +81           2    +39   19  88   83   +2   17  -26   17  -26  13  0  0 L3P F0
G02 FF 61065 215400  780 449 1337     -245108    -96         -17    -15   28  97  114  +15   41  +21   41   21  20  0  0 L3P 03
G03 FF 61065 215400  780 688 2624    -5885073    +75          -4    -31   15  49   87   -4   26  +22   26   22  12  0  0 L3P F9
G04 FF 61065 215400  780 251 1899     -403886    -63          -3    -40   35 136  191  -54   89  +11   89   11  27  0  0 L3P 24
G17 FF 61065 215400  780 418 2915     +435522    +91         -16    -21   25  69  121   -6   36   +4   36    4  18  0  0 L3P D9
G19 FF 61065 215400  780 247 3142    -6872566    +45         -14    +62   24  47  193  -38   40  -40   40  -40  19  0  0 L3P 38
G28 FF 61065 215400  780 212  804    +6060070     -6          17    +51   31 206  222  -31   25  -54   25  -54  25  0  0 L3P F8
G31 FF 61065 215400  780 127 1119    +1706275     +2         -19    +23   57  41  363 -148  107  -40  107  -40  44  0  0 L3P 45
G32 FF 61065 215400  780 187  436    +1466571   -122           0    +51   38  26  250  +78   31  -53   31  -53  28  0  0 L3P 0D
G01 FF 61065 221000  780 702 1369    -3401364    +65         -30    +22   17  89   86   +4   36  -15   36  -15  11  0  0 L3P FC
G02 FF 61065 221000  780 378 1369     -245191    -59          -9    +23   27   2  131  +21   62   -1   62   -1  20  0  0 L3P BF
G03 FF 61065 221000  780 759 2744    -5884990    +69         -20    -37   12  53   83   -3   34  +25   34   25   8  0  0 L3P FE
G04 FF 61065 221000  780 326 1902     -403907    -37          -3    -14   31 137  150  -32   70   -7   70   -7  25  0  0 L3P E4
G17 FF 61065 221000  780 434 2824     +435640    +68         -11    -44   23  78  117   -2   27  +39   27   39  16  0  0 L3P 01
G19 FF 61065 221000  780 295 3091    -6872560    +23           6    +40   27   1  164  -23   38  -26   38  -26  20  0  0 L3P FC
G28 FF 61065 221000  780 238  733    +6060007    +41           9    +98   35 207  200  -16   25  -80   25  -80  26  0  0 L3P 06
G31 FF 61065 221000  780 179 1067    +1706264    -78          -8    -58   32  42  262  -72   70  +13   70   13  25  0  0 L3P 0E
G32 FF 61065 221000  780 126  423    +1466428   -342          23   -169   51  26  363 +171    8 +123    8  123  44  0  0 L3P 2E
G01 FF 61065 222600  780 624 1388    -3401317    +45         -23     +3   20  89   91   +7   33   -3   33   -3  13  0  0 L3P C3
G02 FF 61065 222600  780 309 1398     -245255    -72           5    +10   25   2  157  +33   70   +7   70    7  17  0  0 L3P B3
G03 FF 61065 222600  780 822 3006    -5884889   +105         -20     +0   13  53   82   -1   33   +3   33    3  10  0  0 L3P C3
G04 FF 61065 222600  780 402 1903     -403911     +8          15    +31   33 137  125  -21   42  -49   42  -49  23  0  0 L3P FB
G06 FF 61065 222600  780 121 3053    +6057761    -33           9    -65   46  74  384 -200   18  +44   18   44  36  0  0 L3P 1C
G09 FF 61065 222600  780 125 2081    -7704452   -100          31   -100   58  87  371 -200   80  +88   80   88  45  0  0 L3P 4F
G17 FF 61065 222600  780 434 2727     +435739   +117         -20     +4   31  78  117   +2   32   +8   32    8  23  0  0 L3P D3
G19 FF 61065 222600  780 333 3025    -6872568    -23          14     -6   31   1  147  -13   28   +1   28    1  27  0  0 L3P C9
G28 FF 61065 222600  780 252  658    +6059949    -33           6    +24   29 207  189   -6   26  -24   26  -24  23  0  0 L3P 18
G31 FF 61065 222600  780 226 1007    +1706240    -48         -12    -27   33  42  210  -40   56   +3   56    3  26  0  0 L3P E2
G01 FF 61065 224200  780 547 1411    -3401270    +33         -17     -9   18  89   99  +10   28   -3   28   -3  13  0  0 L3P DF
G02 FF 61065 224200  780 240 1423     -245346   -143          -6    -61   36   2  198  +54   90  +64   90   64  28  0  0 L3P FC
G03 FF 61065 224200  780 841   85    -5884776   +139         -10    +34   12  53   81   +0   28  -23   28  -23   9  0  0 L3P EC
G04 FF 61065 224200  780 480 1901     -403961     +2         -13    +25   32 137  109  -14   45  -36   45  -36  24  0  0 L3P 0C
G06 FF 61065 224200  780 185 3067    +6057770    +93         -12    +61   48  74  255  -89   28  -52   28  -52  35  0  0 L3P 4A
G09 FF 61065 224200  780 194 2097    -7704470    +77          13    +77   41  87  243  -87   96  -82   96  -82  34  0  0 L3P 52
G17 FF 61065 224200  780 417 2632     +435851    +86         -16    -27   22  78  121   +6   33  +29   33   29  17  0  0 L3P 03
G19 FF 61065 224200  780 359 2947    -6872594    -80           5    -63   29   1  137   -7   31  +46   31   46  21  0  0 L3P F9
G28 FF 61065 224200  780 253  583    +6059893    -12           4    +45   29 207  188   +4   25  -36   25  -36  22  0  0 L3P 0E
G31 FF 61065 224200  780 266  939    +1706233    +18           0    +39   35  42  180  -24   43  -40   43  -40  26  0  0 L3P F2
G01 FF 61065 225800  780 470 1435    -3401230    -25         -17    -67   17  89  110  +14   29  +56   29   56  13  0  0 L3P 20
G02 FF 61065 225800  780 172 1446     -245403    -39          14    +43   29   2  270 +104   91  -29   91  -29  24  0  0 L3P 0E
G03 FF 61065 225800  780 792  529    -5884666   +119          -1    +13   14  53   82   +2   19  -15   19  -15  11  0  0 L3P 04
G04 FF 61065 225800  780 559 1891     -403977    -31          -8     -8   25 137   98   -9   34  +10   34   10  18  0  0 L3P F1
G06 FF 61065 225800  780 250 3073    +6057778    +80         -35    +48   36  74  191  -49   42  -39   42  -39  24  0  0 L3P 4D
G09 FF 61065 225800  780 265 2116    -7704459    -69          24    -69   32  87  181  -47   66  +28   66   28  26  0  0 L3P 48
G17 FF 61065 225800  780 386 2546     +435963   +102         -12    -10   30  78  129  +11   34   +2   34    2  24  0  0 L3P F1
G19 FF 61065 225800  780 371 2859    -6872603    -30          12    -13   33   1  134   -1   22   +7   22    7  28  0  0 L3P CA
G28 FF 61065 225800  780 241  511    +6059834    -21           0    +36   37 207  196  +14   24  -37   24  -37  28  0  0 L3P 15
G31 FF 61065 225800  780 298  863    +1706212     +1          -2    +21   45  42  162  -13   37  -16   37  -16  40  0  0 L3P EC
G01 FF 61065 231400  780 395 1457    -3401202    +54         -30    +12   22  89  127  +21   48   -2   48   -2  14  0  0 L3P F3
G03 FF 61065 231400  780 725  696    -5884579    +94         -15    -12   16  53   85   +3   29   +3   29    3  11  0  0 L3P DC
G04 FF 61065 231400  780 637 1864     -404010    -14         -19     +9   21 137   90   -6   34  -11   34  -11  14  0  0 L3P E2
G06 FF 61065 231400  780 317 3070    +6057821    +15         -22    -17   33  74  154  -30   30  +19   30   19  24  0  0 L3P 0D
G09 FF 61065 231400  780 338 2137    -7704483    +19          -1    +19   27  87  145  -29   62  -24   62  -24  21  0  0 L3P 2A
G17 FF 61065 231400  780 343 2472     +436074   +142          -9    +29   29  78  143  +18   37   +3   37    3  21  0  0 L3P ED
G19 FF 61065 231400  780 366 2767    -6872642    +10         -11    +27   21   1  135   +4   43  -12   43  -12  17  0  0 L3P FD
G28 FF 61065 231400  780 217  445    +6059784    -96           5    -40   28 207  216  +28   21  +31   21   31  21  0  0 L3P FF
G31 FF 61065 231400  780 317  781    +1706194    -19           0     +1   37  42  154   -6   31   -6   31   -6  31  0  0 L3P A5
G01 FF 61065 233000  780 321 1479    -3401176   +125         -44    +83   30  89  152  +32   71  -35   71  -35  22  0  0 L3P 32
G03 FF 61065 233000  780 656  793    -5884475    +48         -13    -58   17  53   89   +5   26  +45   26   45  10  0  0 L3P 09
G04 FF 61065 233000  780 713 1796     -404036    -13         -22     +9   21 137   85   -4   37   -9   37   -9  16  0  0 L3P D8
G06 FF 61065 233000  780 383 3055    +6057837    +25         -37     -7   26  74  130  -20   38   +3   38    3  18  0  0 L3P EE
G09 FF 61065 233000  780 413 2160    -7704486    -13          -3    -13   28  87  123  -19   53  -15   53  -15  21  0  0 L3P 17
G17 FF 61065 233000  780 292 2410     +436179    +87         -12    -25   30  78  165  +28   59  +41   59   41  25  0  0 L3P 19
G19 FF 61065 233000  780 346 2678    -6872656    -39          -8    -22   32   1  142  +10   38  +21   38   21  25  0  0 L3P 04
G28 FF 61065 233000  780 183  387    +6059727    -57           2     -1   39 207  254  +52   21  +10   21   10  30  0  0 L3P E3
G31 FF 61065 233000  780 321  695    +1706168    -20          -6     +0   29  42  151   +1   31  -12   31  -12  21  0  0 L3P BD
G01 FF 61065 234600  780 248 1498    -3401127    +88         -35    +46   28  89  191  +53   79   -1   79   -1  25  0  0 L3P 27
G03 FF 61065 234600  780 586  865    -5884390   +149         -30    +43   20  53   95   +7   35  -35   35  -35  16  0  0 L3P 23
G04 FF 61065 234600  780 777 1621     -404051    -23         -16     -1   15 137   83   -2   30   -1   30   -1  10  0  0 L3P B2
G06 FF 61065 234600  780 448 3023    +6057887    +13         -17    -19   26  74  115  -13   21  +25   21   25  23  0  0 L3P 1E
G09 FF 61065 234600  780 489 2185    -7704481    -38           2    -38   26  87  107  -13   35  +10   35   10  18  0  0 L3P 14
G17 FF 61065 234600  780 236 2358     +436302   +116           3     +3   44  78  200  +47   69  +22   69   22  34  0  0 L3P EF
G19 FF 61065 234600  780 313 2597    -6872673    +33          -8    +50   28   1  155  +18   49  -26   49  -26  23  0  0 L3P 27
G28 FF 61065 234600  780 141  340    +6059636     +6         -34    +62   54 207  326 +104   50  -32   50  -32  41  0  0 L3P 1F
G31 FF 61065 234600  780 311  613    +1706144    +13         -10    +33   25  42  156   +8   31  -18   31  -18  19  0  0 L3P EF
