CGGTTS     GENERIC DATA FORMAT VERSION = 2E
REV DATE = 2026-01-01                    
RCVR = POLARX5-TR                    R2CGGTTS v8.8    
CH = 99 
IMS = POLARX5-TR                    
LAB = PTB                           
X = +3844059.67 m 
Y =  +709661.67 m 
Z = +5023129.80 m 
FRAME = ITRF
COMMENTS =           IGS RINEX,AUSPOS XYZ          
INT DLY =   31.0 ns (GPS P1),   28.5 ns (GPS P2)     CAL_ID = 1001-2022           
CAB DLY =  205.7 ns 
REF DLY =   56.2 ns
REF = UTC(PTB)                      
CKSUM = 5E

SAT CL  MJD  STTIME TRKL ELV AZTH   REFSV      SRSV     REFSYS    SRSYS  DSG IOE MDTR SMDT MDIO SMDI MSIO SMSI ISG FR HC FRC CK
             hhmmss  s  .1dg .1dg    .1ns     .1ps/s     .1ns    .1ps/s .1ns     .1ns.1ps/s.1ns.1ps/s.1ns.1ps/s.1ns
G03 FF 61070 000200  780 447  980    -5847031   +139         -20    +30   20  41  115  +14   53   -3   53   -3  15  0  0 L3P E6
G04 FF 61070 000200  780 770  865     -411792    -41          -3    -19   17 189   83   +2   25  +15   25   15  11  0  0 L3P CD
G06 FF 61070 000200  780 561 2876    +6068427    +69         -14    +40   19   7   97   -5   33  -14   33  -14  14  0  0 L3P F9
G09 FF 61070 000200  780 648 2237    -7704132    -13          -7    -16   14   6   89   -6   43   -8   43   -8  11  0  0 L3P C1
G11 FF 61070 000200  780 168 3153    +4568323   -191           5    -59   34 238  278 -102   75  +34   75   34  24  0  0 L3P 3C
G17 FF 61070 000200  780 117 2271     +475233    +36         -23    -75   48  12  390 +191   97  +50   97   50  39  0  0 L3P 22
G19 FF 61070 000200  780 218 2466    -6878610     +8           2    +26   39  27  216  +51   70  -45   70  -45  28  0  0 L3P 04
G31 FF 61070 000200  780 251  474    +1698727    -21         -14     +1   30  80  189  +30   52  +24   52   24  21  0  0 L3P E0
G03 FF 61070 001800  780 381 1030    -5846918   +100         -12     -9   23  41  131  +20   58  +25   58   25  18  0  0 L3P 0B
G04 FF 61070 001800  780 707  719     -411833    -25         -23     -3   19 189   86   +4   34   -3   34   -3  14  0  0 L3P BE
G06 FF 61070 001800  780 594 2751    +6068474    +71           5    +42   22   7   94   -2   23  -32   23  -32  14  0  0 L3P D0
G07 FF 61070 001800  780 140 1777    +1420444    +89          31    +38   28   9  334 -163   84  -29   84  -29  22  0  0 L3P 2E
G09 FF 61070 001800  780 726 2261    -7704128    +15          -5    +13   15   6   85   -4   33  -22   33  -22  10  0  0 L3P D0
G11 FF 61070 001800  780 229 3136    +4568192   -119           0    +13   33 238  207  -53   63  -21   63  -21  22  0  0 L3P 20
G19 FF 61070 001800  780 163 2413    -6878617    -74          11    -57   49  27  284  +95   60  +57   60   57  36  0  0 L3P 36
G26 FF 61070 001800  780 101  602    +3191252     +7          21    -53   72  60  448  -97   55  +58   55   58  55  0  0 L3P F5
G31 FF 61070 001800  780 206  422    +1698723     -8           3    +13   32  80  227  +52   62   +9   62    9  26  0  0 L3P B1
G03 FF 61070 003400  780 315 1076    -5846799    +47           2    -62   24  41  154  +29   59  +54   59   54  19  0  0 L3P 18
G04 FF 61070 003400  780 635  669     -411850    +11         -19    +33   22 189   90   +6   34  -19   34  -19  14  0  0 L3P F3
G06 FF 61070 003400  780 604 2600    +6068486    +16         -11    -14   15   7   93   +0   36  +16   36   16  11  0  0 L3P D3
G07 FF 61070 003400  780 209 1767    +1420488    -55          26   -107   25   9  226  -75   76  +70   76   70  18  0  0 L3P 26
G09 FF 61070 003400  780 804 2272    -7704115    +13           6    +10   16   6   82   -2   26   -5   26   -5  11  0  0 L3P 9B
G11 FF 61070 003400  780 288 3107    +4568083   -101          18    +31   23 238  168  -32   37  -36   37  -36  16  0  0 L3P 43
G26 FF 61070 003400  780 119  537    +3191297    +87          10    +28   67  60  384  -42   79   -3   79   -3  50  0  0 L3P FD
G31 FF 61070 003400  780 155  383    +1698694    +20          -6    +42   34  80  299 +102   78  -22   78  -22  27  0  0 L3P 24
G03 FF 61070 005000  780 250 1119    -5846709    +48         -13    -62   34  41  190  +47   78  +44   78   44  25  0  0 L3P 27
G04 FF 61070 005000  780 563  658     -411856     +1          -5    +23   23 189   97   +8   29  -18   29  -18  15  0  0 L3P DF
G06 FF 61070 005000  780 587 2450    +6068516    +22         -10     -7   25   7   94   +3   39   +6   39    6  19  0  0 L3P B7
G07 FF 61070 005000  780 281 1756    +1420510    +32          -2    -19   20   9  172  -42   81   -7   81   -7  15  0  0 L3P CF
G09 FF 61070 005000  780 881 2094    -7704115     -6           4     -9   19   6   81   +0   32   +1   32    1  13  0  0 L3P 6F
G11 FF 61070 005000  780 343 3064    +4567965   -161          27    -29   36 238  143  -20   18   +9   18    9  27  0  0 L3P 1D
G21 FF 61070 005000  780 140 2919    -3898331    -56           5    +10   36 166  333 -145   18   +3   18    3  32  0  0 L3P F8
G26 FF 61070 005000  780 127  471    +3191378    +93          34    +33   35  60  360   -8   73  -27   73  -27  27  0  0 L3P 01
G03 FF 61070 010600  780 187 1159    -5846585   +122           7    +13   31  41  250  +82   71   -5   71   -5  24  0  0 L3P F4
G04 FF 61070 010600  780 491  666     -411881     -4          -9    +17   25 189  107  +12   34  -11   34  -11  19  0  0 L3P ED
G06 FF 61070 010600  780 547 2326    +6068538    +27         -16     -3   27   7   99   +6   50  +16   50   16  19  0  0 L3P E0
G07 FF 61070 010600  780 354 1743    +1420580    +18          19    -33   29   9  140  -26   54  +13   54   13  22  0  0 L3P EF
G09 FF 61070 010600  780 839  677    -7704094    +37          23    +35   15   6   81   +1   21  -28   21  -28  11  0  0 L3P D7
G11 FF 61070 010600  780 390 3004    +4567825   -148          13    -16   32 238  128  -12   19  +13   19   13  21  0  0 L3P 24
G16 FF 61070 010600  780 115  738    -1978398    -91           7    -16   67  80  399 -117   43  -10   43  -10  46  0  0 L3P 26
G21 FF 61070 010600  780 202 2944    -3898396    -42           3    +24   40 166  234  -72   14  -15   14  -15  30  0  0 L3P 15
G26 FF 61070 010600  780 124  405    +3191431    +42          30    -17   44  60  367  +23   76  +25   76   25  31  0  0 L3P ED
G03 FF 61070 012200  780 125 1196    -5846476   +134          11    +25   49  41  368 +179   79   -8   79   -8  41  0  0 L3P 3A
G04 FF 61070 012200  780 422  684     -411890    -36           3    -14   20 189  120  +16   24  +24   24   24  14  0  0 L3P D2
G06 FF 61070 012200  780 492 2234    +6068561    +44         -22    +14   22   7  107  +10   62   -9   62   -9  14  0  0 L3P E3
G07 FF 61070 012200  780 428 1725    +1420602    +93          -7    +42   29   9  119  -17   64  -42   64  -42  21  0  0 L3P FF
G09 FF 61070 012200  780 763  670    -7704116    +18          -1    +16   16   6   83   +3   37   -2   37   -2  10  0  0 L3P 9E
G11 FF 61070 012200  780 427 2926    +4567685   -124           0     +8   21 238  119   -7   30   -8   30   -8  15  0  0 L3P E6
G16 FF 61070 012200  780 145  673    -1978461   -137          16    -62   40  80  319  -57   22  +51   22   51  33  0  0 L3P 11
G21 FF 61070 012200  780 266 2964    -3898460    +17           2    +83   29 166  180  -42   12  -64   12  -64  25  0  0 L3P 27
G26 FF 61070 012200  780 111  343    +3191471    +64          14     +4   35  60  408  +65   79   -8   79   -8  26  0  0 L3P D9
G30 FF 61070 012200  780 166 1940    -1041780   -127           5     -2   48  33  282 -117   74   +5   74    5  37  0  0 L3P E8
G04 FF 61070 013800  780 354  708     -411916    +28          -2    +49   34 189  139  +23   29  -42   29  -42  25  0  0 L3P 12
G06 FF 61070 013800  780 427 2169    +6068609    +14          -2    -15   26   7  119  +16   59  +16   59   16  18  0  0 L3P 0A
G07 FF 61070 013800  780 501 1697    +1420661    +27           2    -24   21   9  105  -12   48   +3   48    3  15  0  0 L3P B8
G09 FF 61070 013800  780 689  697    -7704106    +38           6    +35   14   6   87   +4   31  -22   31  -22  11  0  0 L3P CB
G11 FF 61070 013800  780 449 2832    +4567555   -124          -4     +8   22 238  114   -3   31   -3   31   -3  16  0  0 L3P EB
G16 FF 61070 013800  780 166  604    -1978528    -82          22     -7   41  80  280  -27   20   +9   20    9  28  0  0 L3P D5
G21 FF 61070 013800  780 332 2978    -3898539    -69         -13     -3   30 166  147  -27   21   -3   21   -3  22  0  0 L3P 13
G30 FF 61070 013800  780 236 1943    -1041904   -111           1    +14   34  33  202  -59   69   -2   69   -2  26  0  0 L3P EB
G04 FF 61070 015400  780 288  737     -411935    -67          -1    -46   34 189  167  +35   32  +33   32   33  25  0  0 L3P 05
G06 FF 61070 015400  780 359 2122    +6068644   +101           5    +71   32   7  137  +24   59  -43   59  -43  24  0  0 L3P 0B
G07 FF 61070 015400  780 572 1651    +1420703   +110          -5    +59   22   9   96   -8   50  -39   50  -39  15  0  0 L3P F2
G09 FF 61070 015400  780 615  731    -7704111    +26          -1    +23   19   6   92   +6   33  -25   33  -25  14  0  0 L3P C1
G11 FF 61070 015400  780 453 2728    +4567433   -123           0     +9   27 238  114   +1   33   +0   33    0  19  0  0 L3P C5
G16 FF 61070 015400  780 176  533    -1978607    -58          15    +17   38  80  264   -6   28  -11   28  -11  29  0  0 L3P 0E
G21 FF 61070 015400  780 400 2983    -3898596    -28          -7    +38   31 166  126  -19   16  -24   16  -24  21  0  0 L3P 3C
G30 FF 61070 015400  780 309 1946    -1042036   -103         -11    +23   26  33  158  -35   70  -27   70  -27  18  0  0 L3P 2D
G04 FF 61070 021000  780 225  769     -411945    +38          13    +60   35 190  210  +56   30  -39   30  -39  28  0  0 L3P 02
G05 FF 61070 021000  780 179 3064    +2281047    -35          17    -41   41  46  263  -95   32  +10   32   10  29  0  0 L3P FE
G06 FF 61070 021000  780 288 2086    +6068654    +10          -6    -20   36   8  167  +38   76  +32   76   32  26  0  0 L3P 02
G07 FF 61070 021000  780 637 1574    +1420757    +55           5     +4   16  15   90   -5   44  -11   44  -11  13  0  0 L3P C2
G09 FF 61070 021000  780 544  768    -7704098    +44          12    +42   17  13   99   +9   31  -28   31  -28  13  0  0 L3P F0
G11 FF 61070 021000  780 439 2625    +4567303   -118          -7    +14   27 239  116   +5   41  -13   41  -13  19  0  0 L3P 1A
G16 FF 61070 021000  780 174  462    -1978672    -62          23    +13   45   1  267  +12   30  -10   30  -10  36  0  0 L3P E1
G21 FF 61070 021000  780 469 2977    -3898683    -77         -26    -11   21 167  111  -13   34   +6   34    6  14  0  0 L3P 19
G30 FF 61070 021000  780 383 1949    -1042151   -101          -7    +24   30  34  131  -22   58  -29   58  -29  25  0  0 L3P 1A
G04 FF 61070 022600  780 163  803     -411972     -8           6    +13   41 190  284 +103   42  -20   42  -20  31  0  0 L3P DB
G05 FF 61070 022600  780 245 3069    +2281026    +17         -10    +11   35  46  195  -52   42   -2   42   -2  22  0  0 L3P EC
G06 FF 61070 022600  780 218 2058    +6068700    +71          12    +42   33   8  216  +67   81  -24   81  -24  26  0  0 L3P 05
G07 FF 61070 022600  780 691 1441    +1420796    +26          -5    -25   20  15   87   -3   45  +14   45   14  14  0  0 L3P DE
G09 FF 61070 022600  780 475  807    -7704094    -20          14    -22   21  13  109  +12   32  +22   32   22  16  0  0 L3P E5
G11 FF 61070 022600  780 408 2531    +4567178   -134          -5     -2   25 239  123  +10   39   +6   39    6  18  0  0 L3P F8
G16 FF 61070 022600  780 160  394    -1978757   -146          10    -71   47   1  289  +34   42  +71   42   71  37  0  0 L3P 10
G21 FF 61070 022600  780 538 2951    -3898750    -45         -29    +21   22 167  100   -9   33  -14   33  -14  14  0  0 L3P 2C
G30 FF 61070 022600  780 458 1950    -1042273    -64          -9    +61   30  34  113  -15   51  -65   51  -65  26  0  0 L3P 11
G04 FF 61070 024200  780 104  839     -412019    -48         -20    -27   39 190  437 +240   74  +48   74   48  32  0  0 L3P 23
G05 FF 61070 024200  780 312 3066    +2281036    +16          -5    +10   31  46  156  -31   42  -23   42  -23  23  0  0 L3P F2
G06 FF 61070 024200  780 149 2033    +6068763    +11          46    -19   41   8  309 +138   69  +37   69   37  34  0  0 L3P 24
G07 FF 61070 024200  780 720 1237    +1420838    +33         -12    -18   25  15   85   -1   44  +11   44   11  16  0  0 L3P DE
G09 FF 61070 024200  780 407  846    -7704091    +19          14    +17   22  13  124  +17   33  -11   33  -11  17  0  0 L3P F7
G11 FF 61070 024200  780 364 2451    +4567051   -137          -6     -5   24 239  136  +16   48  +15   48   15  17  0  0 L3P 1D
G16 FF 61070 024200  780 135  332    -1978866    -33         -27    +42   53   1  339  +73   78  -13   78  -13  35  0  0 L3P 18
G21 FF 61070 024200  780 603 2896    -3898809    -99         -25    -33   18 167   93   -6   37  +27   37   27  12  0  0 L3P 36
G30 FF 61070 024200  780 535 1945    -1042397   -132         -13     -7   31  34  101  -10   47  +11   47   11  24  0  0 L3P FF
G05 FF 61070 025800  780 379 3049    +2281030    +13         -17     +8   28  46  132  -20   46  -10   46  -10  20  0  0 L3P 03
G07 FF 61070 025800  780 715 1005    +1420899    +69           0    +18   17  15   85   +1   32  -15   32  -15  12  0  0 L3P DC
G09 FF 61070 025800  780 341  886    -7704099    +13           4    +11   19  13  143  +25   43  -10   43  -10  15  0  0 L3P EE
G11 FF 61070 025800  780 312 2386    +4566925   -174          -5    -42   22 239  155  +26   58  +39   58   39  16  0  0 L3P 4B
G13 FF 61070 025800  780 157 2653    -6882549     +0          14    -12   41  96  297 -115   51  -17   51  -17  31  0  0 L3P 2A
G16 FF 61070 025800  780 101  278    -1978921    -81         -10     -6   27   1  447 +164   81  +27   81   27  22  0  0 L3P 03
G21 FF 61070 025800  780 660 2791    -3898878    -52         -30    +14   19 167   88   -4   47   +2   47    2  13  0  0 L3P 06
G30 FF 61070 025800  780 611 1927    -1042505   -132          -1     -7   18  34   92   -7   37   +6   37    6  12  0  0 L3P BC
G05 FF 61070 031400  780 445 3016    +2281053     -2           1     -8   19  46  115  -14   32  +13   32   13  14  0  0 L3P B7
G07 FF 61070 031400  780 679  829    +1420961    +40          13    -11   19  15   87   +3   21   +2   21    2  14  0  0 L3P A2
G09 FF 61070 031400  780 277  925    -7704076    +60          25    +57   23  13  173  +37   36  -30   36  -30  19  0  0 L3P 10
G11 FF 61070 031400  780 254 2331    +4566800   -145          -3    -13   28 239  187  +42   63  +14   63   14  22  0  0 L3P 21
G13 FF 61070 031400  780 219 2692    -6882533    +23          19    +12   40  96  216  -61   32  -13   32  -13  30  0  0 L3P 11
G21 FF 61070 031400  780 698 2616    -3898924    -77         -13    -11   16 167   86   -1   39  +12   39   12  11  0  0 L3P 1F
G30 FF 61070 031400  780 685 1883    -1042640   -108         -15    +17   16  34   87   -5   43  -11   43  -11  12  0  0 L3P 09
G05 FF 61070 033000  780 505 2958    +2281056    +24          -2    +18   25  46  105   -9   34  -16   34  -16  17  0  0 L3P FE
G07 FF 61070 033000  780 624  726    +1420994    +77          -3    +26   21  15   91   +5   28  -11   28  -11  14  0  0 L3P D5
G09 FF 61070 033000  780 215  965    -7704079    -23          20    -25   29  13  219  +61   51  +31   51   31  22  0  0 L3P F1
G11 FF 61070 033000  780 194 2285    +4566688    -29          11   +103   38 239  241  +74   58  -73   58  -73  27  0  0 L3P 5C
G13 FF 61070 033000  780 283 2732    -6882552    -26         -11    -38   38  96  171  -37   40  +37   40   37  28  0  0 L3P 2C
G14 FF 61070 033000  780 158 1602    -7318169    -91           8    -70   42 158  296 -122   82  +49   82   49  33  0  0 L3P 3A
G21 FF 61070 033000  780 702 2390    -3898990    -33         -16    +33   17 167   86   +1   44  -18   44  -18  11  0  0 L3P 20
G30 FF 61070 033000  780 753 1770    -1042755   -107         -11    +18   15  34   84   -2   38  -18   38  -18  10  0  0 L3P 0E
G05 FF 61070 034600  780 556 2868    +2281068    +31           5    +26   21  46   98   -5   31  -10   31  -10  15  0  0 L3P E0
G07 FF 61070 034600  780 562  673    +1421041    +99          -6    +47   17  15   97   +8   29  -33   29  -33  11  0  0 L3P ED
G09 FF 61070 034600  780 154 1003    -7704089    +27           8    +25   39  13  300 +116   69  -12   69  -12  31  0  0 L3P 19
G11 FF 61070 034600  780 133 2246    +4566551   -120           1    +12   38 239  345 +154   75   +5   75    5  31  0  0 L3P 08
G13 FF 61070 034600  780 348 2772    -6882532     +6          -2     -5   29  96  142  -25   29   +3   29    3  24  0  0 L3P D4
G14 FF 61070 034600  780 225 1577    -7318180    +20          18    +41   33 158  212  -62   63  -33   63  -33  29  0  0 L3P 2E
G21 FF 61070 034600  780 671 2191    -3899046    -76          -9    -10   17 167   88   +3   38  +13   38   13  12  0  0 L3P 0C
G30 FF 61070 034600  780 800 1488    -1042869   -112          -5    +13   17  34   82   -1   29   -7   29   -7  11  0  0 L3P E0
G05 FF 61070 041400  780 599 2629    +2281086    +43          13    +38   20  46   93   +0   31  -31   31  -31  15  0  0 L3P EC
G07 FF 61070 041400  780 447  644    +1421130   +105          -2    +54   20  15  115  +14   28  -36   28  -36  12  0  0 L3P F9
G13 FF 61070 041400  780 467 2839    -6882520    -12          -7    -23   16  97  111  -13   29  +13   29   13  11  0  0 L3P 0B
G14 FF 61070 041400  780 343 1523    -7318232   -106           5    -84   23 159  143  -26   59  +45   59   45  18  0  0 L3P 2E
G15 FF 61070 041400  780 171 2922    -3812814    +28           6    +63   41  24  274 -102   26  -37   26  -37  36  0  0 L3P 1C
G18 FF 61070 041400  780 128 3288    +4381169   -113           1    -16   35 204  357  -55   73  +10   73   10  26  0  0 L3P 20
G21 FF 61070 041400  780 565 1997    -3899154    -52          -5    +14   24 168   97   +8   41   +0   41    0  18  0  0 L3P E5
G22 FF 61070 041400  780 208 1635     +528691    -67          -8    -21   27  77  228  -77   94   +3   94    3  21  0  0 L3P EA
G30 FF 61070 041400  780 758  870    -1043057   -113          20    +12   13  66   83   +2   17   -3   17   -3   8  0  0 L3P B1
G05 FF 61070 043000  780 588 2476    +2281096    +25          18    +19   26  46   94   +2   31   -7   31   -7  17  0  0 L3P DE
G07 FF 61070 043000  780 381  649    +1421179    +96          -3    +45   21  15  130  +20   31  -28   31  -28  16  0  0 L3P F5
G08 FF 61070 043000  780 106  489    -4982877    +77         -18    +31   43  54  425  -52   81  -24   81  -24  30  0  0 L3P 2C
G13 FF 61070 043000  780 539 2875    -6882508    +21          -5    +10   23  97  100  -10   29  -10   29  -10  17  0  0 L3P 0D
G14 FF 61070 043000  780 410 1480    -7318257    +41           1    +63   20 159  123  -17   52  -57   52  -57  13  0  0 L3P 10
G15 FF 61070 043000  780 237 2943    -3812845   -120           9    -85   40  24  201  -55   23  +73   23   73  29  0  0 L3P 11
G18 FF 61070 043000  780 143 3224    +4381075    -81           1    +16   49 204  322  -20   63  -15   63  -15  33  0  0 L3P 09
G21 FF 61070 043000  780 493 1943    -3899195    -62          17     +4   31 168  106  +12   32   +1   32    1  23  0  0 L3P E3
G22 FF 61070 043000  780 279 1611     +528647   -130          -8    -85   38  77  173  -43   80  +41   80   41  31  0  0 L3P 11
G30 FF 61070 043000  780 693  759    -1043186    -84          12    +41   10  66   86   +4   23  -16   23  -16   8  0  0 L3P D4
G05 FF 61070 044600  780 552 2345    +2281084    +24           1    +18   25  46   98   +6   47   -3   47   -3  17  0  0 L3P C7
G07 FF 61070 044600  780 317  662    +1421251   +118          20    +67   26  15  153  +29   15  -53   15  -53  20  0  0 L3P 0C
G08 FF 61070 044600  780 115  423    -4982828    -18         -13    -64   45  54  396  -10   76  +51   76   51  31  0  0 L3P 20
G13 FF 61070 044600  780 612 2909    -6882489    +49           2    +38   17  97   92   -7   26  -23   26  -23  11  0  0 L3P 05
G14 FF 61070 044600  780 474 1422    -7318285     +4          -6    +26   27 159  110  -11   51  -23   51  -23  20  0  0 L3P 09
G15 FF 61070 044600  780 304 2957    -3812889    -92          -1    -57   33  24  160  -34   34  +53   34   53  27  0  0 L3P 1D
G18 FF 61070 044600  780 146 3158    +4380970    -85         -12    +12   23 204  315   +4   64  -15   64  -15  16  0  0 L3P 28
G21 FF 61070 044600  780 418 1910    -3899268   -108           7    -42   28 168  121  +18   46  +45   46   45  23  0  0 L3P 39
G22 FF 61070 044600  780 352 1582     +528613    -51           2     -5   20  77  140  -26   66   -9   66   -9  15  0  0 L3P CA
G30 FF 61070 044600  780 624  722    -1043305    -91          13    +34   17  66   91   +6   24  -25   24  -25  12  0  0 L3P D7
G05 FF 61070 050200  780 499 2247    +2281095    +21           6    +16   24  46  105   +9   52   -4   52   -4  18  0  0 L3P CF
G07 FF 61070 050200  780 253  682    +1421272    +58          -8     +7   27  15  188  +45   43  +13   43   13  21  0  0 L3P DC
G08 FF 61070 050200  780 112  358    -4982772    +23          -2    -24   35  54  404  +27   71  +10   71   10  24  0  0 L3P E8
G13 FF 61070 050200  780 687 2936    -6882470    +46          10    +34   13  97   87   -5   20  -18   20  -18   9  0  0 L3P F9
G14 FF 61070 050200  780 530 1342    -7318311    -55         -12    -33   26 159  101   -7   49  +29   49   29  18  0  0 L3P 1D
G15 FF 61070 050200  780 374 2964    -3812892    +26          30    +61   27  24  133  -22   15  -50   15  -50  18  0  0 L3P 15
G18 FF 61070 050200  780 138 3091    +4380880   -108          -9    -12   34 204  332  +31   57   -4   57   -4  25  0  0 L3P 13
G21 FF 61070 050200  780 343 1888    -3899331    -96           7    -30   33 168  143  +28   56  +27   56   27  24  0  0 L3P 2B
G22 FF 61070 050200  780 423 1543     +528565     -8          -2    +38   22  77  120  -17   62  -40   62  -40  16  0  0 L3P E7
G30 FF 61070 050200  780 554  716    -1043432   -171           6    -46   15  66   98   +9   29  +37   29   37  11  0  0 L3P E4
G05 FF 61070 051800  780 436 2176    +2281111    -53          17    -58   22  46  117  +15   55  +52   55   52  17  0  0 L3P 0E
G07 FF 61070 051800  780 191  706    +1421352    +42          23     -9   31  15  244  +76   30  +25   30   25  25  0  0 L3P D7
G13 FF 61070 051800  780 764 2949    -6882454    +15          16     +4   17  97   83   -3   17   -5   17   -5  13  0  0 L3P DE
G14 FF 61070 051800  780 574 1232    -7318334    +44         -14    +66   24 159   96   -4   46  -46   46  -46  17  0  0 L3P 2F
G15 FF 61070 051800  780 445 2959    -3812927    -69          29    -33   21  24  115  -15   17  +26   17   26  16  0  0 L3P 25
G18 FF 61070 051800  780 120 3026    +4380793    -73          -3    +24   35 204  379  +71   43  -30   43  -30  26  0  0 L3P 23
G21 FF 61070 051800  780 268 1872    -3899413    -45         -11    +21   30 168  178  +46   75   +0   75    0  22  0  0 L3P 15
G22 FF 61070 051800  780 492 1488     +528501    -58         -23    -13   21  77  107  -11   66   -7   66   -7  16  0  0 L3P 01
G23 FF 61070 051800  780 105 3278    -6060365     +5           6    +54   48 189  436 -230   76  -54   76  -54  36  0  0 L3P 39
G30 FF 61070 051800  780 485  726    -1043549   -119           9     +6   21  66  108  +12   27   -8   27   -8  15  0  0 L3P E1
G05 FF 61070 053400  780 368 2125    +2281121    +11          21     +5   27  46  135  +23   64   -3   64   -3  19  0  0 L3P D1
G07 FF 61070 053400  780 131  733    +1421358    +22         -20    -29   54  15  351 +157   82  +69   82   69  38  0  0 L3P 25
G13 FF 61070 053400  780 841 2890    -6882450    +50           9    +39   11  97   81   -1   20  -23   20  -23   8  0  0 L3P D6
G14 FF 61070 053400  780 598 1095    -7318343     -6          -2    +16   26 159   93   -1   35  -18   35  -18  18  0  0 L3P 09
G15 FF 61070 053400  780 517 2937    -3812979    -74          11    -39   22  24  103  -10   24  +31   24   31  14  0  0 L3P 0A
G21 FF 61070 053400  780 196 1859    -3899458   -157           7    -91   41 168  239  +84   74  +88   74   88  28  0  0 L3P 6C
G22 FF 61070 053400  780 555 1408     +528456    -32         -24    +13   20  77   98   -7   63  -13   63  -13  14  0  0 L3P F6
G23 FF 61070 053400  780 160 3248    -6060411    -19           7    +30   45 189  292  -96   53  -65   53  -65  35  0  0 L3P 2F
G24 FF 61070 053400  780 126 2589    +1426310   -151         -17     +4   45  70  369 -179   69   -7   69   -7  37  0  0 L3P 36
G30 FF 61070 053400  780 417  745    -1043663   -166          15    -41   24  66  121  +16   29  +37   29   37  17  0  0 L3P 15
G05 FF 61070 055000  780 298 2087    +2281132    -88          27    -94   30  46  162  +36   67  +89   67   89  24  0  0 L3P 37
G13 FF 61070 055000  780 871 1657    -6882425    +29          23    +17   16  97   81   +0   11   -5   11   -5  10  0  0 L3P D2
G14 FF 61070 055000  780 598  946    -7318356    -29           5     -8   25 159   93   +1   28   +2   28    2  19  0  0 L3P C2
G15 FF 61070 055000  780 585 2887    -3813031    -49          -7    -14   15  24   95   -7   35   +9   35    9  10  0  0 L3P D6
G21 FF 61070 055000  780 127 1847    -3899492    -65          36     +1   39 168  363 +192   74  +15   74   15  30  0  0 L3P 3E
G22 FF 61070 055000  780 605 1294     +528420    -91         -16    -45   21  77   93   -4   49  +22   49   22  14  0  0 L3P E9
G23 FF 61070 055000  780 210 3208    -6060439   -117          27    -68   38 189  225  -50   32  +53   32   53  28  0  0 L3P 38
G24 FF 61070 055000  780 188 2624    +1426167   -191         -11    -37   32  70  250  -83   53  +18   53   18  25  0  0 L3P 31
G30 FF 61070 055000  780 350  770    -1043795   -160           2    -35   23  66  140  +23   51  +32   51   32  18  0  0 L3P E7
G05 FF 61070 060600  780 228 2058    +2281149    +67          36    +61   30  52  207  +61   78  -36   78  -36  25  0  0 L3P 2A
G13 FF 61070 060600  780 795 1423    -6882421    +75          19    +64   16  98   82   +2   22  -29   22  -29  10  0  0 L3P 08
G14 FF 61070 060600  780 574  814    -7318391    -28          -6     -7   21 160   96   +4   39   +9   39    9  16  0  0 L3P CC
G15 FF 61070 060600  780 646 2790    -3813063    -19          -8    +16   15  62   89   -4   40   -4   40   -4  10  0  0 L3P D1
G17 FF 61070 060600  780 152 1194     +477679   +172         -14    +60   45  53  306 -112  153  -63  153  -63  36  0  0 L3P 67
G22 FF 61070 060600  780 634 1141     +528376    -56         -14    -10   21  78   90   -1   51  +12   51   12  15  0  0 L3P D1
G23 FF 61070 060600  780 253 3155    -6060505   -139           5    -91   22 190  189  -28   33  +41   33   41  15  0  0 L3P 1F
G24 FF 61070 060600  780 252 2660    +1426024   -238           2    -84   30   8  190  -47   45  +65   45   65  23  0  0 L3P 00
G30 FF 61070 060600  780 286  798    -1043907   -105           9    +20   30  69  168  +35   58  +14   58   14  21  0  0 L3P 0A
G05 FF 61070 062200  780 159 2032    +2281188   -124          70   -130   38  52  291 +122   74 +133   74  133  28  0  0 L3P 60
G13 FF 61070 062200  780 715 1415    -6882425    -78           4    -89   17  98   85   +4   41  +68   41   68  12  0  0 L3P FC
G14 FF 61070 062200  780 531  714    -7318408    -35          -2    -14   24 160  101   +7   44  +25   44   25  16  0  0 L3P E6
G15 FF 61070 062200  780 690 2625    -3813082     -6           7    +29   16  62   87   -2   39   -5   39   -5  11  0  0 L3P BE
G17 FF 61070 062200  780 207 1144     +477809    +78          10    -34   28  53  228  -58  121   +2  121    2  24  0  0 L3P F6
G22 FF 61070 062200  780 636  971     +528325    -46         -21     -1   23  78   90   +1   59  +11   59   11  16  0  0 L3P C1
G23 FF 61070 062200  780 286 3091    -6060568    -50         -12     -1   30 190  168  -16   39   +1   39    1  24  0  0 L3P F2
G24 FF 61070 062200  780 318 2696    +1425882   -180           8    -25   28   8  153  -30   34  +22   34   22  19  0  0 L3P 03
G30 FF 61070 062200  780 223  829    -1044038    -71          -2    +54   37  69  211  +57  103   -5  103   -5  28  0  0 L3P F9
G13 FF 61070 063800  780 635 1430    -6882440    -64         -22    -76   23  98   90   +6   68  +64   68   64  15  0  0 L3P 1A
G14 FF 61070 063800  780 476  647    -7318434    -29          -7     -8   19 160  109  +11   63  +18   63   18  12  0  0 L3P 0D
G15 FF 61070 063800  780 700 2399    -3813119    -43           4     -7   15  62   86   +0   49  +17   49   17   9  0  0 L3P CC
G17 FF 61070 063800  780 259 1087     +477896    +98         -11    -13   29  53  185  -34  127  -12  127  -12  22  0  0 L3P 55
G19 FF 61070 063800  780 149 1327    -6879010    -40           6    -22   33  30  313 -123  211   -8  211   -8  25  0  0 L3P 15
G22 FF 61070 063800  780 610  822     +528291    -39         -11     +6   21  78   92   +3   59   +7   59    7  15  0  0 L3P AC
G23 FF 61070 063800  780 308 3016    -6060594    -17           9    +32   32 190  158   -7   25  -11   25  -11  20  0  0 L3P 02
G24 FF 61070 063800  780 386 2731    +1425726   -169           0    -15   28   8  130  -20   44   +8   44    8  21  0  0 L3P DD
G30 FF 61070 063800  780 162  862    -1044163   -194          -7    -69   43  69  285 +104  159 +118  159  118  35  0  0 L3P 81
G10 FF 61070 065400  780 137 3307    +5857496    +17         -12     -4   39  77  338 -101   73   +9   73    9  29  0  0 L3P 15
G12 FF 61070 065400  780 105 2143    +6070643    -59          29    -62   49 109  440 -275  163 +105  163  105  37  0  0 L3P 80
G13 FF 61070 065400  780 556 1451    -6882442     -8         -35    -19   20  98   98  +10   94  +42   94   42  14  0  0 L3P 13
G14 FF 61070 065400  780 415  605    -7318433    -36          14    -14   31 160  122  +16   64  +39   64   39  22  0  0 L3P 0C
G15 FF 61070 065400  780 673 2190    -3813156    -23           1    +12   17  62   88   +3   58   +9   58    9  13  0  0 L3P C2
G17 FF 61070 065400  780 304 1022     +478015   +120           1     +8   33  53  159  -20  117   -9  117   -9  24  0  0 L3P E8
G19 FF 61070 065400  780 208 1286    -6879019    -20          14     -3   29  30  227  -63  182  -23  182  -23  26  0  0 L3P 3D
G22 FF 61070 065400  780 565  715     +528254    -59          -5    -13   23  78   97   +6   66  +33   66   33  16  0  0 L3P DD
G23 FF 61070 065400  780 315 2934    -6060639    +53          11   +102   33 190  154   +0   31  -66   31  -66  25  0  0 L3P 22
G24 FF 61070 065400  780 456 2765    +1425580   -162           2     -7   23   8  113  -14   51  +16   51   16  17  0  0 L3P E8
G10 FF 61070 071000  780 174 3255    +5857538    +59          10    +39   40  77  268  -50   59  -26   59  -26  29  0  0 L3P 3D
G12 FF 61070 071000  780 172 2163    +6070652    +25          35    +22   27 109  272 -107  165  -41  165  -41  19  0  0 L3P 57
G13 FF 61070 071000  780 478 1473    -6882434    +33         -37    +22   27  98  109  +14  121  +19  121   19  21  0  0 L3P 42
G14 FF 61070 071000  780 351  582    -7318465    -12           3    +10   22 160  140  +23   93  +22   93   22  16  0  0 L3P E4
G15 FF 61070 071000  780 619 2050    -3813180    -22          11    +13   21  62   92   +5   65  +16   65   16  16  0  0 L3P D7
G17 FF 61070 071000  780 340  946     +478117   +153          -3    +41   23  53  144  -12  122  -18  122  -18  18  0  0 L3P 19
G19 FF 61070 071000  780 265 1240    -6879051     +5          -2    +22   33  30  181  -37  184  -20  184  -20  26  0  0 L3P 1E
G22 FF 61070 071000  780 508  646     +528191     +2         -24    +48   28  78  104   +9   90  -26   90  -26  20  0  0 L3P E4
G23 FF 61070 071000  780 308 2851    -6060697    -49           0     +0   32 190  157   +7   56  +12   56   12  24  0  0 L3P E6
G24 FF 61070 071000  780 528 2796    +1425425   -207          -4    -53   19   8  101  -10   61  +46   61   46  15  0  0 L3P 07
G10 FF 61070 072600  780 202 3195    +5857556    +26           8     +6   38  77  233  -26   74  +13   74   13  27  0  0 L3P FD
G12 FF 61070 072600  780 242 2186    +6070657    +26          37    +23   39 109  198  -56  166  -20  166  -20  27  0  0 L3P 62
G13 FF 61070 072600  780 401 1495    -6882408     +5         -23     -6   25  98  125  +20  145  +53  145   53  19  0  0 L3P 26
G14 FF 61070 072600  780 286  574    -7318499    -17         -10     +4   30 160  168  +36  125  +22  125   22  23  0  0 L3P 30
G15 FF 61070 072600  780 552 1966    -3813208    -16          16    +19   27  62   98   +9   81  +10   81   10  21  0  0 L3P F4
G17 FF 61070 072600  780 365  863     +478229   +105           1     -6   30  53  136   -6  123  +16  123   16  24  0  0 L3P E8
G19 FF 61070 072600  780 320 1184    -6879051    -42          14    -25   22  30  152  -23  161  +11  161   11  18  0  0 L3P 21
G22 FF 61070 072600  780 446  607     +528169     -6          -2    +39   26  78  115  +13   92  -17   92  -17  19  0  0 L3P F7
G23 FF 61070 072600  780 287 2771    -6060733    -36          11    +13   30 190  168  +15   67  +14   67   14  23  0  0 L3P 23
G24 FF 61070 072600  780 603 2824    +1425276   -139          -5    +16   20   8   93   -7   74   +1   74    1  13  0  0 L3P C2
G10 FF 61070 074200  780 219 3128    +5857561     +3          -7    -18   36  77  216  -11  100  +10  100   10  27  0  0 L3P 06
G12 FF 61070 074200  780 312 2211    +6070657     +3          34     -1   24 109  156  -33  159   +9  159    9  17  0  0 L3P FA
G13 FF 61070 074200  780 326 1515    -6882405    +56         -30    +45   22  98  149  +31  190  +11  190   11  17  0  0 L3P 3C
G14 FF 61070 074200  780 221  575    -7318517     +7          -8    +29   38 160  213  +60  150  +10  150   10  33  0  0 L3P 09
G15 FF 61070 074200  780 478 1915    -3813250    -45           8    -10   35  62  109  +13  120  +62  120   62  30  0  0 L3P 11
G17 FF 61070 074200  780 375  774     +478340    +92           6    -20   19  53  132   -1  122   +6  122    6  16  0  0 L3P C3
G19 FF 61070 074200  780 368 1117    -6879065     +2          17    +19   24  30  135  -15  153  -22  153  -22  18  0  0 L3P 33
G22 FF 61070 074200  780 382  588     +528120    -61          -8    -16   24  78  130  +19  112  +18  112   18  18  0  0 L3P 08
G23 FF 61070 074200  780 254 2697    -6060784    -96           7    -47   37 190  187  +27   91  +67   91   67  26  0  0 L3P 44
G24 FF 61070 074200  780 679 2842    +1425128   -163          -4     -8   18   8   87   -5   83  +20   83   20  12  0  0 L3P E1
G10 FF 61070 075800  780 223 3057    +5857602    +98          15    +77   30  77  211   +1  101  -41  101  -41  21  0  0 L3P 1D
G12 FF 61070 075800  780 385 2239    +6070667    -20          40    -24   18 109  130  -22  147   +4  147    4  15  0  0 L3P 20
G13 FF 61070 075800  780 253 1534    -6882388    +85         -25    +74   29  98  188  +51  254  +30  254   30  22  0  0 L3P 61
G14 FF 61070 075800  780 157  584    -7318532    +13          -2    +35   47 160  295 +117  182  +37  182   37  42  0  0 L3P 52
G15 FF 61070 075800  780 404 1884    -3813292    +41           0    +76   26  62  124  +20  165   +9  165    9  20  0  0 L3P 02
G17 FF 61070 075800  780 370  687     +478426   +124         -15    +12   21  53  134   +4  129  -28  129  -28  19  0  0 L3P 39
G19 FF 61070 075800  780 408 1037    -6879098     +4           0    +21   28  30  124   -9  158  -32  158  -32  20  0  0 L3P 19
G22 FF 61070 075800  780 317  583     +528076    -72          -8    -27   25  78  153  +29  134  +40  134   40  16  0  0 L3P 19
G23 FF 61070 075800  780 212 2631    -6060847    -93          -9    -44   35 190  222  +47  135  +58  135   58  27  0  0 L3P 57
G24 FF 61070 075800  780 756 2838    +1424988   -165           4    -10   18   8   83   -3   89  +17   89   17  13  0  0 L3P 07
G10 FF 61070 081400  780 216 2984    +5857599    +26          -9     +6   37  78  218  +14  126   +5  126    5  27  0  0 L3P 16
G12 FF 61070 081400  780 459 2270    +6070657    +20          23    +16   28 110  113  -15  142  -16  142  -16  19  0  0 L3P 3E
G13 FF 61070 081400  780 183 1550    -6882384    +44         -29    +32   42  99  256  +96  374 +136  374  136  29  0  0 L3P 8B
G15 FF 61070 081400  780 329 1863    -3813321    -69          -3    -33   23  67  148  +30  209 +105  209  105  20  0  0 L3P 4F
G17 FF 61070 081400  780 351  607     +478530   +126         -19    +15   30  66  140   +9  146   -2  146   -2  23  0  0 L3P FD
G19 FF 61070 081400  780 434  944    -6879106    -35           7    -18   30  31  117   -4  145  +10  145   10  22  0  0 L3P FC
G22 FF 61070 081400  780 253  588     +528035    -24          -9    +22   23  80  188  +45  161  +30  161   30  20  0  0 L3P FE
G23 FF 61070 081400  780 163 2573    -6060859    +40          28    +89   39 191  284  +87  160  -24  160  -24  31  0  0 L3P 67
G24 FF 61070 081400  780 831 2737    +1424841   -188           6    -34   18  16   81   -1   99  +27   99   27  12  0  0 L3P 07
G10 FF 61070 083000  780 196 2913    +5857616    -34         -12    -55   36  78  239  +30  148  +58  148   58  26  0  0 L3P 61
G12 FF 61070 083000  780 535 2303    +6070651    -18          14    -21   22 110  101  -10  144  +10  144   10  17  0  0 L3P 0E
G13 FF 61070 083000  780 114 1564    -6882353   +119          -9   +108   59  99  401 +232  510  -10  510  -10  41  0  0 L3P 68
G15 FF 61070 083000  780 256 1848    -3813365    -77         -12    -42   29  67  186  +50  292 +122  292  122  24  0  0 L3P 76
G17 FF 61070 083000  780 318  538     +478643    +98         -13    -13   22  66  153  +17  155  +34  155   34  17  0  0 L3P 2A
G19 FF 61070 083000  780 444  843    -6879113    -48          16    -31   24  31  115   +0  140  +21  140   21  19  0  0 L3P 01
G22 FF 61070 083000  780 191  600     +527993    -27          -7    +20   36  80  245  +77  201  +39  201   39  30  0  0 L3P 05
G23 FF 61070 083000  780 111 2522    -6060928    -79           5    -30   48 191  410 +193  230  +71  230   71  38  0  0 L3P 3F
G24 FF 61070 083000  780 865 1818    +1424707    -96          20    +58   12  16   81   +0   97  -33   97  -33   8  0  0 L3P FB
G25 FF 61070 083000  780 136 2407    -4467804    -12           9    -36   57  29  343 -159  245  +18  245   18  42  0  0 L3P 4B
G32 FF 61070 083000  780 156 3195    +1165106   -109          10    +65   28 145  298 -110  139  -34  139  -34  22  0  0 L3P 76
G10 FF 61070 084600  780 166 2846    +5857657     -7           9    -27   50  78  279  +57  154  +45  154   45  39  0  0 L3P 46
G12 FF 61070 084600  780 612 2340    +6070667    +17          27    +14   17 110   92   -7  126  -19  126  -19  12  0  0 L3P 29
G15 FF 61070 084600  780 186 1836    -3813394     +4          -8    +40   42  67  251  +92  389  +81  389   81  31  0  0 L3P 41
G17 FF 61070 084600  780 276  483     +478764   +142           1    +31   41  66  174  +27  170  +14  170   14  31  0  0 L3P 12
G19 FF 61070 084600  780 436  743    -6879128    -47          18    -30   30  31  117   +4  139  +41  139   41  22  0  0 L3P 1F
G22 FF 61070 084600  780 130  618     +527941     +3         -14    +50   55  80  352 +159  254   +9  254    9  47  0  0 L3P 03
G24 FF 61070 084600  780 797 1433    +1424546   -155           7     +0   17  16   82   +2  113  +17  113   17  11  0  0 L3P F5
G25 FF 61070 084600  780 200 2441    -4467772    -86          19   -110   43  29  236  -76  223  +68  223   68  30  0  0 L3P 5A
G32 FF 61070 084600  780 213 3170    +1164939   -112          10    +62   37 145  222  -57  143  -43  143  -43  25  0  0 L3P 5A
G10 FF 61070 090200  780 128 2785    +5857665    +32          -2    +12   53  78  357 +113  195  +16  195   16  39  0  0 L3P 57
G12 FF 61070 090200  780 689 2381    +6070670    +11          27     +8   19 110   87   -5  126   -6  126   -6  13  0  0 L3P F9
G15 FF 61070 090200  780 118 1825    -3813433    -27         -13     +8   34  67  387 +212  491  +95  491   95  24  0  0 L3P 59
G17 FF 61070 090200  780 227  441     +478874   +121           4    +10   37  66  208  +46  194  +19  194   19  28  0  0 L3P 20
G19 FF 61070 090200  780 411  654    -6879169     +0          -7    +17   21  31  123   +8  172  +12  172   12  18  0  0 L3P F4
G24 FF 61070 090200  780 719 1392    +1424399   -182           9    -27   14  16   85   +4  131  +42  131   42   9  0  0 L3P 04
G25 FF 61070 090200  780 265 2476    -4467760     +2           7    -22   32  29  181  -43  202  -38  202  -38  24  0  0 L3P 21
G32 FF 61070 090200  780 266 3134    +1164788   -178          26     -4   27 145  180  -33  134  +11  134   11  20  0  0 L3P 3C
G06 FF 61070 091800  780 155  896    +6069434     -1          23    -29   45  16  300  -85  324  -16  324  -16  36  0  0 L3P 2F
G12 FF 61070 091800  780 767 2431    +6070695     -4          48     -7   20 110   83   -3  111   +9  111    9  13  0  0 L3P D5
G17 FF 61070 091800  780 173  411     +478986   +193           9    +82   40  66  269  +85  211  -42  211  -42  31  0  0 L3P 30
G19 FF 61070 091800  780 372  580    -6879178    -19           1     -2   35  31  133  +14  179  +18  179   18  29  0  0 L3P 23
G24 FF 61070 091800  780 640 1395    +1424252   -221          10    -66   23  16   90   +6  147  +68  147   68  15  0  0 L3P 29
G25 FF 61070 091800  780 332 2514    -4467741     +8           4    -16   23  29  148  -28  181   -8  181   -8  17  0  0 L3P 0F
G32 FF 61070 091800  780 313 3084    +1164623   -172          28     +2   25 145  155  -20  138   +6  138    6  19  0  0 L3P 20
G06 FF 61070 093400  780 196  834    +6069458    -66          20    -94   32  16  240  -45  281  +41  281   41  25  0  0 L3P 34
G12 FF 61070 093400  780 844 2525    +6070680     -9          30    -12   11 110   81   -1  124  +16  124   16   8  0  0 L3P E9
G17 FF 61070 093400  780 116  392     +479095   +128          12    +17   44  66  393 +190  243   -2  243   -2  34  0  0 L3P 25
G19 FF 61070 093400  780 323  524    -6879188    +45           7    +62   26  31  151  +23  195  -21  195  -21  21  0  0 L3P 2A
G24 FF 61070 093400  780 562 1409    +1424094   -157           1     -3   21  16   97   +9  175  +19  175   19  16  0  0 L3P 0C
G25 FF 61070 093400  780 401 2554    -4467720     -4           2    -27   34  29  126  -19  171  +15  171   15  23  0  0 L3P 0F
G32 FF 61070 093400  780 352 3020    +1164462   -146          34    +28   23 145  140  -12  141  -15  141  -15  20  0  0 L3P 42
G06 FF 61070 095000  780 229  766    +6069471    +48           5    +20   26  16  207  -25  273  -55  273  -55  21  0  0 L3P 2D
G11 FF 61070 095000  780 124 1196    +4563680   -170          15    -38   51   3  373 -166  436  -43  436  -43  40  0  0 L3P 5B
G12 FF 61070 095000  780 876  439    +6070674    +47          21    +44   18 110   81   +0  132  -32  132  -32  12  0  0 L3P 0C
G19 FF 61070 095000  780 267  483    -6879183    -10          27     +7   30  31  179  +37  203  +21  203   21  21  0  0 L3P 10
G24 FF 61070 095000  780 485 1428    +1423951   -180           6    -26   24  16  108  +13  195  +54  195   54  17  0  0 L3P 40
G25 FF 61070 095000  780 471 2596    -4467704    +69          -5    +45   27  29  110  -13  169  -47  169  -47  19  0  0 L3P 64
G32 FF 61070 095000  780 378 2942    +1164286   -179          25     -5   26 145  132   -6  146   +2  146    2  20  0  0 L3P 15
G06 FF 61070 100600  780 251  693    +6069509     -3          16    -31   33  27  190  -12  226  -11  226  -11  26  0  0 L3P 0F
G11 FF 61070 100600  780 179 1149    +4563558    -64          20    +68   29   4  262  -79  373  -47  373  -47  20  0  0 L3P 4B
G12 FF 61070 100600  780 800  651    +6070678    -76          23    -79   15 111   82   +2  124  +43  124   43  10  0  0 L3P FE
G19 FF 61070 100600  780 207  457    -6879203    -18          23     -1   33  61  227  +66  221  +25  221   25  23  0  0 L3P 09
G24 FF 61070 100600  780 410 1448    +1423804   -182           7    -28   21  16  123  +19  226  +52  226   52  14  0  0 L3P 20
G25 FF 61070 100600  780 542 2641    -4467659    +38          16    +15   16  30  100   -9  143  -18  143  -18  11  0  0 L3P 28
G28 FF 61070 100600  780 136 3052    +6037527    -67          31     -8   43  23  342 -158  191   +1  191    1  31  0  0 L3P 07
G29 FF 61070 100600  780 167 2004    +3842638    +17          43    +83   43  24  281 -117  411 -186  411 -186  34  0  0 L3P 7B
G32 FF 61070 100600  780 390 2853    +1164113   -145          19    +29   36 146  128   -1  158   +0  158    0  26  0  0 L3P 18
G06 FF 61070 102200  780 261  616    +6069529    +73           8    +45   40  27  183   -2  218  -35  218  -35  23  0  0 L3P 0E
G11 FF 61070 102200  780 231 1096    +4563431   -136          20     -4   30   4  205  -44  289 -102  289 -102  23  0  0 L3P 39
G12 FF 61070 102200  780 725  714    +6070656    -11          -3    -14   13 111   85   +4  138   +1  138    1  10  0  0 L3P C4
G19 FF 61070 102200  780 145  441    -6879189     +7          53    +24   55  61  319 +136  235   +8  235    8  43  0  0 L3P 12
G24 FF 61070 102200  780 337 1467    +1423659   -202          11    -48   22  16  145  +28  253  +87  253   87  17  0  0 L3P 4D
G25 FF 61070 102200  780 615 2690    -4467640    +69          13    +45   24  30   92   -7  141  -38  141  -38  16  0  0 L3P 21
G28 FF 61070 102200  780 200 3060    +6037482    -99          43    -40   41  23  236  -75  176  +16  176   16  27  0  0 L3P 35
G29 FF 61070 102200  780 238 2015    +3842564   -132          32    -66   37  24  200  -59  310  -32  310  -32  31  0  0 L3P 3D
G32 FF 61070 102200  780 386 2761    +1163944   -173          17     +1   28 146  129   +3  171  +25  171   25  20  0  0 L3P 29
G06 FF 61070 103800  780 258  539    +6069563    +78          15    +50   30  27  185   +7  214  -38  214  -38  22  0  0 L3P 2D
G11 FF 61070 103800  780 279 1035    +4563297    -96          13    +36   28   4  173  -26  241  -72  241  -72  20  0  0 L3P 35
G12 FF 61070 103800  780 651  764    +6070656    -11          -6    -15    9 111   89   +5  138   +1  138    1   8  0  0 L3P C3
G24 FF 61070 103800  780 266 1485    +1423503   -121           3    +34   33  16  180  +45  311  +21  311   21  24  0  0 L3P 0F
G25 FF 61070 103800  780 688 2746    -4467611    +48          19    +24   16  30   87   -5  130  -14  130  -14  11  0  0 L3P 20
G28 FF 61070 103800  780 265 3061    +6037382    -54          -1     +5   33  23  181  -43  195  -22  195  -22  20  0  0 L3P 23
G29 FF 61070 103800  780 311 2027    +3842507    -17          39    +49   28  24  156  -35  250  -73  250  -73  23  0  0 L3P 49
G32 FF 61070 103800  780 367 2672    +1163793   -171          33     +3   31 146  135   +9  171   +4  171    4  24  0  0 L3P 0B
G06 FF 61070 105400  780 241  468    +6069586    +19          11     -9   32  27  197  +18  229  +32  229   32  23  0  0 L3P 1F
G11 FF 61070 105400  780 319  964    +4563164   -147           6    -15   30   4  153  -16  219  -29  219  -29  23  0  0 L3P 26
G12 FF 61070 105400  780 579  809    +6070636    -20         -30    -24   21 111   95   +8  158  +20  158   20  14  0  0 L3P 12
G24 FF 61070 105400  780 197 1501    +1423370   -135          19    +19   23  16  238  +80  360  +86  360   86  19  0  0 L3P 4A
G25 FF 61070 105400  780 763 2820    -4467588     -5          19    -29   18  30   83   -3  126  +16  126   16  12  0  0 L3P 0C
G28 FF 61070 105400  780 330 3052    +6037322    -32          -4    +27   34  23  148  -27  176  -36  176  -36  26  0  0 L3P 3B
G29 FF 61070 105400  780 386 2041    +3842426   -108          21    -42   21  24  130  -22  216   -4  216   -4  16  0  0 L3P 19
G32 FF 61070 105400  780 334 2592    +1163588   -144          -5    +30   34 146  146  +15  207   -9  207   -9  23  0  0 L3P 3C
G06 FF 61070 111000  780 213  404    +6069619    +34          17     +6   36  27  221  +34  247  +24  247   24  27  0  0 L3P 04
G11 FF 61070 111000  780 348  884    +4563053   -131          22     +1   33   4  141   -9  183   -6  183   -6  25  0  0 L3P D9
G12 FF 61070 111000  780 508  853    +6070640    -34         -28    -37   20 111  104  +11  163  +35  163   35  14  0  0 L3P 21
G24 FF 61070 111000  780 130 1516    +1423200   -146          -3     +8   42  16  353 +175  434  +72  434   72  27  0  0 L3P 27
G25 FF 61070 111000  780 836 2971    -4467575    +35           9    +11   12  30   81   -1  131   -9  131   -9   8  0  0 L3P D4
G28 FF 61070 111000  780 394 3028    +6037270    -33           1    +26   23  23  127  -18  162  -30  162  -30  18  0  0 L3P 19
G29 FF 61070 111000  780 463 2054    +3842374    -97          32    -31   29  24  112  -15  174   -5  174   -5  24  0  0 L3P 1C
G31 FF 61070 111000  780 101 3121    +1697872    +26          -3    +48   49  90  455 -285  249  -29  249  -29  35  0  0 L3P 62
G32 FF 61070 111000  780 290 2521    +1163424   -259          -2    -85   32 146  166  +25  225  +98  225   98  25  0  0 L3P 57
G06 FF 61070 112600  780 174  350    +6069661    +17          31    -12   60  27  267  +64  262  +29  262   29  43  0  0 L3P 26
G11 FF 61070 112600  780 364  797    +4562912   -182           8    -50   21   4  136   -3  189  +36  189   36  17  0  0 L3P 13
G12 FF 61070 112600  780 439  896    +6070628    +18         -43    +15   28 111  116  +15  179   +9  179    9  20  0  0 L3P 2B
G25 FF 61070 112600  780 872  457    -4467545    +26          16     +2   18  30   81   +0  124   +0  124    0  12  0  0 L3P B4
G28 FF 61070 112600  780 456 2986    +6037207    -54          -5     +5   26  23  113  -12  157  -11  157  -11  19  0  0 L3P 2B
G29 FF 61070 112600  780 541 2066    +3842311   -103          32    -37   31  24  100  -10  153   +6  153    6  24  0  0 L3P 02
G31 FF 61070 112600  780 166 3120    +1697862    +47           7    +69   35  90  283 -110  230  -61  230  -61  26  0  0 L3P 40
G32 FF 61070 112600  780 240 2461    +1163259   -242           0    -68   32 146  198  +42  256  +96  256   96  24  0  0 L3P 53
G06 FF 61070 114200  780 128  306    +6069702    -19          45    -48   44  27  356 +133  272  +43  272   43  34  0  0 L3P 3A
G11 FF 61070 114200  780 365  709    +4562783   -152           6    -20   31   4  136   +2  191   +7  191    7  23  0  0 L3P D2
G12 FF 61070 114200  780 372  937    +6070642     +5         -33     +2   24 111  133  +21  195   +8  195    8  19  0  0 L3P EE
G25 FF 61070 114200  780 806  907    -4467526    +34          12    +10   12  30   82   +2  127  -11  127  -11   7  0  0 L3P E2
G28 FF 61070 114200  780 511 2919    +6037161    -32           5    +27   21  23  104   -8  139  -23  139  -23  14  0  0 L3P 10
G29 FF 61070 114200  780 620 2072    +3842248   -117          32    -51   22  24   92   -7  139  +28  139   28  15  0  0 L3P 25
G31 FF 61070 114200  780 230 3109    +1697817    -27         -17     -5   29  90  207  -56  226   -7  226   -7  21  0  0 L3P 20
G32 FF 61070 114200  780 185 2408    +1163101   -195           9    -21   50 146  253  +76  279  +65  279   65  37  0  0 L3P 56
G11 FF 61070 115800  780 350  625    +4562656   -129           5     +3   25   4  140   +8  200   +5  200    5  19  0  0 L3P B4
G12 FF 61070 115800  780 307  978    +6070633    -27         -45    -30   22 111  158  +31  226  +49  226   49  16  0  0 L3P 47
G25 FF 61070 115800  780 731 1007    -4467499    +31          16     +7   20  30   84   +3  127   -3  127   -3  13  0  0 L3P DF
G28 FF 61070 115800  780 554 2822    +6037097    -63          -2     -4   22  23   98   -4  144   -5  144   -5  15  0  0 L3P EC
G29 FF 61070 115800  780 699 2063    +3842176    -60          24     +6   25  24   86   -5  134   -6  134   -6  17  0  0 L3P FB
G31 FF 61070 115800  780 293 3087    +1697807    +17          -6    +38   29  90  165  -33  205  -47  205  -47  23  0  0 L3P 55
G32 FF 61070 115800  780 127 2363    +1162910    -65         -15   +109   60 146  360 +159  352  -23  352  -23  46  0  0 L3P 80
G11 FF 61070 121400  780 322  550    +4562533   -187           8    -55   22   4  151  +15  203  +39  203   39  16  0  0 L3P 01
G12 FF 61070 121400  780 243 1018    +6070659    -53         -12    -56   38   5  195  +49  265  +77  265   77  29  0  0 L3P 49
G25 FF 61070 121400  780 657 1069    -4467482    +24          10     +1   17  30   89   +5  138  +14  138   14  12  0  0 L3P FA
G26 FF 61070 121400  780 188 2891    +3193808    +58          11     -1   35  15  250  -84  247  -22  247  -22  28  0  0 L3P 3B
G28 FF 61070 121400  780 578 2694    +6037030   -101         -15    -42   31  24   95   -1  149  +25  149   25  20  0  0 L3P 2A
G29 FF 61070 121400  780 776 2009    +3842101    -31          12    +35   19  24   83   -2  139  -29  139  -29  14  0  0 L3P 1F
G31 FF 61070 121400  780 354 3050    +1697795    -13           2     +9   27  90  140  -21  182  -12  182  -12  20  0  0 L3P 0C
G11 FF 61070 123000  780 282  489    +4562407   -172           9    -40   41   4  170  +25  217  +49  217   49  29  0  0 L3P 17
G12 FF 61070 123000  780 180 1056    +6070680    +67           6    +64   33   5  258  +86  302  +20  302   20  25  0  0 L3P F9
G18 FF 61070 123000  780 135 1803    +4378319     -7          40    +89   33 208  344 -176  338 -134  338 -134  26  0  0 L3P 89
G25 FF 61070 123000  780 583 1119    -4467457    +56          12    +32   18  30   95   +8  146   -8  146   -8  13  0  0 L3P 04
G26 FF 61070 123000  780 253 2911    +3193868    +47          14    -12   29  15  189  -48  223   -5  223   -5  21  0  0 L3P 21
G28 FF 61070 123000  780 579 2550    +6036975   -103         -13    -44   21  24   95   +1  152  +42  152   42  14  0  0 L3P 25
G29 FF 61070 123000  780 843 1729    +3842061    -42          35    +24   13  24   81   -1  126  -12  126  -12   9  0  0 L3P FD
G31 FF 61070 123000  780 408 2995    +1697788    -53          16    -32   24  90  124  -13  164  +19  164   19  18  0  0 L3P 4A
G11 FF 61070 124600  780 234  442    +4562273    -76           2    +56   38   4  202  +43  235  -33  235  -33  27  0  0 L3P 03
G12 FF 61070 124600  780 119 1093    +6070649   -127         -29   -130   82   5  382 +188  403 +184  403  184  52  0  0 L3P 94
G18 FF 61070 124600  780 206 1796    +4378232    -55          46    +42   29 208  230  -79  281  -53  281  -53  22  0  0 L3P 69
G21 FF 61070 124600  780 119  670    -3901179   -104          15    -38   48 173  383  -94  283  -32  283  -32  35  0  0 L3P 67
G25 FF 61070 124600  780 510 1162    -4467456    +32         -10     +8   23  30  104  +11  172  +19  172   19  17  0  0 L3P 1A
G26 FF 61070 124600  780 320 2927    +3193945    +50          34     -9   36  15  153  -30  190  -24  190  -24  28  0  0 L3P 33
G28 FF 61070 124600  780 555 2416    +6036917    -83         -14    -24   23  24   98   +4  162  +33  162   33  16  0  0 L3P 25
G29 FF 61070 124600  780 836  943    +3842000    -89          38    -23   19  24   81   +1  126  +24  126   24  12  0  0 L3P 00
G31 FF 61070 124600  780 452 2919    +1697763    -11          12    +11   26  90  114   -8  163   -8  163   -8  21  0  0 L3P 0E
G04 FF 61070 130200  780 109 3286     -412811    -19           8     +2   51 194  415  -26  266   -4  266   -4  37  0  0 L3P FB
G05 FF 61070 130200  780 152  906    +2281285    -16          24    -22   41  54  306  -88  302  -69  302  -69  33  0  0 L3P 2F
G11 FF 61070 130200  780 180  406    +4562162   -101          17    +31   45   4  259  +79  228  -35  228  -35  31  0  0 L3P 23
G18 FF 61070 130200  780 279 1790    +4378126    -96          33     +0   27 208  173  -44  257   -6  257   -6  22  0  0 L3P 31
G21 FF 61070 130200  780 145  606    -3901223    -11          34    +55   51 173  319  -46  240  -54  240  -54  39  0  0 L3P 33
G25 FF 61070 130200  780 438 1201    -4467423    +75           0    +51   26  30  116  +16  184  -14  184  -14  19  0  0 L3P 1F
G26 FF 61070 130200  780 388 2935    +3193993    +59          26     +0   29  15  129  -20  175  -16  175  -16  22  0  0 L3P 41
G28 FF 61070 130200  780 512 2307    +6036853    -45         -22    +14   22  24  104   +8  181   +8  181    8  16  0  0 L3P FC
G29 FF 61070 130200  780 768  728    +3841920    -49          21    +16   14  24   83   +3  137   -1  137   -1   9  0  0 L3P DA
G31 FF 61070 130200  780 482 2822    +1697725    -16          -6     +5   29  90  108   -4  166  -16  166  -16  21  0  0 L3P 1F
G04 FF 61070 131800  780 111 3222     -412844    -69          -5    -47   59 194  410  +14  274  +33  274   33  44  0  0 L3P 30
G05 FF 61070 131800  780 193  844    +2281298     -3          32     -9   24  54  243  -47  236  -48  236  -48  18  0  0 L3P 25
G11 FF 61070 131800  780 123  382    +4562015    -59          -3    +73   61   4  373 +175  244  -68  244  -68  47  0  0 L3P 38
G16 FF 61070 131800  780 121 2942    -1981708   -115           2    -40   35  70  384 -201  285   -7  285   -7  24  0  0 L3P 38
G18 FF 61070 131800  780 354 1782    +4378026   -123          25    -26   38 208  140  -27  228  -14  228  -14  27  0  0 L3P 70
G21 FF 61070 131800  780 160  539    -3901284   -112          37    -46   45 173  289  -19  208  +19  208   19  33  0  0 L3P 58
G25 FF 61070 131800  780 368 1238    -4467386     -4          14    -28   20  30  134  +22  188  +41  188   41  14  0  0 L3P 2A
G26 FF 61070 131800  780 458 2932    +3194044    +60          20     +0   19  15  113  -14  164  -22  164  -22  14  0  0 L3P 1B
G28 FF 61070 131800  780 455 2225    +6036809    -73          -9    -14   30  24  113  +12  188  +30  188   30  21  0  0 L3P 2B
G29 FF 61070 131800  780 694  690    +3841860    -49          25    +17   16  24   86   +4  131   -8  131   -8  13  0  0 L3P F8
G31 FF 61070 131800  780 494 2710    +1697686    +20         -24    +41   40  90  106   +0  178  -22  178  -22  26  0  0 L3P 3A
G04 FF 61070 133400  780 101 3158     -412866    -64          -6    -42   39 194  444  +60  278  +43  278   43  30  0  0 L3P 3B
G05 FF 61070 133400  780 226  776    +2281300     +2          29     -4   35  54  210  -26  208  -17  208  -17  25  0  0 L3P FF
G16 FF 61070 133400  780 185 2964    -1981771     -6          11    +69   34  70  254  -90  242  -90  242  -90  25  0  0 L3P 44
G18 FF 61070 133400  780 430 1769    +4377939    -92          31     +5   27 208  119  -18  187  -36  187  -36  22  0  0 L3P 66
G21 FF 61070 133400  780 165  472    -3901365    -55          19    +11   44 173  281   +1  208  -17  208  -17  34  0  0 L3P 2B
G25 FF 61070 133400  780 299 1271    -4467381    +28          -4     +5   33  30  161  +34  226  +34  226   34  27  0  0 L3P 1D
G26 FF 61070 133400  780 528 2913    +3194102    +38          21    -21   17  15  102  -10  144   -6  144   -6  12  0  0 L3P 02
G28 FF 61070 133400  780 392 2165    +6036756    -75          -6    -16   32  24  128  +19  209  +39  209   39  26  0  0 L3P 48
G29 FF 61070 133400  780 621  694    +3841782    -46          10    +20   22  24   91   +6  137   -7  137   -7  15  0  0 L3P EB
G31 FF 61070 133400  780 485 2596    +1697680    -35          -9    -13   22  90  108   +3  170  +14  170   14  16  0  0 L3P 21
G05 FF 61070 135000  780 248  702    +2281311     -5          34    -11   37  54  192  -13  187  -11  187  -11  28  0  0 L3P 11
G16 FF 61070 135000  780 252 2981    -1981857    -64          -3    +11   28  70  190  -49  212  -67  212  -67  22  0  0 L3P 4B
G18 FF 61070 135000  780 507 1747    +4377828   -142          13    -46   27 208  105  -12  169  -28  169  -28  19  0  0 L3P 82
G21 FF 61070 135000  780 159  405    -3901429    -62          18     +4   37 173  292  +22  190  -19  190  -19  31  0  0 L3P 30
G25 FF 61070 135000  780 232 1302    -4467346    +43           8    +19   33  30  204  +56  243  +12  243   12  23  0  0 L3P 07
G26 FF 61070 135000  780 595 2867    +3194156    +26          18    -33   13  15   94   -7  130  +13  130   13   8  0  0 L3P FF
G28 FF 61070 135000  780 324 2120    +6036706    -80           1    -21   27  24  150  +29  231  +46  231   46  20  0  0 L3P 05
G29 FF 61070 135000  780 548  713    +3841709    -96           0    -30   18  24   99   +9  142  +27  142   27  13  0  0 L3P FA
G31 FF 61070 135000  780 457 2491    +1697660     +9          -8    +31   21  90  113   +7  175   -9  175   -9  14  0  0 L3P 00
G05 FF 61070 140600  780 258  625    +2281312    +63          27    +57   43  56  185   -3  173  -51  173  -51  30  0  0 L3P 1C
G16 FF 61070 140600  780 321 2992    -1981937    -52          -6    +23   20  82  152  -31  181  -52  181  -52  15  0  0 L3P 3E
G18 FF 61070 140600  780 583 1708    +4377733    -74          12    +23   29 210   95   -8  142  -49  142  -49  18  0  0 L3P 47
G21 FF 61070 140600  780 141  342    -3901530   -130         -19    -64   50 173  326  +52  218  +41  218   41  33  0  0 L3P 3B
G25 FF 61070 140600  780 166 1330    -4467350    -36         -24    -60   29  32  279 +107  280  +45  280   45  22  0  0 L3P 55
G26 FF 61070 140600  780 655 2776    +3194196    +83          -1    +24   21  18   89   -4  130  -31  130  -31  14  0  0 L3P 16
G28 FF 61070 140600  780 256 2085    +6036656    -36          11    +23   42  25  186  +48  261  +29  261   29  32  0  0 L3P 3E
G29 FF 61070 140600  780 478  740    +3841656    -40           6    +25   20 179  109  +12  132  -20  132  -20  14  0  0 L3P 22
G31 FF 61070 140600  780 415 2404    +1697642    -41           5    -19   18   4  122  +12  182  +20  182   20  12  0  0 L3P F6
G05 FF 61070 142200  780 255  548    +2281322     -2          32     -8   35  56  187   +7  171   -8  171   -8  26  0  0 L3P DB
G16 FF 61070 142200  780 391 2992    -1981994    -64           8    +11   23  82  128  -20  143  -27  143  -27  17  0  0 L3P 41
G18 FF 61070 142200  780 654 1634    +4377633    -99           5     -3   25 210   89   -5  124  -17  124  -17  17  0  0 L3P 1B
G21 FF 61070 142200  780 113  286    -3901551    -70          23     -4   49 173  401 +111  188  -16  188  -16  39  0  0 L3P 40
G25 FF 61070 142200  780 102 1356    -4467320    -72         -17    -96   64  32  444 +266  311 +128  311  128  50  0  0 L3P 73
G26 FF 61070 142200  780 699 2616    +3194249    +84          -4    +25   18  18   86   -2  124  -14  124  -14  12  0  0 L3P 20
G27 FF 61070 142200  780 108 2652     +297385   +107          48    +21   48 183  425 -235  346  -85  346  -85  36  0  0 L3P 84
G28 FF 61070 142200  780 188 2056    +6036607    -45          19    +14   53  25  249  +87  304  +46  304   46  40  0  0 L3P 40
G29 FF 61070 142200  780 410  772    +3841585    -18          -2    +48   22 179  123  +17  142  -31  142  -31  17  0  0 L3P 37
G31 FF 61070 142200  780 362 2333    +1697606     +0         -10    +21   22   4  136  +19  200   -2  200   -2  17  0  0 L3P D8
G05 FF 61070 143800  780 238  475    +2281326    +18          30    +12   36  56  199  +18  172   +0  172    0  26  0  0 L3P FB
G16 FF 61070 143800  780 462 2979    -1982100    -83         -25     -8   21  82  112  -14  145  -12  145  -12  14  0  0 L3P 3C
G18 FF 61070 143800  780 714 1493    +4377541    -63           5    +33   21 210   85   -3  112  -29  112  -29  14  0  0 L3P 1B
G23 FF 61070 143800  780 142 1463    -6062019    -81           5    -32   55 194  328 -150  269  -86  269  -86  46  0  0 L3P 75
G26 FF 61070 143800  780 713 2390    +3194314    +64           4     +5   18  18   85   +0  112   -1  112   -1  12  0  0 L3P BE
G27 FF 61070 143800  780 170 2689     +297460   +125          41    +39   42 183  276 -101  265 -116  265 -116  31  0  0 L3P 97
G28 FF 61070 143800  780 122 2030    +6036541   -148           9    -89   47  25  376 +197  385 +160  385  160  40  0  0 L3P 83
G29 FF 61070 143800  780 343  806    +3841538     +0          14    +66   29 179  143  +25  140  -46  140  -46  22  0  0 L3P 36
G31 FF 61070 143800  780 304 2277    +1697590    -11          -6    +11   34   4  159  +29  213  +10  213   10  25  0  0 L3P 0B
G05 FF 61070 145400  780 210  411    +2281340    +16          39    +10   47  56  224  +35  167  -10  167  -10  37  0  0 L3P 17
G16 FF 61070 145400  780 532 2945    -1982161    -47         -15    +28   19  82  101   -9  122  -27  122  -27  14  0  0 L3P 42
G18 FF 61070 145400  780 747 1248    +4377450    -77           7    +19   24 210   84   -1  104  -17  104  -17  16  0  0 L3P 25
G23 FF 61070 145400  780 208 1432    -6062052    -34          18    +15   37 194  228  -72  197  -79  197  -79  29  0  0 L3P 77
G26 FF 61070 145400  780 690 2173    +3194367    +54           0     -5   18  18   87   +2  113   -5  113   -5  13  0  0 L3P D3
G27 FF 61070 145400  780 233 2725     +297536    +46          34    -40   43 183  204  -55  207  -25  207  -25  29  0  0 L3P 4B
G29 FF 61070 145400  780 279  841    +3841459   -112          -1    -46   27 179  172  +37  159  +50  159   50  22  0  0 L3P 5A
G31 FF 61070 145400  780 243 2232    +1697584    +69           9    +91   25   4  195  +48  231  -33  231  -33  20  0  0 L3P 23
G05 FF 61070 151000  780 171  355    +2281364    -39          57    -45   44  56  271  +67  154  +22  154   22  34  0  0 L3P 24
G16 FF 61070 151000  780 597 2879    -1982237    -97         -19    -22   23  82   94   -6  118   +2  118    2  14  0  0 L3P 15
G18 FF 61070 151000  780 736  966    +4377351   -134           1    -37   17 210   84   +1  104  +18  104   18  12  0  0 L3P 07
G23 FF 61070 151000  780 274 1396    -6062113    +19           5    +68   25 194  176  -41  174  -69  174  -69  16  0  0 L3P 5A
G26 FF 61070 151000  780 639 2026    +3194425    +51           1     -8   26  18   90   +5  116   +0  116    0  17  0  0 L3P B5
G27 FF 61070 151000  780 298 2761     +297608   +113          22    +26   38 183  163  -34  177  -53  177  -53  28  0  0 L3P 6B
G29 FF 61070 151000  780 216  878    +3841393   -144          -4    -78   34 179  218  +60  170  +77  170   77  27  0  0 L3P 62
G31 FF 61070 151000  780 180 2194    +1697577     -4          23    +18   59   4  258  +87  254  +18  254   18  47  0  0 L3P 2B
G05 FF 61070 152600  780 125  310    +2281348    -16          36    -22   56  56  366 +142  162  -15  162  -15  38  0  0 L3P 3D
G16 FF 61070 152600  780 650 2761    -1982315   -103         -24    -28   19  82   89   -3  112   +4  112    4  12  0  0 L3P 07
G18 FF 61070 152600  780 690  779    +4377269    -54          11    +42   25 210   87   +3   97  -25   97  -25  18  0  0 L3P 1E
G23 FF 61070 152600  780 339 1351    -6062153     -7          11    +42   26 194  145  -25  141  -51  141  -51  19  0  0 L3P 36
G26 FF 61070 152600  780 574 1939    +3194489     +5           8    -55   27  18   96   +8  112  +45  112   45  21  0  0 L3P 07
G27 FF 61070 152600  780 365 2795     +297689    +80          21     -6   32 183  136  -23  148  -33  148  -33  27  0  0 L3P 4E
G29 FF 61070 152600  780 155  915    +3841324   -120         -10    -54   45 179  298 +113  195  +45  195   45  35  0  0 L3P 7A
G31 FF 61070 152600  780 119 2160    +1697537    -19           3     +3   33   4  384 +191  305  +42  305   42  24  0  0 L3P 0A
G08 FF 61070 154200  780 126 2824    -4980951    +73          13    +25   95  81  368 -179  241  -76  241  -76  63  0  0 L3P 79
G10 FF 61070 154200  780 165 1638    +5858196    +75          28    +55   31  86  285 -120  213  -59  213  -59  25  0  0 L3P 6F
G16 FF 61070 154200  780 680 2582    -1982386    -84         -23     -9   23  82   87   -1  104   -7  104   -7  16  0  0 L3P 09
G18 FF 61070 154200  780 627  684    +4377164    -27          -1    +70   16 210   91   +6   96  -53   96  -53  11  0  0 L3P 05
G23 FF 61070 154200  780 401 1295    -6062212    -56          -1     -8   33 194  126  -16  129  -21  129  -21  22  0  0 L3P 2E
G26 FF 61070 154200  780 503 1888    +3194524    +48         -13    -11   26  18  105  +11  135  +10  135   10  22  0  0 L3P 29
G27 FF 61070 154200  780 435 2828     +297757   +101           6    +15   25 183  118  -16  135  -31  135  -31  19  0  0 L3P 47
G07 FF 61070 155800  780 118 3290    +1423291    +34           6    -17   31  53  387  -69  175   -7  175   -7  25  0  0 L3P 22
G08 FF 61070 155800  780 188 2853    -4980910   +120           8    +72   52  81  250  -83  202 -115  202 -115  38  0  0 L3P 6D
G10 FF 61070 155800  780 235 1620    +5858204    +26          16     +6   27  86  202  -60  176  -16  176  -16  21  0  0 L3P 31
G15 FF 61070 155800  780 103  683    -3814271    -49          17    -14   37  78  442 -126  106   +0  106    0  32  0  0 L3P 0F
G16 FF 61070 155800  780 677 2373    -1982464    -74         -29     +1   17  82   87   +1  102   -1  102   -1  13  0  0 L3P FA
G18 FF 61070 155800  780 558  643    +4377072    -94           0     +3   24 210   98   +8   90   +1   90    1  16  0  0 L3P AE
G23 FF 61070 155800  780 457 1222    -6062262    -45          -4     +4   30 194  113  -10  108  -26  108  -26  24  0  0 L3P 2F
G26 FF 61070 155800  780 430 1857    +3194600    +67           6     +8   30  18  118  +17  129   -1  129   -1  24  0  0 L3P FC
G27 FF 61070 155800  780 506 2857     +297851   +114          17    +27   25 183  105  -11  112  -27  112  -27  17  0  0 L3P 58
G07 FF 61070 161400  780 135 3232    +1423319    +59         -10     +8   34  56  341  -30  179   -8  179   -8  25  0  0 L3P 1E
G08 FF 61070 161400  780 253 2880    -4980823   +115          54    +68   43  82  189  -47  142  -77  142  -77  32  0  0 L3P 76
G10 FF 61070 161400  780 308 1599    +5858232    +90          18    +69   38  32  158  -35  141  -75  141  -75  30  0  0 L3P 56
G15 FF 61070 161400  780 128  619    -3814311    -43           9     -8   46  79  357  -59   91  -12   91  -12  39  0  0 L3P 04
G16 FF 61070 161400  780 642 2198    -1982530    -67         -23     +8   18  83   90   +4   98  -19   98  -19  13  0  0 L3P 1A
G18 FF 61070 161400  780 487  629    +4376986    -84           5    +13   21 211  107  +12   81  -13   81  -13  13  0  0 L3P 10
G23 FF 61070 161400  780 502 1127    -6062317    -42         -10     +7   24 195  105   -6   99  -29   99  -29  19  0  0 L3P 27
G26 FF 61070 161400  780 357 1838    +3194657    +96           6    +36   24  18  138  +25  138  -19  138  -19  17  0  0 L3P 53
G27 FF 61070 161400  780 580 2880     +297940    +72          26    -14   17 185   95   -8   94   -8   94   -8  14  0  0 L3P FD
G07 FF 61070 163000  780 141 3171    +1423389    +27          10    -24   37  56  325   -4  162  +12  162   12  26  0  0 L3P 0E
G08 FF 61070 163000  780 320 2903    -4980791    +82          39    +34   32  82  153  -30  118  -62  118  -62  20  0  0 L3P 42
G10 FF 61070 163000  780 381 1571    +5858242    +33           8    +12   29  32  131  -22  121  -37  121  -37  21  0  0 L3P 17
G15 FF 61070 163000  780 145  551    -3814351    -33           2     +2   36  79  318  -25   76   -8   76   -8  27  0  0 L3P D2
G16 FF 61070 163000  780 585 2082    -1982594    -76         -15     -1   25  83   95   +7   91   +3   91    3  20  0  0 L3P D5
G18 FF 61070 163000  780 417  632    +4376884   -118          -4    -21   26 211  121  +17   80   +2   80    2  18  0  0 L3P EF
G23 FF 61070 163000  780 530 1012    -6062352    -26           2    +23   17 195  101   -3   78  -34   78  -34  13  0  0 L3P F9
G26 FF 61070 163000  780 285 1824    +3194717    -30           9    -90   23  18  169  +40  151  +89  151   89  17  0  0 L3P 39
G27 FF 61070 163000  780 655 2892     +298005   +105           8    +18   15 185   89   -6   91  -27   91  -27  10  0  0 L3P 10
G02 FF 61070 164600  780 115 2482     -278884    -67          10    +15   42  74  401 -216  248  -83  248  -83  28  0  0 L3P 59
G07 FF 61070 164600  780 138 3107    +1423422     +2          -6    -49   41  56  333  +21  169  +29  169   29  31  0  0 L3P 21
G08 FF 61070 164600  780 388 2920    -4980768    +75          17    +28   20  82  129  -20  102  -46  102  -46  14  0  0 L3P 53
G10 FF 61070 164600  780 453 1533    +5858260    +70           7    +49   21  32  114  -15  101  -59  101  -59  14  0  0 L3P 27
G15 FF 61070 164600  780 150  482    -3814369     -2          18    +34   31  79  307   +0   61  -22   61  -22  24  0  0 L3P E2
G16 FF 61070 164600  780 517 2010    -1982677    -83         -26     -8   24  83  103  +10   96   +6   96    6  18  0  0 L3P FD
G18 FF 61070 164600  780 348  645    +4376788   -104          -8     -8   26 211  141  +25   68  -12   68  -12  20  0  0 L3P 2B
G23 FF 61070 164600  780 537  885    -6062404     -2          -3    +47   18 195  100   +0   65  -49   65  -49  13  0  0 L3P 03
G26 FF 61070 164600  780 215 1813    +3194780    +80          15    +21   39  18  219  +69  164   -2  164   -2  29  0  0 L3P 29
G27 FF 61070 164600  780 731 2879     +298098    +75          18    -11   17 185   85   -4   71   -3   71   -3  12  0  0 L3P F3
G02 FF 61070 170200  780 178 2519     -278966    -76           7     +6   47  74  264  -93  181  -79  181  -79  37  0  0 L3P 44
G07 FF 61070 170200  780 124 3044    +1423471   +143          -6    +92   35  56  368  +54  165  -57  165  -57  27  0  0 L3P 5A
G08 FF 61070 170200  780 459 2929    -4980731    +65           8    +17   28  82  113  -14   83  -36   83  -36  20  0  0 L3P 26
G10 FF 61070 170200  780 523 1477    +5858284    -27          11    -48   22  32  102  -10   81  +14   81   14  15  0  0 L3P 02
G15 FF 61070 170200  780 144  414    -3814414    -87           8    -51   42  79  318  +25   65  +32   65   32  30  0  0 L3P F0
G16 FF 61070 170200  780 446 1964    -1982757    -47         -34    +28   30  83  115  +15  105  -14  105  -14  25  0  0 L3P 54
G18 FF 61070 170200  780 282  665    +4376696   -111          -7    -15   28 211  170  +37   54   +9   54    9  22  0  0 L3P 08
G23 FF 61070 170200  780 522  764    -6062466    -61         -19    -13   31 195  102   +4   63   +1   63    1  24  0  0 L3P D9
G26 FF 61070 170200  780 147 1804    +3194826    +69           5    +10   51  18  314 +140  186  +25  186   25  38  0  0 L3P 3A
G27 FF 61070 170200  780 805 2784     +298174   +101          11    +15   12 185   82   -2   69  -15   69  -15   8  0  0 L3P 04
G02 FF 61070 171800  780 242 2557     -279058    -11          -7    +71   31  74  197  -51  140  -99  140  -99  26  0  0 L3P 42
G07 FF 61070 171800  780 101 2983    +1423540    +36          15    -15   35  56  447 +116  161  +38  161   38  27  0  0 L3P 49
G08 FF 61070 171800  780 530 2925    -4980698    +11          -5    -37   20  82  101  -10   72   +5   72    5  13  0  0 L3P E8
G10 FF 61070 171800  780 585 1392    +5858290    -35          -2    -56   17  32   95   -6   75  +26   75   26  12  0  0 L3P 02
G15 FF 61070 171800  780 127  349    -3814423    +34          33    +70   36  79  359  +62   38  -57   38  -57  29  0  0 L3P 30
G16 FF 61070 171800  780 372 1934    -1982801    -80          -6     -5   26  83  133  +23   93  +24   93   24  20  0  0 L3P 03
G18 FF 61070 171800  780 217  690    +4376600    -41         -10    +56   30 211  217  +62   54  -57   54  -57  22  0  0 L3P 29
G23 FF 61070 171800  780 488  663    -6062514    -68         -19    -19   24 195  107   +7   57   +4   57    4  17  0  0 L3P 08
G27 FF 61070 171800  780 854 2243     +298270   +100          24    +14   17 185   81   +0   56  -24   56  -24  11  0  0 L3P 06
G02 FF 61070 173400  780 306 2597     -279145   -138         -15    -56   20  74  159  -32  117  +24  117   24  15  0  0 L3P 4A
G08 FF 61070 173400  780 601 2899    -4980658    +43         -11     -5   17  82   93   -7   66   +0   66    0  11  0  0 L3P D8
G10 FF 61070 173400  780 633 1265    +5858314   +123           2   +102   26  32   90   -3   61  -77   61  -77  18  0  0 L3P 0A
G15 FF 61070 173400  780 100  290    -3814491    +15          -2    +50   32  79  451 +140   57  -36   57  -36  21  0  0 L3P 11
G16 FF 61070 173400  780 300 1914    -1982870   -101          -3    -26   22  83  161  +36   97  +41   97   41  17  0  0 L3P 23
G18 FF 61070 173400  780 154  719    +4376498   -104         -19     -8   36 211  299 +117   56   -7   56   -7  30  0  0 L3P 3A
G23 FF 61070 173400  780 439  588    -6062561    -15         -19    +34   27 195  116  +12   58  -22   58  -22  19  0  0 L3P 3F
G27 FF 61070 173400  780 809 1647     +298349    +44          20    -43   19 185   82   +2   49  +33   49   33  12  0  0 L3P 04
G02 FF 61070 175000  780 371 2639     -279207    -39           2    +43   34  74  134  -21   86  -39   86  -39  22  0  0 L3P 0E
G08 FF 61070 175000  780 669 2834    -4980611    +57         -10     +9   15  82   88   -4   57   -7   57   -7  10  0  0 L3P EF
G10 FF 61070 175000  780 659 1094    +5858345    +36          13    +15   15  32   89   -1   44  -23   44  -23  12  0  0 L3P FA
G16 FF 61070 175000  780 229 1897    -1982957    +13         -18    +88   39  83  206  +61  123  -50  123  -50  31  0  0 L3P 64
G23 FF 61070 175000  780 382  537    -6062602    -23         -13    +26   31 195  130  +18   49  -30   49  -30  23  0  0 L3P 20
G27 FF 61070 175000  780 734 1535     +298406    +79          -6     -8   15 185   84   +4   63   -2   63   -2  11  0  0 L3P CD
G01 FF 61070 180600  780 119 2576    -3383135     +1          -7    -43   48 151  389 -193  194  +12  194   12  35  0  0 L3P 4F
G02 FF 61070 180600  780 437 2682     -279288    -83          -3     -1   28  76  117  -15   78  -17   78  -17  19  0  0 L3P 1C
G08 FF 61070 180600  780 726 2692    -4980565    +50          -2     +2   14   0   85   -2   50  -11   50  -11   9  0  0 L3P B8
G10 FF 61070 180600  780 653  910    +5858336     -7         -16    -28   15  32   89   +1   56  +11   56   11  12  0  0 L3P D7
G16 FF 61070 180600  780 160 1884    -1983022   -164         -11    -89   45  90  290 +120  130  +92  130   92  34  0  0 L3P 67
G23 FF 61070 180600  780 320  505    -6062657     -9         -20    +40   20 196  152  +28   48  -33   48  -33  14  0  0 L3P 15
G27 FF 61070 180600  780 655 1512     +298482    +52         -14    -34   17 186   89   +6   62  +37   62   37  11  0  0 L3P 0E
G32 FF 61070 180600  780 156 1287    +1159066   -165          13     +9   31  35  300 -113   96  -19   96  -19  24  0  0 L3P 3C
G01 FF 61070 182200  780 179 2614    -3383048    +68          38    +24   38 151  262  -88  116  -75  116  -75  28  0  0 L3P 6F
G02 FF 61070 182200  780 504 2727     -279378    -89         -15     -7   19  76  105  -11   70   -3   70   -3  15  0  0 L3P EF
G08 FF 61070 182200  780 756 2434    -4980511    +10           6    -38   14   0   83   +0   41  +22   41   22   9  0  0 L3P A7
G10 FF 61070 182200  780 620  760    +5858364    -22          -7    -43   16  32   91   +4   44  +29   44   29  12  0  0 L3P D6
G23 FF 61070 182200  780 255  488    -6062675    +15          10    +64   32 196  186  +45   20  -48   20  -48  25  0  0 L3P 2A
G27 FF 61070 182200  780 577 1514     +298573    +75          -6    -12   19 186   96   +9   58  +16   58   16  15  0  0 L3P 0F
G32 FF 61070 182200  780 215 1244    +1158918   -212          32    -38   30  35  221  -59   71   +9   71    9  25  0  0 L3P FE
G01 FF 61070 183800  780 240 2652    -3383018    -69          25   -114   38 151  198  -50   79  +48   79   48  28  0  0 L3P 59
G02 FF 61070 183800  780 572 2773     -279435    -73           7     +9   23  76   96   -8   47  -15   47  -15  15  0  0 L3P EB
G08 FF 61070 183800  780 740 2143    -4980474    +76          -3    +28   19   0   84   +2   44   -6   44   -6  12  0  0 L3P CA
G10 FF 61070 183800  780 568  660    +5858379    +57         -12    +37   26  32   96   +7   44  -28   44  -28  18  0  0 L3P 1C
G14 FF 61070 183800  780 129 3262    -7319345    -54          29    -33   33 165  357 -112   52  +14   52   14  27  0  0 L3P 40
G23 FF 61070 183800  780 190  482    -6062737    -70          -5    -21   33 196  246  +82   34  +18   34   18  23  0  0 L3P 19
G27 FF 61070 183800  780 499 1524     +298664   +102           2    +16   22 186  105  +12   53   -1   53   -1  15  0  0 L3P F7
G32 FF 61070 183800  780 271 1193    +1158722   -208           3    -34   28  35  177  -34   83   -1   83   -1  22  0  0 L3P FE
G01 FF 61070 185400  780 303 2690    -3382985     +2          16    -42   30 151  160  -31   58  +15   58   15  24  0  0 L3P 0C
G02 FF 61070 185400  780 641 2822     -279509    -57          11    +25   19  76   90   -5   40  -17   40  -17  12  0  0 L3P ED
G08 FF 61070 185400  780 689 1956    -4980432    +64          -6    +16   19   0   87   +4   46  -15   46  -15  12  0  0 L3P FF
G10 FF 61070 185400  780 506  601    +5858406    +15          -5     -6   30  32  104  +10   37  +13   37   13  20  0  0 L3P CB
G14 FF 61070 185400  780 166 3212    -7319365    -62          37    -40   49 167  280  -55   43  +27   43   27  38  0  0 L3P 3C
G23 FF 61070 185400  780 126  485    -6062761    -22          17    +27   50 196  365 +182   16  -29   16  -29  40  0  0 L3P 41
G27 FF 61070 185400  780 422 1537     +298754   +100           8    +13   27 186  120  +18   47   -4   47   -4  21  0  0 L3P FD
G32 FF 61070 185400  780 324 1134    +1158566   -190          14    -16   23  35  151  -21   49   -2   49   -2  21  0  0 L3P 02
G01 FF 61070 191000  780 368 2729    -3382946    +95          12    +51   34 151  135  -21   43  -64   43  -64  24  0  0 L3P 36
G02 FF 61070 191000  780 710 2877     -279580    -58          19    +23   19  76   86   -4   35  -20   35  -20  12  0  0 L3P F3
G08 FF 61070 191000  780 622 1861    -4980394    +70         -14    +23   16   0   91   +6   51  -16   51  -16  11  0  0 L3P EA
G10 FF 61070 191000  780 440  570    +5858419    +21         -11     +1   28  32  116  +15   43   +5   43    5  22  0  0 L3P BA
G14 FF 61070 191000  780 195 3153    -7319407    -26          16     -5   28 167  241  -29   50   +2   50    2  19  0  0 L3P EE
G22 FF 61070 191000  780 123 3289     +526212   -121          -3    -75   35   6  372 -117   64  +55   64   55  27  0  0 L3P 0D
G27 FF 61070 191000  780 348 1551     +298827   +132          -1    +46   29 186  141  +27   58  -28   58  -28  23  0  0 L3P 42
G32 FF 61070 191000  780 369 1063    +1158368   -161         -17    +13   23  35  134  -13   57  -16   57  -16  19  0  0 L3P 3F
G01 FF 61070 192600  780 434 2767    -3382921    -36          -6    -80   24 151  118  -15   44  +57   44   57  18  0  0 L3P 30
G02 FF 61070 192600  780 780 2946     -279659    -47          18    +35   14  76   83   -2   36  -33   36  -33   9  0  0 L3P FB
G03 FF 61070 192600  780 126 2245    -5839374    +74         -30    -37   45 116  368 -193  123  -13  123  -13  35  0  0 L3P 7D
G08 FF 61070 192600  780 548 1812    -4980338    +90          -4    +42   27   0   99   +9   45  -38   45  -38  20  0  0 L3P FF
G10 FF 61070 192600  780 373  558    +5858421    +18         -29     -3   25  32  133  +21   52   +0   52    0  20  0  0 L3P C5
G14 FF 61070 192600  780 213 3088    -7319423   -116          21    -95   35 167  221  -13   43  +59   43   59  26  0  0 L3P 45
G22 FF 61070 192600  780 159 3239     +526186    -45          16     +2   28   6  292  -57   47  -20   47  -20  21  0  0 L3P F3
G27 FF 61070 192600  780 275 1565     +298920   +143           9    +57   24 186  174  +43   58  -40   58  -40  18  0  0 L3P 3D
G32 FF 61070 192600  780 404  979    +1158216   -198          -2    -24   32  35  124   -8   36  +11   36   11  24  0  0 L3P FB
G01 FF 61070 194200  780 502 2805    -3382871    +37           1     -8   22 151  105  -11   34   +4   34    4  15  0  0 L3P C5
G02 FF 61070 194200  780 849 3096     -279727    -79          30     +3   17  76   81   -1   28  -11   28  -11  11  0  0 L3P E5
G03 FF 61070 194200  780 193 2275    -5839248   +122          -9    +12   27 116  244  -85   80  -37   80  -37  21  0  0 L3P 4D
G08 FF 61070 194200  780 473 1787    -4980298   +120         -10    +72   34   0  110  +14   54  -56   54  -56  23  0  0 L3P 31
G10 FF 61070 194200  780 305  559    +5858446    +11         -24    -10   22  32  158  +32   48  +12   48   12  18  0  0 L3P 05
G14 FF 61070 194200  780 219 3018    -7319465    -31          -1     -9   38 167  215   -1   56   +6   56    6  27  0  0 L3P E6
G22 FF 61070 194200  780 185 3181     +526151   -110          26    -63   27   6  252  -29   35  +36   35   36  18  0  0 L3P 00
G27 FF 61070 194200  780 204 1577     +299018   +140          24    +54   33 186  230  +76   55  -17   55  -17  27  0  0 L3P 3D
G32 FF 61070 194200  780 426  886    +1158042   -181          -8     -7   26  35  119   -3   40   -8   40   -8  19  0  0 L3P DD
G01 FF 61070 195800  780 571 2841    -3382832    +55          -2    +11   15 151   96   -8   37  -18   37  -18  11  0  0 L3P 11
G02 FF 61070 195800  780 872  796     -279806    -79          29     +3   13  76   81   +0   25   -5   25   -5   8  0  0 L3P B1
G03 FF 61070 195800  780 261 2309    -5839147    +91         -14    -20   30 116  184  -47   70   +2   70    2  24  0  0 L3P 0B
G08 FF 61070 195800  780 397 1773    -4980255    +73         -13    +25   28   0  126  +20   57  -15   57  -15  22  0  0 L3P 2B
G10 FF 61070 195800  780 239  568    +5858467    +57         -23    +37   33  32  198  +52   47  -26   47  -26  25  0  0 L3P 42
G14 FF 61070 195800  780 213 2946    -7319476    +28           8    +50   39 167  220  +11   47  -40   47  -40  27  0  0 L3P 31
G17 FF 61070 195800  780 123 3165     +483301   +123          38    +12   38  99  377 -185   32  -20   32  -20  26  0  0 L3P 34
G22 FF 61070 195800  780 201 3117     +526070    -13         -11    +33   51   6  233  -12   54  -24   54  -24  37  0  0 L3P EF
G27 FF 61070 195800  780 136 1587     +299062    +97         -15    +11   40 186  338 +164   95   +9   95    9  28  0  0 L3P 3A
G32 FF 61070 195800  780 430  788    +1157860   -169         -23     +5   18  35  118   +1   50   -1   50   -1  15  0  0 L3P E2
G01 FF 61070 201400  780 643 2874    -3382794    +69          -7    +23   15 152   90   -6   35  -16   35  -16  10  0  0 L3P 0B
G02 FF 61070 201400  780 804 1089     -279874    -99          37    -17   15  99   82   +2   19  +14   19   14   9  0  0 L3P E7
G03 FF 61070 201400  780 331 2346    -5839058    +88         -28    -22   31 117  148  -29   67  +10   67   10  20  0  0 L3P 30
G08 FF 61070 201400  780 323 1765    -4980211    +63         -10    +15   30  76  150  +31   69   +6   69    6  25  0  0 L3P F3
G10 FF 61070 201400  780 175  585    +5858492    -28         -20    -48   44  35  266  +95   33  +54   33   54  34  0  0 L3P 20
G14 FF 61070 201400  780 196 2876    -7319482    +66          21    +88   43 168  238  +26   41  -66   41  -66  35  0  0 L3P 50
G17 FF 61070 201400  780 183 3154     +483422   +126          49    +14   40 165  257  -83    9  -10    9  -10  32  0  0 L3P 03
G22 FF 61070 201400  780 206 3050     +526030    -55          -6     -8   27   6  228   +1   53  +10   53   10  20  0  0 L3P 9A
G32 FF 61070 201400  780 418  694    +1157701   -159         -16    +15   25  36  121   +5   31   -9   31   -9  16  0  0 L3P EC
G01 FF 61070 203000  780 716 2900    -3382749    +57          -5    +12   19 152   85   -4   33  -11   33  -11  12  0  0 L3P F3
G02 FF 61070 203000  780 732 1168     -279972    -85          18     -3   17  99   84   +3   35   +9   35    9  11  0  0 L3P B9
G03 FF 61070 203000  780 401 2387    -5838932   +109          -9     -1   21 117  125  -19   48   -8   48   -8  15  0  0 L3P 0F
G08 FF 61070 203000  780 251 1760    -4980170    +24         -16    -24   29  76  189  +51   83  +18   83   18  20  0  0 L3P 24
G10 FF 61070 203000  780 112  607    +5858521    +62         -11    +42   56  35  407 +218   30  -13   30  -13  46  0  0 L3P 0C
G14 FF 61070 203000  780 169 2809    -7319525    -59          -1    -37   44 168  274  +50   60  +31   60   31  35  0  0 L3P 24
G17 FF 61070 203000  780 242 3133     +483478   +108          -2     -3   30 165  197  -46   42   +2   42    2  23  0  0 L3P D5
G22 FF 61070 203000  780 199 2981     +526004     -3          13    +43   40   6  235  +14   40  -43   40  -43  29  0  0 L3P D0
G32 FF 61070 203000  780 390  612    +1157524   -165         -25     +9   28  36  128  +10   38   -3   38   -3  21  0  0 L3P E6
G01 FF 61070 204600  780 790 2907    -3382710    +56         -10    +11   19 152   82   -2   34  -12   34  -12  13  0  0 L3P 01
G02 FF 61070 204600  780 660 1221     -280038   -113          30    -31   14  99   88   +5   25  +20   25   20  10  0  0 L3P CC
G03 FF 61070 204600  780 473 2433    -5838840    +92         -22    -19   19 117  110  -13   48   +2   48    2  14  0  0 L3P 09
G08 FF 61070 204600  780 181 1756    -4980106     -7           3    -54   41  76  257  +96   74  +58   74   58  30  0  0 L3P 0E
G14 FF 61070 204600  780 135 2747    -7319526    +53          19    +74   37 168  341  +95   53  -31   53  -31  30  0  0 L3P 3D
G17 FF 61070 204600  780 297 3100     +483597   +106          10     -6   20 165  163  -28   30  -15   30  -15  15  0  0 L3P 0F
G22 FF 61070 204600  780 182 2915     +525953    -76           7    -29   50   6  256  +31   42  +19   42   19  39  0  0 L3P EA
G32 FF 61070 204600  780 349  546    +1157362   -158         -20    +16   31  36  141  +16   43  -10   43  -10  25  0  0 L3P 15
G01 FF 61070 210200  780 864 2777    -3382659    +49          -2     +3   11 152   81   -1   29   -5   29   -5   7  0  0 L3P C6
G02 FF 61070 210200  780 588 1265     -280142    -46           5    +36   21  99   94   +7   43  -12   43  -12  14  0  0 L3P CE
G03 FF 61070 210200  780 546 2485    -5838736   +142         -24    +31   24 117   99   -9   38  -28   38  -28  18  0  0 L3P 46
G04 FF 61070 210200  780 109 1897     -413419   -112          50    -90   51 200  424 -265   59  +70   59   70  38  0  0 L3P 36
G08 FF 61070 210200  780 114 1752    -4980070   +100          -7    +52   62  76  402 +228   93  -26   93  -26  43  0  0 L3P 37
G17 FF 61070 210200  780 347 3053     +483702    +57           8    -54   29 165  142  -17   28  +30   28   30  21  0  0 L3P F8
G19 FF 61070 210200  780 138 3205    -6879877    +20          16    +37   40  86  336 -141   48  -31   48  -31  29  0  0 L3P 44
G22 FF 61070 210200  780 154 2851     +525926    -97          24    -51   42   6  299  +59   29  +55   29   55  36  0  0 L3P 07
G32 FF 61070 210200  780 300  495    +1157219   -144           4    +30   23  36  161  +26   30  -16   30  -16  16  0  0 L3P E9
G01 FF 61070 211800  780 853 1442    -3382604    +35           9    -11   14 152   81   +1   19   +5   19    5   9  0  0 L3P AD
G02 FF 61070 211800  780 517 1303     -280216   -119           9    -37   18  99  103  +10   45  +39   45   39  14  0  0 L3P FE
G03 FF 61070 211800  780 618 2547    -5838636    +91         -30    -19   24 117   92   -7   34   +5   34    5  15  0  0 L3P F6
G04 FF 61070 211800  780 179 1898     -413493    -63          -3    -41   37 200  263 -104   91  +27   91   27  28  0  0 L3P 2B
G17 FF 61070 211800  780 389 2989     +483810   +122           9    +10   26 165  129  -11   20  -19   20  -19  18  0  0 L3P 25
G19 FF 61070 211800  780 195 3179    -6879873    -17          37     +0   28  86  242  -68   26   -4   26   -4  21  0  0 L3P 0F
G22 FF 61070 211800  780 120 2793     +525869   -106          12    -59   67   6  380 +117   54  +47   54   47  44  0  0 L3P 24
G28 FF 61070 211800  780 179  869    +6035125   -117          11    -58   35  28  261  -56   22  +34   22   34  27  0  0 L3P 1D
G32 FF 61070 211800  780 245  459    +1157056   -204           7    -30   25  36  194  +44   31  +30   31   30  17  0  0 L3P ED
G01 FF 61070 213400  780 777 1362    -3382573    +62          -3    +17   24 152   83   +3   26   -4   26   -4  16  0  0 L3P DD
G02 FF 61070 213400  780 445 1338     -280303   -111           0    -29   29  99  115  +15   62  +34   62   34  21  0  0 L3P ED
G03 FF 61070 213400  780 691 2626    -5838533    +74         -33    -37   14 117   87   -4   29  +27   29   27   9  0  0 L3P 16
G04 FF 61070 213400  780 252 1900     -413479    -47          31    -26   35 200  190  -54   46  +11   46   11  28  0  0 L3P 01
G17 FF 61070 213400  780 420 2910     +483913    +97           5    -14   30 165  121   -6   24   +2   24    2  25  0  0 L3P B4
G19 FF 61070 213400  780 248 3141    -6879899    +10          27    +27   29  86  192  -38   25   -5   25   -5  22  0  0 L3P 1B
G28 FF 61070 213400  780 213  804    +6035053    -66          -4     -7   31  28  221  -31   27   -4   27   -4  24  0  0 L3P C2
G31 FF 61070 213400  780 128 1120    +1697059     +0           1    +22   58  52  360 -146  107  -22  107  -22  41  0  0 L3P 13
G32 FF 61070 213400  780 186  436    +1156890   -117           9    +57   42  36  251  +79   19  -55   19  -55  34  0  0 L3P 24
G01 FF 61070 215000  780 699 1368    -3382538    +30         -12    -15   23 152   86   +4   36  +11   36   11  15  0  0 L3P 01
G02 FF 61070 215000  780 375 1369     -280357    -78          25     +4   29  99  132  +22   62  +14   62   14  21  0  0 L3P ED
G03 FF 61070 215000  780 761 2749    -5838429   +103         -35     -7   16 117   83   -3   30   +7   30    7  10  0  0 L3P E5
G04 FF 61070 215000  780 326 1903     -413535    -32          -4    -10   33 200  150  -32   60   +4   60    4  27  0  0 L3P BE
G17 FF 61070 215000  780 435 2819     +484000    +87         -15    -25   28 165  117   -2   37  +29   37   29  20  0  0 L3P 10
G19 FF 61070 215000  780 295 3090    -6879921     +4          21    +21   33  86  164  -23   30  -19   30  -19  23  0  0 L3P 0E
G28 FF 61070 215000  780 238  733    +6035003    -22           2    +37   29  28  199  -16   19  -35   19  -35  22  0  0 L3P FD
G31 FF 61070 215000  780 179 1067    +1697056    -16          19     +5   34  52  261  -72   74  -18   74  -18  27  0  0 L3P 1D
G32 FF 61070 215000  780 126  423    +1156721   -352           6   -178   58  36  365 +173    8 +112    8  112  49  0  0 L3P 24
G01 FF 61070 220600  780 621 1388    -3382496     -8          -8    -54   15 153   91   +7   40  +36   40   36  10  0  0 L3P E8
G02 FF 61070 220600  780 305 1398     -280459    -72         -18     +9   25  77  158  +33   74   -4   74   -4  18  0  0 L3P F6
G03 FF 61070 220600  780 824 3021    -5838323   +106         -38     -4   17 119   82   -1   31   -2   31   -2  11  0  0 L3P DB
G04 FF 61070 220600  780 403 1905     -413568    +10          -9    +32   29 201  125  -21   59  -29   59  -29  21  0  0 L3P 12
G06 FF 61070 220600  780 124 3053    +6070764    +85          32    +56   45  66  375 -191   18  -45   18  -45  32  0  0 L3P 3C
G09 FF 61070 220600  780 129 2080    -7703908    -45          58    -48   35  80  359 -189   52  +29   52   29  26  0  0 L3P 4A
G17 FF 61070 220600  780 434 2721     +484127   +134           6    +22   27 183  117   +2   20   -5   20   -5  18  0  0 L3P D1
G19 FF 61070 220600  780 333 3024    -6879946    -52          11    -35   26  87  147  -13   23  +25   23   25  23  0  0 L3P 1A
G28 FF 61070 220600  780 252  659    +6034946    -57           0     +2   31  29  189   -6   17  -10   17  -10  25  0  0 L3P D8
G31 FF 61070 220600  780 227 1007    +1697026    -50          13    -29   33  55  209  -40   59   -2   59   -2  27  0  0 L3P F7
G01 FF 61070 222200  780 543 1411    -3382449     +7          -5    -38   18 153   99  +10   42  +30   42   30  12  0  0 L3P E5
G02 FF 61070 222200  780 236 1424     -280517    -45           2    +37   41  77  200  +56   60  -19   60  -19  31  0  0 L3P E9
G03 FF 61070 222200  780 840  111    -5838214   +157         -34    +47   21 119   81   +0   27  -34   27  -34  15  0  0 L3P 09
G04 FF 61070 222200  780 481 1903     -413570    -82          10    -60   32 201  109  -14   45  +32   45   32  23  0  0 L3P F1
G06 FF 61070 222200  780 188 3067    +6070755    +15          -4    -13   43  66  251  -86   31   +2   31    2  31  0  0 L3P DB
G09 FF 61070 222200  780 199 2096    -7703944    +50          20    +48   40  80  238  -83   75  -47   75  -47  28  0  0 L3P 3F
G17 FF 61070 222200  780 416 2626     +484228    +94           1    -18   25 183  121   +6   34  +27   34   27  19  0  0 L3P ED
G19 FF 61070 222200  780 359 2946    -6879965    -37           9    -20   28  87  137   -7   23  +13   23   13  20  0  0 L3P 0C
G28 FF 61070 222200  780 253  583    +6034884    -42          -4    +17   28  29  188   +4   18   -5   18   -5  20  0  0 L3P DB
G31 FF 61070 222200  780 267  939    +1697015    +24          22    +45   28  55  179  -23   38  -48   38  -48  22  0  0 L3P 23
G01 FF 61070 223800  780 467 1435    -3382397    +21           3    -25   23 153  111  +14   47  +34   47   34  18  0  0 L3P 0B
G02 FF 61070 223800  780 169 1447     -280602    -19          -4    +63   38  77  275 +107   78  -47   78  -47  28  0  0 L3P 3D
G03 FF 61070 223800  780 790  538    -5838112    +89         -38    -21   18 119   82   +2   27  +10   27   10  12  0  0 L3P FB
G04 FF 61070 223800  780 560 1893     -413602    -45          -1    -23   31 201   98   -9   47  +10   47   10  24  0  0 L3P DC
G06 FF 61070 223800  780 253 3073    +6070754    -46         -33    -74   41  66  189  -48   47  +53   47   53  26  0  0 L3P 3A
G09 FF 61070 223800  780 270 2115    -7703947    -85          15    -87   29  80  178  -46   60  +63   60   63  23  0  0 L3P 2F
G17 FF 61070 223800  780 384 2541     +484341   +141           6    +29   21 183  130  +11   38   -8   38   -8  17  0  0 L3P F9
G19 FF 61070 223800  780 371 2857    -6879989     -3           1    +14   28  87  134   -1   27   -6   27   -6  23  0  0 L3P EB
G28 FF 61070 223800  780 242  511    +6034826    -40          -6    +19   30  29  196  +14   17  -20   17  -20  22  0  0 L3P F8
G31 FF 61070 223800  780 298  863    +1696992    -37          20    -16   40  55  162  -13   27   +6   27    6  34  0  0 L3P F0
G01 FF 61070 225400  780 391 1458    -3382358    +35          -1    -11   22 153  128  +21   60   +7   60    7  15  0  0 L3P EA
G03 FF 61070 225400  780 723  700    -5837997    +66         -29    -44   16 119   85   +3   25  +22   25   22  11  0  0 L3P 03
G04 FF 61070 225400  780 638 1866     -413628    -46          -7    -25   23 201   90   -6   43   +3   43    3  15  0  0 L3P C3
G06 FF 61070 225400  780 320 3070    +6070813    +50          -1    +22   32  66  153  -30   28  -11   28  -11  24  0  0 L3P F4
G09 FF 61070 225400  780 343 2137    -7703956    +44           4    +42   38  80  144  -28   57  -45   57  -45  29  0  0 L3P 28
G17 FF 61070 225400  780 341 2467     +484425    +83         -17    -29   37 183  144  +18   57  +30   57   30  29  0  0 L3P 2F
G19 FF 61070 225400  780 366 2766    -6880009    -73          -3    -56   23  87  135   +4   34  +58   34   58  17  0  0 L3P 1C
G28 FF 61070 225400  780 218  445    +6034777    -55           2     +4   29  29  216  +28   12  -11   12  -11  21  0  0 L3P DE
G31 FF 61070 225400  780 317  781    +1696972    -58          20    -37   38  55  153   -5   21  +21   21   21  31  0  0 L3P EC
G01 FF 61070 231000  780 318 1479    -3382310   +120           3    +75   27 153  153  +32   60  -42   60  -42  18  0  0 L3P 16
G03 FF 61070 231000  780 653  795    -5837889    +27         -27    -83   20 119   89   +5   25  +63   25   63  13  0  0 L3P 17
G04 FF 61070 231000  780 713 1798     -413668    -28         -26     -7   18 201   85   -4   50   -5   50   -5  12  0  0 L3P D1
G06 FF 61070 231000  780 386 3054    +6070822    +48         -19    +20   26  66  130  -19   40  -22   40  -22  17  0  0 L3P 18
G09 FF 61070 231000  780 417 2160    -7703961    -33          -4    -36   24  80  122  -19   56  +15   56   15  17  0  0 L3P 0A
G17 FF 61070 231000  780 290 2406     +484529    +84         -19    -28   25 183  166  +29   65  +27   65   27  20  0  0 L3P 2F
G19 FF 61070 231000  780 346 2677    -6880009    -43          14    -26   31  87  142  +10   29  +29   29   29  23  0  0 L3P 1E
G28 FF 61070 231000  780 184  387    +6034720    -63           1     -4   40  29  254  +52   11  +12   11   12  30  0  0 L3P BB
G31 FF 61070 231000  780 322  695    +1696940     -8          10    +14   28  55  151   +1   26  -17   26  -17  21  0  0 L3P DC
G01 FF 61070 232600  780 245 1498    -3382263    +38           7     -7   34 153  194  +54   61  +21   61   21  29  0  0 L3P 03
G03 FF 61070 232600  780 584  867    -5837793    +88         -37    -22   21 119   95   +7   31  +15   31   15  15  0  0 L3P 12
G04 FF 61070 232600  780 778 1622     -413672    -24          -9     -3   17 201   83   -2   32   +2   32    2  12  0  0 L3P 9F
G06 FF 61070 232600  780 451 3021    +6070861    -36          -7    -64   28  66  114  -13   27  +50   27   50  20  0  0 L3P 00
G09 FF 61070 232600  780 493 2185    -7703966    -53         -10    -56   31  80  107  -13   52  +37   52   37  22  0  0 L3P 29
G17 FF 61070 232600  780 234 2354     +484646    +59          -9    -52   31 183  202  +48   65  +37   65   37  24  0  0 L3P 1F
G19 FF 61070 232600  780 312 2597    -6880045    -20          -6     -3   31  87  155  +18   58   +7   58    7  22  0  0 L3P EA
G28 FF 61070 232600  780 141  340    +6034629    +91         -33   +150   55  29  326 +104   34 -106   34 -106  41  0  0 L3P 50
G31 FF 61070 232600  780 312  613    +1696929     +3          20    +24   27  55  156   +8   17  -19   17  -19  20  0  0 L3P E8
G01 FF 61070 234200  780 175 1515    -3382225     +6           1    -40   37 153  266 +104   74  +34   74   34  28  0  0 L3P 07
G03 FF 61070 234200  780 515  927    -5837688    +43         -37    -68   23 119  103  +10   36  +51   36   51  17  0  0 L3P 29
G04 FF 61070 234200  780 805 1225     -413692    -22          -9     +0   12 201   82   +0   30   -2   30   -2   7  0  0 L3P 83
G06 FF 61070 234200  780 511 2964    +6070884    +30         -11     +2   19  66  104   -9   28  -10   28  -10  15  0  0 L3P F9
G09 FF 61070 234200  780 570 2211    -7703954     -2          -1     -4   37  80   96   -9   39   -4   39   -4  27  0  0 L3P BD
G11 FF 61070 234200  780 107 3160    +4557085   -246           2   -114   32  10  430 -246   35  +69   35   69  21  0  0 L3P 2B
G17 FF 61070 234200  780 176 2310     +484758   +122          -4    +10   28 183  265  +87   63   -5   63   -5  22  0  0 L3P 09
G19 FF 61070 234200  780 268 2526    -6880040    -38          15    -21   37  87  178  +30   50  +21   50   21  26  0  0 L3P 12
G31 FF 61070 234200  780 287  538    +1696903    -22          14     +0   24  55  167  +17   24   -4   24   -4  18  0  0 L3P D5
G03 FF 61070 235800  780 447  981    -5837586   +113         -41     +2   24 119  115  +14   43   +9   43    9  18  0  0 L3P 07
G04 FF 61070 235800  780 771  864     -413703    -41           2    -19   20 201   83   +2   24  +24   24   24  14  0  0 L3P B5
G06 FF 61070 235800  780 561 2875    +6070900    +61         -23    +33   22  66   97   -5   35  -13   35  -13  15  0  0 L3P 09
G09 FF 61070 235800  780 649 2237    -7703957    +15          -6    +13   18  80   89   -6   39  -10   39  -10  13  0  0 L3P 0E
G11 FF 61070 235800  780 169 3152    +4556967   -216          11    -84   44  10  277 -101   24  +55   24   55  29  0  0 L3P 42
G17 FF 61070 235800  780 116 2270     +484865    +10          -4   -102   50 183  392 +193   81  +98   81   98  37  0  0 L3P 47
G19 FF 61070 235800  780 218 2465    -6880082    +25         -10    +42   48  87  216  +51   83  -45   83  -45  34  0  0 L3P 43
G31 FF 61070 235800  780 251  474    +1696886     +4          18    +25   30  55  189  +30   23  -10   23  -10  21  0  0 L3P F3
