CGGTTS     GENERIC DATA FORMAT VERSION = 2E
REV DATE = 2026-01-01                    
RCVR = POLARX5-TR                    R2CGGTTS v8.8    
CH = 99 
IMS = POLARX5-TR                    
LAB = PTB                           
X = +3844059.67 m 
Y =  +709661.67 m 
Z = +5023129.80 m 
FRAME = ITRF
COMMENTS =           IGS RINEX,AUSPOS XYZ          
INT DLY =   31.0 ns (GPS P1),   28.5 ns (GPS P2)     CAL_ID = 1001-2022           
CAB DLY =  205.7 ns 
REF DLY =   56.2 ns
REF = UTC(PTB)                      
CKSUM = 5E

SAT CL  MJD  STTIME TRKL ELV AZTH   REFSV      SRSV     REFSYS    SRSYS  DSG IOE MDTR SMDT MDIO SMDI MSIO SMSI ISG FR HC FRC CK
             hhmmss  s  .1dg .1dg    .1ns     .1ps/s     .1ns    .1ps/s .1ns     .1ns.1ps/s.1ns.1ps/s.1ns.1ps/s.1ns
G01 FF 61047 001400  780 482 1434    -3462435    +12          -5    -21   18  87  108  +13   51  +35   51   35  11  0  0 L3P F4
G02 FF 61047 001400  780 184 1445     -110689   -133         -10    -50   40 179  253  +91   96  +38   96   38  32  0  0 L3P 37
G03 FF 61047 001400  780 800  496    -6051842    +99         -36     +0   19  56   82   +2   34   +1   34    1  13  0  0 L3P A6
G04 FF 61047 001400  780 557 1886     -365519    -13         -10    +11   23 130   98  -10   61  -16   61  -16  18  0  0 L3P 11
G06 FF 61047 001400  780 238 3074    +5996069    +57         -23    +14   42  74  200  -54   46  -17   46  -17  28  0  0 L3P 3A
G09 FF 61047 001400  780 250 2116    -7698807     -2          -4     +5   32 159  192  -53   75  -11   75  -11  25  0  0 L3P 0E
G17 FF 61047 001400  780 391 2568     +246697   +139         -14    +21   28  88  128  +10   51   -5   51   -5  22  0  0 L3P 0C
G19 FF 61047 001400  780 372 2865    -6843313    +20          11    +38   22 107  133   -2   26  -19   26  -19  18  0  0 L3P 1A
G28 FF 61047 001400  780 240  510    +6146284     -3         -38    +46   27 207  198  +14   40  -29   40  -29  20  0  0 L3P 13
G31 FF 61047 001400  780 295  862    +1739991    -18          -9     +2   36  56  164  -14   54  -20   54  -20  28  0  0 L3P 02
G01 FF 61047 003000  780 406 1456    -3462424    +29         -25     -4   27  87  124  +20   77  +14   77   14  21  0  0 L3P 02
G02 FF 61047 003000  780 117 1465     -110788    -86         -29     -3   45 179  390 +214  117   +3  117    3  33  0  0 L3P 1B
G03 FF 61047 003000  780 734  681    -6051750   +142         -39    +43   18  56   84   +3   37  -29   37  -29  13  0  0 L3P 0E
G04 FF 61047 003000  780 635 1858     -365552    -53         -20    -29   17 130   90   -6   60   +5   60    5  12  0  0 L3P CD
G06 FF 61047 003000  780 304 3073    +5996138    +28           5    -15   27  74  160  -33   30   +5   30    5  19  0  0 L3P D4
G09 FF 61047 003000  780 322 2137    -7698838    -30         -28    -23   33 159  152  -32   87   +8   87    8  27  0  0 L3P 2B
G17 FF 61047 003000  780 350 2491     +246811    +95         -14    -24   26  88  140  +16   59  +36   59   36  21  0  0 L3P 10
G19 FF 61047 003000  780 369 2773    -6843332    -30          10    -12   25 107  134   +4   31  +23   31   23  21  0  0 L3P F6
G28 FF 61047 003000  780 216  444    +6146268    -20          -6    +28   30 207  218  +28   22  -14   22  -14  23  0  0 L3P 05
G31 FF 61047 003000  780 314  780    +1739974    -65          -6    -45   22  56  155   -6   49  +30   49   30  18  0  0 L3P F6
G01 FF 61047 004600  780 332 1478    -3462371    -37          -5    -70   32  87  147  +30   68  +57   68   57  24  0  0 L3P 21
G03 FF 61047 004600  780 665  783    -6051655    +20         -39    -79   15  56   88   +5   36  +59   36   59   9  0  0 L3P 02
G04 FF 61047 004600  780 710 1790     -365591    -45         -36    -21   20 130   85   -4   62   +6   62    6  14  0  0 L3P D0
G06 FF 61047 004600  780 371 3060    +5996141     +0         -33    -44   34  74  134  -21   51  +21   51   21  23  0  0 L3P F4
G09 FF 61047 004600  780 396 2160    -7698841    -17         -25    -10   24 159  127  -21   78   +5   78    5  19  0  0 L3P 2C
G17 FF 61047 004600  780 301 2427     +246925   +135         -13    +17   29  88  160  +26   70   -5   70   -5  22  0  0 L3P 02
G19 FF 61047 004600  780 350 2683    -6843366    -76          -7    -58   22 107  141   +9   49  +44   49   44  17  0  0 L3P 2E
G28 FF 61047 004600  780 182  387    +6146225    -54          -3     -5   47 207  255  +53   17   +4   17    4  37  0  0 L3P E1
G31 FF 61047 004600  780 319  695    +1739954     +2          -7    +22   24  56  152   +1   45  -20   45  -20  20  0  0 L3P DA
G01 FF 61047 010200  780 259 1497    -3462341    +29          -6     -4   30  87  184  +49   73   -3   73   -3  22  0  0 L3P E9
G03 FF 61047 010200  780 595  857    -6051575   +108         -54     +9   14  56   94   +7   45  -16   45  -16  10  0  0 L3P 02
G04 FF 61047 010200  780 775 1616     -365587    -30         -10     -7   19 130   83   -2   36   -5   36   -5  13  0  0 L3P CE
G06 FF 61047 010200  780 436 3031    +5996182    -15         -34    -58   29  74  117  -14   44  +43   44   43  21  0  0 L3P 21
G09 FF 61047 010200  780 471 2186    -7698840    -33         -18    -26   24 159  110  -14   67   +9   67    9  19  0  0 L3P 2B
G17 FF 61047 010200  780 246 2373     +247047   +125          -5     +7   28  88  193  +42   72   +5   72    5  23  0  0 L3P D7
G19 FF 61047 010200  780 317 2602    -6843374    +56           3    +74   21 107  153  +17   50  -48   50  -48  15  0  0 L3P 1D
G28 FF 61047 010200  780 140  339    +6146139   -100         -41    -51   60 207  328 +105   39  +38   39   38  44  0  0 L3P 3E
G31 FF 61047 010200  780 309  613    +1739940    -12          -1     +9   28  56  157   +8   42   -9   42   -9  20  0  0 L3P BD
G01 FF 61047 011800  780 188 1514    -3462305    +34          -2     +1   38  87  248  +90   74  +14   74   14  29  0  0 L3P FD
G03 FF 61047 011800  780 526  919    -6051478    +39         -52    -60   17  56  101  +10   49  +46   49   46  14  0  0 L3P 19
G04 FF 61047 011800  780 802 1230     -365644    -42         -44    -18   18 130   82   +0   54  +12   54   12  12  0  0 L3P E0
G06 FF 61047 011800  780 497 2979    +5996220    +72         -37    +29   31  74  106   -9   47  -25   47  -25  20  0  0 L3P 3B
G09 FF 61047 011800  780 548 2212    -7698861     -8         -33     -1   23 159   99  -10   67   -9   67   -9  17  0  0 L3P 10
G11 FF 61047 011800  780 103 3159    +4831405   -252         -19   -119   40 178  449 -267   27  +93   27   93  29  0  0 L3P 7F
G17 FF 61047 011800  780 189 2326     +247175   +193          10    +75   39  88  248  +75   65  -55   65  -55  28  0  0 L3P 48
G19 FF 61047 011800  780 274 2530    -6843398     +1          -4    +19   28 107  175  +28   69   -4   69   -4  22  0  0 L3P 0E
G31 FF 61047 011800  780 286  538    +1739918    -13          -3     +7   26  56  168  +17   43  -21   43  -21  21  0  0 L3P FB
G01 FF 61047 013400  780 119 1529    -3462300   +143         -28   +110   54  87  384 +213   96  -96   96  -96  44  0  0 L3P 74
G03 FF 61047 013400  780 458  974    -6051385    +66         -54    -33   21  56  112  +13   53  +16   53   16  15  0  0 L3P 0C
G04 FF 61047 013400  780 769  871     -365648    -43         -24    -19   15 130   83   +2   41  +21   41   21  11  0  0 L3P DF
G06 FF 61047 013400  780 550 2898    +5996269    +91         -30    +47   15  74   99   -6   41  -23   41  -23  11  0  0 L3P 20
G09 FF 61047 013400  780 626 2240    -7698870    +25         -35    +32   21 159   91   -7   59  -33   59  -33  15  0  0 L3P 33
G11 FF 61047 013400  780 164 3152    +4831318   -166          22    -33   36 178  285 -106   -5  +35   -5   35  24  0  0 L3P 3C
G17 FF 61047 013400  780 130 2286     +247271    +83          -8    -35   42  88  353 +157   78  +44   78   44  32  0  0 L3P 22
G19 FF 61047 013400  780 224 2469    -6843433    -58         -22    -40   35 107  211  +48   87  +31   87   31  25  0  0 L3P 3D
G31 FF 61047 013400  780 250  474    +1739909    -42           7    -22   26  56  190  +29   34  +11   34   11  20  0  0 L3P E3
G03 FF 61047 015000  780 391 1024    -6051296   +144         -60    +45   21  56  128  +19   62  -33   62  -33  17  0  0 L3P 31
G04 FF 61047 015000  780 706  722     -365676    -39         -29    -15   16 130   86   +4   43   +4   43    4  10  0  0 L3P C1
G06 FF 61047 015000  780 587 2781    +5996324    +77         -16    +33   22  74   95   -3   38  -19   38  -19  15  0  0 L3P 2B
G07 FF 61047 015000  780 128 1781    +1317619    +93         -11    +41   39  77  365 -194   86  -31   86  -31  30  0  0 L3P 4D
G09 FF 61047 015000  780 704 2267    -7698866    -16         -24     -9   19 159   86   -4   43   +0   43    0  12  0  0 L3P EE
G11 FF 61047 015000  780 226 3137    +4831147   -129         -21     +4   31 178  210  -55   40   -4   40   -4  20  0  0 L3P FC
G19 FF 61047 015000  780 169 2415    -6843435    -23          -5     -5   47 107  274  +89   77  +16   77   16  35  0  0 L3P 2C
G31 FF 61047 015000  780 206  422    +1739880     -2          -2    +19   36  56  228  +52   37  -19   37  -19  30  0  0 L3P F6
G03 FF 61047 020600  780 325 1070    -6051201    +78         -56    -21   27  76  150  +28   66  +27   66   27  17  0  0 L3P 1C
G04 FF 61047 020600  780 635  670     -365704     +7         -34    +31   22 131   90   +6   44  -30   44  -30  15  0  0 L3P CE
G06 FF 61047 020600  780 602 2634    +5996356    +79         -31    +36   21  81   93   +0   47  -27   47  -27  15  0  0 L3P 19
G07 FF 61047 020600  780 197 1771    +1317651   +127         -34    +75   29  78  240  -85  104  -49  104  -49  24  0  0 L3P 74
G09 FF 61047 020600  780 782 2288    -7698868     -2         -18     +5   17 162   83   -2   33   -2   33   -2  12  0  0 L3P E7
G11 FF 61047 020600  780 285 3109    +4831023   -120         -16    +13   33 179  169  -33   39  -11   39  -11  24  0  0 L3P 42
G20 FF 61047 020600  780 101 2967    -3617913    -50         -29    -51   61  20  453 -266   46  +39   46   39  39  0  0 L3P 42
G26 FF 61047 020600  780 117  544    +3072279   +122          -6    +60   41  69  390  -47   46  -36   46  -36  34  0  0 L3P 25
G31 FF 61047 020600  780 154  382    +1739878     +7          17    +27   43  58  299 +102   20  -23   20  -23  33  0  0 L3P 0E
G03 FF 61047 022200  780 261 1113    -6051084   +158         -34    +59   25  76  183  +43   58  -38   58  -38  20  0  0 L3P 44
G04 FF 61047 022200  780 563  657     -365722    -23         -29     +1   23 131   97   +8   42   +0   42    0  17  0  0 L3P A5
G06 FF 61047 022200  780 590 2482    +5996397     +7         -32    -36   23  81   94   +2   53  +36   53   36  16  0  0 L3P FE
G07 FF 61047 022200  780 268 1761    +1317711   +110         -25    +58   24  78  179  -46   96  -49   96  -49  21  0  0 L3P 5A
G09 FF 61047 022200  780 860 2260    -7698884    -23         -27    -17   15 162   81   -1   39  +17   39   17  10  0  0 L3P 20
G11 FF 61047 022200  780 340 3067    +4830900   -153         -11    -20   37 179  144  -20   30   +5   30    5  26  0  0 L3P FF
G20 FF 61047 022200  780 163 2988    -3617895    +25         -13    +24   29  20  288 -110   44   +5   44    5  26  0  0 L3P 13
G21 FF 61047 022200  780 139 2915    -3747948    -56          14    +29   27 105  335 -147   32   -4   32   -4  25  0  0 L3P 2A
G26 FF 61047 022200  780 126  478    +3072352    +82           7    +20   39  69  362  -12   36  -21   36  -21  30  0  0 L3P F2
G03 FF 61047 023800  780 197 1154    -6050993   +118         -37    +19   31  76  238  +74   77   -2   77   -2  24  0  0 L3P 31
G04 FF 61047 023800  780 491  664     -365744    +13         -28    +36   19 131  107  +12   45  -22   45  -22  13  0  0 L3P 13
G06 FF 61047 023800  780 555 2352    +5996437    +29         -33    -14   22  81   98   +6   60  +18   60   18  15  0  0 L3P 10
G07 FF 61047 023800  780 341 1749    +1317751    +41         -34    -11   25  78  144  -28   90  -16   90  -16  18  0  0 L3P 34
G09 FF 61047 023800  780 861  691    -7698883     +6         -19    +12   14 162   81   +1   34   -3   34   -3  10  0  0 L3P DE
G11 FF 61047 023800  780 388 3009    +4830758   -120         -25    +13   24 179  129  -13   39  -13   39  -13  15  0  0 L3P 56
G16 FF 61047 023800  780 110  752    -1827825   -106         -20    -29   87 112  416 -133   84  -16   84  -16  58  0  0 L3P 5F
G20 FF 61047 023800  780 226 3004    -3617880    -27           1    -28   27  20  210  -58   37   +6   37    6  22  0  0 L3P D6
G21 FF 61047 023800  780 201 2940    -3748036    -13           9    +72   27 105  235  -73   40  -58   40  -58  24  0  0 L3P 21
G26 FF 61047 023800  780 125  413    +3072414     +2          11    -60   42  69  366  +19   27  +51   27   51  31  0  0 L3P E0
G03 FF 61047 025400  780 134 1192    -6050899    +19         -38    -80   65  76  342 +155   90  +86   90   86  53  0  0 L3P 52
G04 FF 61047 025400  780 422  681     -365751    -52         -12    -28   22 131  120  +16   36  +33   36   33  14  0  0 L3P F8
G06 FF 61047 025400  780 502 2255    +5996481    +32         -31    -11   23  81  105   +9   67  +18   67   18  15  0  0 L3P 13
G07 FF 61047 025400  780 415 1732    +1317808    +52         -28     +0   30  78  122  -19   69   -6   69   -6  21  0  0 L3P FC
G09 FF 61047 025400  780 785  664    -7698885    -69         -15    -62   17 162   82   +2   29  +47   29   47  12  0  0 L3P 31
G11 FF 61047 025400  780 426 2932    +4830621   -172         -35    -39   21 179  119   -7   47  +37   47   37  16  0  0 L3P 43
G16 FF 61047 025400  780 141  688    -1827892   -136         -14    -60   40 112  326  -64   53  +42   53   42  28  0  0 L3P 3A
G20 FF 61047 025400  780 291 3013    -3617878    +24           3    +23   35  20  166  -36   31  -17   31  -17  27  0  0 L3P 04
G21 FF 61047 025400  780 265 2961    -3748130    +12          -4    +97   26 105  181  -43   47  -78   47  -78  23  0  0 L3P 40
G26 FF 61047 025400  780 113  350    +3072465   +127           3    +65   47  69  401  +58   24  -57   24  -57  34  0  0 L3P 13
G30 FF 61047 025400  780 166 1934     -796459   -145          15    -23   37  55  282 -117   64   +5   64    5  29  0  0 L3P 1D
G04 FF 61047 031000  780 354  705     -365770    +24          -9    +48   26 131  139  +23   40  -33   40  -33  18  0  0 L3P FB
G06 FF 61047 031000  780 439 2185    +5996529    +21         -24    -22   27  81  116  +14   70  +25   70   25  19  0  0 L3P 22
G07 FF 61047 031000  780 488 1706    +1317844    +29         -42    -23   25  78  107  -12   68   -5   68   -5  18  0  0 L3P 19
G09 FF 61047 031000  780 710  690    -7698895     -7         -18     +0   14 162   85   +4   36   -2   36   -2  10  0  0 L3P C8
G11 FF 61047 031000  780 449 2838    +4830507   -135         -22     -2   26 179  114   -3   38  +12   38   12  19  0  0 L3P 1B
G16 FF 61047 031000  780 164  620    -1827959     -9          -7    +67   36 112  283  -31   28  -66   28  -66  31  0  0 L3P 1E
G20 FF 61047 031000  780 357 3014    -3617873    -59           6    -60   31  20  139  -23   29  +45   29   45  23  0  0 L3P 01
G21 FF 61047 031000  780 331 2975    -3748201    -80           7     +6   27 105  148  -28   34   -7   34   -7  19  0  0 L3P EE
G30 FF 61047 031000  780 236 1936     -796610    -83         -19    +40   31  55  202  -59   90  -43   90  -43  25  0  0 L3P 1E
G04 FF 61047 032600  780 288  734     -365816    -50         -32    -26   31 131  167  +35   63  +30   63   30  24  0  0 L3P 08
G05 FF 61047 032600  780 107 3049    +2268443    +58          13    +51   30 108  430 -251   35  -16   35  -16  24  0  0 L3P 36
G06 FF 61047 032600  780 371 2134    +5996574    +97         -20    +54   29  81  133  +22   74  -34   74  -34  22  0  0 L3P 3B
G07 FF 61047 032600  780 560 1665    +1317904    +52         -32     +0   22  78   98   -8   53  -11   53  -11  14  0  0 L3P F1
G09 FF 61047 032600  780 637  724    -7698912     +1         -28     +8   25 162   90   +6   46   -8   46   -8  18  0  0 L3P E2
G11 FF 61047 032600  780 455 2735    +4830374   -110         -26    +23   32 179  113   +1   42  -17   42  -17  21  0  0 L3P 2B
G16 FF 61047 032600  780 176  548    -1828045    -49         -20    +27   41 112  264  -10   28  -28   28  -28  30  0  0 L3P 32
G20 FF 61047 032600  780 423 3002    -3617880    -56          -2    -57   20  20  120  -16   30  +39   30   39  15  0  0 L3P F6
G21 FF 61047 032600  780 399 2981    -3748283    -98           7    -13   28 105  126  -19   27   +4   27    4  20  0  0 L3P 07
G30 FF 61047 032600  780 309 1940     -796720   -118         -11     +5   30  55  158  -35   71  -22   71  -22  21  0  0 L3P 12
G04 FF 61047 034200  780 225  766     -365821     +8         -13    +32   38 131  210  +57   60   -4   60   -4  30  0  0 L3P D1
G05 FF 61047 034200  780 171 3062    +2268467    +18          31    +12   34 108  274 -103   26   -9   26   -9  25  0  0 L3P 1A
G06 FF 61047 034200  780 301 2096    +5996619    +51         -17     +8   30  81  160  +35   75   -3   75   -3  24  0  0 L3P FC
G07 FF 61047 034200  780 627 1595    +1317943    +29         -43    -23   15  78   91   -5   59  +19   59   19  11  0  0 L3P 17
G09 FF 61047 034200  780 565  761    -7698906    +35         -16    +42   17 162   97   +8   40  -15   40  -15  12  0  0 L3P 1A
G11 FF 61047 034200  780 442 2631    +4830245   -133         -28     +0   23 179  116   +5   47   +5   47    5  18  0  0 L3P F1
G16 FF 61047 034200  780 177  477    -1828106    -89          -8    -13   46 112  263   +8   14   -1   14   -1  36  0  0 L3P EA
G20 FF 61047 034200  780 489 2973    -3617899    +14         -22    +13   18  20  107  -11   41  -16   41  -16  13  0  0 L3P 28
G21 FF 61047 034200  780 468 2976    -3748389   -109         -17    -24   23 105  111  -13   42  +22   42   22  16  0  0 L3P 44
G30 FF 61047 034200  780 383 1942     -796852   -117         -25     +6   27  55  131  -22   72  -13   72  -13  21  0  0 L3P 1A
G04 FF 61047 035800  780 163  799     -365850     -1         -19    +23   45 131  284 +104   71  -10   71  -10  33  0  0 L3P 15
G05 FF 61047 035800  780 237 3069    +2268451    +22           8    +16   29 108  201  -55   40   +4   40    4  20  0  0 L3P E1
G06 FF 61047 035800  780 231 2067    +5996661    +80         -17    +37   43  81  205  +60   90  -25   90  -25  33  0  0 L3P 38
G07 FF 61047 035800  780 683 1475    +1317999    +63         -38    +10   16  78   87   -3   56   -2   56   -2  12  0  0 L3P 02
G09 FF 61047 035800  780 495  800    -7698905    -44          -9    -37   16 162  106  +11   39  +39   39   39  11  0  0 L3P 32
G11 FF 61047 035800  780 412 2536    +4830117   -203         -28    -70   30 179  122   +9   50  +46   50   46  24  0  0 L3P 28
G16 FF 61047 035800  780 165  408    -1828179   -101          -8    -25   41 112  281  +29    8  +27    8   27  31  0  0 L3P 06
G20 FF 61047 035800  780 551 2918    -3617889     -8         -13     -9   17  20   99   -7   32   +4   32    4  11  0  0 L3P C6
G21 FF 61047 035800  780 537 2952    -3748465    -87         -11     -1   23 105  100   -9   34   -2   34   -2  16  0  0 L3P F7
G30 FF 61047 035800  780 458 1942     -796955    -58         -11    +65   29  55  113  -15   56  -72   56  -72  23  0  0 L3P 40
G04 FF 61047 041400  780 104  835     -365860    -63          -2    -39   40 132  438 +241   66  +37   66   37  30  0  0 L3P 11
G05 FF 61047 041400  780 305 3066    +2268448    +28          -3    +21   31 122  160  -33   49  -25   49  -25  22  0  0 L3P 21
G06 FF 61047 041400  780 162 2041    +5996711    +98          -8    +55   46  81  286 +118   88  -23   88  -23  38  0  0 L3P 50
G07 FF 61047 041400  780 719 1283    +1318039    +31         -53    -21   19  86   85   -1   53  +10   53   10  13  0  0 L3P EE
G09 FF 61047 041400  780 427  840    -7698919    -25         -16    -18   27 162  119  +16   51  +27   51   27  20  0  0 L3P 34
G11 FF 61047 041400  780 370 2455    +4829988   -105         -28    +28   17 180  134  +15   55  -12   55  -12  12  0  0 L3P 53
G16 FF 61047 041400  780 142  345    -1828317   -107         -73    -31   51 112  324  +63   53   +6   53    6  34  0  0 L3P 03
G20 FF 61047 041400  780 603 2826    -3617905     -8         -32     -9   23  21   93   -4   45   +7   45    7  15  0  0 L3P B8
G21 FF 61047 041400  780 603 2898    -3748554    -69         -17    +16   21 106   93   -6   42  -13   42  -13  14  0  0 L3P 23
G30 FF 61047 041400  780 535 1935     -797083   -148         -24    -25   19  56  101  -10   50   +6   50    6  15  0  0 L3P FA
G05 FF 61047 043000  780 372 3052    +2268453     +7          -6     +0   23 122  134  -21   48   +3   48    3  16  0  0 L3P C0
G07 FF 61047 043000  780 720 1047    +1318100   +114         -42    +61   15  86   85   +1   46  -36   46  -36   9  0  0 L3P FB
G09 FF 61047 043000  780 361  880    -7698917    +25          -8    +32   22 162  137  +22   51  -16   51  -16  17  0  0 L3P 23
G11 FF 61047 043000  780 318 2388    +4829869   -122         -19    +11   30 180  153  +24   58   +3   58    3  23  0  0 L3P 22
G13 FF 61047 043000  780 149 2648    -6903195    -30         -14    -40   39 147  312 -126   81  +17   81   17  31  0  0 L3P 46
G16 FF 61047 043000  780 109  289    -1828364   -123         -47    -47   38 112  415 +137   28  +19   28   19  31  0  0 L3P 54
G20 FF 61047 043000  780 640 2687    -3617893    +13         -21    +12   19  21   90   -2   38   -4   38   -4  12  0  0 L3P DC
G21 FF 61047 043000  780 660 2796    -3748644    -93         -26     -8   20 106   88   -4   48  +13   48   13  14  0  0 L3P 0F
G30 FF 61047 043000  780 611 1916     -797199   -127         -23     -4   20  56   92   -7   44   +3   44    3  14  0  0 L3P C9
G05 FF 61047 044600  780 438 3020    +2268472     +1           8     -6   22 122  117  -14   40   +9   40    9  18  0  0 L3P BD
G07 FF 61047 044600  780 688  856    +1318181    +69         -12    +17   17  86   87   +3   35   -2   35   -2  13  0  0 L3P E5
G09 FF 61047 044600  780 296  919    -7698912    -50           4    -44   23 162  163  +33   51  +26   51   26  16  0  0 L3P 17
G11 FF 61047 044600  780 260 2333    +4829734   -160         -26    -27   29 180  183  +40   73  +39   73   39  23  0  0 L3P 50
G13 FF 61047 044600  780 211 2688    -6903183    +21         -11    +11   30 147  224  -65   62  -11   62  -11  25  0  0 L3P 2A
G20 FF 61047 044600  780 650 2511    -3617896    -31         -24    -32   17  21   89   +0   41  +25   41   25  12  0  0 L3P EF
G21 FF 61047 044600  780 699 2623    -3748731   -113         -31    -28   21 106   86   -1   50  +21   50   21  14  0  0 L3P 17
G30 FF 61047 044600  780 685 1869     -797317   -159         -23    -36   19  56   87   -4   43  +26   43   26  14  0  0 L3P 25
G05 FF 61047 050200  780 499 2966    +2268468    +13          -3     +6   29 122  106   -9   48   -9   48   -9  20  0  0 L3P FE
G07 FF 61047 050200  780 636  741    +1318224    +60         -19     +8   18  86   90   +5   46   -6   46   -6  12  0  0 L3P C4
G09 FF 61047 050200  780 233  959    -7698935    -37         -12    -30   35 163  203  +52   62  +22   62   22  27  0  0 L3P 2A
G11 FF 61047 050200  780 200 2287    +4829608   -175         -25    -42   38 180  234  +70   77  +29   77   29  28  0  0 L3P 58
G13 FF 61047 050200  780 274 2727    -6903183    +14         -21     +4   31 147  175  -39   59   -1   59   -1  25  0  0 L3P 0C
G14 FF 61047 050200  780 147 1607    -7271803    -46           8    -21   30 100  317 -140   76   +6   76    6  25  0  0 L3P FA
G20 FF 61047 050200  780 629 2340    -3617881     +6         -11     +5   17  21   91   +3   34  -10   34  -10  11  0  0 L3P C4
G21 FF 61047 050200  780 705 2394    -3748807    -58         -25    +27   15 106   86   +1   45  -11   45  -11  10  0  0 L3P 17
G30 FF 61047 050200  780 752 1753     -797424   -109         -12    +14   17  56   84   -2   38   -7   38   -7  12  0  0 L3P EF
G05 FF 61047 051800  780 551 2880    +2268486    +18           8    +11   21 122   99   -6   36   +0   36    0  15  0  0 L3P CB
G07 FF 61047 051800  780 575  680    +1318278    +75         -15    +23   19  86   96   +7   45  -14   45  -14  13  0  0 L3P 0D
G09 FF 61047 051800  780 172  998    -7698959    -89         -29    -82   32 163  271  +94   82  +72   82   72  25  0  0 L3P 66
G11 FF 61047 051800  780 139 2247    +4829483   -168         -22    -35   45 180  331 +142   80  +24   80   24  34  0  0 L3P 5B
G13 FF 61047 051800  780 339 2767    -6903168    -65         -16    -75   26 147  145  -26   49  +46   49   46  21  0  0 L3P 5C
G14 FF 61047 051800  780 213 1583    -7271828    -45           6    -20   31 100  222  -69   77   -4   77   -4  28  0  0 L3P 07
G20 FF 61047 051800  780 585 2208    -3617903    -12         -34    -13   23  21   95   +6   51  +12   51   12  17  0  0 L3P EC
G21 FF 61047 051800  780 675 2191    -3748882   -103         -19    -18   26 106   87   +3   40  +15   40   15  17  0  0 L3P 29
G30 FF 61047 051800  780 798 1469     -797546   -127         -16     -4   16  56   82   -1   39   +4   39    4  11  0  0 L3P E6
G05 FF 61047 054600  780 599 2647    +2268482    +22          -7    +15   20 122   93   -1   43  -20   43  -20  14  0  0 L3P 02
G07 FF 61047 054600  780 460  646    +1318371    +28         -10    -24   18  86  112  +13   35  +23   35   23  13  0  0 L3P FF
G13 FF 61047 054600  780 459 2834    -6903159    +34         -24    +24   17 147  113  -14   40  -29   40  -29  12  0  0 L3P 43
G14 FF 61047 054600  780 332 1532    -7271884    -31          -7     -6   23 100  148  -28   67  -24   67  -24  17  0  0 L3P 26
G15 FF 61047 054600  780 163 2919    -3743517    +11          10    +46   40 110  287 -112   42  -33   42  -33  34  0  0 L3P 36
G18 FF 61047 054600  780 125 3298    +4573577   -250          10   -152   51 144  367  -62   24 +110   24  110  38  0  0 L3P 6E
G20 FF 61047 054600  780 474 2068    -3617904    +36         -37    +35   31  21  110  +13   59  -25   59  -25  26  0  0 L3P 30
G21 FF 61047 054600  780 569 1993    -3749011    -75          -4    +10   20 106   96   +8   33   +4   33    4  14  0  0 L3P DA
G22 FF 61047 054600  780 195 1642     +615541    -31          -7    +11   34  28  242  -87   80  -31   80  -31  26  0  0 L3P 04
G30 FF 61047 054600  780 754  869     -797740   -139          -4    -16   14  56   83   +2   29   +9   29    9  10  0  0 L3P D6
G05 FF 61047 060200  780 591 2492    +2268493     +8          -1     +1   14 128   94   +2   41  +13   41   13  10  0  0 L3P C2
G07 FF 61047 060200  780 394  648    +1318410    +49         -22     -3   28  87  127  +18   45  +18   45   18  22  0  0 L3P 04
G08 FF 61047 060200  780 105  498    -5069916    +66         -15    +25   42 114  432  -59   62  -21   62  -21  29  0  0 L3P 36
G13 FF 61047 060200  780 529 2871    -6903129    -37           0    -48   20 148  101  -10   22  +39   22   39  15  0  0 L3P 0C
G14 FF 61047 060200  780 399 1491    -7271911    +37         -14    +62   20 101  126  -18   59  -56   59  -56  15  0  0 L3P 4C
G15 FF 61047 060200  780 228 2940    -3743553    -99           9    -64   30 110  208  -59   30  +43   30   43  23  0  0 L3P 14
G18 FF 61047 060200  780 141 3235    +4573467    -32          -7    +66   34 145  327  -25   41  -56   41  -56  25  0  0 L3P 35
G20 FF 61047 060200  780 403 2023    -3617911     -8         -46     -9   18  69  125  +19   68   +7   68    7  14  0  0 L3P E5
G21 FF 61047 060200  780 497 1939    -3749097   -120          -7    -34   16 107  106  +12   40  +35   40   35  13  0  0 L3P 2F
G22 FF 61047 060200  780 266 1619     +615500    +20         -13    +62   32  29  181  -47   76  -39   76  -39  23  0  0 L3P 1E
G30 FF 61047 060200  780 690  759     -797866    -96         -11    +27   16  87   86   +4   32   -8   32   -8  12  0  0 L3P E3
G05 FF 61047 061800  780 558 2358    +2268491    +16          -8     +9   20 128   98   +5   49   +3   49    3  14  0  0 L3P DF
G07 FF 61047 061800  780 329  660    +1318492    +77          10    +24   18  87  148  +26   33   +5   33    5  15  0  0 L3P E4
G08 FF 61047 061800  780 114  433    -5069854    +66           8    +25   55 114  397  -15   46  -13   46  -13  38  0  0 L3P 24
G13 FF 61047 061800  780 602 2905    -6903124    +53          -5    +43   15 148   93   -7   26  -33   26  -33  11  0  0 L3P 06
G14 FF 61047 061800  780 464 1436    -7271940    -17         -18     +8   24 101  112  -12   61  -15   61  -15  18  0  0 L3P 25
G15 FF 61047 061800  780 296 2955    -3743606   -155         -11   -120   36 110  164  -36   36  +77   36   77  28  0  0 L3P 6E
G18 FF 61047 061800  780 146 3169    +4573350   -135         -30    -37   36 145  315   +1   53  +28   53   28  26  0  0 L3P 3B
G20 FF 61047 061800  780 331 1990    -3617919     +1         -55     +0   26  69  148  +30   84  +25   84   25  20  0  0 L3P 02
G21 FF 61047 061800  780 422 1906    -3749169   -114           2    -29   27 107  120  +18   40  +26   40   26  23  0  0 L3P 1E
G22 FF 61047 061800  780 339 1591     +615457    +23         -15    +65   20  29  145  -29   76  -54   76  -54  17  0  0 L3P 32
G30 FF 61047 061800  780 621  721     -797988    -60         -15    +63   14  87   91   +6   37  -41   37  -41  10  0  0 L3P F7
G05 FF 61047 063400  780 506 2256    +2268495    +15         -11     +8   17 128  104   +9   55   +5   55    5  14  0  0 L3P EB
G07 FF 61047 063400  780 265  679    +1318526    +40          -6    -12   29  87  180  +41   65  +35   65   35  24  0  0 L3P 0B
G08 FF 61047 063400  780 113  367    -5069832     +9         -10    -31   44 114  400  +21   64  +16   64   16  33  0  0 L3P 01
G13 FF 61047 063400  780 677 2933    -6903113    +23          -4    +13   13 148   87   -5   28   -7   28   -7   9  0  0 L3P E4
G14 FF 61047 063400  780 522 1360    -7271969    -79         -23    -54   26 101  102   -8   61  +41   61   41  19  0  0 L3P 22
G15 FF 61047 063400  780 365 2963    -3743636    -11          -6    +24   33 110  136  -23   26  -23   26  -23  24  0  0 L3P 26
G18 FF 61047 063400  780 140 3102    +4573274   -138         -12    -40   37 145  328  +27   43  +25   43   25  28  0  0 L3P 3F
G20 FF 61047 063400  780 258 1965    -3617906    +57         -43    +56   28  69  184  +49   95  -19   95  -19  24  0  0 L3P 62
G21 FF 61047 063400  780 347 1884    -3749254    -83          -1     +2   25 107  142  +28   61  +17   61   17  20  0  0 L3P 0E
G22 FF 61047 063400  780 411 1554     +615412    -34         -20     +8   24  29  123  -18   78   -7   78   -7  18  0  0 L3P E9
G30 FF 61047 063400  780 551  714     -798107   -159         -17    -36   19  87   98   +9   45  +44   45   44  13  0  0 L3P 0D
G05 FF 61047 065000  780 444 2182    +2268503    -24         -10    -31   22 128  115  +14   68  +38   68   38  18  0  0 L3P 2F
G07 FF 61047 065000  780 203  703    +1318573    +92         -10    +39   43  87  231  +68  102   +9  102    9  35  0  0 L3P 06
G08 FF 61047 065000  780 102  305    -5069800     +7         -16    -34   44 114  442  +70   74  +36   74   36  28  0  0 L3P 0B
G13 FF 61047 065000  780 754 2948    -6903086    -37          13    -47   22 148   84   -3   22  +39   22   39  17  0  0 L3P 19
G14 FF 61047 065000  780 569 1256    -7271982    +13         -13    +38   19 101   97   -4   59  -15   59  -15  14  0  0 L3P 30
G15 FF 61047 065000  780 436 2960    -3743676    -81         -13    -45   20 110  117  -16   31  +42   31   42  16  0  0 L3P 27
G18 FF 61047 065000  780 123 3037    +4573208   -103          15     -5   34 145  371  +64   23  -13   23  -13  24  0  0 L3P 1E
G20 FF 61047 065000  780 188 1945    -3617873    -27         -11    -29   39  69  249  +91   99  +54   99   54  33  0  0 L3P 57
G21 FF 61047 065000  780 272 1868    -3749340   -116          -5    -30   32 107  176  +45   88  +47   88   47  26  0  0 L3P 4D
G22 FF 61047 065000  780 481 1504     +615374    -62         -17    -20   23  29  109  -12   74  +15   74   15  16  0  0 L3P 05
G23 FF 61047 065000  780 101 3280    -5961621    -29           4    +21   62 139  456 -253    4  -14    4  -14  46  0  0 L3P 08
G30 FF 61047 065000  780 482  724     -798222    -84         -13    +39   19  87  108  +12   52  -16   52  -16  13  0  0 L3P 12
G05 FF 61047 070600  780 376 2130    +2268514     +8          -6     +1   19 128  132  +21   84  +21   84   21  15  0  0 L3P EC
G07 FF 61047 070600  780 143  730    +1318598    -53         -34   -105   59  87  323 +133  171 +137  171  137  44  0  0 L3P 85
G13 FF 61047 070600  780 831 2908    -6903087    +32           3    +22   13 148   81   -1   34   +0   34    0  10  0  0 L3P B5
G14 FF 61047 070600  780 597 1122    -7272004    -31         -10     -6   17 101   94   -2   61   +1   61    1  13  0  0 L3P BA
G15 FF 61047 070600  780 508 2941    -3743721    -68         -24    -33   18 110  104  -11   41  +28   41   28  13  0  0 L3P 28
G20 FF 61047 070600  780 119 1926    -3617910    -78         -49    -80   52  69  385 +213  179 +137  179  137  44  0  0 L3P A4
G21 FF 61047 070600  780 200 1856    -3749423    -90          -6     -5   37 107  234  +82  120  +54  120   54  29  0  0 L3P 2F
G22 FF 61047 070600  780 545 1430     +615328    -21         -23    +21   27  29   99   -8   80   -9   80   -9  19  0  0 L3P DF
G23 FF 61047 070600  780 155 3251    -5961706    -38         -32    +12   32 139  300 -102   31  -29   31  -29  26  0  0 L3P 47
G24 FF 61047 070600  780 115 2585    +1725667   -202         -21    -54   29 115  402 -211   68  +48   68   48  24  0  0 L3P 63
G30 FF 61047 070600  780 414  742     -798345   -136         -18    -14   25  87  122  +17   72  +36   72   36  20  0  0 L3P 18
G05 FF 61047 072200  780 306 2091    +2268523    -77          -3    -84   37 128  158  +34  103  +92  103   92  29  0  0 L3P 4C
G13 FF 61047 072200  780 878 1819    -6903064    +15          16     +5   14 148   81   +0   34  +10   34   10   9  0  0 L3P D7
G14 FF 61047 072200  780 601  973    -7272023    +22          -5    +47   21 101   93   +1   64  -25   64  -25  15  0  0 L3P E7
G15 FF 61047 072200  780 577 2895    -3743763    -48         -33    -13   18 110   96   -7   53  +26   53   26  12  0  0 L3P 26
G21 FF 61047 072200  780 130 1844    -3749496    -96           2    -11   36 107  354 +183  172  +70  172   70  26  0  0 L3P 53
G22 FF 61047 072200  780 598 1322     +615299    -75         -11    -33   16  29   94   -4   73  +22   73   22  12  0  0 L3P F0
G23 FF 61047 072200  780 206 3211    -5961748   -145         -27    -95   42 139  229  -52   34  +91   34   91  30  0  0 L3P 53
G24 FF 61047 072200  780 177 2620    +1725548   -157           2     -9   35 115  265  -93   55  +20   55   20  28  0  0 L3P 1C
G30 FF 61047 072200  780 348  766     -798462   -120         -17     +3   22  87  141  +24   99  +32   99   32  17  0  0 L3P 12
G05 FF 61047 073800  780 236 2060    +2268528    +29          -5    +22   37 128  201  +57  135  +17  135   17  30  0  0 L3P 3F
G13 FF 61047 073800  780 805 1430    -6903072    -13          -2    -24   15 148   82   +2   56  +27   56   27  10  0  0 L3P F7
G14 FF 61047 073800  780 581  836    -7272041    -22           1     +3   19 101   95   +3   69   +6   69    6  13  0  0 L3P AE
G15 FF 61047 073800  780 639 2806    -3743789    -11         -24    +25   16 110   90   -5   62   -6   62   -6  11  0  0 L3P 03
G17 FF 61047 073800  780 141 1211     +249874   +185          10    +67   50 171  330 -132  265  -85  265  -85  35  0  0 L3P 74
G22 FF 61047 073800  780 632 1176     +615253    -31         -18    +11   19  29   91   -2   85   +4   85    4  14  0  0 L3P C8
G23 FF 61047 073800  780 250 3160    -5961772    -59          -2     -9   32 139  191  -29   35  +23   35   23  24  0  0 L3P 1D
G24 FF 61047 073800  780 241 2655    +1725397   -141          -7     +6   34 115  198  -52   75  +13   75   13  26  0  0 L3P 30
G30 FF 61047 073800  780 283  794     -798595   -107         -32    +15   30  87  169  +36  140  +41  140   41  25  0  0 L3P 45
G05 FF 61047 075400  780 167 2034    +2268548     -2           9     -9   50 128  278 +111  157  +49  157   49  38  0  0 L3P 44
G13 FF 61047 075400  780 725 1415    -6903064    -84          -4    -94   17 148   85   +4   67  +83   67   83  12  0  0 L3P 1C
G14 FF 61047 075400  780 541  729    -7272072    -13          -6    +12   20 101  100   +6   84   -7   84   -7  16  0  0 L3P DB
G15 FF 61047 075400  780 686 2650    -3743831    -37         -33     -2   14 110   87   -2   77  +23   77   23  10  0  0 L3P 04
G17 FF 61047 075400  780 197 1162     +249977   +125          -1     +7   25 171  240  -66  243  -33  243  -33  20  0  0 L3P 43
G22 FF 61047 075400  780 639 1005     +615225    -58          -5    -16   16  29   90   +1   83  +26   83   26  12  0  0 L3P DA
G23 FF 61047 075400  780 284 3096    -5961837    -33         -20    +17   31 139  169  -17   69   +9   69    9  23  0  0 L3P 37
G24 FF 61047 075400  780 306 2691    +1725272   -186          10    -39   27 115  159  -32   67  +43   67   43  22  0  0 L3P 47
G30 FF 61047 075400  780 221  825     -798718   -141         -38    -19   23  87  214  +58  193  +70  193   70  16  0  0 L3P 4E
G05 FF 61047 081000  780 101 2011    +2268548    -32           2    -39   36 128  452 +284  224  +70  224   70  33  0  0 L3P 39
G13 FF 61047 081000  780 645 1429    -6903071     +4         -17     -6   18 156   89   +6   94  +23   94   23  13  0  0 L3P F7
G14 FF 61047 081000  780 487  657    -7272096     +1          -5    +26   22 102  107  +10  104   -6  104   -6  16  0  0 L3P F7
G15 FF 61047 081000  780 701 2429    -3743853    -23         -21    +12   14 110   86   +0   84  +11   84   11  10  0  0 L3P F1
G17 FF 61047 081000  780 249 1108     +250093   +105           3    -13   28 171  191  -38  201  -19  201  -19  20  0  0 L3P 2C
G19 FF 61047 081000  780 143 1328    -6843821    -34          31    -16   39 109  325 -133  292  -37  292  -37  31  0  0 L3P 75
G22 FF 61047 081000  780 619  848     +615174    -51         -20     -9   24  30   92   +3  104  +13  104   13  17  0  0 L3P D6
G23 FF 61047 081000  780 307 3022    -5961885    -49         -17     +1   28 140  158   -8   85  +23   85   23  19  0  0 L3P 1F
G24 FF 61047 081000  780 374 2726    +1725114   -134          -7    +14   24 115  133  -22   92   -1   92   -1  17  0  0 L3P 09
G30 FF 61047 081000  780 160  858     -798823   -207         -29    -84   33  95  290 +108  243 +131  243  131  27  0  0 L3P 77
G10 FF 61047 082600  780 130 3314    +5806513    +62           3    +31   35  49  355 -114   87   +5   87    5  28  0  0 L3P F1
G13 FF 61047 082600  780 566 1449    -6903074    -13         -29    -23   16 156   97   +9  118  +39  118   39  11  0  0 L3P 4F
G14 FF 61047 082600  780 427  611    -7272107     -1           8    +24   25 102  119  +15  108   -7  108   -7  18  0  0 L3P F4
G15 FF 61047 082600  780 679 2213    -3743883    -67         -16    -31   18 110   87   +3   95  +37   95   37  14  0  0 L3P 2F
G17 FF 61047 082600  780 297 1044     +250198   +129          -6    +11   30 171  163  -23  175  -19  175  -19  25  0  0 L3P 58
G19 FF 61047 082600  780 202 1288    -6843843    -31          26    -12   39 109  234  -67  243  -55  243  -55  35  0  0 L3P 6F
G22 FF 61047 082600  780 576  732     +615145     -3          -9    +39   18  30   96   +5  105   +2  105    2  13  0  0 L3P AD
G23 FF 61047 082600  780 316 2941    -5961923    -18          -6    +32   32 140  154   -1   91  -13   91  -13  24  0  0 L3P 19
G24 FF 61047 082600  780 444 2760    +1724964   -182         -14    -34   29 115  116  -15  102  +30  102   30  21  0  0 L3P 55
G10 FF 61047 084200  780 168 3264    +5806533   +142          -7   +112   39  49  277  -56  115  -75  115  -75  30  0  0 L3P 72
G12 FF 61047 084200  780 153 2163    +6062452    -73         -11    -77   58  41  306 -135  207  +59  207   59  46  0  0 L3P 62
G13 FF 61047 084200  780 488 1471    -6903090    +18         -55     +8   19 156  107  +13  156  +30  156   30  15  0  0 L3P 48
G14 FF 61047 084200  780 363  586    -7272147    -85          -7    -60   28 102  136  +22  150  +83  150   83  22  0  0 L3P 38
G15 FF 61047 084200  780 627 2064    -3743916    -54         -16    -19   20 110   91   +5  108  +28  108   28  14  0  0 L3P 35
G17 FF 61047 084200  780 336  971     +250317   +116          -1     -2   30 171  146  -14  169  -21  169  -21  23  0  0 L3P 21
G19 FF 61047 084200  780 259 1242    -6843885    -48           2    -30   23 109  185  -39  206  +67  206   67  16  0  0 L3P 58
G22 FF 61047 084200  780 521  657     +615089    -20         -24    +22   27  30  102   +8  130   -5  130   -5  20  0  0 L3P D8
G23 FF 61047 084200  780 310 2858    -5961983    +20         -19    +70   25 140  156   +6  124  -12  124  -12  18  0  0 L3P 4D
G24 FF 61047 084200  780 516 2792    +1724815   -191         -22    -43   20 115  103  -11  103  +25  103   25  13  0  0 L3P 4C
G10 FF 61047 085800  780 198 3205    +5806570    -49           1    -80   33  49  237  -29  126  +58  126   58  23  0  0 L3P 42
G12 FF 61047 085800  780 221 2185    +6062421    +55         -46    +50   40  41  215  -66  241  -25  241  -25  29  0  0 L3P 47
G13 FF 61047 085800  780 411 1493    -6903069    +32         -45    +21   24 156  123  +19  179  +18  179   18  17  0  0 L3P 69
G14 FF 61047 085800  780 298  575    -7272181    -36         -18    -11   29 102  162  +33  175  +10  175   10  21  0  0 L3P 47
G15 FF 61047 085800  780 561 1974    -3743954    -33         -20     +2   19 110   97   +8  120  +19  120   19  14  0  0 L3P 27
G17 FF 61047 085800  780 364  889     +250426   +132          -5    +13   25 171  136   -7  165   -9  165   -9  19  0  0 L3P 22
G19 FF 61047 085800  780 314 1188    -6843892    -55          12    -37   25 109  155  -24  188  +34  188   34  19  0  0 L3P 76
G22 FF 61047 085800  780 460  614     +615061    -46         -12     -4   18  30  112  +12  137  +21  137   21  14  0  0 L3P F1
G23 FF 61047 085800  780 290 2777    -5962031     -7         -18    +43   22 140  166  +14  145   -5  145   -5  18  0  0 L3P 39
G24 FF 61047 085800  780 590 2820    +1724675   -170         -20    -22   14 115   94   -8  103  +14  103   14   9  0  0 L3P 2C
G10 FF 61047 091400  780 216 3139    +5806581    +22         -17     -8   33  49  218  -13  155  +10  155   10  25  0  0 L3P 29
G12 FF 61047 091400  780 292 2210    +6062464    +10          -7     +5   31  41  166  -38  196  -23  196  -23  24  0  0 L3P 25
G13 FF 61047 091400  780 336 1513    -6903055    +80         -40    +70   23 156  146  +29  197  -32  197  -32  16  0  0 L3P 69
G14 FF 61047 091400  780 233  575    -7272194    -17          -7     +8   36 102  203  +55  182   +1  182    1  27  0  0 L3P FA
G15 FF 61047 091400  780 488 1920    -3744000    -34         -32     +1   29 111  107  +13  145  +19  145   19  25  0  0 L3P 37
G17 FF 61047 091400  780 378  800     +250518   +119         -26     +0   35 176  132   -2  167  -16  167  -16  25  0  0 L3P 2F
G19 FF 61047 091400  780 364 1122    -6843918    -22           7     -4   24 110  136  -15  177   -5  177   -5  18  0  0 L3P 1B
G22 FF 61047 091400  780 396  591     +615026    -50          -6     -8   27  30  127  +18  142  +21  142   21  20  0  0 L3P EA
G23 FF 61047 091400  780 258 2702    -5962078    -95         -18    -45   40 140  184  +25  173  +71  173   71  33  0  0 L3P 68
G24 FF 61047 091400  780 665 2840    +1724555   -191           2    -43   14 116   88   -5  113  +29  113   29  10  0  0 L3P 27
G10 FF 61047 093000  780 223 3068    +5806607   +166         -20   +135   36  49  212   +0  165  -90  165  -90  22  0  0 L3P 5C
G12 FF 61047 093000  780 364 2238    +6062473    -22          -2    -27   24  41  136  -25  176   -1  176   -1  18  0  0 L3P 15
G13 FF 61047 093000  780 263 1532    -6903042     -9         -37    -19   31 156  182  +48  229  +72  229   72  25  0  0 L3P 52
G14 FF 61047 093000  780 169  583    -7272181    -26          31     -1   50 102  275 +102  179  +52  179   52  39  0  0 L3P 3F
G15 FF 61047 093000  780 413 1887    -3744046    -15         -44    +21   22 111  122  +19  178   +8  178    8  19  0  0 L3P 3A
G17 FF 61047 093000  780 377  711     +250634    +79         -23    -40   28 176  132   +3  156  +26  156   26  22  0  0 L3P 21
G19 FF 61047 093000  780 404 1043    -6843926     +6          16    +24   24 110  125   -9  158  -15  158  -15  17  0  0 L3P 35
G22 FF 61047 093000  780 331  584     +614988    -73          -4    -31   37  30  147  +26  157  +49  157   49  27  0  0 L3P 27
G23 FF 61047 093000  780 217 2636    -5962127    -51         -19     -1   40 140  217  +44  208  +33  208   33  30  0  0 L3P 38
G24 FF 61047 093000  780 742 2841    +1724412   -170           1    -22   17 116   84   -3  108   +5  108    5  13  0  0 L3P EF
G10 FF 61047 094600  780 217 2995    +5806654    +55          -3    +24   40  49  217  +12  159  -18  159  -18  31  0  0 L3P 54
G12 FF 61047 094600  780 437 2268    +6062455    +35         -24    +31   20  41  117  -17  166  -45  166  -45  14  0  0 L3P 55
G13 FF 61047 094600  780 191 1548    -6903031    +47         -36    +37   40 156  244  +88  275   +5  275    5  30  0  0 L3P 44
G15 FF 61047 094600  780 339 1865    -3744074    -28         -39     +7   26 111  144  +29  205  +28  205   28  23  0  0 L3P 57
G17 FF 61047 094600  780 360  628     +250759   +139         -11    +21   18 176  137   +8  151  -20  151  -20  15  0  0 L3P 3A
G19 FF 61047 094600  780 431  951    -6843931    -26          29     -8   28 110  118   -5  149  +15  149   15  21  0  0 L3P 29
G22 FF 61047 094600  780 267  587     +614941    -26         -10    +17   35  30  179  +40  184  +11  184   11  28  0  0 L3P 25
G23 FF 61047 094600  780 169 2577    -5962163    +15          -6    +65   36 140  275  +81  243   -1  243   -1  28  0  0 L3P 3F
G24 FF 61047 094600  780 818 2770    +1724254   -160         -15    -13   15 116   82   -2  114   +1  114    1   9  0  0 L3P 02
G10 FF 61047 100200  780 199 2924    +5806683     -2          -1    -33   32  50  235  +27  170  +43  170   43  23  0  0 L3P 10
G12 FF 61047 100200  780 513 2302    +6062446    +41         -42    +36   21  85  104  -11  158  -45  158  -45  16  0  0 L3P 3A
G13 FF 61047 100200  780 122 1562    -6903001    +52         -16    +42   41 157  374 +203  294   +4  294    4  33  0  0 L3P 2B
G15 FF 61047 100200  780 266 1850    -3744112    -12         -43    +23   27 111  180  +46  240  +22  240   22  23  0  0 L3P 2D
G17 FF 61047 100200  780 331  556     +250870    +94         -14    -24   26 176  148  +14  158  +27  158   27  21  0  0 L3P 32
G19 FF 61047 100200  780 443  850    -6843937    +33          40    +52   21 110  116   -1  137  -42  137  -42  17  0  0 L3P 23
G22 FF 61047 100200  780 204  598     +614912    -94           0    -52   39  75  230  +68  202  +73  202   73  28  0  0 L3P FD
G23 FF 61047 100200  780 117 2525    -5962230   -131         -23    -81   45 141  391 +175  292 +114  292  114  32  0  0 L3P 8E
G24 FF 61047 100200  780 869 2047    +1724119   -108          -8    +40   14 116   81   +0  105  -23  105  -23  10  0  0 L3P 20
G25 FF 61047 100200  780 134 2403    -4514752   +156          11   +133   63 105  347 -164  291 -166  291 -166  47  0  0 L3P AE
G32 FF 61047 100200  780 153 3195    +1739236   -120         -47    +49   36 120  306 -116  183  -51  183  -51  24  0  0 L3P 7E
G10 FF 61047 101800  780 170 2857    +5806721    -17           7    -48   50  50  272  +52  182  +48  182   48  41  0  0 L3P 2E
G12 FF 61047 101800  780 589 2338    +6062475    +26         -18    +22   24  85   94   -8  121  -34  121  -34  19  0  0 L3P 36
G15 FF 61047 101800  780 195 1838    -3744138    +36         -35    +71   32 111  240  +84  280   +3  280    3  25  0  0 L3P 2E
G17 FF 61047 101800  780 290  498     +250974   +114         -24     -4   30 176  166  +24  181  +19  181   19  24  0  0 L3P 38
G19 FF 61047 101800  780 437  751    -6843964    -35          31    -17   24 110  117   +3  136   +7  136    7  18  0  0 L3P 0A
G22 FF 61047 101800  780 143  615     +614844    -40         -27     +2   43  75  322 +133  274  +57  274   57  34  0  0 L3P 1F
G24 FF 61047 101800  780 810 1458    +1723984   -163          -2    -15   16 116   82   +2   99  +14   99   14  10  0  0 L3P 14
G25 FF 61047 101800  780 198 2436    -4514720     +8          22    -15   28 105  238  -77  218  -35  218  -35  23  0  0 L3P 50
G32 FF 61047 101800  780 210 3172    +1739093   -122         -28    +46   35 120  225  -59  160  -42  160  -42  24  0  0 L3P 64
G10 FF 61047 103400  780 133 2795    +5806743    -42           0    -72   33  50  344 +102  209  +81  209   81  24  0  0 L3P 2C
G12 FF 61047 103400  780 666 2379    +6062486    +23         -11    +18   23  85   88   -5  108  -32  108  -32  15  0  0 L3P 33
G15 FF 61047 103400  780 127 1826    -3744175    -33         -38     +2   36 111  362 +186  327  +52  327   52  30  0  0 L3P 55
G17 FF 61047 103400  780 243  453     +251094    +84         -17    -34   24 176  195  +39  193  +59  193   59  18  0  0 L3P 4C
G19 FF 61047 103400  780 413  660    -6844015    -57          -2    -39   26 110  122   +8  148   -4  148   -4  20  0  0 L3P 03
G24 FF 61047 103400  780 732 1398    +1723847   -196           3    -48   16 116   84   +4  103  +49  103   49  11  0  0 L3P 2F
G25 FF 61047 103400  780 263 2471    -4514719    -19           0    -42   31 105  182  -44  180  -18  180  -18  22  0  0 L3P 3D
G32 FF 61047 103400  780 263 3136    +1738940   -127         -19    +41   32 120  182  -34  140  -33  140  -33  23  0  0 L3P 5D
G06 FF 61047 105000  780 148  910    +5997748    +68          -3    +24   45  88  313  -95  283  -55  283  -55  36  0  0 L3P 58
G12 FF 61047 105000  780 743 2428    +6062499    +14          -3    +10   19  85   84   -3   91  -12   91  -12  14  0  0 L3P F1
G17 FF 61047 105000  780 189  420     +251205   +150         -20    +32   36 176  246  +70  223   +9  223    9  28  0  0 L3P 0D
G19 FF 61047 105000  780 375  585    -6844046    -27         -16     -9   28 110  132  +14  153  +20  153   20  22  0  0 L3P 28
G24 FF 61047 105000  780 654 1396    +1723727   -110          26    +38   18 116   89   +6   99  -12   99  -12  12  0  0 L3P 30
G25 FF 61047 105000  780 330 2509    -4514724    -25         -27    -47   26 105  148  -28  169   -5  169   -5  20  0  0 L3P 48
G32 FF 61047 105000  780 311 3087    +1738800   -155           2    +14   25 120  156  -21  126   -9  126   -9  19  0  0 L3P 23
G06 FF 61047 110600  780 190  849    +5997785     -5          -7    -49   28  88  246  -50  256  -28  256  -28  22  0  0 L3P 51
G12 FF 61047 110600  780 821 2506    +6062507    -16           1    -21   19  85   82   -2   86  +23   86   23  13  0  0 L3P D5
G17 FF 61047 110600  780 133  398     +251323   +120         -15     +1   35 176  345 +146  265  +59  265   59  27  0  0 L3P 48
G19 FF 61047 110600  780 327  527    -6844089    -13         -41     +6   28 110  149  +22  183  +11  183   11  21  0  0 L3P 2A
G24 FF 61047 110600  780 575 1409    +1723587   -125          27    +23   20 116   96   +9  113  +11  113   11  14  0  0 L3P 25
G25 FF 61047 110600  780 399 2549    -4514670    -23           6    -46   26 105  126  -19  117  +16  117   16  19  0  0 L3P 45
G32 FF 61047 110600  780 350 3024    +1738631    -85          -6    +83   22 120  141  -12  135  -52  135  -52  17  0  0 L3P 3B
G06 FF 61047 112200  780 225  782    +5997799    +31         -35    -12   39  88  210  -27  244  -12  244  -12  30  0  0 L3P 4B
G11 FF 61047 112200  780 118 1198    +4826598   -156           3    -23   63 183  390 -181  279   -4  279   -4  45  0  0 L3P 62
G12 FF 61047 112200  780 889 3310    +6062495     -1         -15     -6   18  85   81   +0  105  +11  105   11  12  0  0 L3P E3
G19 FF 61047 112200  780 271  485    -6844102    -26         -37     -7   34 110  176  +36  198  +32  198   32  25  0  0 L3P 3F
G24 FF 61047 112200  780 498 1427    +1723458   -122          40    +25   19 116  106  +12  126  +13  126   13  14  0  0 L3P 44
G25 FF 61047 112200  780 469 2591    -4514653    +58           1    +35   20 105  111  -13  114  -32  114  -32  14  0  0 L3P 2A
G29 FF 61047 112200  780 100 1990    +3970435    +16          22    +80   32 105  464 -312  307 -158  307 -158  29  0  0 L3P 8C
G32 FF 61047 112200  780 378 2947    +1738487   -167          12     +1   27 120  132   -7  126   +4  126    4  20  0  0 L3P 0E
G06 FF 61047 113800  780 249  709    +5997845    +49         -30     +5   33  88  191  -14  219  -13  219  -13  26  0  0 L3P 4C
G11 FF 61047 113800  780 173 1151    +4826467   -113          -1    +20   28 183  270  -84  257  -41  257  -41  22  0  0 L3P 5E
G12 FF 61047 113800  780 823  617    +6062521    +45           6    +41   15  85   82   +1   96  -27   96  -27  10  0  0 L3P DD
G19 FF 61047 113800  780 211  457    -6844123    +15         -41    +33   32 110  222  +63  234  +14  234   14  25  0  0 L3P 2A
G24 FF 61047 113800  780 423 1446    +1723315   -144          39     +4   24 116  120  +18  147  +18  147   18  19  0  0 L3P 44
G25 FF 61047 113800  780 540 2636    -4514631    +22           2     +0   18 105  100  -10  110   +0  110    0  13  0  0 L3P C3
G28 FF 61047 113800  780 137 3049    +6144295    -53         -25     -4   35 212  340 -156  233  +13  233   13  28  0  0 L3P 53
G29 FF 61047 113800  780 169 1998    +3970370    -65          19     -1   28 105  278 -115  213  -55  213  -55  23  0  0 L3P 72
G32 FF 61047 113800  780 391 2859    +1738319   -143           6    +25   23 120  128   -2  140   -7  140   -7  17  0  0 L3P 1E
G06 FF 61047 115400  780 262  633    +5997888    -12         -29    -55   38  88  182   -4  209  +50  209   50  29  0  0 L3P 47
G11 FF 61047 115400  780 226 1099    +4826320   -177         -20    -44   32 183  210  -46  238   -1  238   -1  23  0  0 L3P 47
G12 FF 61047 115400  780 748  699    +6062510    +47          -9    +42   15  85   84   +3  117   -6  117   -6  11  0  0 L3P EF
G19 FF 61047 115400  780 149  441    -6844126    +26         -27    +44   46 110  309 +128  252   -3  252   -3  37  0  0 L3P 41
G24 FF 61047 115400  780 349 1466    +1723166   -137          32    +10   34 116  141  +26  167   +6  167    6  26  0  0 L3P 36
G25 FF 61047 115400  780 613 2685    -4514606    +77           4    +54   20 105   92   -7  113  -40  113  -40  13  0  0 L3P 13
G28 FF 61047 115400  780 200 3058    +6144268    -72          -4    -23   44 212  235  -75  208   -1  208   -1  37  0  0 L3P 27
G29 FF 61047 115400  780 240 2009    +3970298     -8           8    +56   46 105  199  -58  190  -69  190  -69  36  0  0 L3P 60
G32 FF 61047 115400  780 389 2767    +1738177   -118          25    +51   37 120  129   +3  125  -33  125  -33  30  0  0 L3P 59
G06 FF 61047 121000  780 261  556    +5997942    +57         -16    +14   29  88  183   +5  210  -17  210  -17  22  0  0 L3P 34
G11 FF 61047 121000  780 274 1038    +4826196   -150         -10    -17   28 184  176  -28  215   +3  215    3  22  0  0 L3P 38
G12 FF 61047 121000  780 674  753    +6062514    -28          -9    -33   17  91   87   +5  126  +36  126   36  12  0  0 L3P 00
G24 FF 61047 121000  780 278 1484    +1723005   -198          13    -50   23 116  172  +41  199  +45  199   45  18  0  0 L3P 64
G25 FF 61047 121000  780 687 2741    -4514584    +53           4    +31   19 105   87   -5  115  -16  115  -16  14  0  0 L3P 1F
G28 FF 61047 121000  780 265 3059    +6144206    -33         -22    +16   38 213  181  -43  200  -32  200  -32  26  0  0 L3P 46
G29 FF 61047 121000  780 313 2020    +3970233    -91           4    -27   31 105  156  -34  178  +24  178   24  24  0  0 L3P 2B
G32 FF 61047 121000  780 370 2677    +1738008   -123          17    +45   32 120  134   +8  148  -13  148  -13  24  0  0 L3P 46
G06 FF 61047 122600  780 247  483    +5997993    +78          -7    +35   26  88  192  +15  212  -20  212  -20  17  0  0 L3P 44
G11 FF 61047 122600  780 314  968    +4826050   -137         -29     -4   30 184  155  -17  214   -6  214   -6  21  0  0 L3P 2B
G12 FF 61047 122600  780 601  800    +6062507    -18         -21    -22   22  91   93   +7  143  +32  143   32  15  0  0 L3P F3
G24 FF 61047 122600  780 208 1500    +1722852   -108           2    +40   22 116  225  +72  228  -28  228  -28  17  0  0 L3P 48
G25 FF 61047 122600  780 761 2814    -4514560    -32           6    -55   19 105   83   -3  115  +35  115   35  12  0  0 L3P 0E
G28 FF 61047 122600  780 331 3050    +6144159    -71         -23    -22   38 213  148  -27  180  +11  180   11  26  0  0 L3P 45
G29 FF 61047 122600  780 388 2033    +3970171    -28           3    +35   31 105  129  -22  174  -30  174  -30  23  0  0 L3P 3C
G32 FF 61047 122600  780 338 2596    +1737823   -173          -6     -5   23 120  145  +15  185  +27  185   27  18  0  0 L3P 53
G06 FF 61047 124200  780 220  417    +5998031    +65         -10    +22   39  88  214  +30  222  -13  222  -13  27  0  0 L3P 2B
G11 FF 61047 124200  780 345  889    +4825937   -135         -14     -2   35 184  143   -9  175   -2  175   -2  27  0  0 L3P 2F
G12 FF 61047 124200  780 530  845    +6062517     -8         -15    -12   19  91  101  +10  146  +14  146   14  13  0  0 L3P 07
G24 FF 61047 124200  780 141 1515    +1722696   -265         -12   -117   36 116  326 +150  262 +113  262  113  30  0  0 L3P 99
G25 FF 61047 124200  780 834 2964    -4514555    +35         -11    +12   18 105   81   -1  126  -12  126  -12  12  0  0 L3P 2C
G28 FF 61047 124200  780 396 3027    +6144108    +17         -26    +65   30 213  127  -18  169  -68  169  -68  22  0  0 L3P 78
G29 FF 61047 124200  780 465 2046    +3970114   -122           7    -58   35 105  111  -15  159  +41  159   41  26  0  0 L3P 48
G31 FF 61047 124200  780 101 3119    +1739101    -61          20    -40   25  66  455 -284  273   +3  273    3  22  0  0 L3P 11
G32 FF 61047 124200  780 295 2524    +1737678   -169          10     -1   29 120  163  +24  202  +27  202   27  22  0  0 L3P 3E
G06 FF 61047 125800  780 184  361    +5998064    -17         -19    -61   49  88  254  +55  213  +14  213   14  34  0  0 L3P 49
G11 FF 61047 125800  780 362  803    +4825784   -199         -39    -66   15 184  137   -3  181  +36  181   36  11  0  0 L3P 5F
G12 FF 61047 125800  780 460  889    +6062532    +69          -4    +65   22  91  112  +13  149  -30  149  -30  15  0  0 L3P 30
G25 FF 61047 125800  780 873  413    -4514524    +11          -1    -11   13 105   81   +0  118   +5  118    5   9  0  0 L3P C4
G28 FF 61047 125800  780 457 2986    +6144079    -19          -9    +30   25 213  113  -12  141  -31  141  -31  19  0  0 L3P 55
G29 FF 61047 125800  780 544 2056    +3970060    -90          15    -26   34 105  100  -10  142   +5  142    5  26  0  0 L3P 14
G31 FF 61047 125800  780 166 3117    +1739069    +34           7    +55   34  66  283 -110  242  -94  242  -94  23  0  0 L3P 54
G32 FF 61047 125800  780 245 2463    +1737523   -238          17    -70   33 120  194  +40  229 +105  229  105  24  0  0 L3P 7C
G06 FF 61047 131400  780 139  315    +5998134   +128           8    +85   43  89  330 +112  161  -47  161  -47  35  0  0 L3P 55
G11 FF 61047 131400  780 364  715    +4825657   -119         -38    +14   24 184  136   +2  159  -39  159  -39  18  0  0 L3P 6B
G12 FF 61047 131400  780 393  931    +6062528    +27         -13    +22   21  91  127  +19  168  -10  168  -10  17  0  0 L3P 35
G25 FF 61047 131400  780 807  895    -4514505    +19          -7     -4   16 106   82   +2  109  -11  109  -11  10  0  0 L3P FF
G28 FF 61047 131400  780 513 2919    +6144028    -49         -13     +0   19 213  104   -8  128  -15  128  -15  14  0  0 L3P 39
G29 FF 61047 131400  780 623 2061    +3969976    -95          -7    -32   24 106   91   -7  140   +5  140    5  16  0  0 L3P 09
G31 FF 61047 131400  780 230 3107    +1739054    -66          12    -46   37  66  206  -56  206  +21  206   21  28  0  0 L3P 2C
G32 FF 61047 131400  780 190 2410    +1737356   -284          11   -116   46 121  246  +71  264 +100  264  100  38  0  0 L3P 7C
G11 FF 61047 133000  780 351  630    +4825532   -145         -36    -12   25 184  140   +7  134   +2  134    2  19  0  0 L3P 07
G12 FF 61047 133000  780 327  972    +6062533    -30         -12    -34   32  91  149  +27  174  +29  174   29  26  0  0 L3P 35
G25 FF 61047 133000  780 733  999    -4514490     +4         -14    -19   16 106   84   +3  108   +7  108    7  11  0  0 L3P EE
G28 FF 61047 133000  780 556 2822    +6143972    -45         -22     +4   20 213   98   -4  126  -18  126  -18  14  0  0 L3P 30
G29 FF 61047 133000  780 701 2049    +3969932    -52          10    +11   22 106   86   -4  114  -17  114  -17  13  0  0 L3P 26
G31 FF 61047 133000  780 294 3085    +1739028     +1           7    +21   33  66  165  -33  178  -57  178  -57  25  0  0 L3P 31
G32 FF 61047 133000  780 133 2364    +1737190    -26           6   +142   59 121  346 +147  297  -62  297  -62  43  0  0 L3P 74
G11 FF 61047 134600  780 324  555    +4825418   -169         -22    -36   32 184  150  +14  118  +16  118   16  24  0  0 L3P 55
G12 FF 61047 134600  780 262 1012    +6062532     +5         -18     +0   26  91  182  +42  185  +24  185   24  21  0  0 L3P 0A
G25 FF 61047 134600  780 659 1062    -4514454    +36           0    +13   16 106   88   +5  100   -6  100   -6  11  0  0 L3P E8
G26 FF 61047 134600  780 181 2887    +3074852    +25         -13    -36   44  89  260  -91  231  -22  231  -22  32  0  0 L3P 58
G28 FF 61047 134600  780 581 2693    +6143913    -60         -34    -11   17 213   95   -2  121   -5  121   -5  13  0  0 L3P 14
G29 FF 61047 134600  780 778 1986    +3969853    -45          -8    +19   21 106   83   -2  115  -16  115  -16  14  0  0 L3P 4F
G31 FF 61047 134600  780 354 3049    +1738990    -46         -12    -26   31  66  139  -21  162   -4  162   -4  23  0  0 L3P 33
G11 FF 61047 140200  780 285  493    +4825279   -150         -32    -17   41 185  169  +24  130  +10  130   10  30  0  0 L3P 41
G12 FF 61047 140200  780 200 1051    +6062534    +13         -19     +9   30  93  235  +71  199   -6  199   -6  24  0  0 L3P 13
G18 FF 61047 140200  780 125 1805    +4570641    -95         -25     +2   41 149  373 -206  348 -107  348 -107  27  0  0 L3P 91
G20 FF 61047 140200  780 164  715    -3617861     -1         -32     -2   30 122  284  -48  167  -25  167  -25  27  0  0 L3P 2C
G25 FF 61047 140200  780 585 1112    -4514427    +63           5    +41   16 106   95   +8   98  -19   98  -19  11  0  0 L3P 0A
G26 FF 61047 140200  780 246 2909    +3074914    -28         -11    -89   37  90  194  -50  170  +30  170   30  31  0  0 L3P 45
G28 FF 61047 140200  780 582 2548    +6143871    -73         -27    -24   19 214   95   +1  114  +19  114   19  13  0  0 L3P 39
G29 FF 61047 140200  780 843 1680    +3969836    -44          37    +19   16 106   81   -1   78  -20   78  -20  11  0  0 L3P 21
G31 FF 61047 140200  780 409 2994    +1738987     -4           6    +17   21 178  123  -13  127  -24  127  -24  16  0  0 L3P 3E
G11 FF 61047 141800  780 237  444    +4825140   -133         -43     +0   35 185  199  +41  146   +6  146    6  26  0  0 L3P 1F
G12 FF 61047 141800  780 138 1088    +6062553    -25          -5    -30   56  93  333 +144  199  +39  199   39  43  0  0 L3P 61
G18 FF 61047 141800  780 195 1799    +4570590    -68          18    +30   44 149  243  -88  227 -108  227 -108  34  0  0 L3P A3
G20 FF 61047 141800  780 187  648    -3617863    +30         -35    +29   44 122  250  -24  158  -36  158  -36  36  0  0 L3P 65
G21 FF 61047 141800  780 116  670    -3751647    -63         -26    +22   43 111  395 -101  185  -26  185  -26  34  0  0 L3P 68
G25 FF 61047 141800  780 512 1156    -4514407    +33           3    +10   23 106  104  +11  110   +5  110    5  17  0  0 L3P E2
G26 FF 61047 141800  780 312 2925    +3074988    +70           5     +9   30  90  156  -31  127  -44  127  -44  23  0  0 L3P 2A
G28 FF 61047 141800  780 559 2413    +6143832    -73         -19    -24   28 214   98   +4  104  +25  104   25  23  0  0 L3P 38
G29 FF 61047 141800  780 832  932    +3969778   -118          39    -54   14 106   81   +1   66  +33   66   33   9  0  0 L3P 15
G31 FF 61047 141800  780 454 2919    +1738966    -41           5    -20   29 178  113   -8  118   -2  118   -2  23  0  0 L3P 1C
G04 FF 61047 143400  780 110 3287     -366766    +34          -9    +58   45 137  412  -28  181  -45  181  -45  31  0  0 L3P 4E
G05 FF 61047 143400  780 146  912    +2268697    +11          -1     +4   56 143  317  -96  179  -32  179  -32  43  0  0 L3P 3F
G11 FF 61047 143400  780 184  408    +4825021    -75         -34    +58   35 185  253  +75  140  -43  140  -43  29  0  0 L3P 54
G18 FF 61047 143400  780 267 1793    +4570475   -123          -3    -26   31 149  180  -48  179  -28  179  -28  22  0  0 L3P 86
G20 FF 61047 143400  780 199  579    -3617854    +50         -28    +48   34 122  235   -8  145  -46  145  -46  25  0  0 L3P 5A
G21 FF 61047 143400  780 142  607    -3751710   -105          -7    -20   42 111  326  -49  158  -14  158  -14  32  0  0 L3P 44
G25 FF 61047 143400  780 440 1195    -4514388    +80           1    +57   23 106  116  +15  121  -20  121  -20  18  0  0 L3P 2B
G26 FF 61047 143400  780 381 2934    +3075046    +79           4    +17   27  90  131  -21  105  -29  105  -29  20  0  0 L3P 30
G28 FF 61047 143400  780 515 2303    +6143773    -38         -31    +11   28 214  103   +8  108  -10  108  -10  21  0  0 L3P 35
G29 FF 61047 143400  780 764  727    +3969681    -94           3    -31   18 106   83   +3   83  +18   83   18  12  0  0 L3P FD
G31 FF 61047 143400  780 485 2822    +1738958    +26          17    +46   21 178  108   -4   93  -50   93  -50  15  0  0 L3P 35
G04 FF 61047 145000  780 112 3223     -366799    -10         -19    +14   48 137  405  +11  182  -13  182  -13  34  0  0 L3P 45
G05 FF 61047 145000  780 188  851    +2268717     +9          12     +2   33 143  249  -50  148  -25  148  -25  24  0  0 L3P 28
G11 FF 61047 145000  780 127  383    +4824879    -80         -49    +53   36 185  361 +163  147  -60  147  -60  28  0  0 L3P 7C
G16 FF 61047 145000  780 107 2939    -1831187   -124         -17    -48   57 115  431 -252  214  -36  214  -36  40  0  0 L3P 8E
G18 FF 61047 145000  780 342 1785    +4570382    -80          -3    +18   37 149  144  -29  149  -53  149  -53  27  0  0 L3P 6D
G20 FF 61047 145000  780 201  509    -3617837    +26         -12    +25   36 122  233   +5  138  -10  138  -10  26  0  0 L3P 27
G21 FF 61047 145000  780 158  541    -3751784   -116           1    -31   42 111  293  -21  130  +24  130   24  36  0  0 L3P 1E
G25 FF 61047 145000  780 370 1232    -4514361     +1           6    -22   29 106  134  +22  132  +43  132   43  21  0  0 L3P FF
G26 FF 61047 145000  780 450 2933    +3075092    +67         -10     +5   16  90  114  -15   94  -21   94  -21  13  0  0 L3P 11
G28 FF 61047 145000  780 459 2221    +6143735    -72         -22    -23   25 214  112  +12  104  +24  104   24  19  0  0 L3P 3C
G29 FF 61047 145000  780 690  689    +3969622    -73           5     -9   23 106   86   +4   76  +13   76   13  16  0  0 L3P ED
G31 FF 61047 145000  780 497 2710    +1738931    -53           9    -32   20 178  106   +0   96  +27   96   27  13  0  0 L3P 0D
G04 FF 61047 150600  780 103 3158     -366844    -66         -40    -42   39 137  436  +56  193  +39  193   39  29  0  0 L3P 63
G05 FF 61047 150600  780 222  784    +2268700    +32         -12    +25   29 143  213  -28  156  -29  156  -29  22  0  0 L3P 4F
G16 FF 61047 150600  780 171 2962    -1831213     -7          31    +69   39 115  274 -104  133  -74  133  -74  30  0  0 L3P 57
G18 FF 61047 150600  780 418 1773    +4570288    -90          -2     +8   38 149  121  -19  125  -12  125  -12  28  0  0 L3P 4A
G20 FF 61047 150600  780 190  442    -3617831    -20          -7    -22   41 122  246  +21  132   +8  132    8  32  0  0 L3P F3
G21 FF 61047 150600  780 163  473    -3751879    -99         -13    -13   39 111  284   +0  134  -17  134  -17  28  0  0 L3P 4C
G25 FF 61047 150600  780 301 1266    -4514335    +14          10     -9   28 106  160  +34  146  +32  146   32  22  0  0 L3P 1F
G26 FF 61047 150600  780 520 2916    +3075151    +37          -9    -24   19  90  103  -10   83   +6   83    6  14  0  0 L3P E6
G28 FF 61047 150600  780 395 2160    +6143671     -6         -39    +43   26 214  127  +18  127  -20  127  -20  19  0  0 L3P 51
G29 FF 61047 150600  780 616  692    +3969541    -10         -14    +53   17 106   92   +7   86  -29   86  -29  12  0  0 L3P 26
G31 FF 61047 150600  780 488 2595    +1738905    -70           3    -50   21 178  107   +3   98  +50   98   50  15  0  0 L3P 17
G05 FF 61047 152200  780 246  711    +2268726     +6           7     -1   31 143  194  -14  123  -10  123  -10  24  0  0 L3P F3
G16 FF 61047 152200  780 238 2980    -1831275     +9          42    +85   30 115  201  -56  116  -78  116  -78  25  0  0 L3P 52
G18 FF 61047 152200  780 495 1753    +4570203   -154           6    -57   28 149  106  -13  111  +21  111   21  18  0  0 L3P 3E
G20 FF 61047 152200  780 168  380    -3617822    -24           1    -25   25 122  276  +43  118  +13  118   13  19  0  0 L3P 19
G21 FF 61047 152200  780 158  407    -3751959    -48         -11    +38   39 111  293  +21  106  -52  106  -52  32  0  0 L3P 51
G25 FF 61047 152200  780 234 1297    -4514320    +35           3    +13   28 106  202  +55  164   +9  164    9  21  0  0 L3P 05
G26 FF 61047 152200  780 588 2874    +3075202    +62         -18     +0   22  90   95   -7   87   +3   87    3  15  0  0 L3P D5
G28 FF 61047 152200  780 327 2116    +6143631    -23         -32    +26   28 214  149  +29  134   -7  134   -7  21  0  0 L3P 37
G29 FF 61047 152200  780 544  711    +3969466    -49         -28    +15   21 106   99   +9   99   -4   99   -4  15  0  0 L3P 12
G31 FF 61047 152200  780 461 2489    +1738891    +27           9    +47   25 178  112   +7  102  -26  102  -26  17  0  0 L3P 3B
G05 FF 61047 153800  780 257  634    +2268735    +42          10    +35   29 143  185   -4  107  -37  107  -37  21  0  0 L3P 38
G16 FF 61047 153800  780 306 2992    -1831375    -41          14    +35   17 115  159  -34  122  -37  122  -37  12  0  0 L3P 5A
G18 FF 61047 153800  780 571 1718    +4570107   -111           4    -14   25 149   96   -9  101  -12  101  -12  18  0  0 L3P 2B
G20 FF 61047 153800  780 137  325    -3617816    +33           6    +32   38 122  336  +87   89  -41   89  -41  29  0  0 L3P 26
G21 FF 61047 153800  780 141  344    -3752072    -53         -42    +32   58 111  326  +50  107  -44  107  -44  39  0  0 L3P 48
G25 FF 61047 153800  780 169 1326    -4514305    +16          -4     -7   36 106  275 +104  181   +9  181    9  27  0  0 L3P 29
G26 FF 61047 153800  780 649 2790    +3075253    +33         -26    -29   12  90   89   -4   90  +16   90   16   8  0  0 L3P 04
G28 FF 61047 153800  780 259 2081    +6143600    -62         -16    -13   31 214  184  +47  136  +36  136   36  25  0  0 L3P 58
G29 FF 61047 153800  780 474  737    +3969413    -49         -20    +14   20 106  110  +13   90   -8   90   -8  15  0  0 L3P 12
G31 FF 61047 153800  780 418 2401    +1738874    +48          11    +69   18 178  121  +12  109  -38  109  -38  14  0  0 L3P 64
G05 FF 61047 155400  780 256  557    +2268736    -32           5    -39   27 143  186   +6  102  +10  102   10  20  0  0 L3P 08
G16 FF 61047 155400  780 376 2994    -1831442    -57          21    +19   17 115  132  -22  105  -18  105  -18  14  0  0 L3P 59
G18 FF 61047 155400  780 643 1652    +4570002    -97          -7     +1   17 149   90   -5   97  -14   97  -14  12  0  0 L3P 08
G21 FF 61047 155400  780 114  287    -3752121    -96         -10    -11   45 111  399 +108   63  -10   63  -10  38  0  0 L3P 35
G25 FF 61047 155400  780 105 1351    -4514300    -47         -20    -70   60 106  435 +255  190  +32  190   32  49  0  0 L3P 58
G26 FF 61047 155400  780 696 2639    +3075314    +66         -24     +4   13  90   86   -2   87   +9   87    9  10  0  0 L3P E4
G27 FF 61047 155400  780 100 2647     +141047    +47          26    -25   44  96  461 -274  160  -12  160  -12  31  0  0 L3P 3B
G28 FF 61047 155400  780 190 2052    +6143533   -111         -37    -62   47 214  245  +85  170  +67  170   67  37  0  0 L3P 73
G29 FF 61047 155400  780 405  768    +3969351    -41         -21    +23   31 106  124  +18   97   -6   97   -6  22  0  0 L3P 1C
G31 FF 61047 155400  780 366 2330    +1738848    +12           5    +33   24 178  135  +18  131   -1  131   -1  19  0  0 L3P 16
G05 FF 61047 161000  780 241  483    +2268747    +27           9    +20   32 143  197  +17   85  -27   85  -27  24  0  0 L3P 1C
G16 FF 61047 161000  780 447 2984    -1831522    -82          14     -5   21 115  115  -15   99  -17   99  -17  14  0  0 L3P 30
G18 FF 61047 161000  780 706 1524    +4569926   -103           9     -5   19 150   86   -3   78   -4   78   -4  12  0  0 L3P EE
G23 FF 61047 161000  780 135 1464    -5963350    +10         -29    +60   46 144  343 -163  181  -64  181  -64  39  0  0 L3P 7B
G26 FF 61047 161000  780 714 2417    +3075381    +71         -15     +9   15  90   85   +0   83   +0   83    0   9  0  0 L3P AE
G27 FF 61047 161000  780 161 2684     +141085    +60          -5    -12   41  96  291 -112  169   +3  169    3  32  0  0 L3P 08
G28 FF 61047 161000  780 124 2026    +6143496    -44         -25     +5   39 215  369 +190  179   +5  179    5  35  0  0 L3P 45
G29 FF 61047 161000  780 339  802    +3969321     +1          10    +65   29 106  144  +25   78  -40   78  -40  22  0  0 L3P 0F
G31 FF 61047 161000  780 308 2274    +1738819    -17          -8     +3   35 179  157  +29  149   -1  149   -1  26  0  0 L3P 2D
G05 FF 61047 162600  780 213  417    +2268744    +31           0    +24   38 143  220  +33   79  -36   79  -36  28  0  0 L3P 13
G16 FF 61047 162600  780 517 2955    -1831604    -76           5     +1   22 115  103  -10   85  -22   85  -22  16  0  0 L3P 0A
G18 FF 61047 162600  780 745 1295    +4569842    -71          20    +26   21 150   84   -1   58  -32   58  -32  14  0  0 L3P 1D
G23 FF 61047 162600  780 201 1433    -5963395     -3         -26    +47   37 144  235  -76  144  -91  144  -91  31  0  0 L3P 60
G26 FF 61047 162600  780 695 2194    +3075440    +57         -15     -5   15  90   86   +2   83   -6   83   -6  11  0  0 L3P E4
G27 FF 61047 162600  780 224 2720     +141158    +81          -1     +9   44  96  212  -59  137  -48  137  -48  31  0  0 L3P 26
G29 FF 61047 162600  780 275  837    +3969256   -129           7    -65   29 106  174  +38   84  +63   84   63  22  0  0 L3P 45
G31 FF 61047 162600  780 246 2229    +1738807     -1          -1    +19   31 179  193  +47  161   +3  161    3  26  0  0 L3P 10
G05 FF 61047 164200  780 176  361    +2268754    +37           3    +30   48 143  264  +62   53  -39   53  -39  34  0  0 L3P 1C
G16 FF 61047 164200  780 583 2896    -1831682   -102           1    -26   21 115   95   -7   71   +3   71    3  14  0  0 L3P E2
G18 FF 61047 164200  780 742 1007    +4569737   -149           9    -51   19 150   84   +1   55  +15   55   15  13  0  0 L3P 10
G23 FF 61047 164200  780 267 1398    -5963444     +1         -27    +51   26 144  180  -43  111  -55  111  -55  21  0  0 L3P 51
G26 FF 61047 164200  780 646 2038    +3075504    +26         -10    -35   23  90   89   +4   77  +15   77   15  16  0  0 L3P 06
G27 FF 61047 164200  780 288 2756     +141196    +19         -32    -53   25  96  167  -36  127  +10  127   10  20  0  0 L3P 39
G29 FF 61047 164200  780 212  874    +3969204    -59          15     +5   36 106  221  +62   81  -11   81  -11  27  0  0 L3P 11
G31 FF 61047 164200  780 184 2191    +1738813    +77          26    +97   46 179  254  +84  161  -56  161  -56  35  0  0 L3P 79
G05 FF 61047 165800  780 130  315    +2268767    -85           9    -92   23 143  352 +129   31  +43   31   43  21  0  0 L3P 17
G16 FF 61047 165800  780 639 2790    -1831774   -106         -18    -30   15 115   90   -4   64   -9   64   -9  11  0  0 L3P 21
G18 FF 61047 165800  780 700  801    +4569630    -27          -4    +71   17 150   86   +3   52  -55   52  -55  11  0  0 L3P FE
G23 FF 61047 165800  780 332 1354    -5963482    +25         -17    +75   33 144  148  -26   80  -70   80  -70  23  0  0 L3P 4F
G26 FF 61047 165800  780 582 1946    +3075571     -1          -2    -62   19  90   95   +7   68  +38   68   38  15  0  0 L3P 01
G27 FF 61047 165800  780 355 2791     +141273    +58         -24    -14   24  96  139  -24   91  -29   91  -29  21  0  0 L3P 36
G29 FF 61047 165800  780 152  911    +3969123   -100          -4    -37   55 106  304 +118   96  +32   96   32  40  0  0 L3P 3B
G31 FF 61047 165800  780 122 2157    +1738769    -46           1    -26   40 179  374 +182  194  +58  194   58  35  0  0 L3P 72
G10 FF 61047 171400  780 154 1642    +5807479    -24           6    -55   27  96  303 -136  138  -13  138  -13  22  0  0 L3P 4E
G16 FF 61047 171400  780 675 2624    -1831851    -58         -16    +18   12 116   87   -1   62  -22   62  -22   8  0  0 L3P 13
G18 FF 61047 171400  780 638  695    +4569533   -101          -8     -4   22 150   90   +5   48  -11   48  -11  15  0  0 L3P 00
G23 FF 61047 171400  780 395 1299    -5963543    -24         -29    +26   26 144  127  -17   70  -40   70  -40  19  0  0 L3P 53
G26 FF 61047 171400  780 512 1892    +3075617    +50         -17    -12   23  91  104  +11   83   +8   83    8  18  0  0 L3P FC
G27 FF 61047 171400  780 424 2824     +141358   +100          -9    +28   24  97  120  -17   77  -46   77  -46  20  0  0 L3P 25
G07 FF 61047 173000  780 113 3301    +1320611    +82           1    +30   42 118  402  -80   79  -30   79  -30  33  0  0 L3P FF
G08 FF 61047 173000  780 180 2850    -5068201    +72          14    +31   35 117  261  -91  118  -76  118  -76  27  0  0 L3P 5B
G10 FF 61047 173000  780 225 1624    +5807493    -14         -11    -44   30  96  211  -66  115  -12  115  -12  24  0  0 L3P 3D
G16 FF 61047 173000  780 679 2417    -1831922    -90         -13    -14   22 116   87   +1   53   +8   53    8  16  0  0 L3P F2
G18 FF 61047 173000  780 569  647    +4569455   -101           9     -3   19 150   96   +8   33   +4   33    4  12  0  0 L3P C9
G23 FF 61047 173000  780 451 1228    -5963591    -33         -29    +17   29 144  114  -11   58  -17   58  -17  24  0  0 L3P 4E
G26 FF 61047 173000  780 439 1859    +3075682    +93         -12    +32   24  91  116  +16   89  -18   89  -18  20  0  0 L3P 48
G27 FF 61047 173000  780 496 2854     +141430    +56          -7    -15   25  97  106  -12   55   -9   55   -9  19  0  0 L3P FA
G07 FF 61047 174600  780 131 3244    +1320642    +44         -19     -8   33 118  349  -36   94   +5   94    5  26  0  0 L3P 07
G08 FF 61047 174600  780 244 2877    -5068164    +73          12    +32   43 117  196  -51   79  -65   79  -65  32  0  0 L3P 5A
G10 FF 61047 174600  780 297 1603    +5807543    +39          11     +8   25  96  163  -38   81  -33   81  -33  20  0  0 L3P 1B
G15 FF 61047 174600  780 125  627    -3745049    -62          -3    -27   47 114  365  -65   46  +13   46   13  37  0  0 L3P 22
G16 FF 61047 174600  780 649 2233    -1832003    -81         -21     -5   16 116   89   +3   58   +3   58    3  13  0  0 L3P DC
G18 FF 61047 174600  780 499  630    +4569352   -112          -1    -15   22 150  105  +11   37  +13   37   13  17  0  0 L3P 18
G23 FF 61047 174600  780 497 1136    -5963635    -29         -25    +21   21 144  106   -6   47  -27   47  -27  14  0  0 L3P 42
G26 FF 61047 174600  780 366 1839    +3075747    +46          -5    -16   23  91  135  +24   92  +21   92   21  21  0  0 L3P 1B
G27 FF 61047 174600  780 569 2878     +141483    +83         -22    +12   20  97   97   -8   51  -27   51  -27  15  0  0 L3P 15
G07 FF 61047 180200  780 140 3183    +1320720   +175           9   +123   32 118  329   -8   76  -78   76  -78  24  0  0 L3P 3F
G08 FF 61047 180200  780 310 2900    -5068153    +88         -16    +47   30 117  157  -32   69  -54   69  -54  20  0  0 L3P 4A
G10 FF 61047 180200  780 370 1577    +5807573     +2          13    -29   22  98  134  -24   66   +8   66    8  16  0  0 L3P EE
G15 FF 61047 180200  780 143  560    -3745087    -29          -7     +6   33 114  322  -28   36   -9   36   -9  25  0  0 L3P F2
G16 FF 61047 180200  780 596 2106    -1832079   -110         -24    -34   21 116   94   +6   59  +23   59   23  16  0  0 L3P 24
G18 FF 61047 180200  780 428  631    +4569251   -134          -9    -36   27 151  119  +16   44  +15   44   15  21  0  0 L3P 22
G23 FF 61047 180200  780 527 1022    -5963675     -9         -14    +41   16 145  102   -3   33  -29   33  -29  11  0  0 L3P 16
G26 FF 61047 180200  780 293 1824    +3075816    +80           5    +18   26  91  164  +37   92   -8   92   -8  18  0  0 L3P 03
G27 FF 61047 180200  780 644 2892     +141549    +59         -25    -13   16  97   90   -6   42   -1   42   -1  10  0  0 L3P D7
G02 FF 61047 181800  780 101 2477     -116105   -117         -51    -34   36 186  454 -275  169  -41  169  -41  30  0  0 L3P 7C
G07 FF 61047 181800  780 138 3120    +1320749    +28         -12    -24   36 118  333  +17   82  +16   82   16  27  0  0 L3P 30
G08 FF 61047 181800  780 379 2918    -5068109    +10         -12    -31   24 117  132  -21   44  +20   44   20  17  0  0 L3P 27
G10 FF 61047 181800  780 443 1541    +5807600    +60          11    +29   23  98  116  -16   59  -46   59  -46  17  0  0 L3P 2E
G15 FF 61047 181800  780 150  491    -3745122    -42          -9     -7   44 114  307   -3   35  +11   35   11  31  0  0 L3P DC
G16 FF 61047 181800  780 530 2026    -1832151   -123         -23    -47   31 116  101   +9   59  +42   59   42  22  0  0 L3P 26
G18 FF 61047 181800  780 360  643    +4569146    -19         -20    +79   37 151  137  +23   49  -55   49  -55  29  0  0 L3P 52
G23 FF 61047 181800  780 536  896    -5963721    -60         -13    -10   16 145  100   +0   26   +2   26    2  11  0  0 L3P DD
G26 FF 61047 181800  780 223 1814    +3075875    +25           4    -36   32  91  211  +64   94  +14   94   14  26  0  0 L3P 0B
G27 FF 61047 181800  780 720 2885     +141626    +88         -17    +16   15  97   85   -4   29  -27   29  -27  10  0  0 L3P 16
G02 FF 61047 183400  780 164 2514     -116206    -75         -72     +8   39 186  286 -109  130  -57  130  -57  31  0  0 L3P 5B
G07 FF 61047 183400  780 126 3056    +1320805    +49          -6     -3   23 118  363  +48   69   -7   69   -7  17  0  0 L3P 0A
G08 FF 61047 183400  780 449 2929    -5068078    +44         -20     +3   24 117  115  -15   37  -10   37  -10  18  0  0 L3P 33
G10 FF 61047 183400  780 513 1489    +5807623    +20           4    -11   19  98  104  -10   54   +6   54    6  15  0  0 L3P DA
G15 FF 61047 183400  780 146  423    -3745149    -21          -1    +14   42 114  316  +21   23  -15   23  -15  30  0  0 L3P 00
G16 FF 61047 183400  780 459 1976    -1832233   -107         -32    -31   33 116  112  +14   68  +32   68   32  26  0  0 L3P 49
G18 FF 61047 183400  780 293  662    +4569093    -90          21     +8   36 151  165  +35   21   -2   21   -2  27  0  0 L3P EF
G23 FF 61047 183400  780 523  774    -5963779    -55         -23     -5   24 145  102   +3   27   +6   27    6  18  0  0 L3P ED
G26 FF 61047 183400  780 155 1804    +3075907     +2         -22    -60   33  91  299 +127  119  +74  119   74  24  0  0 L3P 54
G27 FF 61047 183400  780 794 2811     +141674    +61         -37    -10   14  97   82   -2   43  +10   43   10   9  0  0 L3P D7
G02 FF 61047 185000  780 227 2552     -116262   -143         -49    -60   33 186  209  -57   83  +31   83   31  26  0  0 L3P 37
G07 FF 61047 185000  780 104 2995    +1320848    +12         -14    -41   44 118  433 +103   61  +25   61   25  35  0  0 L3P 37
G08 FF 61047 185000  780 520 2927    -5068038    +11         -20    -30   24 117  103  -10   31   +9   31    9  16  0  0 L3P F8
G10 FF 61047 185000  780 577 1409    +5807644    +16          -4    -14   23  98   96   -7   49   +1   49    1  16  0  0 L3P DC
G15 FF 61047 185000  780 130  357    -3745158     +7          23    +42   37 114  352  +56   -2  -35   -2  -35  28  0  0 L3P 02
G16 FF 61047 185000  780 386 1943    -1832313   -103         -39    -27   36 116  129  +21   71  +29   71   29  25  0  0 L3P 4F
G18 FF 61047 185000  780 228  687    +4568981   -122           3    -24   41 151  207  +56   36  +22   36   22  34  0  0 L3P 1E
G23 FF 61047 185000  780 491  671    -5963827    -33         -23    +17   23 145  107   +7   26   -7   26   -7  17  0  0 L3P 08
G27 FF 61047 185000  780 852 2380     +141753   +101         -27    +29   16  97   81   +0   38  -21   38  -21  10  0  0 L3P 01
G02 FF 61047 190600  780 291 2592     -116342    -63         -49    +20   31 186  166  -35   70  -24   70  -24  23  0  0 L3P 2C
G08 FF 61047 190600  780 591 2905    -5068000    +60         -20    +19   21 117   94   -7   33   -8   33   -8  14  0  0 L3P F7
G10 FF 61047 190600  780 628 1290    +5807660    +92         -18    +62   20  98   91   -4   50  -50   50  -50  15  0  0 L3P 0C
G15 FF 61047 190600  780 104  298    -3745236    -34         -21     +1   33 114  435 +125   29   +3   29    3  25  0  0 L3P F5
G16 FF 61047 190600  780 313 1921    -1832397   -124         -49    -48   22 116  155  +33   80  +54   80   54  18  0  0 L3P 51
G18 FF 61047 190600  780 165  715    +4568896   -110          11    -12   51 151  281 +104   38  +28   38   28  38  0  0 L3P 47
G23 FF 61047 190600  780 443  594    -5963888    -99         -36    -49   21 145  115  +11   37  +49   37   49  16  0  0 L3P 51
G27 FF 61047 190600  780 819 1686     +141838    +38         -11    -34   14  97   82   +1   25  +26   25   26  11  0  0 L3P F6
G02 FF 61047 192200  780 356 2633     -116403    -85         -30     -2   33 186  139  -23   44   +0   44    0  24  0  0 L3P D9
G08 FF 61047 192200  780 660 2847    -5067965    +30         -25    -11   16 117   89   -5   38  +12   38   12  11  0  0 L3P 1A
G10 FF 61047 192200  780 657 1124    +5807709     +8           1    -23   18  98   89   -1   32  +12   32   12  11  0  0 L3P C7
G16 FF 61047 192200  780 242 1904    -1832464    -35         -44    +41   34 116  196  +55   85  -32   85  -32  30  0  0 L3P 46
G23 FF 61047 192200  780 387  541    -5963938    -56         -37     -6   37 145  129  +17   37   +0   37    0  28  0  0 L3P 08
G27 FF 61047 192200  780 745 1543     +141894    +71         -24     -1   20  97   84   +3   39   +1   39    1  13  0  0 L3P B6
G01 FF 61047 193800  780 107 2571    -3460191    -80         -46   -113   48  96  429 -234  105  +77  105   77  37  0  0 L3P 80
G02 FF 61047 193800  780 422 2676     -116488   -128         -36    -45   29 186  120  -16   51  +40   51   40  22  0  0 L3P 38
G08 FF 61047 193800  780 719 2720    -5067920    +36         -19     -5   19 117   85   -3   37   +5   37    5  12  0  0 L3P EF
G10 FF 61047 193800  780 657  938    +5807720    -24         -17    -54   19  98   89   +1   42  +37   42   37  14  0  0 L3P 0D
G16 FF 61047 193800  780 173 1889    -1832580    -66         -87    +10   34 116  269 +104  125   +1  125    1  28  0  0 L3P 54
G23 FF 61047 193800  780 325  507    -5963993    -35         -45    +15   25 145  150  +27   46   -8   46   -8  17  0  0 L3P 29
G27 FF 61047 193800  780 667 1514     +141963    +92         -23    +21   15  97   88   +5   39   -3   39   -3  11  0  0 L3P E8
G32 FF 61047 193800  780 150 1288    +1733461   -189          -9    -21   25 122  311 -122   84   +9   84    9  21  0  0 L3P 2A
G01 FF 61047 195400  780 167 2608    -3460118    +47          -5    +14   22  96  280 -101   63  -29   63  -29  17  0  0 L3P 37
G02 FF 61047 195400  780 489 2720     -116555    -63         -23    +20   21 186  107  -11   44   -3   44   -3  17  0  0 L3P 02
G08 FF 61047 195400  780 754 2477    -5067875    +32         -14     -9   16 117   84   -1   35   +8   35    8  11  0  0 L3P F4
G10 FF 61047 195400  780 627  780    +5807757    +26         -10     -4   13  98   91   +3   35   +7   35    7  10  0  0 L3P C0
G16 FF 61047 195400  780 106 1876    -1832622    +11         -55    +87   32 116  428 +254  113  -75  113  -75  23  0  0 L3P 7F
G23 FF 61047 195400  780 260  488    -5964004    -38          -7    +12   26 145  183  +43   17   -8   17   -8  18  0  0 L3P 0D
G27 FF 61047 195400  780 588 1513     +142036    +67         -19     -4   21  97   94   +8   41  +11   41   11  16  0  0 L3P DC
G32 FF 61047 195400  780 209 1245    +1733315   -211           6    -43   34 122  226  -62   62  +16   62   16  29  0  0 L3P 1E
G01 FF 61047 201000  780 228 2646    -3460091    +23          -5    -10   31  97  208  -55   52   -7   52   -7  27  0  0 L3P ED
G02 FF 61047 201000  780 556 2765     -116631    -75         -19     +8   16 186   98   -8   45   +1   45    1  12  0  0 L3P CC
G08 FF 61047 201000  780 745 2179    -5067838    +52         -17    +11   16   0   84   +1   38   +8   38    8  10  0  0 L3P C8
G10 FF 61047 201000  780 577  673    +5807787    +47          -9    +16   20  98   95   +6   34  -11   34  -11  15  0  0 L3P F1
G14 FF 61047 201000  780 122 3270    -7273163    -37          -6    -12   29 108  378 -129   30   -1   30   -1  22  0  0 L3P 05
G23 FF 61047 201000  780 195  482    -5964048    +29          -5    +79   31 146  239  +78   14  -55   14  -55  26  0  0 L3P 33
G27 FF 61047 201000  780 510 1522     +142094    +63         -29     -9   22  97  104  +12   51  +12   51   12  17  0  0 L3P DC
G32 FF 61047 201000  780 266 1196    +1733131   -164         -16     +4   22 122  180  -36   72  -12   72  -12  17  0  0 L3P 25
G01 FF 61047 202600  780 291 2685    -3460062    +61          -8    +28   37  97  166  -34   43  -41   43  -41  30  0  0 L3P 1D
G02 FF 61047 202600  780 624 2813     -116696    -79          -5     +4   19 186   91   -6   39   -5   39   -5  13  0  0 L3P D7
G08 FF 61047 202600  780 698 1976    -5067801    +22         -19    -18   15   0   86   +3   48  +20   48   20   9  0  0 L3P E9
G10 FF 61047 202600  780 517  609    +5807818    +44          -7    +14   22  98  103   +9   34   -5   34   -5  16  0  0 L3P D7
G14 FF 61047 202600  780 160 3222    -7273171     +1          11    +26   29 108  291  -62   16  -32   16  -32  23  0  0 L3P 08
G23 FF 61047 202600  780 131  484    -5964108    -81         -17    -31   42 146  351 +169   22  +14   22   14  34  0  0 L3P 2A
G27 FF 61047 202600  780 433 1535     +142173    +83         -20    +12   23  97  117  +17   49   -1   49   -1  18  0  0 L3P EE
G32 FF 61047 202600  780 319 1137    +1732970   -187         -16    -19   26 122  153  -22   58   +3   58    3  20  0  0 L3P 1F
G01 FF 61047 204200  780 355 2724    -3460046    +20         -23    -13   27  97  139  -23   46   -1   46   -1  21  0  0 L3P F7
G02 FF 61047 204200  780 694 2865     -116766    -68           4    +15   18 186   86   -4   34  -12   34  -12  13  0  0 L3P F6
G08 FF 61047 204200  780 632 1871    -5067766    +34         -23     -7   18   0   90   +6   52  +15   52   15  13  0  0 L3P D5
G10 FF 61047 204200  780 451  574    +5807838    -12         -16    -42   23  98  114  +14   44  +32   44   32  17  0  0 L3P 08
G14 FF 61047 204200  780 190 3165    -7273205    +16           1    +42   29 108  247  -32   23  -10   23  -10  22  0  0 L3P 01
G22 FF 61047 204200  780 115 3299     +613283    -98         -28    -56   48 103  398 -138   44  +34   44   34  35  0  0 L3P 4A
G27 FF 61047 204200  780 358 1550     +142235    +72         -26     +0   16  97  138  +25   61  +16   61   16  14  0  0 L3P F0
G32 FF 61047 204200  780 365 1067    +1732802   -155         -22    +13   24 122  136  -14   53  -23   53  -23  19  0  0 L3P 3B
G01 FF 61047 205800  780 421 2762    -3460016     -3         -25    -36   29  97  121  -16   37  +20   37   20  23  0  0 L3P 01
G02 FF 61047 205800  780 763 2928     -116847   -118           4    -35   14 186   83   -3   32  +15   32   15  12  0  0 L3P F4
G03 FF 61047 205800  780 116 2242    -6044519    +76         -82    -23   50  96  400 -226   94   -2   94   -2  39  0  0 L3P 25
G08 FF 61047 205800  780 559 1818    -5067724    +80         -20    +39   27   0   97   +9   57  -23   57  -23  21  0  0 L3P 10
G10 FF 61047 205800  780 383  559    +5807855    +32         -29     +2   30  98  130  +20   54   +1   54    1  22  0  0 L3P D2
G14 FF 61047 205800  780 210 3100    -7273243   -119         -14    -94   34 108  224  -15   30  +88   30   88  24  0  0 L3P 3D
G22 FF 61047 205800  780 152 3250     +613246    -21         -25    +21   31 103  305  -65   41  -26   41  -26  21  0  0 L3P 0A
G27 FF 61047 205800  780 285 1563     +142289    +48         -41    -23   33  97  168  +40   83  +33   83   33  24  0  0 L3P 20
G32 FF 61047 205800  780 401  985    +1732639   -185         -24    -17   33 122  125   -8   43  +13   43   13  25  0  0 L3P 1F
G01 FF 61047 211400  780 488 2799    -3459988    -24         -28    -57   26  97  107  -12   30  +33   30   33  19  0  0 L3P 40
G02 FF 61047 211400  780 833 3037     -116957    -18         -30    +65   17 188   81   -1   31  -39   31  -39  11  0  0 L3P 0A
G03 FF 61047 211400  780 182 2272    -6044420    +64         -78    -35   33 101  258  -95   95  +13   95   13  25  0  0 L3P 35
G08 FF 61047 211400  780 484 1790    -5067702   +122         -38    +81   26   0  108  +13   80  -57   80  -57  20  0  0 L3P 2C
G10 FF 61047 211400  780 316  558    +5807894    +15         -15    -16   29  99  154  +30   55  +23   55   23  20  0  0 L3P 14
G14 FF 61047 211400  780 218 3031    -7273266    -31         -12     -6   33 108  216   -3   34  +15   34   15  24  0  0 L3P F7
G22 FF 61047 211400  780 180 3194     +613217    -18         -21    +24   32 104  259  -33   19  -13   19  -13  23  0  0 L3P 17
G27 FF 61047 211400  780 214 1576     +142414   +145           8    +73   31  98  219  +69   73  -36   73  -36  24  0  0 L3P 1C
G32 FF 61047 211400  780 423  892    +1732463   -173         -39     -5   23 123  120   -4   51   -8   51   -8  19  0  0 L3P F3
G01 FF 61047 213000  780 557 2835    -3459968     +7         -40    -26   16  97   98   -9   36  +12   36   12  13  0  0 L3P 03
G02 FF 61047 213000  780 883  463     -117016    -63          -9    +20   10 188   81   +0   28   -1   28   -1   7  0  0 L3P 9E
G03 FF 61047 213000  780 250 2305    -6044336   +105         -90     +6   24 101  191  -51   87  -17   87  -17  18  0  0 L3P 33
G08 FF 61047 213000  780 408 1775    -5067644    +87         -20    +46   37   0  123  +19   74  -22   74  -22  29  0  0 L3P 24
G10 FF 61047 213000  780 250  567    +5807905    +54         -32    +24   32  99  190  +48   70   -7   70   -7  27  0  0 L3P FE
G14 FF 61047 213000  780 214 2959    -7273271    +40           7    +65   35 108  219   +9   24  -41   24  -41  26  0  0 L3P 0D
G17 FF 61047 213000  780 105 3169     +255772   +184          11    +66   35 183  438 -250   36  -52   36  -52  28  0  0 L3P 4D
G22 FF 61047 213000  780 198 3131     +613170     -7         -27    +35   36 104  237  -15   28  -24   28  -24  26  0  0 L3P 10
G27 FF 61047 213000  780 146 1587     +142464   +178         -10   +107   35  98  317 +144  103  -70  103  -70  28  0  0 L3P 70
G32 FF 61047 213000  780 429  795    +1732308   -221         -33    -52   25 123  119   +1   48  +32   48   32  18  0  0 L3P 18
G01 FF 61047 214600  780 629 2869    -3459938    +52         -42    +19   17  97   91   -6   34  -20   34  -20  11  0  0 L3P 1E
G02 FF 61047 214600  780 820 1071     -117073   -104          13    -21   14 188   82   +1   23  +23   23   23  10  0  0 L3P D7
G03 FF 61047 214600  780 320 2341    -6044271    +44        -119    -55   28 101  153  -31   88   +9   88    9  21  0  0 L3P 1F
G08 FF 61047 214600  780 334 1766    -5067619   +120         -33    +79   35   0  146  +29   94  -30   94  -30  28  0  0 L3P 3E
G10 FF 61047 214600  780 185  583    +5807989   +101          22    +70   38  99  252  +85   27  -39   27  -39  31  0  0 L3P 41
G14 FF 61047 214600  780 199 2888    -7273303    +16          -2    +41   33 108  235  +24   39  -14   39  -14  28  0  0 L3P 39
G17 FF 61047 214600  780 165 3160     +255910   +152          36    +34   35 183  283 -102   16  -40   16  -40  25  0  0 L3P 35
G22 FF 61047 214600  780 205 3064     +613144    -27         -12    +15   39 104  229   -1   21   -1   21   -1  28  0  0 L3P D5
G32 FF 61047 214600  780 418  701    +1732159   -168         -20     +0   23 123  121   +5   38   +8   38    8  18  0  0 L3P E0
G01 FF 61047 220200  780 701 2896    -3459900    +67         -36    +34   17  98   86   -4   33  -31   33  -31  12  0  0 L3P 0F
G02 FF 61047 220200  780 749 1161     -117172   -141           0    -58   15   0   84   +3   23  +37   23   37  10  0  0 L3P AF
G03 FF 61047 220200  780 390 2382    -6044190    +86        -133    -13   27 101  128  -20   78   -9   78   -9  18  0  0 L3P 32
G08 FF 61047 220200  780 261 1761    -5067577    +26         -31    -15   23   0  182  +48  108  +26  108   26  18  0  0 L3P 2F
G10 FF 61047 220200  780 122  604    +5807992    +57          -5    +26   48  99  375 +187   58  -25   58  -25  42  0  0 L3P 38
G14 FF 61047 220200  780 174 2821    -7273336    -31         -13     -6   46 109  267  +45   52  +18   52   18  34  0  0 L3P 21
G17 FF 61047 220200  780 225 3142     +255989   +132           1    +13   31 183  211  -53   42  -18   42  -18  21  0  0 L3P 0A
G22 FF 61047 220200  780 200 2996     +613104    -31         -13    +11   34 104  234  +12   28   +5   28    5  26  0  0 L3P D6
G32 FF 61047 220200  780 391  617    +1731993   -203         -25    -34   28 123  128  +10   49  +29   49   29  23  0  0 L3P 36
G01 FF 61047 221800  780 775 2907    -3459875    +54         -42    +21   15  98   83   -2   35  -21   35  -21  11  0  0 L3P 14
G02 FF 61047 221800  780 677 1217     -117245    -40           7    +43   19   0   87   +5   25  -32   25  -32  14  0  0 L3P BC
G03 FF 61047 221800  780 462 2427    -6044094    +92        -132     -7   23 101  112  -14   58   -6   58   -6  19  0  0 L3P 1A
G08 FF 61047 221800  780 191 1757    -5067517    +84         -11    +43   36   0  245  +87  100  -32  100  -32  30  0  0 L3P 32
G14 FF 61047 221800  780 140 2759    -7273382    -60         -35    -35   44 109  328  +85   77  +26   77   26  34  0  0 L3P 50
G17 FF 61047 221800  780 281 3112     +256110   +158           8    +40   22 183  172  -32   35  -28   35  -28  16  0  0 L3P 15
G22 FF 61047 221800  780 184 2929     +613065    -52         -11    -10   38 104  253  +28   38  +21   38   21  29  0  0 L3P 19
G32 FF 61047 221800  780 352  550    +1731843   -165         -13     +4   32 123  140  +16   46   +7   46    7  22  0  0 L3P EB
G01 FF 61047 223400  780 850 2835    -3459841    +42         -40     +9   12  98   81   -1   33   -6   33   -6   8  0  0 L3P C8
G02 FF 61047 223400  780 605 1261     -117335    -70          -5    +13   17   0   93   +7   39  +10   39   10  12  0  0 L3P A9
G03 FF 61047 223400  780 534 2478    -6044000   +118        -133    +19   23 101  101  -10   47  -24   47  -24  18  0  0 L3P 47
G04 FF 61047 223400  780 107 1893     -367473    -21         -17     +3   37 141  433 -275  109   +3  109    3  28  0  0 L3P 21
G08 FF 61047 223400  780 123 1753    -5067500    +93         -33    +53   59   0  373 +198  116  -81  116  -81  39  0  0 L3P 5D
G14 FF 61047 223400  780 100 2701    -7273388     -7         -18    +18   46 109  451 +185   89   +0   89    0  36  0  0 L3P 1C
G17 FF 61047 223400  780 332 3069     +256218   +110           3     -8   23 183  147  -20   30   +9   30    9  17  0  0 L3P CF
G19 FF 61047 223400  780 134 3206    -6844825   +119         -16   +138   32   7  346 -150   42 -108   42 -108  25  0  0 L3P 79
G22 FF 61047 223400  780 159 2865     +613005    -74         -31    -32   50 104  291  +53   59  +18   59   18  38  0  0 L3P 28
G32 FF 61047 223400  780 303  498    +1731706   -164          11     +4   30 123  159  +26   34   +5   34    5  24  0  0 L3P DF
G01 FF 61047 225000  780 867 1534    -3459790    +69         -21    +36   15  98   81   +1   23  -22   23  -22  10  0  0 L3P 08
G02 FF 61047 225000  780 533 1300     -117422    -65         -11    +18   22   0  101  +10   50   +0   50    0  17  0  0 L3P 95
G03 FF 61047 225000  780 607 2538    -6043905   +119        -133    +20   20 101   93   -7   42  -22   42  -22  15  0  0 L3P 25
G04 FF 61047 225000  780 177 1894     -367484    -10          -4    +14   40 141  266 -106  101  -23  101  -23  31  0  0 L3P 39
G17 FF 61047 225000  780 376 3010     +256318   +119         -11     +0   25 183  132  -12   41  -10   41  -10  19  0  0 L3P 05
G19 FF 61047 225000  780 191 3181    -6844813     +8          14    +26   40   7  246  -71   23   -6   23   -6  30  0  0 L3P D7
G22 FF 61047 225000  780 125 2806     +612989    -88          -6    -46   71 104  364 +104   51  +66   51   66  51  0  0 L3P 2C
G28 FF 61047 225000  780 175  867    +6142366    -25          20    +24   34 218  267  -58   37  -43   37  -43  23  0  0 L3P 32
G32 FF 61047 225000  780 248  461    +1731548   -227          15    -59   32 123  191  +42   36  +53   36   53  22  0  0 L3P 23
G01 FF 61047 230600  780 792 1372    -3459760    +55         -22    +22   18  98   82   +2   25  -19   25  -19  11  0  0 L3P 11
G02 FF 61047 230600  780 462 1335     -117506    -95         -16    -12   22   0  112  +14   64  +23   64   23  18  0  0 L3P E2
G03 FF 61047 230600  780 679 2614    -6043799    +65        -123    -33   19 101   87   -5   31  +27   31   27  14  0  0 L3P 2A
G04 FF 61047 230600  780 249 1896     -367501    -83           1    -59   28 141  192  -55   80  +18   80   18  21  0  0 L3P 13
G17 FF 61047 230600  780 410 2935     +256442    +86           0    -32   20 183  123   -7   28  +26   28   26  15  0  0 L3P E8
G19 FF 61047 230600  780 245 3144    -6844840    -58           4    -40   26   7  195  -40   30  +30   30   30  20  0  0 L3P E5
G28 FF 61047 230600  780 210  802    +6142294    -92          -5    -43   35 218  225  -32   49  +22   49   22  28  0  0 L3P 0F
G31 FF 61047 230600  780 124 1117    +1738345    -26          33     -5   46 181  371 -155   68   +4   68    4  33  0  0 L3P 06
G32 FF 61047 230600  780 190  436    +1731388   -134          16    +34   34 123  246  +76   32  -30   32  -30  28  0  0 L3P 27
G01 FF 61047 232200  780 714 1370    -3459742    +26         -35     -7   18  98   85   +4   42  +12   42   12  12  0  0 L3P E5
G02 FF 61047 232200  780 391 1367     -117580   -163         -10    -80   19   0  128  +20   64  +60   64   60  14  0  0 L3P FB
G03 FF 61047 232200  780 750 2726    -6043705   +123        -123    +24   21 101   84   -3   30  -17   30  -17  15  0  0 L3P 1E
G04 FF 61047 232200  780 324 1898     -367536    -14         -11     +9   35 141  151  -33   74  -15   74  -15  25  0  0 L3P 1E
G17 FF 61047 232200  780 429 2846     +256535   +139         -21    +21   22 183  118   -3   40  -27   40  -27  17  0  0 L3P 28
G19 FF 61047 232200  780 293 3094    -6844862     -6           0    +12   33   7  165  -24   37  -12   37  -12  26  0  0 L3P F0
G28 FF 61047 232200  780 235  732    +6142235    -33         -17    +16   39 218  202  -17   47  -20   47  -20  32  0  0 L3P 21
G31 FF 61047 232200  780 175 1065    +1738301    -25           9     -5   31 181  267  -75   84  +14   84   14  25  0  0 L3P 04
G32 FF 61047 232200  780 130  423    +1731202   -249          -8    -81   40 123  354 +163   44  +53   44   53  32  0  0 L3P 1B
G01 FF 61047 233800  780 636 1388    -3459704     +3         -30    -30   21  98   90   +6   39  +19   39   19  13  0  0 L3P FB
G02 FF 61047 233800  780 321 1396     -117663    -92         -14     -9   31   0  152  +30   74  +11   74   11  25  0  0 L3P D9
G03 FF 61047 233800  780 815 2957    -6043615    +87        -129    -12   15 101   82   -1   35  +10   35   10  10  0  0 L3P 12
G04 FF 61047 233800  780 400 1899     -367560    -27         -12     -3   22 141  126  -21   62  -22   62  -22  17  0  0 L3P 11
G06 FF 61047 233800  780 110 3052    +5999727   +122         -15    +79   22  97  421 -239   32  -64   32  -64  16  0  0 L3P 63
G09 FF 61047 233800  780 111 2082    -7699393     +5          -7    +12   45   7  416 -250   99   -1   99   -1  37  0  0 L3P 01
G17 FF 61047 233800  780 433 2750     +256652   +141         -17    +23   24 183  118   +1   36  -13   36  -13  17  0  0 L3P 22
G19 FF 61047 233800  780 332 3030    -6844878    -12           1     +6   33   7  148  -14   30   -4   30   -4  29  0  0 L3P C6
G28 FF 61047 233800  780 249  658    +6142192    -89         -13    -40   33 218  191   -6   37  +27   37   27  27  0  0 L3P 2C
G31 FF 61047 233800  780 223 1005    +1738292    -14          19     +6   37 181  213  -42   76   -6   76   -6  28  0  0 L3P 03
G01 FF 61047 235400  780 558 1410    -3459674    +23         -31    -10   21  98   98   +9   44   +5   44    5  15  0  0 L3P E0
G02 FF 61047 235400  780 252 1422     -117740    -28         -11    +55   26   0  189  +49   78  -21   78  -21  21  0  0 L3P 04
G03 FF 61047 235400  780 844 3591    -6043527    +85        -135    -14   19 101   81   +0   39  +11   39   11  13  0  0 L3P 19
G04 FF 61047 235400  780 478 1897     -367608     -8         -37    +16   33 141  109  -14   71  -25   71  -25  24  0  0 L3P 30
G06 FF 61047 235400  780 173 3066    +5999757    +42         -28     -1   47  97  271 -100   42   +2   42    2  32  0  0 L3P 08
G09 FF 61047 235400  780 180 2098    -7699396    -21          -3    -14   36   7  261 -100  104   -4  104   -4  27  0  0 L3P 22
G17 FF 61047 235400  780 419 2654     +256754   +152         -29    +34   23 183  121   +5   53  -18   53  -18  19  0  0 L3P 38
G19 FF 61047 235400  780 359 2952    -6844889    -78           8    -60   30   7  138   -7   25  +42   25   42  24  0  0 L3P 06
G28 FF 61047 235400  780 251  583    +6142140   -101         -19    -52   33 218  190   +3   44  +41   44   41  25  0  0 L3P 0F
G31 FF 61047 235400  780 263  938    +1738285     -5          32    +16   31 181  182  -24   64  -14   64  -14  25  0  0 L3P 15
