CGGTTS     GENERIC DATA FORMAT VERSION = 2E
REV DATE = 2026-01-01                    
RCVR = POLARX5-TR                    R2CGGTTS v8.8    
CH = 99 
IMS = POLARX5-TR                    
LAB = PTB                           
X = +3844059.67 m 
Y =  +709661.67 m 
Z = +5023129.80 m 
FRAME = ITRF
COMMENTS =           IGS RINEX,AUSPOS XYZ          
INT DLY =   31.0 ns (GPS P1),   28.5 ns (GPS P2)     CAL_ID = 1001-2022           
CAB DLY =  205.7 ns 
REF DLY =   56.2 ns
REF = UTC(PTB)                      
CKSUM = 5E

SAT CL  MJD  STTIME TRKL ELV AZTH   REFSV      SRSV     REFSYS    SRSYS  DSG IOE MDTR SMDT MDIO SMDI MSIO SMSI ISG FR HC FRC CK
             hhmmss  s  .1dg .1dg    .1ns     .1ps/s     .1ns    .1ps/s .1ns     .1ns.1ps/s.1ns.1ps/s.1ns.1ps/s.1ns
G01 FF 61042 000200  780 640 1388    -3475842     -9           5    -38   22  23   90   +6   42  +25   42   25  15  0  0 L3P BE
G02 FF 61042 000200  780 325 1395      -74828    -94           3    -11   27  10  150  +30   90  +21   90   21  20  0  0 L3P B7
G03 FF 61042 000200  780 812 2943    -6093973    +64         -26    -31   15 121   82   -1   49  +12   49   12  10  0  0 L3P FB
G04 FF 61042 000200  780 400 1897     -354858    -28           5     -3   31  65  126  -21   68   -6   68   -6  23  0  0 L3P CA
G06 FF 61042 000200  780 106 3052    +5976511    +89           2    +43   30  14  435 -254   36  -35   36  -35  24  0  0 L3P 12
G09 FF 61042 000200  780 107 2082    -7695253    +23          19    +33   42  65  432 -270   92  -12   92  -12  31  0  0 L3P 24
G17 FF 61042 000200  780 432 2758     +195211   +176          -4    +57   28  73  118   +1   50  -29   50  -29  20  0  0 L3P FC
G19 FF 61042 000200  780 331 3031    -6835209    +22           6    +41   33   3  148  -14   37  -20   37  -20  28  0  0 L3P DF
G28 FF 61042 000200  780 248  658    +6166865     -2         -16    +44   23 142  191   -6   61  -34   61  -34  17  0  0 L3P 0A
G31 FF 61042 000200  780 222 1005    +1748798     +5          -4    +25   38  22  214  -42   90  -21   90  -21  29  0  0 L3P F0
G01 FF 61042 001800  780 562 1410    -3475833    +16         -15    -14   18  23   97   +9   61  +13   61   13  13  0  0 L3P E7
G02 FF 61042 001800  780 255 1422      -74902   -109           8    -26   22  10  186  +48   91  +21   91   21  17  0  0 L3P DD
G03 FF 61042 001800  780 844 3560    -6093884    +87         -28     -7   17 121   81   +0   47  +11   47   11  11  0  0 L3P F7
G04 FF 61042 001800  780 478 1895     -354888     +6          -2    +31   29  65  109  -14   74  -41   74  -41  22  0  0 L3P 05
G06 FF 61042 001800  780 170 3066    +5976539    +54         -14     +7   40  14  276 -104   49  -31   49  -31  28  0  0 L3P 33
G09 FF 61042 001800  780 176 2098    -7695289    -23          -9    -14   37  65  268 -105  116  -17  116  -17  27  0  0 L3P 71
G17 FF 61042 001800  780 420 2662     +195340   +145          11    +25   24  73  121   +5   53  -10   53  -10  18  0  0 L3P E8
G19 FF 61042 001800  780 359 2954    -6835215    -90          19    -71   26   3  138   -7   37  +58   37   58  21  0  0 L3P 0D
G28 FF 61042 001800  780 250  583    +6166832    -65          -5    -19   28 142  190   +3   51  +19   51   19  22  0  0 L3P FC
G31 FF 61042 001800  780 262  938    +1748778    -25          -5     -5   25  22  182  -25   86   -7   86   -7  18  0  0 L3P ED
G01 FF 61042 003400  780 485 1433    -3475801    +20         -11     -9   22  23  108  +13   69  +30   69   30  15  0  0 L3P F3
G02 FF 61042 003400  780 187 1445      -75005    -76         -15     +7   31  10  249  +88  121  +15  121   15  21  0  0 L3P F3
G03 FF 61042 003400  780 802  487    -6093778    +73         -12    -21   14 121   82   +2   38  +19   38   19  10  0  0 L3P F5
G04 FF 61042 003400  780 557 1884     -354908    -78           3    -53   19  65   98  -10   59  +34   59   34  14  0  0 L3P FB
G06 FF 61042 003400  780 235 3074    +5976580    -19         -18    -65   33  14  203  -55   55  +40   55   40  23  0  0 L3P 1E
G09 FF 61042 003400  780 246 2116    -7695279    +43          10    +53   38  65  194  -55   85  -68   85  -68  28  0  0 L3P 49
G17 FF 61042 003400  780 392 2574     +195447   +161           4    +42   29  73  128  +10   64  -20   64  -20  21  0  0 L3P FF
G19 FF 61042 003400  780 372 2866    -6835236    +18          17    +37   27   3  133   -2   40  -14   40  -14  20  0  0 L3P F0
G28 FF 61042 003400  780 239  510    +6166794     +3           2    +50   28 142  198  +14   37  -47   37  -47  20  0  0 L3P FE
G31 FF 61042 003400  780 294  862    +1748764    -66           1    -45   29  22  164  -14   67  +25   67   25  24  0  0 L3P FD
G01 FF 61042 005000  780 409 1456    -3475773    +34         -12     +4   25  23  123  +19   83  +11   83   11  18  0  0 L3P F8
G02 FF 61042 005000  780 120 1465      -75068    -72           2    +11   58  10  380 +205  122  -19  122  -19  45  0  0 L3P 00
G03 FF 61042 005000  780 736  677    -6093692   +106         -16    +12   16 121   84   +3   47   -6   47   -6  12  0  0 L3P F2
G04 FF 61042 005000  780 635 1856     -354946    -77         -11    -52   20  65   90   -6   59  +35   59   35  14  0  0 L3P F8
G06 FF 61042 005000  780 301 3073    +5976648    +60           5    +13   28  14  161  -33   39   -3   39   -3  20  0  0 L3P DB
G09 FF 61042 005000  780 318 2137    -7695292     -5           6     +4   27  65  153  -33   74  -22   74  -22  21  0  0 L3P EC
G17 FF 61042 005000  780 352 2497     +195554   +152          -4    +32   29  73  140  +16   71  -27   71  -27  22  0  0 L3P 13
G19 FF 61042 005000  780 369 2774    -6835265    -58           6    -39   27   3  134   +4   50  +39   50   39  22  0  0 L3P F0
G28 FF 61042 005000  780 216  444    +6166753    -61           5    -14   26 142  218  +28   35  +10   35   10  22  0  0 L3P EA
G31 FF 61042 005000  780 313  780    +1748743    -29           0     -9   33  22  155   -6   58   +1   58    1  25  0  0 L3P 9E
G01 FF 61042 010600  780 335 1477    -3475724    +65           9    +36   23  23  146  +29   84  -10   84  -10  19  0  0 L3P 0D
G03 FF 61042 010600  780 667  781    -6093594    +56         -10    -39   16 121   88   +5   46  +32   46   32  10  0  0 L3P FE
G04 FF 61042 010600  780 710 1787     -354961    -40          -2    -15   22  65   86   -4   51   +2   51    2  15  0  0 L3P A3
G06 FF 61042 010600  780 368 3061    +5976677    -27         -11    -74   22  14  135  -22   49  +56   49   56  15  0  0 L3P 31
G09 FF 61042 010600  780 392 2160    -7695328    -21         -21    -12   21  65  128  -21   86   +4   86    4  15  0  0 L3P F8
G17 FF 61042 010600  780 303 2432     +195678   +174           5    +54   30  73  159  +25   69  -38   69  -38  25  0  0 L3P 20
G19 FF 61042 010600  780 350 2685    -6835298    -51          -8    -32   27   3  140   +9   65  +35   65   35  20  0  0 L3P F4
G28 FF 61042 010600  780 182  387    +6166713    -40          11     +7   34 142  256  +52   32   +3   32    3  28  0  0 L3P CC
G31 FF 61042 010600  780 318  695    +1748713    +19         -10    +39   26  22  153   +1   59  -34   59  -34  20  0  0 L3P 04
G01 FF 61042 012200  780 262 1497    -3475710    +67          -5    +38   30  23  182  +48  102  -18  102  -18  22  0  0 L3P 2B
G03 FF 61042 012200  780 598  855    -6093512   +134         -18    +40   20 121   93   +7   57  -34   57  -34  13  0  0 L3P 15
G04 FF 61042 012200  780 774 1613     -354979    -28           4     -3   19  65   83   -2   44   -1   44   -1  12  0  0 L3P 9F
G06 FF 61042 012200  780 433 3032    +5976733    +24           1    -23   18  14  118  -14   35  +15   35   15  13  0  0 L3P E7
G09 FF 61042 012200  780 467 2186    -7695327    -10         -12     +0   23  65  111  -14   69  -12   69  -12  16  0  0 L3P 15
G17 FF 61042 012200  780 249 2377     +195790    +80           3    -40   26  73  191  +41   76  +36   76   36  24  0  0 L3P F8
G19 FF 61042 012200  780 318 2603    -6835312     +9          -4    +28   29   3  153  +17   75  -14   75  -14  23  0  0 L3P F2
G28 FF 61042 012200  780 140  339    +6166615    -15         -43    +31   53 142  328 +104   75   -3   75   -3  39  0  0 L3P 11
G31 FF 61042 012200  780 309  613    +1748711    -20           7     +0   32  22  157   +8   44   +4   44    4  22  0  0 L3P 86
G01 FF 61042 013800  780 191 1514    -3475699    +18         -23    -12   32  23  245  +88  120   +0  120    0  24  0  0 L3P 06
G03 FF 61042 013800  780 529  917    -6093410    +51          -6    -44   19 121  101   +9   53  +40   53   40  14  0  0 L3P E7
G04 FF 61042 013800  780 802 1229     -355011     +0          -4    +25   13  65   82   +0   47  -22   47  -22   9  0  0 L3P A5
G06 FF 61042 013800  780 494 2982    +5976764    +47         -12     +1   24  14  106  -10   46   -1   46   -1  18  0  0 L3P F8
G09 FF 61042 013800  780 544 2213    -7695350    -23         -26    -14   27  65   99  -10   71   +3   71    3  20  0  0 L3P E8
G11 FF 61042 013800  780 103 3158    +4888963   -150          12    -16   35 113  447 -265   64  -18   64  -18  27  0  0 L3P 63
G17 FF 61042 013800  780 191 2330     +195910   +188           8    +69   32  73  244  +73   84  -44   84  -44  26  0  0 L3P 1F
G19 FF 61042 013800  780 275 2531    -6835322    -66           5    -46   32   3  174  +28   80  +48   80   48  25  0  0 L3P FF
G31 FF 61042 013800  780 285  538    +1748681     -1          -2    +20   23  22  168  +17   49  -18   49  -18  20  0  0 L3P F8
G01 FF 61042 015400  780 122 1529    -3475652   +121          -4    +92   54  23  376 +205  105  -83  105  -83  40  0  0 L3P 52
G03 FF 61042 015400  780 461  972    -6093316    +91          -3     -4   19 121  112  +13   54   -2   54   -2  13  0  0 L3P CC
G04 FF 61042 015400  780 769  872     -355027     -4           4    +21   14  65   83   +2   41  -15   41  -15  10  0  0 L3P A2
G06 FF 61042 015400  780 547 2902    +5976816    +36          -6    -11   17  14   99   -6   43  +19   43   19  12  0  0 L3P F8
G09 FF 61042 015400  780 622 2240    -7695348    -16         -15     -7   20  65   91   -7   58   +2   58    2  13  0  0 L3P CD
G11 FF 61042 015400  780 165 3152    +4888837   -142          15     -8   39 113  284 -106   38  -13   38  -13  29  0  0 L3P 4F
G17 FF 61042 015400  780 133 2289     +196053   +144          36    +24   33  73  346 +151   76   +9   76    9  28  0  0 L3P 0D
G19 FF 61042 015400  780 225 2469    -6835361    -36         -15    -17   39   3  210  +48  105  +19  105   19  34  0  0 L3P 36
G31 FF 61042 015400  780 250  474    +1748669    +47           5    +67   31  22  190  +29   47  -45   47  -45  22  0  0 L3P 07
G03 FF 61042 021000  780 393 1022    -6093218    +98           4     +4   22 122  127  +19   61  +12   61   12  16  0  0 L3P DF
G04 FF 61042 021000  780 706  722     -355066     +0         -14    +25   21  66   86   +4   46  -27   46  -27  15  0  0 L3P C4
G06 FF 61042 021000  780 585 2787    +5976870    +37           4     -9   20  14   95   -3   41   +0   41    0  15  0  0 L3P A5
G07 FF 61042 021000  780 125 1782    +1294858    +43         -10     -9   39   4  372 -202   99  +10   99   10  31  0  0 L3P 0A
G09 FF 61042 021000  780 700 2268    -7695351    -20         -10    -11   16  65   86   -4   52   +8   52    8  12  0  0 L3P CD
G11 FF 61042 021000  780 226 3136    +4888693   -157          -7    -23   27 114  210  -55   49  +30   49   30  20  0  0 L3P 29
G19 FF 61042 021000  780 170 2416    -6835338    -33          26    -13   38   3  272  +88   78  +19   78   19  29  0  0 L3P 19
G31 FF 61042 021000  780 205  422    +1748661    -50          13    -29   31  35  228  +52   35  +20   35   20  24  0  0 L3P DD
G03 FF 61042 022600  780 328 1069    -6093117    +68          14    -27   27 122  149  +27   61  +19   61   19  20  0  0 L3P 23
G04 FF 61042 022600  780 635  670     -355090    +16         -14    +41   25  66   90   +6   47  -28   47  -28  17  0  0 L3P E7
G06 FF 61042 022600  780 601 2641    +5976906    +73          -5    +26   27  14   93   +0   50  -18   50  -18  19  0  0 L3P F6
G07 FF 61042 022600  780 194 1772    +1294934   +151          16    +99   27   4  243  -87   82  -81   82  -81  19  0  0 L3P 3B
G09 FF 61042 022600  780 778 2290    -7695347    +10           4    +19   16  65   83   -3   40   -8   40   -8  11  0  0 L3P D0
G11 FF 61042 022600  780 285 3109    +4888567   -173          -4    -39   31 114  169  -32   51  +21   51   21  23  0  0 L3P 2F
G26 FF 61042 022600  780 116  546    +3045693    +59           3     -3   55  37  391  -49   55   -2   55   -2  40  0  0 L3P CD
G31 FF 61042 022600  780 154  382    +1748632    -44           4    -24   42  35  299 +102   40  +32   40   32  32  0  0 L3P EB
G03 FF 61042 024200  780 263 1112    -6093033   +127           8    +32   26 122  181  +42   69  -27   69  -27  21  0  0 L3P 20
G04 FF 61042 024200  780 563  657     -355110     +3         -11    +28   18  66   97   +8   44  -19   44  -19  13  0  0 L3P D2
G06 FF 61042 024200  780 591 2489    +5976958    +56           3     +9   16  14   94   +2   50   -5   50   -5  13  0  0 L3P C3
G07 FF 61042 024200  780 265 1762    +1294957    +86         -11    +34   30   4  181  -47  103  -24  103  -24  21  0  0 L3P 2E
G09 FF 61042 024200  780 856 2274    -7695351    -51           8    -41   14  65   81   -1   39  +37   39   37  10  0  0 L3P EE
G11 FF 61042 024200  780 340 3067    +4888462    -95          19    +39   30 114  144  -20   30  -35   30  -35  19  0  0 L3P 29
G20 FF 61042 024200  780 161 2987    -3618431    +31           5    +30   34  43  291 -112   44   -9   44   -9  28  0  0 L3P F4
G21 FF 61042 024200  780 138 2915    -3710250    -90           2     +0   37  40  336 -147   47   +5   47    5  29  0  0 L3P D1
G26 FF 61042 024200  780 126  481    +3045762   +106          13    +45   34  37  363  -13   43  -35   43  -35  23  0  0 L3P 0F
G03 FF 61042 025800  780 199 1153    -6092937   +121          14    +26   29 122  235  +73   76  -23   76  -23  22  0  0 L3P 46
G04 FF 61042 025800  780 491  663     -355128    -43          -4    -18   20  66  107  +12   44  +12   44   12  13  0  0 L3P D7
G06 FF 61042 025800  780 556 2358    +5976983    +53         -18     +6   21  14   98   +5   70   +0   70    0  13  0  0 L3P CF
G07 FF 61042 025800  780 338 1750    +1295010    +45          -8     -7   32   4  145  -29   94  -14   94  -14  23  0  0 L3P F7
G09 FF 61042 025800  780 866  696    -7695369    -28          -1    -19   11  65   81   +1   42  +15   42   15   8  0  0 L3P E2
G11 FF 61042 025800  780 389 3008    +4888328   -150          14    -16   24 114  129  -13   31   +7   31    7  16  0  0 L3P 0F
G20 FF 61042 025800  780 224 3004    -3618420    +52          14    +51   30  43  212  -60   39  -45   39  -45  21  0  0 L3P 04
G21 FF 61042 025800  780 200 2939    -3710336    -62           2    +28   37  40  235  -73   42  -11   42  -11  28  0  0 L3P FC
G26 FF 61042 025800  780 125  415    +3045837    +67          29     +5   48  37  365  +18   33   +8   33    8  35  0  0 L3P DA
G03 FF 61042 031400  780 136 1191    -6092857    +95           3     +0   42 122  337 +150   87  +13   87   13  34  0  0 L3P 09
G04 FF 61042 031400  780 421  681     -355151    -66          -3    -41   20  66  120  +16   42  +41   42   41  14  0  0 L3P C5
G06 FF 61042 031400  780 504 2259    +5977042    +70          -3    +23   17  14  105   +9   67   -9   67   -9  11  0  0 L3P E5
G07 FF 61042 031400  780 412 1733    +1295055    +92         -13    +40   34   4  123  -19   85  -38   85  -38  24  0  0 L3P 16
G09 FF 61042 031400  780 789  662    -7695377    -63           0    -54   18  65   82   +2   36  +29   36   29  12  0  0 L3P EB
G11 FF 61042 031400  780 427 2931    +4888176   -196          -9    -61   24 114  119   -7   49  +53   49   53  18  0  0 L3P 39
G16 FF 61042 031400  780 141  691    -1794744   -108          16    -31   31   5  328  -65   48  +17   48   17  24  0  0 L3P 09
G20 FF 61042 031400  780 288 3013    -3618419    -11          14    -12   36  43  168  -36   32  +17   32   17  29  0  0 L3P 07
G21 FF 61042 031400  780 265 2960    -3710423    -75           2    +14   28  40  181  -43   41  -19   41  -19  23  0  0 L3P FC
G26 FF 61042 031400  780 113  352    +3045880    +50          13    -11   44  37  400  +57   45   -3   45   -3  32  0  0 L3P CB
G30 FF 61042 031400  780 166 1933     -743827   -131         -10     -9   39  42  282 -117   98   +7   98    7  33  0  0 L3P 0D
G04 FF 61042 033000  780 354  705     -355167    +10           5    +35   27  66  139  +24   40  -29   40  -29  22  0  0 L3P DB
G06 FF 61042 033000  780 442 2188    +5977095    -37           5    -84   18  14  116  +14   71  +72   71   72  15  0  0 L3P 0A
G07 FF 61042 033000  780 485 1708    +1295111    +44          -8     -8   20   4  108  -13   66   -2   66   -2  14  0  0 L3P C3
G09 FF 61042 033000  780 714  688    -7695393    +14          -8    +23   14  65   85   +4   42  -22   42  -22  11  0  0 L3P E7
G11 FF 61042 033000  780 450 2838    +4888053   -110          -3    +24   21 114  114   -3   46  -17   46  -17  16  0  0 L3P 17
G16 FF 61042 033000  780 164  623    -1794822    -39          12    +38   27   5  283  -31   39  -35   39  -35  21  0  0 L3P 02
G20 FF 61042 033000  780 354 3014    -3618418    +14          14    +12   26  43  139  -24   27   +1   27    1  19  0  0 L3P D1
G21 FF 61042 033000  780 331 2975    -3710515    -91          -4     -1   31  40  148  -28   42   +1   42    1  23  0  0 L3P B8
G30 FF 61042 033000  780 237 1935     -743975    -77         -41    +45   29  42  202  -59  128  -47  128  -47  22  0  0 L3P 50
G04 FF 61042 034600  780 288  733     -355206     -1         -11    +24   37  66  167  +35   54   -5   54   -5  27  0  0 L3P D4
G05 FF 61042 034600  780 106 3048    +2265577    +71          12    +64   27  22  437 -259   40  -49   40  -49  19  0  0 L3P 3C
G06 FF 61042 034600  780 374 2137    +5977146   +113          11    +66   28  14  133  +22   74  -40   74  -40  20  0  0 L3P 26
G07 FF 61042 034600  780 557 1668    +1295157    +11         -11    -41   24   4   98   -9   63  +17   63   17  17  0  0 L3P F5
G09 FF 61042 034600  780 641  722    -7695404     -7         -10     +2   20  65   90   +6   49   +0   49    0  14  0  0 L3P 9A
G11 FF 61042 034600  780 456 2734    +4887940   -104          12    +30   30 114  113   +1   39   -9   39   -9  22  0  0 L3P 04
G16 FF 61042 034600  780 176  552    -1794894    -76          15     +1   41   5  264  -10   27   -7   27   -7  30  0  0 L3P D0
G20 FF 61042 034600  780 421 3003    -3618424    -47           7    -48   24  43  121  -16   38  +42   38   42  18  0  0 L3P F6
G21 FF 61042 034600  780 399 2981    -3710596   -129           1    -39   23  40  126  -19   34  +28   34   28  18  0  0 L3P 25
G30 FF 61042 034600  780 309 1938     -744074   -134         -23    -13   26  42  158  -35  104   -5  104   -5  22  0  0 L3P 21
G04 FF 61042 040200  780 224  765     -355217     +5           4    +30   37  67  210  +57   53  -32   53  -32  29  0  0 L3P C8
G05 FF 61042 040200  780 170 3062    +2265599    +34          26    +27   34  23  276 -106   33  -43   33  -43  24  0  0 L3P 24
G06 FF 61042 040200  780 304 2099    +5977183    +55           4     +9   26  39  159  +34   89   -2   89   -2  19  0  0 L3P F4
G07 FF 61042 040200  780 624 1599    +1295215    +61          -5     +9   16   5   91   -6   54   -9   54   -9  12  0  0 L3P B5
G09 FF 61042 040200  780 569  760    -7695408    +30          -6    +39   15  66   96   +8   42  -22   42  -22  10  0  0 L3P ED
G11 FF 61042 040200  780 443 2630    +4887799   -160          -2    -26   17 115  116   +5   55  +13   55   13  13  0  0 L3P 15
G16 FF 61042 040200  780 177  481    -1794978    -81           2     -4   29  21  262   +7   30   +0   30    0  20  0  0 L3P 97
G20 FF 61042 040200  780 487 2975    -3618438    -19          -9    -20   21  44  108  -11   51  -10   51  -10  14  0  0 L3P 0A
G21 FF 61042 040200  780 468 2976    -3710700   -102         -21    -12   15  41  111  -13   51  -18   51  -18  10  0  0 L3P 18
G30 FF 61042 040200  780 383 1940     -744175   -143          -3    -21   22  43  131  -22   81   +4   81    4  18  0  0 L3P D0
G04 FF 61042 041800  780 163  799     -355252    +44          -7    +69   41  67  285 +104   58  -59   58  -59  34  0  0 L3P 2E
G05 FF 61042 041800  780 236 3069    +2265580     +1           0     -6   39  23  202  -56   44   +8   44    8  28  0  0 L3P B5
G06 FF 61042 041800  780 234 2068    +5977220    +62          -4    +15   29  39  202  +58  110   +5  110    5  20  0  0 L3P F8
G07 FF 61042 041800  780 681 1482    +1295268    +32          -1    -20   18   5   87   -3   46  +11   46   11  13  0  0 L3P CD
G09 FF 61042 041800  780 499  799    -7695410    -51           1    -42   20  66  105  +11   38  +35   38   35  15  0  0 L3P FF
G11 FF 61042 041800  780 413 2535    +4887672   -124           0    +10   25 115  122   +9   53   -3   53   -3  19  0  0 L3P EA
G16 FF 61042 041800  780 166  412    -1795062    -35          -8    +42   38  21  279  +28   29  -24   29  -24  31  0  0 L3P 11
G20 FF 61042 041800  780 549 2921    -3618432     +7          -4     +6   17  44   99   -7   37  -10   37  -10  12  0  0 L3P D2
G21 FF 61042 041800  780 536 2952    -3710791    -84         -26     +6   24  41  100   -9   42   -2   42   -2  17  0  0 L3P DA
G30 FF 61042 041800  780 458 1940     -744285   -108           4    +13   25  43  113  -15   65  -32   65  -32  21  0  0 L3P 04
G04 FF 61042 043400  780 103  834     -355280    -64         -11    -39   43  67  440 +242   59  +34   59   34  35  0  0 L3P 0F
G05 FF 61042 043400  780 303 3066    +2265580    +38          -7    +31   31  23  160  -34   50  -28   50  -28  21  0  0 L3P 02
G06 FF 61042 043400  780 165 2043    +5977274    +61           5    +15   57  39  282 +114  112   -3  112   -3  45  0  0 L3P 16
G07 FF 61042 043400  780 718 1292    +1295318    +50          -2     -3   20   5   85   -1   43   +3   43    3  13  0  0 L3P 8A
G09 FF 61042 043400  780 431  838    -7695414    -80           5    -71   24  66  118  +15   40  +65   40   65  19  0  0 L3P FD
G11 FF 61042 043400  780 370 2454    +4887527   -120         -16    +14   21 115  134  +15   73   +4   73    4  16  0  0 L3P 0D
G16 FF 61042 043400  780 144  348    -1795163   -139         -34    -62   39  21  320  +61   52  +21   52   21  27  0  0 L3P 16
G20 FF 61042 043400  780 602 2830    -3618446    -15         -19    -16   23  44   93   -5   52  +21   52   21  15  0  0 L3P EB
G21 FF 61042 043400  780 602 2899    -3710880    -47         -29    +42   18  41   93   -6   48  -21   48  -21  12  0  0 L3P 11
G30 FF 61042 043400  780 535 1933     -744398   -134           8    -12   25  43  101  -10   53   +1   53    1  18  0  0 L3P CA
G05 FF 61042 045000  780 370 3052    +2265588    +19          -6    +12   25  23  134  -22   49  +13   49   13  17  0  0 L3P FF
G07 FF 61042 045000  780 721 1056    +1295366    +96          -4    +44   16   5   85   +1   41  -31   41  -31  11  0  0 L3P D0
G09 FF 61042 045000  780 364  878    -7695435     +4          -6    +13   18  66  136  +22   55   +2   55    2  15  0  0 L3P D0
G11 FF 61042 045000  780 318 2387    +4887429   -185          15    -51   32 115  153  +24   62  +41   62   41  25  0  0 L3P 34
G13 FF 61042 045000  780 148 2647    -6907403    -13           9    -22   32  94  315 -129   84  +20   84   20  24  0  0 L3P 11
G16 FF 61042 045000  780 111  292    -1795207    -37          -4    +40   29  21  408 +131   38  -11   38  -11  23  0  0 L3P 04
G20 FF 61042 045000  780 639 2692    -3618427    +21          -1    +20   18  44   90   -2   46   -9   46   -9  13  0  0 L3P D0
G21 FF 61042 045000  780 660 2798    -3710957   -102         -19    -12   16  41   88   -4   46  +22   46   22  11  0  0 L3P 0A
G30 FF 61042 045000  780 611 1914     -744517    -77           5    +44   24  43   92   -7   47  -36   47  -36  18  0  0 L3P E4
G05 FF 61042 050600  780 436 3021    +2265613    -29          13    -35   30  23  117  -14   35  +27   35   27  23  0  0 L3P FB
G07 FF 61042 050600  780 690  862    +1295429    +40           9    -12   16   5   87   +3   33   +9   33    9  12  0  0 L3P 97
G09 FF 61042 050600  780 300  918    -7695427     +5          10    +14   18  66  161  +32   50   -7   50   -7  13  0  0 L3P D0
G11 FF 61042 050600  780 261 2332    +4887288   -148           2    -14   27 115  183  +40   86  +31   86   31  19  0  0 L3P 28
G13 FF 61042 050600  780 209 2686    -6907391    -23          13    -32   38  94  226  -66   68  +10   68   10  30  0  0 L3P 1D
G20 FF 61042 050600  780 650 2518    -3618408    -11          16    -12   23  44   89   +0   41  +15   41   15  15  0  0 L3P D7
G21 FF 61042 050600  780 699 2625    -3711040    -59         -15    +30   19  41   86   -1   48   -9   48   -9  13  0  0 L3P EF
G30 FF 61042 050600  780 685 1866     -744640   -101          -1    +21   26  43   87   -4   47  -18   47  -18  18  0  0 L3P FF
G05 FF 61042 052200  780 497 2968    +2265617    +15          11     +8   25  23  106   -9   40   -7   40   -7  18  0  0 L3P D9
G07 FF 61042 052200  780 639  744    +1295469   +101          -1    +49   19   5   90   +5   36  -37   36  -37  13  0  0 L3P ED
G09 FF 61042 052200  780 237  958    -7695458    -76         -12    -67   28  66  200  +51   76  +61   76   61  20  0  0 L3P 2D
G11 FF 61042 052200  780 201 2286    +4887188    -30          31   +104   36 115  233  +69   81  -72   81  -72  28  0  0 L3P 43
G13 FF 61042 052200  780 273 2726    -6907374    -18          20    -27   31  94  176  -40   52  +15   52   15  25  0  0 L3P 13
G14 FF 61042 052200  780 144 1609    -7260968    -52          37    -27   26  35  323 -145   69   +8   69    8  19  0  0 L3P 1E
G20 FF 61042 052200  780 630 2346    -3618408    +17          16    +16   15  44   91   +3   41  -15   41  -15  11  0  0 L3P E0
G21 FF 61042 052200  780 706 2396    -3711121   -107         -10    -17   17  41   86   +1   45  +20   45   20  12  0  0 L3P EB
G30 FF 61042 052200  780 752 1749     -744753    -72           3    +50   13  43   84   -2   44  -34   44  -34   9  0  0 L3P C8
G05 FF 61042 053800  780 550 2883    +2265621    +17           8    +11   17  23   99   -6   40   -2   40   -2  14  0  0 L3P BA
G07 FF 61042 053800  780 577  682    +1295511    +59         -10     +7   20   5   95   +7   42   -7   42   -7  12  0  0 L3P B2
G09 FF 61042 053800  780 175  997    -7695465   -126         -10   -117   34  66  266  +91   90 +104   90  104  24  0  0 L3P 71
G11 FF 61042 053800  780 140 2246    +4887052   -132          24     +3   43 115  330 +141   97  +17   97   17  34  0  0 L3P 2E
G13 FF 61042 053800  780 338 2766    -6907377    -29           8    -38   23  94  145  -26   51  +17   51   17  18  0  0 L3P 22
G14 FF 61042 053800  780 211 1585    -7261000    +65          29    +90   45  35  225  -70   64  -88   64  -88  32  0  0 L3P 2D
G20 FF 61042 053800  780 586 2212    -3618418    -20           4    -21   23  44   95   +6   51  +16   51   16  17  0  0 L3P D2
G21 FF 61042 053800  780 676 2192    -3711210    -93         -13     -3   17  41   87   +3   48   +5   48    5  12  0  0 L3P C2
G30 FF 61042 053800  780 797 1464     -744863   -136          10    -14   10  43   82   -1   35  +11   35   11   7  0  0 L3P D4
G05 FF 61042 060600  780 599 2651    +2265629     +3           5     -4   17  23   93   -1   41   -6   41   -6  12  0  0 L3P 9D
G07 FF 61042 060600  780 463  646    +1295618    +30          10    -22   19   5  112  +13   30  +31   30   31  13  0  0 L3P C8
G13 FF 61042 060600  780 457 2833    -6907360    +18          11     +9   18  95  113  -14   41  -12   41  -12  14  0  0 L3P 01
G14 FF 61042 060600  780 329 1534    -7261045    -80          32    -55   23  36  149  -28   56  +28   56   28  16  0  0 L3P 20
G15 FF 61042 060600  780 161 2918    -3728308    -41          20     -6   43  41  290 -114   32  -19   32  -19  33  0  0 L3P 17
G18 FF 61042 060600  780 124 3300    +4615646   -143          15    -45   37  82  369  -64   75  +10   75   10  28  0  0 L3P 28
G20 FF 61042 060600  780 477 2070    -3618427     +9          -8     +8   28  45  109  +12   62   +6   62    6  24  0  0 L3P C7
G21 FF 61042 060600  780 571 1993    -3711346    -76          -3    +14   27  42   96   +8   38   +6   38    6  21  0  0 L3P D1
G22 FF 61042 060600  780 192 1643     +633251    -96           5    -56   24  47  246  -90  102  +36  102   36  19  0  0 L3P 10
G30 FF 61042 060600  780 753  869     -745064   -132          12    -10   11  44   84   +2   34   +8   34    8   9  0  0 L3P A3
G05 FF 61042 062200  780 591 2496    +2265641    +22          10    +15   18  23   94   +2   38   -8   38   -8  12  0  0 L3P D2
G07 FF 61042 062200  780 397  649    +1295646    +73         -13    +20   22   5  126  +18   57   +5   57    5  17  0  0 L3P DF
G08 FF 61042 062200  780 105  500    -5087198     +7         -12    -33   44  55  433  -61   99  +27   99   27  31  0  0 L3P 08
G13 FF 61042 062200  780 528 2870    -6907350    +10          12     +1   19  95  102  -10   40   +1   40    1  14  0  0 L3P B5
G14 FF 61042 062200  780 397 1494    -7261090    -37          11    -12   22  36  127  -18   67   +8   67    8  18  0  0 L3P FC
G15 FF 61042 062200  780 226 2939    -3728355    -62           6    -27   25  41  210  -60   33  +16   33   16  19  0  0 L3P FF
G18 FF 61042 062200  780 140 3237    +4615541    -31           5    +67   32  82  328  -26   67  -59   67  -59  21  0  0 L3P 1C
G20 FF 61042 062200  780 406 2024    -3618412    -38           6    -39   20  45  124  +19   63  +40   63   40  16  0  0 L3P EC
G21 FF 61042 062200  780 498 1939    -3711438   -136          -8    -46   25  42  106  +12   54  +49   54   49  19  0  0 L3P 34
G22 FF 61042 062200  780 263 1620     +633232    -54          26    -13   25  47  183  -48   81  +25   81   25  18  0  0 L3P F8
G30 FF 61042 062200  780 689  759     -745181    -82          13    +40   17  44   87   +4   37  -17   37  -17  11  0  0 L3P E6
G05 FF 61042 063800  780 559 2361    +2265625    -12         -13    -19   17  23   98   +5   63  +19   63   19  13  0  0 L3P 05
G07 FF 61042 063800  780 332  660    +1295714    +58           5     +6   26   5  147  +26   62  +22   62   22  21  0  0 L3P C2
G08 FF 61042 063800  780 114  435    -5087149   +110          -2    +71   44  55  397  -16   91  -42   91  -42  28  0  0 L3P 24
G13 FF 61042 063800  780 601 2904    -6907334     +6          19     -3   19  95   93   -7   40   +4   40    4  13  0  0 L3P A8
G14 FF 61042 063800  780 461 1439    -7261121    -77           4    -52   30  36  112  -12   76  +51   76   51  19  0  0 L3P FF
G15 FF 61042 063800  780 294 2955    -3728375    -46          21    -10   34  41  165  -36   29  +10   29   10  27  0  0 L3P 1B
G18 FF 61042 063800  780 146 3172    +4615459    -86          17    +12   30  82  316   +0   47  -23   47  -23  22  0  0 L3P 0E
G20 FF 61042 063800  780 333 1991    -3618419    +33          -2    +32   25  45  147  +29   84   -5   84   -5  21  0  0 L3P FC
G21 FF 61042 063800  780 423 1905    -3711531   -124         -15    -35   29  42  120  +18   73  +40   73   40  25  0  0 L3P 1E
G22 FF 61042 063800  780 336 1593     +633183    -58          16    -17   24  47  146  -29   91  +38   91   38  17  0  0 L3P 1B
G30 FF 61042 063800  780 620  721     -745306    -76           4    +46   22  44   91   +6   50  -25   50  -25  15  0  0 L3P BC
G05 FF 61042 065400  780 508 2258    +2265650    +28           6    +22   21  23  104   +9   70  +10   70   10  15  0  0 L3P D1
G07 FF 61042 065400  780 268  679    +1295743    +45         -16     -7   20   5  178  +40  117  +70  117   70  17  0  0 L3P 19
G08 FF 61042 065400  780 114  369    -5087109    +18           0    -21   31  55  399  +20   93  +21   93   21  26  0  0 L3P ED
G13 FF 61042 065400  780 676 2932    -6907317    +51          28    +42   14  95   87   -5   40  -19   40  -19  10  0  0 L3P 09
G14 FF 61042 065400  780 520 1364    -7261135    -49          15    -24   22  36  103   -8   80  +31   80   31  16  0  0 L3P F0
G15 FF 61042 065400  780 363 2963    -3728408    -39          21     -4   22  41  137  -24   38   +9   38    9  16  0  0 L3P EE
G18 FF 61042 065400  780 140 3105    +4615364   -128          15    -30   26  82  328  +26   39  +31   39   31  20  0  0 L3P 19
G20 FF 61042 065400  780 261 1966    -3618417    -18          -1    -19   35  45  183  +48  117  +63  117   63  28  0  0 L3P 41
G21 FF 61042 065400  780 348 1883    -3711599    -94           4     -4   21  42  141  +27   87  +38   87   38  17  0  0 L3P 0C
G22 FF 61042 065400  780 408 1557     +633129    -35           1     +6   20  47  124  -19  111   +8  111    8  16  0  0 L3P CC
G30 FF 61042 065400  780 550  714     -745431   -135          -4    -13   15  44   98   +9   75  +34   75   34  10  0  0 L3P D8
G05 FF 61042 071000  780 446 2184    +2265661    -34          10    -41   18  23  115  +14   94  +64   94   64  15  0  0 L3P 0A
G07 FF 61042 071000  780 206  702    +1295804    +83          -5    +31   23   5  228  +66  172  +43  172   43  19  0  0 L3P 01
G08 FF 61042 071000  780 103  306    -5087077     +7          -7    -33   39  55  439  +68  115  +55  115   55  29  0  0 L3P 1A
G13 FF 61042 071000  780 752 2948    -6907305    -21          31    -30   17  95   84   -3   52  +35   52   35  12  0  0 L3P EC
G14 FF 61042 071000  780 567 1261    -7261168     -5           6    +20   20  36   97   -5   99   +0   99    0  15  0  0 L3P AA
G15 FF 61042 071000  780 434 2961    -3728446    -70          17    -34   22  41  118  -16   51  +43   51   43  17  0  0 L3P 0C
G18 FF 61042 071000  780 124 3039    +4615274   -107          19     -9   39  82  369  +62   35  -11   35  -11  27  0  0 L3P 24
G20 FF 61042 071000  780 190 1945    -3618419     -5          -5     -6   30  45  246  +89  175  +81  175   81  23  0  0 L3P 19
G21 FF 61042 071000  780 273 1868    -3711696    -99          -8     -9   28  42  175  +45  145  +75  145   75  21  0  0 L3P 3F
G22 FF 61042 071000  780 478 1507     +633094    -33           5     +8   25  47  109  -12  115   +0  115    0  17  0  0 L3P C6
G30 FF 61042 071000  780 481  723     -745535   -112           8    +10   15  44  108  +12   82  +13   82   13  11  0  0 L3P CF
G05 FF 61042 072600  780 378 2131    +2265671     +2          14     -5   22  23  131  +21  126  +40  126   40  18  0  0 L3P F1
G07 FF 61042 072600  780 145  729    +1295849     +7         -10    -46   43   5  318 +129  239 +104  239  104  32  0  0 L3P 4D
G13 FF 61042 072600  780 829 2911    -6907291    +24          36    +15   18  95   81   -1   59   +2   59    2  13  0  0 L3P D8
G14 FF 61042 072600  780 597 1129    -7261178    -63          20    -38   21  36   94   -2   93  +19   93   19  14  0  0 L3P 05
G15 FF 61042 072600  780 506 2942    -3728483    -41          14     -6   23  41  105  -11   62  +10   62   10  17  0  0 L3P ED
G20 FF 61042 072600  780 121 1926    -3618437    -39         -23    -40   29  45  378 +205  269 +108  269  108  23  0  0 L3P 8A
G21 FF 61042 072600  780 201 1855    -3711792   -133         -17    -43   30  42  233  +81  217 +109  217  109  24  0  0 L3P 6C
G22 FF 61042 072600  780 543 1435     +633048    -31          -1    +10   23  47  100   -8  122   -7  122   -7  14  0  0 L3P D5
G23 FF 61042 072600  780 154 3251    -5939866    +10           8    +61   26  75  302 -103   52  -47   52  -47  20  0  0 L3P 22
G24 FF 61042 072600  780 113 2583    +1788996   -226           8    -80   36  54  409 -219  111  +95  111   95  25  0  0 L3P 65
G30 FF 61042 072600  780 413  742     -745648    -92          12    +30   21  44  122  +17  109   +6  109    6  15  0  0 L3P E1
G05 FF 61042 074200  780 308 2092    +2265671    -76           7    -83   34  23  157  +33  166 +104  166  104  27  0  0 L3P 4B
G13 FF 61042 074200  780 879 1863    -6907265    -12          54    -21   16  95   81   +0   58  +31   58   31  11  0  0 L3P FA
G14 FF 61042 074200  780 602  979    -7261211    -28          11     -3   18  36   93   +1  101  +13  101   13  13  0  0 L3P D0
G15 FF 61042 074200  780 575 2897    -3728531    -67           0    -32   17  41   96   -7   77  +35   77   35  10  0  0 L3P FA
G21 FF 61042 074200  780 131 1843    -3711877    -86         -16     +4   32  42  351 +181  287  +54  287   54  24  0  0 L3P 4E
G22 FF 61042 074200  780 596 1329     +633026    -50          16     -9   17  47   94   -5  104   +3  104    3  12  0  0 L3P C0
G23 FF 61042 074200  780 205 3212    -5939911   -120          11    -69   32  75  230  -53   61  +82   61   82  25  0  0 L3P 1E
G24 FF 61042 074200  780 175 2618    +1788851   -153           3     -6   35  54  269  -96  123   +8  123    8  28  0  0 L3P 1B
G30 FF 61042 074200  780 347  766     -745768   -167          10    -46   23  44  141  +24  142  +49  142   49  19  0  0 L3P 35
G05 FF 61042 075800  780 238 2061    +2265662    +43          -8    +36   27  23  199  +56  205   +5  205    5  22  0  0 L3P 0E
G13 FF 61042 075800  780 807 1431    -6907266     -4          43    -13   13  95   82   +2   73  +20   73   20   9  0  0 L3P CD
G14 FF 61042 075800  780 583  841    -7261233    -15          12    +10   24  36   95   +3  102   -3  102   -3  17  0  0 L3P D4
G15 FF 61042 075800  780 638 2810    -3728574    -42          -9     -7   15  41   90   -5   92   +6   92    6  10  0  0 L3P C6
G17 FF 61042 075800  780 138 1214     +198627   +146         -11    +26   50  96  336 -137  345 -152  345 -152  35  0  0 L3P 94
G22 FF 61042 075800  780 632 1184     +632979    -38           8     +3   22  47   91   -2  107   -2  107   -2  16  0  0 L3P C9
G23 FF 61042 075800  780 249 3161    -5939962    -48           9     +3   23  75  191  -30   92  +21   92   21  18  0  0 L3P 05
G24 FF 61042 075800  780 238 2654    +1788700    -89          -8    +58   35  54  200  -53  140  -45  140  -45  26  0  0 L3P 51
G30 FF 61042 075800  780 282  794     -745874    -81          20    +41   24  44  170  +36  158  +10  158   10  19  0  0 L3P 1A
G05 FF 61042 081400  780 169 2035    +2265708    -55          36    -62   30  25  275 +108  233  +93  233   93  24  0  0 L3P 4D
G13 FF 61042 081400  780 727 1415    -6907267    -48          30    -57   17  96   85   +4   94  +60   94   60  11  0  0 L3P 07
G14 FF 61042 081400  780 543  733    -7261267    -76           4    -51   19  37   99   +6  119  +62  119   62  14  0  0 L3P 03
G15 FF 61042 081400  780 685 2656    -3728598     +6          -1    +41   17  42   87   -2  103   -3  103   -3  12  0  0 L3P E4
G17 FF 61042 081400  780 194 1167     +198749   +118          -3     -1   22  96  242  -68  283 -123  283 -123  18  0  0 L3P 63
G22 FF 61042 081400  780 640 1013     +632943    -70          10    -30   18  48   90   +0  109  +24  109   24  13  0  0 L3P E1
G23 FF 61042 081400  780 284 3098    -5940018    -34           2    +17   34  76  170  -17  109   +8  109    8  25  0  0 L3P 0A
G24 FF 61042 081400  780 304 2690    +1788596   -149          26     -2   27  77  160  -33  115   +9  115    9  23  0  0 L3P 23
G30 FF 61042 081400  780 220  824     -746008    -80           7    +42   29  97  214  +59  217  +33  217   33  23  0  0 L3P FE
G05 FF 61042 083000  780 102 2012    +2265684    -39           5    -45   43  25  444 +274  322 +146  322  146  33  0  0 L3P 4D
G13 FF 61042 083000  780 647 1428    -6907274    -33          14    -42   18  96   89   +6  126  +47  126   47  13  0  0 L3P 29
G14 FF 61042 083000  780 490  659    -7261291    -24           4     +1   22  37  107  +10  141  +22  141   22  14  0  0 L3P E1
G15 FF 61042 083000  780 701 2436    -3728634    -19          -4    +16   15  42   86   +0  119  -10  119  -10  10  0  0 L3P 06
G17 FF 61042 083000  780 247 1112     +198851    +64         -17    -55   24  96  193  -39  237  +22  237   22  18  0  0 L3P 3E
G19 FF 61042 083000  780 142 1329    -6835795    -20          -3     +0   32  64  328 -136  356   +1  356    1  25  0  0 L3P 0E
G22 FF 61042 083000  780 621  855     +632905    -57          11    -16   18  48   91   +3  126  +36  126   36  13  0  0 L3P EB
G23 FF 61042 083000  780 307 3024    -5940065    -63           4    -12   30  76  158   -8  131  +32  131   32  21  0  0 L3P FA
G24 FF 61042 083000  780 371 2725    +1788432   -173           3    -27   22  77  134  -22  142  +24  142   24  15  0  0 L3P 2D
G30 FF 61042 083000  780 159  857     -746129    -64           3    +57   36  97  292 +109  282  +28  282   28  27  0  0 L3P 35
G10 FF 61042 084600  780 129 3316    +5792960    -19          20    -52   38  73  358 -117  120  +63  120   63  29  0  0 L3P 51
G13 FF 61042 084600  780 568 1448    -6907276    -29           3    -38   18  96   96   +9  156  +57  156   57  12  0  0 L3P 36
G14 FF 61042 084600  780 430  613    -7261294    +33          25    +58   20  37  118  +14  145  -29  145  -29  17  0  0 L3P 34
G15 FF 61042 084600  780 680 2218    -3728668    -37          -4     -2   14  42   87   +2  130  +18  130   18   9  0  0 L3P F2
G17 FF 61042 084600  780 295 1049     +198973   +167          -9    +47   19  96  164  -23  212  -39  212  -39  16  0  0 L3P 64
G19 FF 61042 084600  780 200 1289    -6835808    -43           4    -23   30  64  235  -68  270  -16  270  -16  24  0  0 L3P 3F
G22 FF 61042 084600  780 579  737     +632851    +20          -4    +61   16  48   95   +5  145  -18  145  -18  10  0  0 L3P 00
G23 FF 61042 084600  780 316 2943    -5940091    +61          27   +112   30  76  154   -1  137  -51  137  -51  22  0  0 L3P 3C
G24 FF 61042 084600  780 441 2759    +1788288   -176           0    -29   22  77  116  -15  152  +29  152   29  16  0  0 L3P 53
G10 FF 61042 090200  780 167 3266    +5792967   +154          -5   +121   40  73  279  -57  169  -68  169  -68  28  0  0 L3P 90
G12 FF 61042 090200  780 148 2163    +6060355    +89           2    +84   29  87  315 -143  316  -71  316  -71  27  0  0 L3P 4D
G13 FF 61042 090200  780 490 1470    -6907279    -11          -9    -20   23  96  107  +13  177  +44  177   44  17  0  0 L3P 3B
G14 FF 61042 090200  780 366  587    -7261331    -27          12     -2   28  37  135  +21  179  +23  179   23  17  0  0 L3P 17
G15 FF 61042 090200  780 629 2067    -3728693    +11           5    +47   20  42   91   +5  138   -5  138   -5  15  0  0 L3P EE
G17 FF 61042 090200  780 335  976     +199090   +150          -7    +30   21  96  146  -14  210  -46  210  -46  16  0  0 L3P 26
G19 FF 61042 090200  780 258 1243    -6835838    -71          -8    -51   24  64  185  -39  266  +75  266   75  17  0  0 L3P 5D
G22 FF 61042 090200  780 524  660     +632809     -8          -6    +33   17  48  102   +8  158   -8  158   -8  11  0  0 L3P D6
G23 FF 61042 090200  780 311 2859    -5940141    +24          26    +75   22  76  156   +6  165  -27  165  -27  18  0  0 L3P 3B
G24 FF 61042 090200  780 513 2791    +1788141   -159          -7    -12   22  77  104  -11  150   +1  150    1  18  0  0 L3P 0C
G10 FF 61042 091800  780 197 3208    +5793034     -7          30    -40   29  73  238  -30  160  +35  160   35  21  0  0 L3P 1F
G12 FF 61042 091800  780 217 2185    +6060342    +11         -16     +7   31  87  219  -69  318  -26  318  -26  27  0  0 L3P 46
G13 FF 61042 091800  780 413 1492    -6907253    -16           9    -25   21  96  122  +19  199  +77  199   77  17  0  0 L3P 4B
G14 FF 61042 091800  780 301  575    -7261347    -23          19     +2   30  37  161  +33  188  +17  188   17  22  0  0 L3P 15
G15 FF 61042 091800  780 563 1976    -3728733    -38          -1     -2   20  42   97   +8  155  +19  155   19  14  0  0 L3P 13
G17 FF 61042 091800  780 364  894     +199220   +120           9     +0   26  96  136   -8  191  -11  191  -11  19  0  0 L3P 02
G19 FF 61042 091800  780 313 1189    -6835845    -73           4    -54   26  64  155  -24  217   -5  217   -5  22  0  0 L3P 25
G22 FF 61042 091800  780 463  615     +632780    -44           5     -3   22  48  112  +12  159  +24  159   24  15  0  0 L3P E9
G23 FF 61042 091800  780 291 2778    -5940190    -19          26    +32   27  76  165  +14  185   +6  185    6  20  0  0 L3P 28
G24 FF 61042 091800  780 587 2819    +1788009    -85           2    +61   18  77   95   -8  135  -53  135  -53  12  0  0 L3P 31
G10 FF 61042 093400  780 216 3142    +5793037    +30           2     -3   35  73  218  -13  186   +8  186    8  25  0  0 L3P ED
G12 FF 61042 093400  780 287 2210    +6060343    +26         -19    +21   32  87  168  -40  291  -50  291  -50  24  0  0 L3P 46
G13 FF 61042 093400  780 338 1513    -6907230    +33          23    +24   21  96  145  +29  223   +5  223    5  15  0  0 L3P 04
G14 FF 61042 093400  780 236  575    -7261377    -14          14    +11   30  37  201  +53  225  +42  225   42  22  0  0 L3P 11
G15 FF 61042 093400  780 490 1921    -3728770    -53          -5    -17   23  42  107  +12  165  +29  165   29  20  0  0 L3P 35
G17 FF 61042 093400  780 379  806     +199325   +121          -1     +2   22  96  131   -2  185  -27  185  -27  17  0  0 L3P 10
G19 FF 61042 093400  780 363 1123    -6835859     +7           8    +26   23  64  137  -15  201  -26  201  -26  15  0  0 L3P 24
G22 FF 61042 093400  780 399  592     +632756    -36          19     +5   26  48  126  +18  161  +19  161   19  19  0  0 L3P 19
G23 FF 61042 093400  780 259 2703    -5940242    -72          24    -21   33  76  184  +25  203  +27  203   27  28  0  0 L3P 35
G24 FF 61042 093400  780 662 2839    +1787863   -156          -3    -10   17  77   88   -5  127   -4  127   -4  12  0  0 L3P 23
G10 FF 61042 095000  780 223 3071    +5793055     -5         -12    -38   27  73  212   -1  205  +25  205   25  20  0  0 L3P 05
G12 FF 61042 095000  780 359 2238    +6060356    +29         -11    +24   23  87  138  -25  214  -83  214  -83  18  0  0 L3P 55
G13 FF 61042 095000  780 264 1531    -6907218     +5          26     -4   26  96  181  +47  249  +37  249   37  20  0  0 L3P 23
G14 FF 61042 095000  780 171  583    -7261373    -16          41     +9   35  37  271  +99  253  +66  253   66  28  0  0 L3P 2B
G15 FF 61042 095000  780 415 1888    -3728813    +12         -14    +47   22  42  122  +19  193  -21  193  -21  18  0  0 L3P 4F
G17 FF 61042 095000  780 378  717     +199420    +26         -20    -93   20  96  131   +2  181  +67  181   67  18  0  0 L3P 19
G19 FF 61042 095000  780 403 1044    -6835878     +2           8    +21   24  64  125   -9  183  -57  183  -57  21  0  0 L3P 1E
G22 FF 61042 095000  780 334  584     +632718    -33          21     +7   32  48  146  +26  181  +24  181   24  25  0  0 L3P FA
G23 FF 61042 095000  780 218 2637    -5940293    -22           8    +29   33  77  216  +43  228   -3  228   -3  27  0  0 L3P 1A
G24 FF 61042 095000  780 739 2841    +1787722   -147          -3     +0   11  77   84   -3  125   +0  125    0   8  0  0 L3P D4
G10 FF 61042 100600  780 217 2998    +5793101    +40           7     +7   31  74  217  +11  201   -3  201   -3  23  0  0 L3P DA
G12 FF 61042 100600  780 432 2268    +6060358    -12         -17    -17   23  92  118  -17  173  -27  173  -27  17  0  0 L3P 4D
G13 FF 61042 100600  780 193 1548    -6907224    +45          12    +36   37  98  242  +86  294  +25  294   25  26  0  0 L3P 49
G15 FF 61042 100600  780 341 1866    -3728834    -89           1    -54   22  53  144  +28  204  +60  204   60  21  0  0 L3P 1D
G17 FF 61042 100600  780 363  633     +199544    +96         -16    -23   31 179  136   +8  188  +36  188   36  22  0  0 L3P 35
G19 FF 61042 100600  780 431  952    -6835896    -11           8     +9   30  66  118   -5  170   -2  170   -2  21  0  0 L3P D8
G22 FF 61042 100600  780 270  587     +632673    -64          13    -23   26  49  177  +40  231  +76  231   76  18  0  0 L3P 16
G23 FF 61042 100600  780 170 2578    -5940326    -13          24    +38   31  77  273  +79  258  +13  258   13  25  0  0 L3P 40
G24 FF 61042 100600  780 815 2774    +1787585   -111          -3    +36   18  80   82   -2  126  -15  126  -15  12  0  0 L3P 2A
G10 FF 61042 102200  780 200 2926    +5793135    +14          10    -19   30  74  235  +27  217  +50  217   50  21  0  0 L3P 15
G12 FF 61042 102200  780 507 2301    +6060357    -11         -23    -16   22  92  104  -12  166   +3  166    3  17  0  0 L3P FA
G13 FF 61042 102200  780 124 1562    -6907215    +70          12    +61   41  98  370 +198  371  +49  371   49  28  0  0 L3P 50
G15 FF 61042 102200  780 268 1850    -3728877    -41          -8     -6   23  53  178  +46  239  +29  239   29  19  0  0 L3P 41
G17 FF 61042 102200  780 334  561     +199662    +56         -12    -64   26 179  146  +14  210  +70  210   70  20  0  0 L3P 1F
G19 FF 61042 102200  780 443  852    -6835908     -3          15    +17   22  66  116   -1  176   +7  176    7  16  0  0 L3P E6
G22 FF 61042 102200  780 207  598     +632636    -80          16    -39   33  49  226  +66  293  +82  293   82  26  0  0 L3P 27
G23 FF 61042 102200  780 118 2526    -5940380   -108          19    -57   30  77  387 +171  309 +114  309  114  23  0  0 L3P 7F
G24 FF 61042 102200  780 869 2100    +1787460    -93          13    +54   11  80   81   +0  116  -33  116  -33   8  0  0 L3P FC
G25 FF 61042 102200  780 133 2401    -4524672     +7          31    -16   48  40  349 -165  286  -38  286  -38  36  0  0 L3P 4F
G32 FF 61042 102200  780 152 3195    +1811376   -268         -16   -101   32  83  307 -118  233  +47  233   47  22  0  0 L3P 6E
G10 FF 61042 103800  780 171 2859    +5793179    -20          22    -53   50  74  271  +51  242  +68  242   68  38  0  0 L3P 45
G12 FF 61042 103800  780 584 2338    +6060377    +19          -7    +15   21  92   95   -8  145  -20  145  -20  15  0  0 L3P 19
G15 FF 61042 103800  780 197 1838    -3728910    +13          -6    +48   29  53  238  +82  287  +27  287   27  21  0  0 L3P 50
G17 FF 61042 103800  780 294  501     +199777   +127         -12     +7   29 179  164  +23  220   +3  220    3  23  0  0 L3P 06
G19 FF 61042 103800  780 437  752    -6835924    -36          18    -16   22  66  117   +3  165   -4  165   -4  18  0  0 L3P 0F
G22 FF 61042 103800  780 146  615     +632588    -80           8    -39   40  49  316 +128  355  +68  355   68  30  0  0 L3P 2B
G24 FF 61042 103800  780 813 1466    +1787319   -165          13    -19   17  80   82   +2  114  +17  114   17  12  0  0 L3P 21
G25 FF 61042 103800  780 197 2435    -4524686    -70          -4    -93   30  40  239  -78  253  +52  253   52  23  0  0 L3P 41
G32 FF 61042 103800  780 209 3172    +1811237   -142           6    +26   34  83  226  -59  211  -21  211  -21  26  0  0 L3P 2D
G10 FF 61042 105400  780 135 2797    +5793216    +13          27    -20   26  74  341 +100  264  +41  264   41  22  0  0 L3P 36
G12 FF 61042 105400  780 661 2379    +6060395    +18           7    +14   15  92   88   -6  132   -9  132   -9  10  0  0 L3P ED
G15 FF 61042 105400  780 129 1827    -3728987   -112         -50    -76   33  53  357 +181  399 +140  399  140  25  0  0 L3P AA
G17 FF 61042 105400  780 246  455     +199909    +94           6    -25   24 179  193  +38  240  +49  240   49  18  0  0 L3P 30
G19 FF 61042 105400  780 413  661    -6835956    -31           4    -12   24  66  122   +8  183  +45  183   45  19  0  0 L3P 0C
G24 FF 61042 105400  780 735 1400    +1787169   -226           4    -79   15  80   84   +4  131  +71  131   71   9  0  0 L3P 03
G25 FF 61042 105400  780 263 2470    -4524655    +29           5     +6   26  40  182  -44  221  -43  221  -43  21  0  0 L3P 10
G32 FF 61042 105400  780 262 3137    +1811085   -182          14    -15   28  83  183  -34  204  +21  204   21  21  0  0 L3P 2D
G06 FF 61042 111000  780 147  913    +5978370     +8          -4    -39   46  65  316  -97  386  -91  386  -91  34  0  0 L3P 42
G12 FF 61042 111000  780 738 2428    +6060407    +30          14    +26   18  92   84   -3  129  -17  129  -17  13  0  0 L3P 14
G17 FF 61042 111000  780 193  422     +200018   +157           0    +38   31 179  242  +67  280  +16  280   16  25  0  0 L3P 0B
G19 FF 61042 111000  780 376  586    -6835981    -45          -3    -25   21  66  132  +13  215  +38  215   38  15  0  0 L3P 28
G24 FF 61042 111000  780 656 1397    +1787038   -143          13     +4   18  80   89   +6  136  +11  136   11  13  0  0 L3P 0B
G25 FF 61042 111000  780 330 2508    -4524638    +17           1     -5   25  40  148  -28  204  -11  204  -11  19  0  0 L3P 03
G32 FF 61042 111000  780 310 3088    +1810933   -172          22     -5   33  83  157  -21  201  -12  201  -12  25  0  0 L3P 19
G06 FF 61042 112600  780 189  852    +5978439    +51          20     +4   25  65  248  -51  301  -48  301  -48  19  0  0 L3P 30
G12 FF 61042 112600  780 815 2502    +6060418    +16          21    +11   12  92   82   -2  131   -1  131   -1   9  0  0 L3P BE
G17 FF 61042 112600  780 137  400     +200146   +110          13     -9   32 179  335 +138  328  +58  328   58  24  0  0 L3P 2B
G19 FF 61042 112600  780 328  528    -6835999    -10          -1     +9   27  66  149  +22  240   +2  240    2  19  0  0 L3P F3
G24 FF 61042 112600  780 578 1409    +1786890   -165           6    -18   16  80   95   +8  160  +42  160   42  10  0  0 L3P 1D
G25 FF 61042 112600  780 398 2548    -4524584    +71          32    +48   32  40  126  -19  170  -35  170  -35  23  0  0 L3P 4A
G32 FF 61042 112600  780 350 3025    +1810781   -128          32    +39   24  83  141  -13  187  -29  187  -29  18  0  0 L3P 59
G06 FF 61042 114200  780 224  786    +5978464    +75           1    +29   28  65  211  -28  290  -42  290  -42  22  0  0 L3P 2D
G12 FF 61042 114200  780 887 3071    +6060425    +11          23     +6   14  92   81   +0  132   -2  132   -2   9  0  0 L3P B7
G19 FF 61042 114200  780 272  486    -6835983     -3          33    +16   24  66  176  +35  235  +31  235   31  18  0  0 L3P 1F
G24 FF 61042 114200  780 501 1427    +1786749   -152           6     -5   15  80  105  +12  179  +27  179   27  12  0  0 L3P 26
G25 FF 61042 114200  780 468 2590    -4524577    +43          18    +20   27  40  111  -13  167  -42  167  -42  19  0  0 L3P 43
G29 FF 61042 114200  780 100 1989    +3997814    +24           7    +88   31   6  461 -309  354  -80  354  -80  35  0  0 L3P 4C
G32 FF 61042 114200  780 378 2948    +1810615   -198          26    -31   18  83  132   -7  185  +25  185   25  13  0  0 L3P 44
G06 FF 61042 115800  780 249  713    +5978521    +49          12     +2   28  65  191  -14  258  -14  258  -14  21  0  0 L3P 2C
G11 FF 61042 115800  780 172 1150    +4883995   -125          10     +9   25 119  271  -85  344 -103  344 -103  18  0  0 L3P 7A
G12 FF 61042 115800  780 829  606    +6060442    +17          36    +12   11  92   81   +1  123  -11  123  -11   8  0  0 L3P DE
G19 FF 61042 115800  780 212  457    -6836010    -40          24    -20   33  66  221  +62  262  +33  262   33  24  0  0 L3P 12
G24 FF 61042 115800  780 426 1446    +1786601   -129          -2    +18   21  80  119  +17  214  +32  214   32  16  0  0 L3P 35
G25 FF 61042 115800  780 540 2635    -4524555    +23          18     +0   23  40  100  -10  152  -10  152  -10  15  0  0 L3P 06
G28 FF 61042 115800  780 137 3048    +6164890    -61           5    -15   30 148  340 -156  314  -35  314  -35  23  0  0 L3P 59
G29 FF 61042 115800  780 169 1997    +3997791   -132          45    -68   35   6  278 -115  318  +42  318   42  28  0  0 L3P 7D
G32 FF 61042 115800  780 392 2861    +1810452   -119          23    +48   27  83  128   -2  186  -42  186  -42  21  0  0 L3P 4A
G06 FF 61042 121400  780 262  636    +5978552     +6          -1    -41   31  66  182   -4  240  +53  240   53  24  0  0 L3P F3
G11 FF 61042 121400  780 225 1098    +4883864   -129           6     +5   24 120  211  -46  284   +8  284    8  19  0  0 L3P 1B
G12 FF 61042 121400  780 753  694    +6060433    +19          23    +15   13  95   83   +3  133   -1  133   -1  11  0  0 L3P CE
G19 FF 61042 121400  780 150  441    -6836037     -3          12    +17   34  67  307 +126  292   +2  292    2  27  0  0 L3P F7
G24 FF 61042 121400  780 352 1465    +1786465   -185           0    -38   24  82  140  +26  237  +48  237   48  17  0  0 L3P 44
G25 FF 61042 121400  780 612 2684    -4524532    +69          19    +47   19  42   92   -7  149  -43  149  -43  12  0  0 L3P 30
G28 FF 61042 121400  780 200 3057    +6164852    -58          10    -12   27 149  235  -75  274  -22  274  -22  20  0  0 L3P 4F
G29 FF 61042 121400  780 240 2007    +3997691    -71          -3     -8   25  55  199  -58  298  -49  298  -49  23  0  0 L3P 5E
G32 FF 61042 121400  780 389 2768    +1810303   -123          33    +44   28  85  128   +3  187  -20  187  -20  23  0  0 L3P 40
G06 FF 61042 123000  780 262  560    +5978608    +73          11    +27   31  66  182   +5  219   -2  219   -2  22  0  0 L3P F5
G11 FF 61042 123000  780 273 1037    +4883723   -155          -6    -21   27 120  176  -28  249   +0  249    0  23  0  0 L3P 25
G12 FF 61042 123000  780 679  750    +6060435     +8          20     +4   19  95   87   +5  143   +4  143    4  12  0  0 L3P AD
G24 FF 61042 123000  780 280 1483    +1786314   -164         -10    -18   23  82  171  +41  278  +45  278   45  16  0  0 L3P 57
G25 FF 61042 123000  780 686 2740    -4524506    +44          23    +21   19  42   87   -5  141  -14  141  -14  13  0  0 L3P 0E
G28 FF 61042 123000  780 265 3058    +6164793    -10          -3    +36   27 149  181  -43  257  -55  257  -55  18  0  0 L3P 64
G29 FF 61042 123000  780 314 2019    +3997635   -106           1    -42   27  55  155  -34  257   +9  257    9  22  0  0 L3P 1F
G32 FF 61042 123000  780 371 2678    +1810144   -124          34    +43   29  85  134   +8  204  -14  204  -14  20  0  0 L3P 2B
G06 FF 61042 124600  780 248  486    +5978647    +67           5    +21   31  66  191  +15  229   +5  229    5  24  0  0 L3P 06
G11 FF 61042 124600  780 314  968    +4883595   -123          -6    +11   25 120  155  -17  220  -25  220  -25  17  0  0 L3P 46
G12 FF 61042 124600  780 606  798    +6060438     -1          19     -5   18  95   93   +7  149   +6  149    6  13  0  0 L3P CE
G24 FF 61042 124600  780 211 1500    +1786197   -102          13    +44   24  82  223  +70  295   +3  295    3  19  0  0 L3P 18
G25 FF 61042 124600  780 760 2813    -4524496    -20          12    -43   14  42   83   -3  147  +24  147   24  10  0  0 L3P 08
G28 FF 61042 124600  780 331 3049    +6164755    -64           3    -17   25 149  148  -27  221  -14  221  -14  18  0  0 L3P 47
G29 FF 61042 124600  780 389 2032    +3997575    -99           3    -35   25  55  129  -22  224   -1  224   -1  19  0  0 L3P 24
G32 FF 61042 124600  780 339 2596    +1809961   -173          12     -6   29  85  144  +15  242  +25  242   25  21  0  0 L3P 3E
G06 FF 61042 130200  780 222  420    +5978693    +74           6    +27   25  66  212  +29  235   -5  235   -5  18  0  0 L3P FF
G11 FF 61042 130200  780 344  888    +4883469   -108          -3    +26   24 120  143   -9  199  -12  199  -12  17  0  0 L3P 4C
G12 FF 61042 130200  780 535  843    +6060441    -49          17    -54   22  95  100   +9  159  +43  159   43  15  0  0 L3P 0F
G24 FF 61042 130200  780 144 1514    +1786053   -162          10    -16   33  82  321 +145  371 +114  371  114  25  0  0 L3P 61
G25 FF 61042 130200  780 834 2962    -4524479    +41           7    +18   14  42   81   -1  145  -21  145  -21  10  0  0 L3P FF
G28 FF 61042 130200  780 396 3027    +6164706    -60          -1    -14   25 149  127  -18  197  -21  197  -21  18  0  0 L3P 58
G29 FF 61042 130200  780 466 2044    +3997523    -72          11     -9   31  55  111  -15  190  -21  190  -21  25  0  0 L3P 27
G31 FF 61042 130200  780 101 3118    +1747870    -14          17     +7   30  43  455 -284  355  -43  355  -43  20  0  0 L3P 37
G32 FF 61042 130200  780 296 2525    +1809798   -169           9     -2   24  85  163  +24  269  +38  269   38  18  0  0 L3P 4C
G06 FF 61042 131800  780 186  364    +5978728   +119          -4    +72   31  66  251  +54  253  -42  253  -42  23  0  0 L3P 4C
G11 FF 61042 131800  780 361  802    +4883342   -141          -1     -7   22 120  137   -3  192   -9  192   -9  18  0  0 L3P 00
G12 FF 61042 131800  780 465  887    +6060448    +30          20    +26   18  95  111  +13  165  -13  165  -13  13  0  0 L3P 25
G25 FF 61042 131800  780 873  401    -4524445    +46          19    +23   15  42   81   +0  133  -20  133  -20  10  0  0 L3P EE
G28 FF 61042 131800  780 457 2986    +6164662    -20           0    +27   26 149  113  -12  168  -45  168  -45  18  0  0 L3P 59
G29 FF 61042 131800  780 544 2054    +3997450    -58           0     +6   23  55   99  -10  170  -27  170  -27  18  0  0 L3P 1D
G31 FF 61042 131800  780 166 3117    +1747832    +28          -1    +49   36  43  283 -110  319 -102  319 -102  27  0  0 L3P 6D
G32 FF 61042 131800  780 246 2463    +1809629   -204           0    -37   30  85  193  +40  317  +84  317   84  23  0  0 L3P 3D
G06 FF 61042 133400  780 141  317    +5978791    +83          15    +37   36  66  325 +108  245  -28  245  -28  29  0  0 L3P 5C
G11 FF 61042 133400  780 363  714    +4883225   -149          11    -15   30 120  136   +2  167   -4  167   -4  23  0  0 L3P 0E
G12 FF 61042 133400  780 398  929    +6060449    +34          17    +29   25  95  126  +18  181  -15  181  -15  20  0  0 L3P 3A
G25 FF 61042 133400  780 808  893    -4524426    +27          17     +4   15  42   82   +2  128   -8  128   -8  11  0  0 L3P DC
G28 FF 61042 133400  780 513 2919    +6164624    -39           6     +8   17 149  104   -8  150  -10  150  -10  13  0  0 L3P 17
G29 FF 61042 133400  780 623 2058    +3997390    -92           1    -28   27  55   91   -7  149   +5  149    5  18  0  0 L3P FC
G31 FF 61042 133400  780 230 3107    +1747829    -34          16    -14   38  43  206  -56  252  -30  252  -30  27  0  0 L3P 38
G32 FF 61042 133400  780 191 2411    +1809491   -243          23    -76   38  85  244  +70  354 +130  354  130  30  0  0 L3P 63
G11 FF 61042 135000  780 350  630    +4883099    -96          14    +38   29 120  140   +7  161  -27  161  -27  21  0  0 L3P 29
G12 FF 61042 135000  780 331  971    +6060456    -92          20    -96   28  95  147  +26  189  +90  189   90  21  0  0 L3P 39
G25 FF 61042 135000  780 734  997    -4524409     +7          11    -15   17  42   84   +3  131   +7  131    7  10  0  0 L3P C1
G28 FF 61042 135000  780 556 2822    +6164566    -38          -7     +9   20 149   98   -4  152  -16  152  -16  12  0  0 L3P 29
G29 FF 61042 135000  780 702 2045    +3997341    -80          13    -16   21  55   86   -4  130   +7  130    7  15  0  0 L3P E5
G31 FF 61042 135000  780 294 3085    +1747800    +22           6    +42   29  43  165  -33  221  -65  221  -65  22  0  0 L3P 25
G32 FF 61042 135000  780 134 2364    +1809308   -180           0    -13   50  85  343 +145  451 +101  451  101  32  0  0 L3P 4B
G11 FF 61042 140600  780 323  555    +4882955   -187          -8    -53   25 121  151  +14  176  +48  176   48  17  0  0 L3P 56
G12 FF 61042 140600  780 267 1011    +6060461     -1           7     -5   24   8  179  +41  204  +29  204   29  18  0  0 L3P DC
G25 FF 61042 140600  780 659 1060    -4524375    +16          19     -7   15  69   88   +5  125   +1  125    1   9  0  0 L3P D1
G26 FF 61042 140600  780 179 2887    +3048319    -54          24   -116   33   2  262  -93  279  +25  279   25  30  0  0 L3P 4E
G28 FF 61042 140600  780 582 2693    +6164524    -55          -4     -9   17 150   95   -2  143   +6  143    6  14  0  0 L3P F2
G29 FF 61042 140600  780 779 1981    +3997265    -63          -3     +1   19  60   83   -2  134  -12  134  -12  13  0  0 L3P 12
G31 FF 61042 140600  780 354 3049    +1747796    -90           5    -70   32   1  139  -21  185  +33  185   33  24  0  0 L3P 18
G11 FF 61042 142200  780 284  493    +4882836   -126           2     +8   26 121  169  +24  173   +6  173    6  19  0  0 L3P 08
G12 FF 61042 142200  780 204 1050    +6060455    +20          -4    +16   20   8  230  +68  240   +8  240    8  15  0  0 L3P D0
G18 FF 61042 142200  780 122 1805    +4612750    +29          31   +127   28  86  380 -213  356 -290  356 -290  20  0  0 L3P 8A
G20 FF 61042 142200  780 163  717    -3618393    -22          -8    -23   31  38  285  -49  230  -11  230  -11  25  0  0 L3P 1F
G25 FF 61042 142200  780 585 1110    -4524368    +25           5     +2   21  69   95   +8  133   +2  133    2  15  0  0 L3P BA
G26 FF 61042 142200  780 244 2908    +3048371     +1          17    -60   27   2  196  -51  230   +7  230    7  22  0  0 L3P DD
G28 FF 61042 142200  780 583 2548    +6164484    -51           0     -5   14 150   95   +1  138   -1  138   -1  10  0  0 L3P DF
G29 FF 61042 142200  780 843 1668    +3997215    -45           8    +19   15  60   81   -1  117  -20  117  -20  11  0  0 L3P 0D
G31 FF 61042 142200  780 409 2994    +1747780    -24           9     -4   23   1  123  -13  160  -16  160  -16  16  0  0 L3P 04
G11 FF 61042 143800  780 237  444    +4882697   -102          -8    +32   28 121  200  +41  187  -24  187  -24  21  0  0 L3P 4D
G18 FF 61042 143800  780 192 1799    +4612665   -125          40    -27   38  86  245  -90  236   -1  236   -1  28  0  0 L3P 4B
G20 FF 61042 143800  780 186  651    -3618378    +38           6    +36   36  38  251  -25  196  -61  196  -61  27  0  0 L3P 3D
G21 FF 61042 143800  780 115  671    -3714100    -89           7     +0   36  46  397 -103  219  -16  219  -16  26  0  0 L3P 22
G25 FF 61042 143800  780 513 1154    -4524349    -12           3    -35   21  69  103  +11  143  +33  143   33  15  0  0 L3P 0D
G26 FF 61042 143800  780 310 2925    +3048437   +131          24    +70   21   2  157  -32  188  -86  188  -86  14  0  0 L3P 4D
G28 FF 61042 143800  780 559 2412    +6164434    -42          -5     +4   25 150   97   +4  139   +5  139    5  18  0  0 L3P F3
G29 FF 61042 143800  780 830  928    +3997153   -109           6    -45   15  60   81   +1  114  +29  114   29  10  0  0 L3P 09
G31 FF 61042 143800  780 454 2919    +1747744    -12          -7     +8   29   1  113   -8  158  -19  158  -19  25  0  0 L3P 1F
G04 FF 61042 145400  780 110 3286     -356185    +55           3    +80   39  72  411  -28  281  -54  281  -54  29  0  0 L3P 28
G05 FF 61042 145400  780 145  914    +2265831    +20           4    +13   60  78  319  -98  236  -63  236  -63  42  0  0 L3P 27
G11 FF 61042 145400  780 184  407    +4882586    -45           9    +89   44 121  254  +75  167  -93  167  -93  35  0  0 L3P 59
G18 FF 61042 145400  780 265 1793    +4612571   -118          39    -20   23  86  181  -49  201  -47  201  -47  18  0  0 L3P 63
G20 FF 61042 145400  780 199  581    -3618368    +39          15    +38   34  38  235   -9  163  -67  163  -67  29  0  0 L3P 47
G21 FF 61042 145400  780 141  608    -3714182   -123          10    -34   52  46  327  -50  183  -22  183  -22  41  0  0 L3P 30
G25 FF 61042 145400  780 441 1194    -4524331    +62          -2    +39   23  69  116  +15  163   -4  163   -4  19  0  0 L3P 14
G26 FF 61042 145400  780 379 2934    +3048485    +93          13    +32   23   2  132  -21  170  -39  170  -39  17  0  0 L3P 36
G28 FF 61042 145400  780 516 2302    +6164391    -18          -3    +28   27 150  103   +7  142  -12  142  -12  20  0  0 L3P 22
G29 FF 61042 145400  780 763  727    +3997082    -40          -3    +23   17  60   83   +3  121  -12  121  -12  12  0  0 L3P FB
G31 FF 61042 145400  780 485 2822    +1747736     +1           4    +21   24   1  108   -4  137  -28  137  -28  17  0  0 L3P F8
G04 FF 61042 151000  780 112 3222     -356212    +30           1    +55   45  72  403  +11  279  -28  279  -28  32  0  0 L3P 07
G05 FF 61042 151000  780 187  853    +2265875     -6          41    -13   33  78  251  -51  173  -24  173  -24  27  0  0 L3P 26
G11 FF 61042 151000  780 126  382    +4882452   -109           4    +26   47 121  362 +164  141  -56  141  -56  36  0  0 L3P 4C
G16 FF 61042 151000  780 104 2939    -1798054     +6           8    +83   46  75  445 -267  327 -144  327 -144  37  0  0 L3P 73
G18 FF 61042 151000  780 339 1785    +4612466    -94          28     +3   22  86  145  -29  176  -33  176  -33  17  0  0 L3P 4A
G20 FF 61042 151000  780 201  512    -3618380     -9           2    -10   36  38  233   +5  156  -26  156  -26  25  0  0 L3P E7
G21 FF 61042 151000  780 157  541    -3714256   -115          21    -26   29  46  294  -21  143   +7  143    7  28  0  0 L3P 0B
G25 FF 61042 151000  780 371 1231    -4524311    +43          -4    +21   29  69  134  +22  183   +6  183    6  22  0  0 L3P F4
G26 FF 61042 151000  780 448 2933    +3048552    +64          21     +2   23   2  115  -15  149  -19  149  -19  17  0  0 L3P 1C
G28 FF 61042 151000  780 459 2220    +6164342    -75          -7    -28   26 150  112  +12  151  +40  151   40  19  0  0 L3P 2B
G29 FF 61042 151000  780 689  689    +3997029    -73           5     -9   19  60   87   +4  112  +16  112   16  13  0  0 L3P F5
G31 FF 61042 151000  780 497 2710    +1747702    -25         -10     -5   17   1  106   +0  150   +8  150    8  12  0  0 L3P C7
G04 FF 61042 152600  780 104 3158     -356238    -55          -2    -30   36  73  434  +55  304  +42  304   42  26  0  0 L3P 14
G05 FF 61042 152600  780 221  786    +2265857     -8          16    -15   27  78  214  -28  172   -3  172   -3  22  0  0 L3P 06
G16 FF 61042 152600  780 168 2962    -1798112    -58          24    +20   39  75  279 -108  250  -68  250  -68  29  0  0 L3P 7B
G18 FF 61042 152600  780 416 1774    +4612370   -149          26    -51   28  86  122  -19  160  +34  160   34  21  0  0 L3P 49
G20 FF 61042 152600  780 191  444    -3618393    -23         -12    -24   34  38  245  +20  147   +0  147    0  28  0  0 L3P FF
G21 FF 61042 152600  780 163  474    -3714355    -98           7     -9   35  46  284   +0  144  -14  144  -14  28  0  0 L3P 07
G25 FF 61042 152600  780 302 1265    -4524288     -5          -2    -28   27  69  160  +34  200  +60  200   60  21  0  0 L3P 0B
G26 FF 61042 152600  780 518 2917    +3048612    +81          23    +19   19   2  103  -10  136  -28  136  -28  14  0  0 L3P 2B
G28 FF 61042 152600  780 395 2160    +6164310    -24           6    +22   27 150  127  +18  164   +4  164    4  20  0  0 L3P 00
G29 FF 61042 152600  780 615  691    +3996965    -42           1    +21   29  60   92   +7  114   -2  114   -2  19  0  0 L3P E1
G31 FF 61042 152600  780 489 2595    +1747695    -88           2    -68   21   1  107   +3  143  +67  143   67  16  0  0 L3P 1C
G05 FF 61042 154200  780 245  713    +2265871     -8          23    -14   23  78  194  -14  145  -10  145  -10  18  0  0 L3P 18
G16 FF 61042 154200  780 234 2980    -1798179   -136          32    -59   37  75  203  -57  203  -26  203  -26  26  0  0 L3P 6B
G18 FF 61042 154200  780 492 1754    +4612271   -122          21    -24   29  86  107  -13  150   -9  150   -9  20  0  0 L3P 29
G20 FF 61042 154200  780 169  382    -3618387    -31          -7    -32   32  38  274  +42  128  +13  128   13  25  0  0 L3P 1F
G21 FF 61042 154200  780 157  407    -3714455    -94          -8     -5   37  46  293  +20  129  -21  129  -21  30  0  0 L3P 1A
G25 FF 61042 154200  780 235 1296    -4524269    +67          -5    +45   25  69  201  +55  224  -10  224  -10  22  0  0 L3P 36
G26 FF 61042 154200  780 586 2876    +3048660    +69          11     +8   19   2   95   -7  132  -23  132  -23  13  0  0 L3P 03
G28 FF 61042 154200  780 328 2115    +6164262    -80           2    -33   39 150  149  +28  189  +55  189   55  30  0  0 L3P 45
G29 FF 61042 154200  780 543  710    +3996888    -49         -14    +15   20  60   99   +9  125   -3  125   -3  14  0  0 L3P 07
G31 FF 61042 154200  780 462 2489    +1747672     +8          -1    +29   27   1  112   +7  156   -9  156   -9  20  0  0 L3P EB
G05 FF 61042 155800  780 257  636    +2265864     +7          10     +0   32  78  185   -4  136  -30  136  -30  22  0  0 L3P F8
G16 FF 61042 155800  780 303 2992    -1798280   -108           5    -30   30  75  160  -35  188  -17  188  -17  23  0  0 L3P 5B
G18 FF 61042 155800  780 569 1720    +4612165   -112           9    -14   19  86   97   -9  140   -8  140   -8  12  0  0 L3P 0D
G20 FF 61042 155800  780 138  326    -3618408    +83         -29    +81   43  38  333  +85  110  -94  110  -94  32  0  0 L3P 47
G21 FF 61042 155800  780 141  344    -3714542   -120          -9    -32   32  46  326  +50  105  -18  105  -18  23  0  0 L3P 2B
G25 FF 61042 155800  780 169 1325    -4524240    +46           2    +23   26  69  275 +103  227  -19  227  -19  19  0  0 L3P 4E
G26 FF 61042 155800  780 648 2794    +3048714    +37           7    -24   18   2   89   -4  120   -5  120   -5  11  0  0 L3P DF
G28 FF 61042 155800  780 259 2080    +6164219    -96           4    -49   29 150  184  +46  222  +73  222   73  23  0  0 L3P 4A
G29 FF 61042 155800  780 473  736    +3996832    -35          -9    +29   27  60  110  +13  114  -26  114  -26  21  0  0 L3P 37
G31 FF 61042 155800  780 419 2401    +1747661     +0           8    +21   21   1  121  +12  156   -6  156   -6  16  0  0 L3P D1
G05 FF 61042 161400  780 256  559    +2265869    +11           7     +4   30  89  186   +5  115  -20  115  -20  21  0  0 L3P F5
G16 FF 61042 161400  780 373 2995    -1798352    -87           5    -10   23  76  134  -23  150  -23  150  -23  15  0  0 L3P 38
G18 FF 61042 161400  780 641 1655    +4612069    -97           6     +1   15  87   90   -6  120  -24  120  -24  11  0  0 L3P F4
G21 FF 61042 161400  780 114  287    -3714606   -106          11    -17   40  46  399 +107   52  -29   52  -29  34  0  0 L3P 32
G25 FF 61042 161400  780 105 1350    -4524244    -59         -23    -82   38  70  433 +253  235  +49  235   49  30  0  0 L3P 57
G26 FF 61042 161400  780 695 2645    +3048775    +69           4     +8   17  39   86   -2  111  -11  111  -11  12  0  0 L3P FD
G28 FF 61042 161400  780 191 2051    +6164170    -18          -1    +28   29 151  245  +84  250  +10  250   10  23  0  0 L3P 28
G29 FF 61042 161400  780 404  767    +3996756    -88         -26    -24   22  64  124  +18  122  +15  122   15  15  0  0 L3P 3E
G31 FF 61042 161400  780 367 2330    +1747640    +10           4    +30   25  12  135  +18  165   -7  165   -7  18  0  0 L3P FC
G05 FF 61042 163000  780 241  485    +2265888    +14          18     +7   30  89  196  +16   82  -19   82  -19  22  0  0 L3P 0E
G16 FF 61042 163000  780 443 2985    -1798440    -75          -9     +2   19  76  116  -15  130  -34  130  -34  15  0  0 L3P 34
G18 FF 61042 163000  780 704 1530    +4611979   -112          10    -14   20  87   86   -3   98   -7   98   -7  13  0  0 L3P F6
G23 FF 61042 163000  780 134 1465    -5941527    +87          -5   +138   53  81  347 -167  201 -157  201 -157  38  0  0 L3P 95
G26 FF 61042 163000  780 714 2424    +3048843    +57          13     -4   20  39   85   +0   95   -9   95   -9  12  0  0 L3P CE
G27 FF 61042 163000  780 159 2683     +110816    +72          37     +3   33  21  294 -114  253  -62  253  -62  27  0  0 L3P 2D
G28 FF 61042 163000  780 125 2025    +6164117   -101          -9    -55   39 151  368 +189  281  +59  281   59  29  0  0 L3P 7D
G29 FF 61042 163000  780 338  801    +3996713    -45          -8    +19   27  64  145  +25   95  -29   95  -29  20  0  0 L3P 28
G31 FF 61042 163000  780 308 2273    +1747618    -24           1     -3   30  12  157  +28  179  +11  179   11  22  0  0 L3P 03
G05 FF 61042 164600  780 214  419    +2265906    +61          30    +55   27  89  219  +32   64  -62   64  -62  21  0  0 L3P 13
G16 FF 61042 164600  780 513 2957    -1798515    -61          -9    +17   19  76  104  -10  102  -39  102  -39  14  0  0 L3P 4B
G18 FF 61042 164600  780 744 1305    +4611897    -73          22    +25   19  87   84   -1   70  -38   70  -38  13  0  0 L3P 11
G23 FF 61042 164600  780 199 1434    -5941572    +30          -1    +81   29  81  237  -77  167  -96  167  -96  23  0  0 L3P 65
G26 FF 61042 164600  780 696 2200    +3048900    +29          11    -32   23  39   86   +2   85   +2   85    2  16  0  0 L3P C9
G27 FF 61042 164600  780 222 2719     +110894    +28          48    -41   31  21  214  -60  181  -49  181  -49  24  0  0 L3P 35
G29 FF 61042 164600  780 274  837    +3996659   -100          -1    -37   30  64  175  +38   86  +23   86   23  22  0  0 L3P 2B
G31 FF 61042 164600  780 247 2228    +1747598    +14           1    +34   32  12  192  +46  192  -27  192  -27  24  0  0 L3P 38
G05 FF 61042 170200  780 177  362    +2265910    -27          28    -34   34  89  263  +61   53  +15   53   15  26  0  0 L3P 03
G16 FF 61042 170200  780 580 2900    -1798582    -96          -2    -18   19  76   95   -7   75   -8   75   -8  13  0  0 L3P FC
G18 FF 61042 170200  780 743 1016    +4611794   -122          13    -24   23  87   84   +1   62   -6   62   -6  16  0  0 L3P E4
G23 FF 61042 170200  780 265 1398    -5941610    -94          10    -43   32  81  181  -43  121  +13  121   13  26  0  0 L3P 24
G26 FF 61042 170200  780 648 2042    +3048960    +63          12     +2   23  39   89   +4   74  -24   74  -24  15  0  0 L3P EA
G27 FF 61042 170200  780 286 2755     +110939    +81          27    +12   27  21  169  -37  128  -67  128  -67  21  0  0 L3P 41
G29 FF 61042 170200  780 211  873    +3996586   -133         -13    -69   30  64  222  +63   92  +43   92   43  24  0  0 L3P 2F
G31 FF 61042 170200  780 185 2190    +1747595    +22          17    +42   34  12  253  +83  188  -28  188  -28  28  0  0 L3P 53
G05 FF 61042 171800  780 132  316    +2265913    +12          24     +5   30  89  348 +126   41  -39   41  -39  23  0  0 L3P 07
G16 FF 61042 171800  780 636 2797    -1798655   -101          -2    -24   23  76   90   -4   58   -4   58   -4  16  0  0 L3P 04
G18 FF 61042 171800  780 701  806    +4611707    -42          19    +56   15  87   86   +3   46  -49   46  -49  11  0  0 L3P 01
G23 FF 61042 171800  780 331 1355    -5941650    -25          19    +26   23  81  148  -27   86  -42   86  -42  17  0  0 L3P 30
G26 FF 61042 171800  780 584 1948    +3049018    +29          11    -32   24  39   95   +7   66  +13   66   13  17  0  0 L3P 01
G27 FF 61042 171800  780 353 2790     +111005    +45          27    -24   25  21  140  -24   80  -21   80  -21  21  0  0 L3P ED
G29 FF 61042 171800  780 151  910    +3996528    -15         -10    +49   38  64  306 +120   96  -24   96  -24  27  0  0 L3P 42
G31 FF 61042 171800  780 123 2156    +1747524    -38         -34    -17   37  12  372 +180  242  +29  242   29  31  0  0 L3P 53
G10 FF 61042 173400  780 152 1643    +5793997     +3          24    -29   27  15  307 -140  110  -31  110  -31  21  0  0 L3P 30
G16 FF 61042 173400  780 673 2633    -1798736   -101          -9    -23   18  76   88   -2   53  +11   53   11  13  0  0 L3P 07
G18 FF 61042 173400  780 640  698    +4611608   -115          15    -18   23  87   90   +5   40   -1   40   -1  18  0  0 L3P D6
G23 FF 61042 173400  780 393 1300    -5941712    -11           7    +40   23  81  128  -17   73  -49   73  -49  18  0  0 L3P 13
G26 FF 61042 173400  780 514 1893    +3049065    +56          -1     -5   18  39  103  +11   73   -1   73   -1  15  0  0 L3P DC
G27 FF 61042 173400  780 422 2823     +111047    +80           2    +11   18  21  120  -17   71  -33   71  -33  15  0  0 L3P D8
G07 FF 61042 175000  780 112 3303    +1297837   +123           2    +71   46  41  406  -83   48  -58   48  -58  35  0  0 L3P 2A
G08 FF 61042 175000  780 178 2849    -5085540   +184          15   +144   57  63  264  -93  109 -166  109 -166  40  0  0 L3P AA
G10 FF 61042 175000  780 222 1625    +5794010    -31           6    -63   31  15  214  -67   89  +32   89   32  25  0  0 L3P FB
G16 FF 61042 175000  780 679 2428    -1798811    -73          -9     +4   21  76   87   +1   47   -4   47   -4  14  0  0 L3P DC
G18 FF 61042 175000  780 572  648    +4611504    -56           4    +42   21  87   96   +8   39  -38   39  -38  15  0  0 L3P F3
G23 FF 61042 175000  780 450 1229    -5941765    -43           3     +8   27  81  114  -11   61  -17   61  -17  20  0  0 L3P F4
G26 FF 61042 175000  780 441 1860    +3049132    +99           7    +38   24  39  116  +16   71  -26   71  -26  21  0  0 L3P 0F
G27 FF 61042 175000  780 493 2853     +111120    +63           8     -6   19  21  107  -12   53   -4   53   -4  13  0  0 L3P B1
G07 FF 61042 180600  780 131 3246    +1297894    +52           9     +0   31  43  351  -37   39   +3   39    3  24  0  0 L3P CB
G08 FF 61042 180600  780 242 2876    -5085479    +20          36    -20   37  69  197  -52   60   -5   60   -5  29  0  0 L3P 15
G10 FF 61042 180600  780 295 1605    +5794042    +34           4     +3   27  16  164  -38   75  -20   75  -20  19  0  0 L3P FB
G15 FF 61042 180600  780 125  629    -3729870   -142         -24   -107   45   1  367  -67   57  +59   57   59  34  0  0 L3P 43
G16 FF 61042 180600  780 651 2242    -1798883   -118          -9    -41   18  77   89   +3   45  +32   45   32  14  0  0 L3P 14
G18 FF 61042 180600  780 501  631    +4611409    -94           2     +4   22  88  105  +11   36  -13   36  -13  15  0  0 L3P D6
G23 FF 61042 180600  780 496 1137    -5941816    -58           1     -7   19  82  106   -6   54   -4   54   -4  14  0  0 L3P D6
G26 FF 61042 180600  780 368 1839    +3049198    +47           5    -15   31  41  135  +24   68  +12   68   12  25  0  0 L3P 0D
G27 FF 61042 180600  780 566 2878     +111178    +59           0    -10   17  36   97   -9   50  -15   50  -15  12  0  0 L3P DF
G07 FF 61042 182200  780 139 3185    +1297948    +71          12    +19   29  43  330   -9   42  -17   42  -17  23  0  0 L3P 17
G08 FF 61042 182200  780 308 2900    -5085451    +58          26    +18   29  69  158  -32   52  -34   52  -34  22  0  0 L3P 2A
G10 FF 61042 182200  780 368 1579    +5794069   +105           1    +74   26  16  135  -24   68  -65   68  -65  20  0  0 L3P 37
G15 FF 61042 182200  780 143  562    -3729896    -11         -15    +24   36   1  323  -29   33  -27   33  -27  28  0  0 L3P 0E
G16 FF 61042 182200  780 599 2112    -1798952    -98          -4    -20   23  77   93   +6   40  +16   40   16  19  0  0 L3P FE
G18 FF 61042 182200  780 431  631    +4611311    -93          -2     +5   22  88  118  +16   40  -11   40  -11  16  0  0 L3P D7
G23 FF 61042 182200  780 526 1025    -5941863    -50           2     +1   23  82  102   -3   40   -5   40   -5  16  0  0 L3P AB
G26 FF 61042 182200  780 296 1825    +3049255    +25           3    -37   27  41  163  +37   70  +22   70   22  19  0  0 L3P FF
G27 FF 61042 182200  780 641 2893     +111238    +61          -6     -8   17  36   90   -6   43   -2   43   -2  11  0  0 L3P A5
G07 FF 61042 183800  780 138 3122    +1297996     -6          10    -58   34  43  333  +16   32  +35   32   35  26  0  0 L3P 07
G08 FF 61042 183800  780 376 2918    -5085426    -19          12    -58   24  69  132  -22   42  +33   42   33  16  0  0 L3P 23
G10 FF 61042 183800  780 440 1543    +5794100    +45           2    +13   23  16  116  -16   63  -23   63  -23  16  0  0 L3P F7
G15 FF 61042 183800  780 150  493    -3729924    -12         -10    +24   34   1  307   -4   28   -4   28   -4  26  0  0 L3P CF
G16 FF 61042 183800  780 533 2030    -1799048   -115         -26    -37   29  77  101   +9   57  +39   57   39  23  0  0 L3P 3B
G18 FF 61042 183800  780 362  643    +4611210    -81          -9    +17   28  88  136  +23   39  -15   39  -15  20  0  0 L3P 10
G23 FF 61042 183800  780 536  899    -5941904    -45          11     +6   17  82  100   +0   26  -19   26  -19  12  0  0 L3P F4
G26 FF 61042 183800  780 225 1814    +3049321    +38          10    -23   32  41  210  +63   71  +26   71   26  25  0  0 L3P FE
G27 FF 61042 183800  780 717 2887     +111315    +70           4     +0   16  36   85   -4   32  -11   32  -11  11  0  0 L3P B3
G02 FF 61042 185400  780 161 2513      -80496    -45         -31    +38   32  96  291 -113  113  -72  113  -72  22  0  0 L3P 36
G07 FF 61042 185400  780 126 3059    +1298051    +21          15    -31   30  43  362  +47   28  +10   28   10  22  0  0 L3P FB
G08 FF 61042 185400  780 447 2929    -5085400    +44           0     +4   20  69  115  -15   36  -10   36  -10  16  0  0 L3P F2
G10 FF 61042 185400  780 511 1491    +5794138    +34           8     +3   24  16  104  -10   49   -2   49   -2  19  0  0 L3P D1
G15 FF 61042 185400  780 146  424    -3729936   -101          12    -66   33   1  315  +21   16  +56   16   56  25  0  0 L3P FE
G16 FF 61042 185400  780 462 1979    -1799114    -83         -17     -6   34  77  112  +14   57   +7   57    7  28  0  0 L3P 0E
G18 FF 61042 185400  780 295  662    +4611129    -96           4     +2   26  88  163  +34   26   -5   26   -5  20  0  0 L3P D1
G23 FF 61042 185400  780 524  776    -5941975    -83         -11    -31   19  82  102   +3   32  +25   32   25  15  0  0 L3P FF
G26 FF 61042 185400  780 157 1804    +3049372    +15           2    -47   29  41  295 +124   78  +54   78   54  19  0  0 L3P 2B
G27 FF 61042 185400  780 792 2816     +111371    +97          -6    +28   15  36   82   -2   41  -13   41  -13  11  0  0 L3P DE
G02 FF 61042 191000  780 224 2551      -80569   -153         -24    -70   29  96  212  -59   72  +31   72   31  21  0  0 L3P 08
G07 FF 61042 191000  780 105 2997    +1298107    +52          20     -1   40  43  430 +101   19   +6   19    6  31  0  0 L3P D8
G08 FF 61042 191000  780 518 2927    -5085364    -10          -2    -49   15  69  103  -11   29  +30   29   30  11  0  0 L3P 07
G10 FF 61042 191000  780 575 1413    +5794144    +89         -16    +57   21  16   96   -7   58  -44   58  -44  15  0  0 L3P 1F
G15 FF 61042 191000  780 130  359    -3729962    +18          20    +53   26   1  350  +55   21  -43   21  -43  22  0  0 L3P E8
G16 FF 61042 191000  780 390 1945    -1799189    -65         -18    +12   16  77  128  +21   60   +7   60    7  15  0  0 L3P 0D
G18 FF 61042 191000  780 230  686    +4611022   -122          -9    -24   33  88  205  +55   41  +16   41   16  25  0  0 L3P FD
G23 FF 61042 191000  780 491  673    -5942020    -59          -7     -8   18  82  107   +7   27   +3   27    3  13  0  0 L3P B7
G27 FF 61042 191000  780 851 2409     +111450    +74           6     +5   15  36   81   +0   33   -7   33   -7  10  0  0 L3P 8A
G02 FF 61042 192600  780 288 2591      -80651    -75         -27     +8   25  96  168  -36   55  -18   55  -18  20  0  0 L3P 15
G08 FF 61042 192600  780 589 2907    -5085328    +21          -5    -19   14  69   94   -7   27   +7   27    7  11  0  0 L3P E5
G10 FF 61042 192600  780 627 1295    +5794175    +45         -15    +13   21  16   91   -4   49  -14   49  -14  16  0  0 L3P 12
G15 FF 61042 192600  780 105  299    -3730004    -16          12    +19   35   1  432 +122   40  +31   40   31  30  0  0 L3P DA
G16 FF 61042 192600  780 317 1922    -1799247    -77          -2     +0   27  77  153  +32   48   +3   48    3  22  0  0 L3P E6
G18 FF 61042 192600  780 167  714    +4610940    -96           2     +1   38  88  278 +101   44   +9   44    9  26  0  0 L3P DE
G23 FF 61042 192600  780 444  595    -5942073    -24         -11    +27   22  82  115  +11   33   -8   33   -8  16  0  0 L3P F4
G27 FF 61042 192600  780 821 1695     +111514    +13           4    -56   13  36   82   +1   28  +36   28   36   8  0  0 L3P B8
G02 FF 61042 194200  780 353 2632      -80717    -67         -13    +16   22  96  140  -23   36  -12   36  -12  17  0  0 L3P FD
G08 FF 61042 194200  780 658 2850    -5085304    +30         -18     -9   22  69   89   -5   35   +5   35    5  14  0  0 L3P D8
G10 FF 61042 194200  780 657 1130    +5794218    +31          -3     -1   12  16   89   -1   36   +3   36    3   7  0  0 L3P 95
G16 FF 61042 194200  780 245 1905    -1799339   -101         -20    -24   31  77  193  +53   70  +24   70   24  24  0  0 L3P 33
G23 FF 61042 194200  780 388  541    -5942126    -83         -15    -32   25  82  129  +17   40  +27   40   27  19  0  0 L3P 16
G27 FF 61042 194200  780 748 1545     +111564    +58         -13    -11   14  36   84   +3   42   +2   42    2  10  0  0 L3P B2
G01 FF 61042 195800  780 105 2570    -3473693    -24          11    -55   39  33  438 -244   72  +25   72   25  30  0  0 L3P 2C
G02 FF 61042 195800  780 419 2674      -80801    -83         -18     +0   28  96  121  -16   46   +9   46    9  19  0  0 L3P DB
G08 FF 61042 195800  780 718 2726    -5085265    +14         -18    -26   18  69   85   -3   37  +14   37   14  12  0  0 L3P 16
G10 FF 61042 195800  780 657  944    +5794229     +7         -22    -25   19  16   89   +1   47  +20   47   20  13  0  0 L3P E8
G16 FF 61042 195800  780 176 1891    -1799416    -75         -23     +2   41  77  264 +100   80   +5   80    5  35  0  0 L3P 0F
G23 FF 61042 195800  780 326  507    -5942163    +27          -3    +78   29  82  149  +27   34  -52   34  -52  20  0  0 L3P 19
G27 FF 61042 195800  780 670 1514     +111631    +57         -13    -12   15  36   88   +5   39  +13   39   13  11  0  0 L3P E2
G32 FF 61042 195800  780 149 1289    +1805636   -218           9    -51   35  99  313 -124   73  +26   73   26  27  0  0 L3P 45
G01 FF 61042 201400  780 165 2607    -3473663    +38          13     +7   26  34  284 -104   65  -22   65  -22  19  0  0 L3P 1B
G02 FF 61042 201400  780 485 2718      -80884    -97         -11    -14   21   2  108  -12   45  +10   45   10  16  0  0 L3P D5
G08 FF 61042 201400  780 754 2488    -5085213    +39          -1     -1   23  96   84   -1   25   +8   25    8  15  0  0 L3P B8
G10 FF 61042 201400  780 629  785    +5794272    +44         -10    +13   23  16   91   +3   36   +0   36    0  16  0  0 L3P B2
G16 FF 61042 201400  780 109 1877    -1799459   -108           6    -30   38  78  417 +242   66  +12   66   12  27  0  0 L3P 3D
G23 FF 61042 201400  780 262  489    -5942216    -33         -12    +18   35  83  182  +43   29   -4   29   -4  26  0  0 L3P FA
G27 FF 61042 201400  780 591 1513     +111698    +79          -6    +10   21  40   94   +8   47   +4   47    4  15  0  0 L3P AC
G32 FF 61042 201400  780 208 1246    +1805481   -225          12    -58   32 100  228  -63   70  +35   70   35  27  0  0 L3P 24
G01 FF 61042 203000  780 226 2645    -3473619    +17          28    -14   21  34  210  -56   49   +4   49    4  16  0  0 L3P E5
G02 FF 61042 203000  780 553 2764      -80959    -80          -7     +3   23   2   98   -8   35   -1   35   -1  16  0  0 L3P 88
G08 FF 61042 203000  780 747 2189    -5085192    +21         -19    -19   11  96   84   +1   36  +30   36   30   8  0  0 L3P EC
G10 FF 61042 203000  780 579  676    +5794293    +45         -20    +14   22  16   95   +6   43   -9   43   -9  14  0  0 L3P DA
G14 FF 61042 203000  780 120 3272    -7262372    -57          17    -32   38  44  384 -134   60  -24   60  -24  30  0  0 L3P 22
G23 FF 61042 203000  780 197  482    -5942242     -8          11    +43   36  83  238  +77   14  -40   14  -40  27  0  0 L3P F8
G27 FF 61042 203000  780 513 1522     +111769    +57          -2    -12   25  40  103  +12   48  +11   48   11  19  0  0 L3P D7
G32 FF 61042 203000  780 265 1196    +1805314   -209           6    -42   26 100  181  -36   71  +26   71   26  19  0  0 L3P 16
G01 FF 61042 204600  780 288 2684    -3473580    +65          37    +34   38  34  168  -35   28  -42   28  -42  26  0  0 L3P 36
G02 FF 61042 204600  780 621 2811      -81044    -70         -12    +13   19   2   91   -6   43   -9   43   -9  13  0  0 L3P 99
G08 FF 61042 204600  780 700 1981    -5085149    +38         -14     -1   21  96   86   +3   39   +6   39    6  14  0  0 L3P D1
G10 FF 61042 204600  780 519  610    +5794329    +54         -14    +22   27  16  103   +9   39  -11   39  -11  20  0  0 L3P F8
G14 FF 61042 204600  780 158 3224    -7262392    -18          21     +7   30  44  294  -64   33  -25   33  -25  22  0  0 L3P 08
G23 FF 61042 204600  780 132  484    -5942347    -21         -45    +30   53  83  348 +166   59   -9   59   -9  41  0  0 L3P 1F
G27 FF 61042 204600  780 436 1535     +111826    +65         -11     -5   22  40  117  +17   60  +12   60   12  16  0  0 L3P DB
G32 FF 61042 204600  780 318 1138    +1805146   -201          -2    -34   17 100  153  -23   63  +20   63   20  15  0  0 L3P 0A
G01 FF 61042 210200  780 352 2722    -3473572     -3          15    -33   27  34  140  -23   37  +11   37   11  18  0  0 L3P E3
G02 FF 61042 210200  780 690 2863      -81104    -35           7    +48   19   2   87   -4   33  -30   33  -30  14  0  0 L3P A2
G08 FF 61042 210200  780 634 1874    -5085119    +52         -23    +12   17  96   90   +6   46   +2   46    2  13  0  0 L3P D0
G10 FF 61042 210200  780 453  575    +5794343    -32         -31    -64   19  16  113  +14   56  +53   56   53  14  0  0 L3P 05
G14 FF 61042 210200  780 189 3167    -7262424    -45          13    -19   42  44  248  -33   33  +10   33   10  31  0  0 L3P 00
G22 FF 61042 210200  780 113 3301     +631067    -39          -6     +2   56   2  404 -144   92  -39   92  -39  38  0  0 L3P EC
G27 FF 61042 210200  780 361 1549     +111886    +52         -19    -17   19  40  137  +25   68  +16   68   16  16  0  0 L3P 12
G32 FF 61042 210200  780 364 1068    +1804966   -161         -21     +6   19 100  136  -14   66  -13   66  -13  14  0  0 L3P 2D
G01 FF 61042 211800  780 418 2761    -3473547    +46          11    +15   22  34  121  -16   31  -21   31  -21  19  0  0 L3P 03
G02 FF 61042 211800  780 760 2925      -81184   -114           7    -31   22   2   83   -3   34  +17   34   17  15  0  0 L3P A9
G03 FF 61042 211800  780 114 2241    -6086678    +88          20     -7   39  35  407 -234   75   +3   75    3  29  0  0 L3P FC
G08 FF 61042 211800  780 561 1819    -5085077    +49         -18     +9   22  96   97   +9   47   -5   47   -5  16  0  0 L3P F8
G10 FF 61042 211800  780 386  560    +5794370    +56         -34    +24   20  16  129  +20   58  -12   58  -12  16  0  0 L3P 13
G14 FF 61042 211800  780 209 3103    -7262451    -67          10    -42   31  44  225  -16   31  +37   31   37  20  0  0 L3P F9
G22 FF 61042 211800  780 150 3253     +631022     -2         -11    +38   27   2  308  -67   63  -44   63  -44  21  0  0 L3P DD
G27 FF 61042 211800  780 288 1563     +111942     +2         -29    -67   25  40  167  +39   80  +54   80   54  18  0  0 L3P 06
G32 FF 61042 211800  780 400  986    +1804816   -173         -11     -6   18 100  126   -8   50   -5   50   -5  14  0  0 L3P E6
G01 FF 61042 213400  780 485 2798    -3473521    -67           8    -98   30  34  108  -12   29  +58   29   58  21  0  0 L3P 1B
G02 FF 61042 213400  780 830 3028      -81265    -64           6    +19   19   2   81   -1   32  -13   32  -13  13  0  0 L3P 9A
G03 FF 61042 213400  780 180 2271    -6086585    +53          21    -43   45  35  261  -97   60  +32   60   32  38  0  0 L3P 10
G08 FF 61042 213400  780 486 1791    -5085053    +44         -33     +4   26  96  108  +13   66   +0   66    0  20  0  0 L3P E4
G10 FF 61042 213400  780 318  558    +5794416    +75         -19    +43   24  16  153  +30   49  -24   49  -24  19  0  0 L3P 24
G14 FF 61042 213400  780 218 3034    -7262488    +12          -3    +37   33  44  216   -3   39  -29   39  -29  23  0  0 L3P 0B
G22 FF 61042 213400  780 179 3197     +630999    -57           5    -16   45   2  261  -34   39   +1   39    1  32  0  0 L3P C4
G27 FF 61042 213400  780 217 1576     +112048    +41          11    -28   28  40  217  +68   52  +13   52   13  21  0  0 L3P E7
G32 FF 61042 213400  780 422  894    +1804641   -147         -25    +20   25 100  120   -4   56  -26   56  -26  19  0  0 L3P 1D
G01 FF 61042 215000  780 555 2834    -3473494    +58           5    +27   17  34   98   -9   31  -30   31  -30  12  0  0 L3P E8
G02 FF 61042 215000  780 885  344      -81341    -97           9    -14   15   2   81   +0   28  +11   28   11  10  0  0 L3P 7E
G03 FF 61042 215000  780 248 2304    -6086504    +82          10    -13   36  35  193  -52   64   -8   64   -8  27  0  0 L3P FA
G08 FF 61042 215000  780 411 1775    -5085002    +34         -20     -5   28  96  123  +19   64  +17   64   17  22  0  0 L3P 03
G10 FF 61042 215000  780 252  567    +5794447     -4         -19    -36   34  16  189  +47   53  +32   53   32  28  0  0 L3P 08
G14 FF 61042 215000  780 215 2962    -7262488    -91          21    -66   35  44  219   +9   22  +51   22   51  27  0  0 L3P 03
G17 FF 61042 215000  780 101 3171     +204578    +40         -34    -79   25 188  455 -269   80  +48   80   48  21  0  0 L3P 3B
G22 FF 61042 215000  780 197 3134     +630979    -62          24    -21   28   2  238  -16   22  +15   22   15  21  0  0 L3P DD
G27 FF 61042 215000  780 148 1587     +112094    +11         -10    -58   38  40  312 +140   80  +55   80   55  30  0  0 L3P 09
G32 FF 61042 215000  780 429  796    +1804487   -171         -19     -4   36 100  119   +0   54   -7   54   -7  26  0  0 L3P FB
G01 FF 61042 220600  780 626 2867    -3473478    +46          -7    +15   18  35   91   -6   38  -11   38  -11  12  0  0 L3P FE
G02 FF 61042 220600  780 824 1066      -81423   -101           5    -18   19   3   82   +1   33  +12   33   12  13  0  0 L3P 92
G03 FF 61042 220600  780 317 2340    -6086450    +88         -25     -7   29  69  154  -31   78   +1   78    1  22  0  0 L3P F0
G08 FF 61042 220600  780 336 1767    -5084974    +53         -24    +13   35   2  145  +29   81   +5   81    5  27  0  0 L3P F2
G10 FF 61042 220600  780 187  582    +5794499   +107          -4    +75   31  19  249  +84   29  -52   29  -52  26  0  0 L3P 37
G14 FF 61042 220600  780 200 2892    -7262531     -8           4    +17   43  45  234  +23   39   -8   39   -8  34  0  0 L3P D9
G17 FF 61042 220600  780 162 3162     +204731    +96           2    -23   24   0  289 -107   43  -21   43  -21  17  0  0 L3P E3
G22 FF 61042 220600  780 204 3067     +630922    -20           5    +21   34   3  229   -2   33  -16   33  -16  23  0  0 L3P B4
G32 FF 61042 220600  780 418  702    +1804342   -141          -3    +26   26 100  121   +5   41   -4   41   -4  17  0  0 L3P CB
G01 FF 61042 222200  780 698 2895    -3473447    +45          -5    +14   14  35   86   -4   38  -12   38  -12  10  0  0 L3P FC
G02 FF 61042 222200  780 753 1160      -81494   -149          14    -66   17   3   84   +3   28  +45   28   45  12  0  0 L3P C8
G03 FF 61042 222200  780 388 2380    -6086344    +72         -11    -23   26  69  129  -21   62  +18   62   18  20  0  0 L3P 1C
G08 FF 61042 222200  780 264 1762    -5084933    +64         -21    +25   26   2  181  +47   87  -18   87  -18  19  0  0 L3P 2C
G10 FF 61042 222200  780 124  604    +5794536    +31           2     -1   59  19  369 +181   27   -7   27   -7  48  0  0 L3P DE
G14 FF 61042 222200  780 175 2824    -7262563    -98          -4    -73   44  45  266  +44   43  +61   43   61  32  0  0 L3P 18
G17 FF 61042 222200  780 221 3144     +204804   +111         -39     -8   31   0  215  -56   62   -1   62   -1  23  0  0 L3P BD
G22 FF 61042 222200  780 200 2999     +630890    -46          12     -6   37   3  234  +11   27  +14   27   14  27  0  0 L3P CE
G32 FF 61042 222200  780 391  618    +1804165   -143         -20    +24   30 100  128   +9   59  -16   59  -16  23  0  0 L3P 1C
G01 FF 61042 223800  780 772 2907    -3473428    +59         -15    +28   17  35   83   -3   43  -25   43  -25  13  0  0 L3P 12
G02 FF 61042 223800  780 681 1216      -81577    -59          11    +24   15   3   87   +5   29  -31   29  -31  10  0  0 L3P C0
G03 FF 61042 223800  780 459 2425    -6086259    +88         -17     -7   29  69  113  -14   53   -4   53   -4  22  0  0 L3P 0B
G08 FF 61042 223800  780 193 1758    -5084894    +41         -20     +1   32   2  242  +85   94  +12   94   12  26  0  0 L3P FF
G14 FF 61042 223800  780 141 2761    -7262567     +2          16    +27   31  45  325  +83   45  -13   45  -13  23  0  0 L3P 06
G17 FF 61042 223800  780 277 3115     +204926   +151         -32    +31   20   0  174  -33   48  -23   48  -23  16  0  0 L3P 08
G22 FF 61042 223800  780 185 2932     +630833    -89          -5    -48   34   3  252  +27   37  +22   37   22  27  0  0 L3P F1
G32 FF 61042 223800  780 352  550    +1804014   -198         -11    -31   27 100  140  +16   51  +24   51   24  19  0  0 L3P 10
G01 FF 61042 225400  780 847 2842    -3473398    +73         -14    +43   14  35   81   -1   40  -29   40  -29  10  0  0 L3P 07
G02 FF 61042 225400  780 608 1260      -81674    -75          -6     +8   16   3   92   +7   42   +9   42    9  12  0  0 L3P 7D
G03 FF 61042 225400  780 531 2476    -6086155    +72          -5    -23   27  69  101  -10   36  +12   36   12  19  0  0 L3P 03
G04 FF 61042 225400  780 107 1892     -356901    -27           0     -2   37  77  433 -276   89  -12   89  -12  29  0  0 L3P 10
G08 FF 61042 225400  780 125 1753    -5084846    +45         -10     +5   32   2  367 +191   93  -16   93  -16  25  0  0 L3P 21
G14 FF 61042 225400  780 101 2704    -7262599    -34           8     -9   41  45  444 +179   61   +9   61    9  32  0  0 L3P EC
G17 FF 61042 225400  780 329 3072     +205061   +186         -11    +67   23   0  149  -20   32  -58   32  -58  17  0  0 L3P 0F
G19 FF 61042 225400  780 133 3207    -6836725    +30          41    +49   29   4  349 -152   73  -49   73  -49  20  0  0 L3P 33
G22 FF 61042 225400  780 160 2868     +630794    +18          -5    +59   42   3  289  +52   42  -35   42  -35  35  0  0 L3P 01
G32 FF 61042 225400  780 304  498    +1803865   -130           1    +38   27 100  159  +25   39  -28   39  -28  20  0  0 L3P 21
G01 FF 61042 231000  780 869 1564    -3473350    +50           4    +19   14  35   81   +0   24  -15   24  -15   9  0  0 L3P C7
G02 FF 61042 231000  780 536 1299      -81764    -63         -17    +20   18   3  100  +10   53   -8   53   -8  14  0  0 L3P C0
G03 FF 61042 231000  780 604 2536    -6086076    +84         -17    -12   15  69   93   -7   42   +2   42    2  11  0  0 L3P CD
G04 FF 61042 231000  780 177 1893     -356929    -22          -4     +3   33  77  266 -107   84  -12   84  -12  25  0  0 L3P 11
G17 FF 61042 231000  780 374 3014     +205184   +155          -3    +35   28   0  133  -13   28  -27   28  -27  21  0  0 L3P EF
G19 FF 61042 231000  780 190 3182    -6836771    +74          14    +93   34   4  247  -72   66  -78   66  -78  26  0  0 L3P 31
G22 FF 61042 231000  780 127 2808     +630774    +13          14    +54   49   3  360 +101   26  -57   26  -57  30  0  0 L3P FD
G28 FF 61042 231000  780 174  867    +6163011    +21           7    +67   31 154  268  -59   52  -80   52  -80  24  0  0 L3P 10
G32 FF 61042 231000  780 249  461    +1803719   -150          15    +17   30 100  191  +42   34   -1   34   -1  23  0  0 L3P E6
G01 FF 61042 232600  780 795 1375    -3473331    +68          -6    +38   12  35   82   +2   27  -35   27  -35   9  0  0 L3P EF
G02 FF 61042 232600  780 465 1334      -81850    -82         -23     +1   22   3  111  +14   68   +6   68    6  17  0  0 L3P A4
G03 FF 61042 232600  780 677 2611    -6085991    +65         -24    -31   16  69   87   -5   38  +18   38   18  12  0  0 L3P 16
G04 FF 61042 232600  780 249 1894     -356937    -46          12    -21   23  77  192  -55   65  +17   65   17  17  0  0 L3P 1B
G17 FF 61042 232600  780 408 2940     +205296   +109          -6    -10   24   0  124   -7   32  +16   32   16  18  0  0 L3P D4
G19 FF 61042 232600  780 244 3145    -6836775     +9          28    +28   33   4  195  -40   31  -37   31  -37  23  0  0 L3P 0B
G28 FF 61042 232600  780 209  802    +6162972    -45          13     +2   31 154  225  -32   28  -10   28  -10  26  0  0 L3P FE
G31 FF 61042 232600  780 124 1117    +1747112    -59          -3    -38   72  45  374 -157  104  +15  104   15  55  0  0 L3P 3A
G32 FF 61042 232600  780 191  436    +1803550   -163           7     +5   26 100  245  +75   51  +19   51   19  23  0  0 L3P F2
G01 FF 61042 234200  780 717 1371    -3473314    +45         -19    +14   15  35   85   +4   41   -2   41   -2  10  0  0 L3P C9
G02 FF 61042 234200  780 394 1366      -81923   -127         -16    -44   21   3  127  +20   71  +44   71   44  18  0  0 L3P F0
G03 FF 61042 234200  780 748 2721    -6085899   +127         -24    +32   15  69   84   -3   35  -19   35  -19  10  0  0 L3P 2D
G04 FF 61042 234200  780 324 1897     -356962    -70          11    -45   34  77  151  -33   56  +25   56   25  25  0  0 L3P 0C
G17 FF 61042 234200  780 428 2852     +205390   +124         -26     +5   20   0  119   -3   44  -18   44  -18  18  0  0 L3P E7
G19 FF 61042 234200  780 292 3095    -6836821    +22           1    +41   27   4  165  -24   44  -31   44  -31  20  0  0 L3P F0
G28 FF 61042 234200  780 234  732    +6162908    -25          -6    +21   36 154  202  -17   34  -20   34  -20  30  0  0 L3P 03
G31 FF 61042 234200  780 175 1064    +1747107    -70          12    -50   33  45  268  -76   84  +27   84   27  26  0  0 L3P 1A
G32 FF 61042 234200  780 130  422    +1803396   -143          13    +24   49 100  352 +161   93  +59   93   59  42  0  0 L3P 2D
G01 FF 61042 235800  780 639 1388    -3473271    -24          -5    -54   19  35   90   +6   35  +43   35   43  13  0  0 L3P F3
G02 FF 61042 235800  780 324 1396      -81998    -47         -12    +36   26   3  150  +30   78  -17   78  -17  18  0  0 L3P 0A
G03 FF 61042 235800  780 813 2945    -6085821    +79         -38    -17   12  69   82   -1   47  +16   47   16   9  0  0 L3P 08
G04 FF 61042 235800  780 400 1898     -357010    -46         -13    -21   32  77  126  -21   66   +2   66    2  23  0  0 L3P DF
G06 FF 61042 235800  780 106 3052    +5980532    +76          20    +29   36  40  433 -253   78  -66   78  -66  28  0  0 L3P 4A
G09 FF 61042 235800  780 108 2082    -7696024    +22          19    +31   51  91  429 -266   74  -36   74  -36  41  0  0 L3P 46
G17 FF 61042 235800  780 432 2757     +205498   +163         -33    +44   24   0  118   +1   43  -41   43  -41  17  0  0 L3P FE
G19 FF 61042 235800  780 331 3031    -6836842    +15          -2    +34   39   4  148  -14   35  -31   35  -31  31  0  0 L3P 01
G28 FF 61042 235800  780 249  658    +6162854     -4         -15    +43   28 154  191   -6   40  -34   40  -34  20  0  0 L3P 11
G31 FF 61042 235800  780 222 1005    +1747075     +2          -1    +22   33  45  213  -42   74  -19   74  -19  25  0  0 L3P F7
