CGGTTS     GENERIC DATA FORMAT VERSION = 2E
REV DATE = 2026-01-01                    
RCVR = POLARX5-TR                    R2CGGTTS v8.8    
CH = 99 
IMS = POLARX5-TR                    
LAB = PTB                           
X = +3844059.67 m 
Y =  +709661.67 m 
Z = +5023129.80 m 
FRAME = ITRF
COMMENTS =           IGS RINEX,AUSPOS XYZ          
INT DLY =   31.0 ns (GPS P1),   28.5 ns (GPS P2)     CAL_ID = 1001-2022           
CAB DLY =  205.7 ns 
REF DLY =   56.2 ns
REF = UTC(PTB)                      
CKSUM = 5E

SAT CL  MJD  STTIME TRKL ELV AZTH   REFSV      SRSV     REFSYS    SRSYS  DSG IOE MDTR SMDT MDIO SMDI MSIO SMSI ISG FR HC FRC CK
             hhmmss  s  .1dg .1dg    .1ns     .1ps/s     .1ns    .1ps/s .1ns     .1ns.1ps/s.1ns.1ps/s.1ns.1ps/s.1ns
G01 FF 61055 001400  780 327 1478    -3438616    -64         -31   -100   29 189  149  +31   49 +102   49  102  23  0  0 L3P 64
G03 FF 61055 001400  780 661  787    -5983219    +25         -31    -78   22 106   88   +5   21  +56   21   56  15  0  0 L3P 06
G04 FF 61055 001400  780 711 1792     -382136    -41         -41    -17   17 233   85   -4   31   +0   31    0  10  0  0 L3P B6
G06 FF 61055 001400  780 376 3058    +6024531    +11         -35    -28   25  73  132  -21   23  +14   23   14  17  0  0 L3P 04
G09 FF 61055 001400  780 403 2160    -7702712     +7         -49    +12   30 162  125  -20   63  -13   63  -13  24  0  0 L3P 0E
G17 FF 61055 001400  780 297 2420     +327649   +179         -37    +64   23  84  162  +27   67  -21   67  -21  17  0  0 L3P 3B
G19 FF 61055 001400  780 348 2681    -6855989     -1         -45    +17   28  88  141  +10   44   +3   44    3  22  0  0 L3P F8
G28 FF 61055 001400  780 183  387    +6111471    -97         -17    -45   47  68  255  +53   10  +33   10   33  35  0  0 L3P 10
G31 FF 61055 001400  780 320  695    +1725839    -10         -21    +10   29  55  152   +1   31  -15   31  -15  22  0  0 L3P E7
G01 FF 61055 003000  780 255 1497    -3438567    +44         -17     +8   33 189  187  +50   51   +2   51    2  25  0  0 L3P FD
G03 FF 61055 003000  780 592  860    -5983133    +95         -44     -8   15 106   94   +7   30   -2   30   -2  11  0  0 L3P C8
G04 FF 61055 003000  780 776 1618     -382145    -34         -27    -10   21 233   83   -2   18   +6   18    6  13  0  0 L3P CB
G06 FF 61055 003000  780 441 3027    +6024572     -7         -31    -46   32  73  116  -14   17  +34   17   34  22  0  0 L3P F7
G09 FF 61055 003000  780 479 2185    -7702709     +7         -42    +12   32 162  109  -14   47  -20   47  -20  23  0  0 L3P 25
G17 FF 61055 003000  780 242 2366     +327768   +158         -30    +42   29  84  196  +44   81  -24   81  -24  21  0  0 L3P 31
G19 FF 61055 003000  780 315 2600    -6856000    +49         -38    +67   29  88  154  +17   49  -40   49  -40  21  0  0 L3P 35
G28 FF 61055 003000  780 140  339    +6111364    -50         -73     +2   46  68  328 +105   50  +11   50   11  36  0  0 L3P F2
G01 FF 61055 004600  780 184 1515    -3438542     +2         -27    -35   35 189  254  +95   78  +61   78   61  25  0  0 L3P 34
G03 FF 61055 004600  780 523  922    -5983022    +53         -33    -51   23 106  102  +10   26  +40   26   40  17  0  0 L3P FF
G04 FF 61055 004600  780 803 1229     -382175     -7         -37    +17   20 235   82   +0   23  -12   23  -12  14  0  0 L3P DE
G06 FF 61055 004600  780 502 2974    +6024597    +45         -44     +7   27  73  105   -9   26  -10   26  -10  18  0  0 L3P 0A
G09 FF 61055 004600  780 556 2212    -7702706     +7         -35    +12   39 162   98   -9   32  -16   32  -16  28  0  0 L3P 13
G11 FF 61055 004600  780 102 3160    +4739631   -277          -7   -144   37  40  452 -270   19  +80   19   80  26  0  0 L3P 44
G17 FF 61055 004600  780 184 2321     +327895   +139         -14    +23   36  84  253  +79   76  -23   76  -23  30  0  0 L3P 3B
G19 FF 61055 004600  780 272 2529    -6855991    -49         -12    -31   29  88  176  +29   49  +34   49   34  24  0  0 L3P 4E
G31 FF 61055 004600  780 286  538    +1725797     +4         -24    +24   31  55  168  +17   29  -24   29  -24  22  0  0 L3P 14
G01 FF 61055 010200  780 115 1529    -3438488   +223          -7   +187   59 189  398 +229   79 -130   79 -130  39  0  0 L3P AC
G03 FF 61055 010200  780 455  976    -5982933   +116         -43    +12   22 106  113  +14   35  -12   35  -12  16  0  0 L3P 2C
G04 FF 61055 010200  780 770  869     -382187    -27         -26     -4   15 235   83   +2   18   +5   18    5  11  0  0 L3P B5
G06 FF 61055 010200  780 554 2890    +6024639    +63         -39    +24   18  73   98   -6   27  -12   27  -12  14  0  0 L3P 11
G09 FF 61055 010200  780 633 2239    -7702717    +16         -42    +21   26 162   90   -6   33  -22   33  -22  18  0  0 L3P 0D
G11 FF 61055 010200  780 164 3153    +4739489   -137         -21     -4   48  40  286 -107   17   -6   17   -6  31  0  0 L3P 1D
G17 FF 61055 010200  780 125 2280     +328029   +149           9    +33   59  84  366 +168   70   -4   70   -4  45  0  0 L3P 03
G19 FF 61055 010200  780 222 2468    -6856017    -22         -21     -4   31  88  213  +49   75  +11   75   11  25  0  0 L3P 09
G31 FF 61055 010200  780 251  474    +1725792    -24          -9     -4   29  55  190  +29   20   -2   20   -2  24  0  0 L3P C3
G03 FF 61055 011800  780 388 1026    -5982838   +134         -47    +30   22 106  129  +19   45   -7   45   -7  16  0  0 L3P 39
G04 FF 61055 011800  780 706  721     -382220    -29         -36     -5   22 235   86   +4   25   -4   25   -4  14  0  0 L3P B5
G06 FF 61055 011800  780 590 2770    +6024697    +39         -18     +1   26  73   94   -3   17   -7   17   -7  17  0  0 L3P E5
G07 FF 61055 011800  780 132 1780    +1353838    +37          -5    -15   27   0  353 -183   72   +9   72    9  23  0  0 L3P EE
G09 FF 61055 011800  780 712 2265    -7702716    -27         -36    -23   15 162   85   -4   26  +21   26   21  10  0  0 L3P 06
G11 FF 61055 011800  780 225 3137    +4739338   -189         -45    -56   36  40  211  -56   38  +45   38   45  22  0  0 L3P 42
G19 FF 61055 011800  780 167 2414    -6856017    +33          -3    +51   45  88  278  +91   73  -13   73  -13  32  0  0 L3P 29
G31 FF 61055 011800  780 206  422    +1725776    -45          -5    -24   42  55  228  +52   18  +22   18   22  34  0  0 L3P F3
G03 FF 61055 013400  780 322 1072    -5982722   +111         -30     +7   21 106  151  +28   41  +12   41   12  17  0  0 L3P 07
G04 FF 61055 013400  780 635  670     -382244    +19         -37    +42   24 235   90   +6   25  -31   25  -31  15  0  0 L3P EA
G06 FF 61055 013400  780 603 2622    +6024711    +74         -40    +36   14  73   93   +0   32  -17   32  -17  10  0  0 L3P EB
G07 FF 61055 013400  780 201 1770    +1353879   +184         -14   +131   30   0  235  -81   73 -125   73 -125  24  0  0 L3P 53
G09 FF 61055 013400  780 790 2284    -7702722    -21         -38    -16   20 162   82   -2   26  +23   26   23  14  0  0 L3P 05
G11 FF 61055 013400  780 284 3110    +4739196   -102         -59    +31   37  40  170  -33   43  -16   43  -16  27  0  0 L3P 33
G26 FF 61055 013400  780 117  542    +3114304     +8          -7    -52   70  62  388  -46   21  +31   21   31  54  0  0 L3P D7
G31 FF 61055 013400  780 154  382    +1725757     +5          -4    +25   36  55  299 +102   14  -25   14  -25  29  0  0 L3P 07
G03 FF 61055 015000  780 257 1115    -5982607   +116         -15    +13   33 106  185  +44   40   +7   40    7  24  0  0 L3P 0D
G04 FF 61055 015000  780 563  657     -382260    +18         -30    +41   17 235   97   +8   22  -30   22  -30  13  0  0 L3P E3
G06 FF 61055 015000  780 589 2470    +6024761    +54         -27    +15   22  73   94   +3   27   -6   27   -6  17  0  0 L3P EA
G07 FF 61055 015000  780 273 1759    +1353915    +62         -27     +9   29   0  177  -45   69  -22   69  -22  21  0  0 L3P 17
G09 FF 61055 015000  780 868 2228    -7702715    -17         -26    -13   15 162   81   -1   20  +10   20   10   9  0  0 L3P EA
G11 FF 61055 015000  780 339 3068    +4739106   -109         -21    +24   30  40  145  -20   15  -18   15  -18  21  0  0 L3P 26
G21 FF 61055 015000  780 139 2917    -3804543    -60         -20    +18   35 207  334 -146   25   -1   25   -1  29  0  0 L3P 21
G26 FF 61055 015000  780 126  476    +3114378   +114           9    +53   42  62  362  -11   13  -36   13  -36  32  0  0 L3P FE
G03 FF 61055 020600  780 194 1156    -5982504   +107         -11     +4   28 106  241  +77   52  +14   52   14  21  0  0 L3P 1E
G04 FF 61055 020600  780 491  664     -382284    -19         -31     +5   26 235  107  +12   23   +1   23    1  18  0  0 L3P C4
G06 FF 61055 020600  780 552 2343    +6024786    +32         -37     -6   24  69   98   +6   43  +17   43   17  19  0  0 L3P F8
G07 FF 61055 020600  780 345 1747    +1353952     -8         -37    -60   24  77  143  -28   66  +21   66   21  17  0  0 L3P 1A
G09 FF 61055 020600  780 854  684    -7702714     +9         -26    +14   15  84   81   +1   21  -11   21  -11  11  0  0 L3P D5
G11 FF 61055 020600  780 387 3009    +4738974   -100         -27    +33   32  42  129  -13   13  -25   13  -25  22  0  0 L3P 30
G21 FF 61055 020600  780 201 2941    -3804598    -60           7    +19   41 209  234  -73   11  -32   11  -32  30  0  0 L3P 0C
G26 FF 61055 020600  780 125  410    +3114454    +62          29     +2   46  66  366  +20   -1  +12   -1   12  34  0  0 L3P C1
G03 FF 61055 022200  780 131 1193    -5982415    +95         -22     -9   47 106  350 +162   76  +18   76   18  41  0  0 L3P 37
G04 FF 61055 022200  780 422  682     -382300    -57         -23    -33   21 235  120  +16   21  +33   21   33  16  0  0 L3P E5
G06 FF 61055 022200  780 498 2247    +6024843    +50         -17    +12   28  69  106  +10   39   +2   39    2  18  0  0 L3P F7
G07 FF 61055 022200  780 419 1730    +1354012    +94         -28    +42   31  77  121  -18   48  -39   48  -39  24  0  0 L3P 2F
G09 FF 61055 022200  780 778  666    -7702727    -58         -34    -53   19  84   83   +2   25  +43   25   43  14  0  0 L3P 03
G11 FF 61055 022200  780 425 2932    +4738834   -126         -39     +7   28  42  120   -7   26   +9   26    9  20  0  0 L3P EC
G16 FF 61055 022200  780 143  683    -1880601   -119         -28    -43   43  72  324  -61   28  +31   28   31  32  0  0 L3P 19
G21 FF 61055 022200  780 266 2962    -3804673    -50           7    +29   27 209  181  -43   13  -25   13  -25  20  0  0 L3P 1B
G26 FF 61055 022200  780 112  347    +3114491    +66           8     +6   41  66  404  +61   14  -12   14  -12  30  0  0 L3P CC
G30 FF 61055 022200  780 166 1936     -881256    -73         -47    +51   40  56  283 -118   90  -44   90  -44  33  0  0 L3P 3B
G04 FF 61055 023800  780 354  706     -382320    -24         -21     +0   30 235  139  +23   23   +4   23    4  23  0  0 L3P B5
G06 FF 61055 023800  780 435 2179    +6024873    +39         -24     +0   28  69  117  +15   51  +15   51   15  21  0  0 L3P 0B
G07 FF 61055 023800  780 492 1703    +1354044    +16         -46    -37   24  77  107  -12   49  +21   49   21  17  0  0 L3P 1F
G09 FF 61055 023800  780 703  692    -7702726     +4         -29     +9   25  84   86   +4   22  -10   22  -10  17  0  0 L3P D6
G11 FF 61055 023800  780 448 2839    +4738703   -176         -43    -43   26  42  115   -3   30  +40   30   40  19  0  0 L3P 1D
G16 FF 61055 023800  780 165  614    -1880660    -48         -13    +28   35  72  282  -29   10  -16   10  -16  27  0  0 L3P 1E
G21 FF 61055 023800  780 332 2976    -3804748    -67           7    +12   34 209  148  -27   12  -11   12  -11  24  0  0 L3P 1F
G30 FF 61055 023800  780 236 1939     -881356   -120         -28     +4   30  56  202  -59   72   +6   72    6  24  0  0 L3P F1
G04 FF 61055 025400  780 288  735     -382346    -12         -24    +12   30 235  167  +35   28   +9   28    9  21  0  0 L3P EC
G05 FF 61055 025400  780 110 3050    +2272955   +104          16    +97   35 106  420 -240    4  -75    4  -75  25  0  0 L3P 22
G06 FF 61055 025400  780 367 2130    +6024904    +67         -30    +28   25  69  135  +23   63  -15   63  -15  19  0  0 L3P 2B
G07 FF 61055 025400  780 564 1661    +1354101    -19         -38    -71   31  77   97   -8   38  +41   38   41  21  0  0 L3P 04
G09 FF 61055 025400  780 629  726    -7702729    +30         -27    +34   26  84   91   +6   22  -26   22  -26  19  0  0 L3P 06
G11 FF 61055 025400  780 454 2736    +4738584   -100         -34    +33   28  42  113   +1   28  -30   28  -30  19  0  0 L3P 22
G16 FF 61055 025400  780 176  543    -1880739    -70         -19     +6   40  72  264   -9   12   -7   12   -7  29  0  0 L3P E3
G21 FF 61055 025400  780 400 2982    -3804840    -70          -9     +8   31 209  126  -19   17   -7   17   -7  21  0  0 L3P F8
G30 FF 61055 025400  780 309 1942     -881475   -147         -28    -23   32  56  158  -35   63   +1   63    1  24  0  0 L3P 04
G04 FF 61055 031000  780 225  767     -382364    +12         -19    +36   40 235  210  +57   27  -25   27  -25  32  0  0 L3P 0E
G05 FF 61055 031000  780 174 3063    +2272948    +18           3    +11   33 106  269 -100   18  -12   18  -12  24  0  0 L3P 18
G06 FF 61055 031000  780 297 2093    +6024939     -4         -33    -43   33  69  163  +36   77  +49   77   49  26  0  0 L3P 2C
G07 FF 61055 031000  780 630 1588    +1354143   +102         -47    +50   18  77   91   -5   42  -29   42  -29  14  0  0 L3P 16
G09 FF 61055 031000  780 558  764    -7702737    -12         -31     -8   20  84   98   +8   28  +14   28   14  14  0  0 L3P E6
G11 FF 61055 031000  780 441 2632    +4738474    -99         -16    +34   25  42  116   +5   17  -20   17  -20  19  0  0 L3P 10
G16 FF 61055 031000  780 176  472    -1880814    -98         -22    -22   41  72  264   +9   11  +17   11   17  32  0  0 L3P F5
G21 FF 61055 031000  780 469 2976    -3804923    -73         -17     +5   31 209  111  -13   25   -6   25   -6  22  0  0 L3P 05
G30 FF 61055 031000  780 383 1945     -881606   -164         -40    -40   18  56  131  -23   55  +15   55   15  15  0  0 L3P 1A
G04 FF 61055 032600  780 163  801     -382393    +27         -25    +51   44 235  284 +103   39  -45   39  -45  34  0  0 L3P 30
G05 FF 61055 032600  780 240 3069    +2272941    -85         -11    -91   45 106  199  -54   23  +67   23   67  30  0  0 L3P 3B
G06 FF 61055 032600  780 226 2063    +6024975    +90         -33    +52   26  69  208  +62   89  -29   89  -29  21  0  0 L3P 46
G07 FF 61055 032600  780 686 1464    +1354200    +44         -40     -9   19  77   87   -3   32  +15   32   15  13  0  0 L3P E7
G09 FF 61055 032600  780 488  802    -7702732    -17         -22    -12   25  84  107  +12   23  +12   23   12  17  0  0 L3P FF
G11 FF 61055 032600  780 411 2538    +4738342   -139         -21     -6   30  42  123   +9   24   +2   24    2  22  0  0 L3P D0
G16 FF 61055 032600  780 163  403    -1880881    -50         -16    +27   35  72  283  +31    3   -3    3   -3  26  0  0 L3P C9
G21 FF 61055 032600  780 537 2952    -3805006   -106         -24    -27   20 209  100   -9   24  +13   24   13  13  0  0 L3P 18
G30 FF 61055 032600  780 458 1945     -881710   -106         -25    +18   33  56  113  -15   30  -32   30  -32  28  0  0 L3P 23
G04 FF 61055 034200  780 104  836     -382404   -117         -14    -93   45 235  438 +240   38  +87   38   87  36  0  0 L3P 43
G05 FF 61055 034200  780 307 3066    +2272925    +91         -33    +84   26 106  158  -33   40  -74   40  -74  19  0  0 L3P 42
G06 FF 61055 034200  780 158 2038    +6025031    +56         -14    +17   50  69  294 +125   85   -8   85   -8  42  0  0 L3P 23
G07 FF 61055 034200  780 719 1267    +1354246     +1         -44    -51   23  77   85   -1   38  +34   38   34  16  0  0 L3P EF
G09 FF 61055 034200  780 420  842    -7702734    -35         -19    -30   24  84  120  +16   29  +32   29   32  18  0  0 L3P 0A
G11 FF 61055 034200  780 368 2457    +4738199   -105         -36    +28   32  42  134  +15   41   -4   41   -4  24  0  0 L3P 18
G16 FF 61055 034200  780 140  340    -1880996   -186         -57   -110   43  72  329  +66   37  +67   37   67  29  0  0 L3P 51
G21 FF 61055 034200  780 603 2898    -3805096    -96         -40    -18   24 209   93   -6   35   +7   35    7  16  0  0 L3P 01
G30 FF 61055 034200  780 534 1939     -881838    -89         -34    +35   25  56  101  -10   31  -19   31  -19  19  0  0 L3P 28
G05 FF 61055 035800  780 375 3051    +2272934    -15         -31    -21   26 106  133  -21   32  +17   32   17  20  0  0 L3P 18
G07 FF 61055 035800  780 719 1032    +1354313    +72         -27    +20   19  77   85   +1   24  -14   24  -14  14  0  0 L3P FC
G09 FF 61055 035800  780 354  882    -7702744     +5         -25    +10   29  84  139  +23   37   +0   37    0  22  0  0 L3P DC
G11 FF 61055 035800  780 316 2390    +4738074   -173         -33    -40   36  42  153  +25   47  +40   47   40  25  0  0 L3P 2E
G13 FF 61055 035800  780 152 2650    -6896338    +16          -4     +5   46  50  306 -122   63  -15   63  -15  35  0  0 L3P 20
G16 FF 61055 035800  780 106  285    -1881026    -18         -14    +58   41  72  425 +145    9  -34    9  -34  32  0  0 L3P 13
G21 FF 61055 035800  780 660 2794    -3805166    -78         -34     +1   22 209   88   -4   30   +8   30    8  16  0  0 L3P E5
G30 FF 61055 035800  780 611 1920     -881965    -79         -42    +45   15  56   92   -7   36  -26   36  -26  12  0  0 L3P 0E
G05 FF 61055 041400  780 440 3019    +2272946    -13         -25    -20   24 106  116  -14   24  +12   24   12  18  0  0 L3P 11
G07 FF 61055 041400  780 685  846    +1354365    +73         -26    +21   18  77   87   +3   23  -17   23  -17  13  0  0 L3P 01
G09 FF 61055 041400  780 290  922    -7702745     +6         -22    +11   19 163  166  +34   38   +3   38    3  14  0  0 L3P E7
G11 FF 61055 041400  780 259 2335    +4737948   -107         -30    +26   48  43  184  +40   64   -6   64   -6  36  0  0 L3P 29
G13 FF 61055 041400  780 214 2689    -6896288    -31          40    -42   43  56  221  -64   17  +19   17   19  36  0  0 L3P 29
G21 FF 61055 041400  780 699 2620    -3805238    -74         -27     +4   16 210   86   -1   31   +3   31    3  11  0  0 L3P C8
G30 FF 61055 041400  780 685 1874     -882080   -141         -41    -17   22  82   87   -5   30  +16   30   16  16  0  0 L3P FB
G05 FF 61055 043000  780 501 2963    +2272948    +19         -29    +12   28 106  105   -9   26  -14   26  -14  19  0  0 L3P 2B
G07 FF 61055 043000  780 632  736    +1354408    +96         -33    +43   22  77   90   +5   26  -32   26  -32  15  0  0 L3P F3
G09 FF 61055 043000  780 227  961    -7702747     -9         -20     -4   24 163  208  +55   46   +8   46    8  18  0  0 L3P E9
G11 FF 61055 043000  780 199 2289    +4737822   -163         -28    -30   33  43  235  +70   71   +9   71    9  25  0  0 L3P 1A
G13 FF 61055 043000  780 277 2729    -6896321    -24          -4    -34   45  56  174  -38   39  +27   39   27  35  0  0 L3P 2E
G14 FF 61055 043000  780 151 1605    -7288549     +0           7    +24   33 204  310 -134   66  -49   66  -49  27  0  0 L3P 26
G21 FF 61055 043000  780 704 2392    -3805314    -88         -32    -10   20 211   86   +1   31  +11   31   11  14  0  0 L3P E5
G30 FF 61055 043000  780 752 1760     -882180    -95         -22    +29   15  82   84   -2   16  -20   16  -20  11  0  0 L3P EB
G05 FF 61055 044600  780 553 2876    +2272948    +23         -36    +17   23 106   98   -6   31   -6   31   -6  17  0  0 L3P 05
G07 FF 61055 044600  780 570  678    +1354449    +75         -42    +23   23  77   96   +7   33  -19   33  -19  14  0  0 L3P 0E
G09 FF 61055 044600  780 165 1000    -7702760    -48         -28    -43   39 163  280 +101   67  +44   67   44  29  0  0 L3P 51
G11 FF 61055 044600  780 138 2248    +4737704   -159         -19    -26   35  43  333 +144   70  +47   70   47  26  0  0 L3P 54
G13 FF 61055 044600  780 343 2768    -6896294    -23          14    -33   28  56  144  -25   23  +13   23   13  21  0  0 L3P 1A
G14 FF 61055 044600  780 217 1581    -7288575    -55           4    -32   35 204  218  -66   53  -10   53  -10  25  0  0 L3P 27
G21 FF 61055 044600  780 674 2190    -3805382    -48         -25    +30   13 211   88   +3   26   -3   26   -3   9  0  0 L3P E4
G30 FF 61055 044600  780 799 1476     -882293   -155         -16    -31   17  82   82   -1   11  +21   11   21  12  0  0 L3P FA
G05 FF 61055 051400  780 599 2640    +2272971    +14         -25     +7   28 106   93   +0   28   -2   28   -2  18  0  0 L3P E6
G07 FF 61055 051400  780 456  646    +1354548    +48         -31     -5   23  77  113  +13   24   +9   24    9  17  0  0 L3P DD
G13 FF 61055 051400  780 462 2836    -6896286    +18           5     +8   22  56  112  -14   20  -10   20  -10  16  0  0 L3P F1
G14 FF 61055 051400  780 336 1529    -7288641     -1         -22    +23   28 204  146  -27   57  -22   57  -22  23  0  0 L3P 2E
G15 FF 61055 051400  780 166 2920    -3767723     -4          13    +31   52 111  282 -108    6  -49    6  -49  42  0  0 L3P 12
G18 FF 61055 051400  780 126 3294    +4506478   -128          20    -31   30   8  363  -59    6  +15    6   15  20  0  0 L3P EF
G21 FF 61055 051400  780 568 1994    -3805500   -113         -11    -34   31 211   96   +8   22  +35   22   35  23  0  0 L3P 12
G22 FF 61055 051400  780 199 1639     +586313    -42         -23     +2   33   0  237  -83   72  -30   72  -30  24  0  0 L3P EF
G30 FF 61055 051400  780 756  870     -882497   -146         -11    -22   17  82   83   +2   12  +13   12   13  12  0  0 L3P E1
G05 FF 61055 053000  780 590 2486    +2272980     +1         -22     -6   15 106   94   +2   26   +5   26    5  11  0  0 L3P B8
G07 FF 61055 053000  780 390  649    +1354602    +73         -27    +21   25  77  128  +19   24  -14   24  -14  20  0  0 L3P 10
G08 FF 61055 053000  780 105  495    -5041043    +81         -18    +38   49  89  429  -57   32  -26   32  -26  35  0  0 L3P 2A
G13 FF 61055 053000  780 533 2873    -6896284    +14          -3     +4   22  56  101  -10   23   -6   23   -6  16  0  0 L3P DA
G14 FF 61055 053000  780 403 1488    -7288648    +38          -6    +62   22 204  125  -18   38  -57   38  -57  16  0  0 L3P 46
G15 FF 61055 053000  780 231 2941    -3767773    -32          -3     +3   39 111  206  -58   17   -5   17   -5  28  0  0 L3P FA
G18 FF 61055 053000  780 142 3231    +4506381    -75          17    +23   35   8  325  -23    8  -11    8  -11  25  0  0 L3P DB
G21 FF 61055 053000  780 495 1940    -3805585   -113         -21    -34   29 211  106  +12   35  +29   35   29  22  0  0 L3P 3B
G22 FF 61055 053000  780 270 1616     +586270    -59         -24    -16   30   0  178  -46   60  +14   60   14  22  0  0 L3P ED
G30 FF 61055 053000  780 692  759     -882615   -108         -11    +16   17  82   86   +4    9   -3    9   -3  12  0  0 L3P B9
G05 FF 61055 054600  780 556 2353    +2272958     -9         -51    -16   26 106   98   +5   46  +13   46   13  18  0  0 L3P 0E
G07 FF 61055 054600  780 325  661    +1354662    +78         -17    +25   21  77  150  +27   18  -22   18  -22  17  0  0 L3P 1D
G08 FF 61055 054600  780 115  429    -5041004    -22         -20    -66   54  89  397  -14   30  +42   30   42  37  0  0 L3P 09
G13 FF 61055 054600  780 606 2906    -6896267    +41           4    +31   15  56   93   -7   21  -17   21  -17  10  0  0 L3P F0
G14 FF 61055 054600  780 467 1432    -7288687    -63         -23    -39   23 204  111  -12   39  +17   39   17  16  0  0 L3P 45
G15 FF 61055 054600  780 299 2956    -3767819    -75         -15    -40   34 111  162  -35   18  +26   18   26  24  0  0 L3P 4F
G18 FF 61055 054600  780 146 3165    +4506254   -118         -16    -21   35   8  315   +2   31   +7   31    7  25  0  0 L3P E2
G21 FF 61055 054600  780 420 1907    -3805652    -79         -11     +0   36 212  120  +18   30  +12   30   12  28  0  0 L3P 02
G22 FF 61055 054600  780 343 1588     +586231    -90         -22    -47   22   0  144  -28   54  +26   54   26  15  0  0 L3P FF
G30 FF 61055 054600  780 622  721     -882751   -115         -28     +9   20  82   91   +6   21   -5   21   -5  14  0  0 L3P B9
G05 FF 61055 060200  780 504 2252    +2272981    +11         -25     +4   29   7  105   +9   35  -13   35  -13  21  0  0 L3P DE
G07 FF 61055 060200  780 261  680    +1354700    +79         -26    +27   35  86  182  +42   36  +11   36   11  28  0  0 L3P 08
G08 FF 61055 060200  780 113  364    -5040956    +55         -10    +12   36  93  401  +23   25  -17   25  -17  26  0  0 L3P 09
G13 FF 61055 060200  780 681 2934    -6896244     +0          -3    -10   14   4   87   -5    8   +8    8    8   9  0  0 L3P 7A
G14 FF 61055 060200  780 525 1354    -7288715     -1         -27    +23   22 204  102   -8   39  -15   39  -15  16  0  0 L3P 16
G15 FF 61055 060200  780 369 2964    -3767857    +24         -17    +59   27 113  135  -23   16  -35   16  -35  20  0  0 L3P 51
G18 FF 61055 060200  780 139 3098    +4506148   -156         -34    -58   30   9  329  +28   36  +42   36   42  21  0  0 L3P 2D
G21 FF 61055 060200  780 345 1885    -3805745   -103         -29    -25   21 212  142  +28   53  +34   53   34  16  0  0 L3P 3D
G22 FF 61055 060200  780 415 1551     +586167    -59         -43    -16   24   1  122  -18   65   +2   65    2  17  0  0 L3P D2
G30 FF 61055 060200  780 552  715     -882882   -166         -39    -42   20  82   98   +9   30  +41   30   41  14  0  0 L3P EE
G05 FF 61055 061800  780 441 2180    +2272992    -43         -20    -50   30   7  116  +14   36  +48   36   48  22  0  0 L3P 06
G07 FF 61055 061800  780 199  704    +1354766    +78         -10    +25   40  86  235  +71   48   +5   48    5  31  0  0 L3P FB
G08 FF 61055 061800  780 101  301    -5040917    +11         -13    -32   35  93  446  +73   27  +32   27   32  29  0  0 L3P FF
G13 FF 61055 061800  780 758 2949    -6896235    -30          -3    -41   20   4   83   -3   10  +26   10   26  13  0  0 L3P D9
G14 FF 61055 061800  780 570 1248    -7288734    -29         -23     -5   24 204   96   -4   33   +6   33    6  16  0  0 L3P E7
G15 FF 61055 061800  780 440 2960    -3767889    -51         -15    -16   20 113  117  -16   22  +21   22   21  15  0  0 L3P 2A
G18 FF 61055 061800  780 122 3033    +4506092    -34           5    +64   35   9  373  +66    5  -54    5  -54  26  0  0 L3P DE
G21 FF 61055 061800  780 271 1869    -3805795    -72          -4     +7   39 212  177  +45   50   +9   50    9  29  0  0 L3P 07
G22 FF 61055 061800  780 485 1498     +586143    -56         -25    -13   23   1  108  -12   44   +3   44    3  18  0  0 L3P D8
G23 FF 61055 061800  780 102 3279    -5996291    +85           0   +135   57   0  449 -244   16  -78   16  -78  47  0  0 L3P 45
G30 FF 61055 061800  780 483  724     -882995    -83         -33    +41   18  82  108  +12   29  -30   29  -30  13  0  0 L3P 15
G05 FF 61055 063400  780 373 2128    +2272999    +32         -20    +25   22   7  133  +22   49   +5   49    5  16  0  0 L3P E9
G07 FF 61055 063400  780 139  731    +1354794    +51         -32     -1   56  86  332 +141  100  +35  100   35  42  0  0 L3P 20
G13 FF 61055 063400  780 835 2903    -6896233    +38         -11    +28   16   4   81   -1   17  -15   17  -15  11  0  0 L3P F7
G14 FF 61055 063400  780 598 1113    -7288749    -50         -15    -26   20 204   94   -2   28  +20   28   20  13  0  0 L3P 0F
G15 FF 61055 063400  780 511 2940    -3767924    -85         -17    -49   22 113  104  -11   18  +38   18   38  16  0  0 L3P 3E
G21 FF 61055 063400  780 199 1857    -3805887    -87         -20     -9   30 212  236  +83   86  +22   86   22  21  0  0 L3P 3A
G22 FF 61055 063400  780 548 1423     +586083    -71         -44    -27   17   1   99   -7   56  +14   56   14  13  0  0 L3P E5
G23 FF 61055 063400  780 157 3250    -5996351   -105         -12    -55   29   0  297 -100   18  +23   18   23  23  0  0 L3P 2F
G24 FF 61055 063400  780 119 2586    +1623076   -183         -41    -33   38   1  389 -199   67  +28   67   28  28  0  0 L3P 5A
G30 FF 61055 063400  780 415  743     -883104   -110         -23    +14   20  82  122  +17   31   -3   31   -3  16  0  0 L3P D3
G05 FF 61055 065000  780 303 2089    +2273002    -53         -24    -60   36   7  159  +34   68  +70   68   70  27  0  0 L3P 10
G13 FF 61055 065000  780 876 1750    -6896200     -5          12    -16   14   4   81   +0    6  +24    6   24  10  0  0 L3P 99
G14 FF 61055 065000  780 600  964    -7288773    -31         -17     -7   23 204   93   +1   33   +8   33    8  16  0  0 L3P CD
G15 FF 61055 065000  780 580 2893    -3767983    -47         -41    -11   20 113   95   -7   35   +8   35    8  14  0  0 L3P 00
G21 FF 61055 065000  780 129 1845    -3805951    -51          -9    +28   36 212  357 +186  120  +33  120   33  28  0  0 L3P 56
G22 FF 61055 065000  780 600 1313     +586056    -58         -29    -14   21   1   93   -4   48   +7   48    7  16  0  0 L3P B5
G23 FF 61055 065000  780 207 3210    -5996385    -92           2    -42   33   0  228  -51    2  +43    2   43  25  0  0 L3P C1
G24 FF 61055 065000  780 181 2621    +1622957   -207         -16    -57   35   1  260  -90   37  +25   37   25  28  0  0 L3P 24
G30 FF 61055 065000  780 349  768     -883233   -121         -34     +2   29  82  141  +24   60   +9   60    9  25  0  0 L3P DB
G05 FF 61055 070600  780 233 2059    +2273015    +35         -17    +28   46   7  203  +59   94   +6   94    6  36  0  0 L3P F1
G13 FF 61055 070600  780 801 1427    -6896212    +79         -10    +69   19   4   82   +2   29  -28   29  -28  11  0  0 L3P 07
G14 FF 61055 070600  780 579  828    -7288806     +8         -27    +31   24 204   95   +4   43  -15   43  -15  18  0  0 L3P 0D
G15 FF 61055 070600  780 642 2801    -3768014    -47         -38    -12   17 113   90   -4   38  +12   38   12  11  0  0 L3P 06
G17 FF 61055 070600  780 145 1205     +330557   +109           2     -7   43   0  321 -124  152  -39  152  -39  36  0  0 L3P 12
G22 FF 61055 070600  780 633 1164     +586009     +3         -35    +47   24   1   90   -2   56  -20   56  -20  16  0  0 L3P C5
G23 FF 61055 070600  780 251 3158    -5996430    -82           5    -32   40   0  190  -29   10  +25   10   25  27  0  0 L3P E6
G24 FF 61055 070600  780 244 2657    +1622807   -162         -21    -12   29   1  195  -50   45  +25   45   25  21  0  0 L3P 19
G30 FF 61055 070600  780 284  796     -883343   -105         -25    +19   34  82  169  +36   76  +13   76   13  26  0  0 L3P 26
G05 FF 61055 072200  780 164 2033    +2273048   -110          10   -116   38   7  282 +114  106 +115  106  115  25  0  0 L3P 5C
G13 FF 61055 072200  780 722 1415    -6896203    -40         -11    -50   17   4   85   +4   41  +50   41   50  11  0  0 L3P D1
G14 FF 61055 072200  780 537  724    -7288841    -13         -38    +11   23 204  100   +6   63   -5   63   -5  16  0  0 L3P F1
G15 FF 61055 072200  780 687 2641    -3768056    -39         -47     -4   20 113   87   -2   52  +14   52   14  14  0  0 L3P 04
G17 FF 61055 072200  780 200 1156     +330639   +178         -28    +62   30   0  235  -63  145  -63  145  -63  24  0  0 L3P 35
G22 FF 61055 072200  780 638  993     +585986    -39         -16     +4   24   1   90   +1   51   +8   51    8  16  0  0 L3P A1
G23 FF 61055 072200  780 285 3094    -5996501     +9         -18    +59   28   0  169  -16   41  -31   41  -31  21  0  0 L3P 11
G24 FF 61055 072200  780 310 2692    +1622668   -201         -16    -51   34   1  157  -32   45  +45   45   45  26  0  0 L3P 19
G30 FF 61055 072200  780 222  827     -883469    -64         -32    +60   40  82  213  +58  117   -1  117   -1  35  0  0 L3P 06
G13 FF 61055 073800  780 642 1429    -6896222    -43         -39    -53   17   4   90   +6   72  +56   72   56  13  0  0 L3P 03
G14 FF 61055 073800  780 484  653    -7288861     +2         -36    +26   28 204  108  +10   71  -11   71  -11  19  0  0 L3P 1F
G15 FF 61055 073800  780 701 2418    -3768077    -38         -34     -3   23 113   86   +0   56  +23   56   23  16  0  0 L3P 05
G17 FF 61055 073800  780 253 1100     +330743   +184         -34    +68   36   0  189  -36  135  -74  135  -74  26  0  0 L3P 47
G19 FF 61055 073800  780 145 1327    -6856452    -53         -25    -35   37  91  321 -130  207   +0  207    0  28  0  0 L3P 36
G22 FF 61055 073800  780 616  839     +585929    -75         -32    -32   27   1   92   +3   69  +33   69   33  20  0  0 L3P E1
G23 FF 61055 073800  780 307 3020    -5996542    -43         -11     +7   30   0  158   -8   43   +1   43    1  22  0  0 L3P B7
G24 FF 61055 073800  780 378 2728    +1622507   -146         -34     +4   29   1  132  -21   65   -4   65   -4  21  0  0 L3P F9
G30 FF 61055 073800  780 161  859     -883578   -236         -22   -112   37  82  288 +106  150 +123  150  123  30  0  0 L3P 81
G10 FF 61055 075400  780 132 3312    +5826377    +34         -11     +6   32  48  349 -109   46   -2   46   -2  28  0  0 L3P 09
G13 FF 61055 075400  780 562 1450    -6896203     -6         -30    -16   19   4   97   +9   86  +35   86   35  11  0  0 L3P EE
G14 FF 61055 075400  780 423  609    -7288871    -52         -23    -28   34 204  120  +15   77  +39   77   39  27  0  0 L3P 3B
G15 FF 61055 075400  780 677 2205    -3768100    -17         -23    +18   12 113   87   +3   64  +12   64   12   7  0  0 L3P F7
G17 FF 61055 075400  780 299 1036     +330866   +150         -23    +34   26   0  162  -22  123  -28  123  -28  21  0  0 L3P 31
G19 FF 61055 075400  780 204 1288    -6856446    -44          -1    -26   30  91  232  -66  169  -10  169  -10  22  0  0 L3P 4E
G22 FF 61055 075400  780 573  726     +585887     +2         -33    +46   21   1   96   +6   80  -14   80  -14  14  0  0 L3P CA
G23 FF 61055 075400  780 316 2939    -5996587    -16          -8    +34   28   0  154   -1   52  -22   52  -22  21  0  0 L3P 06
G24 FF 61055 075400  780 448 2762    +1622368   -167         -28    -17   16   1  115  -15   66  +24   66   24  11  0  0 L3P 2A
G10 FF 61055 081000  780 170 3261    +5826368    +65         -46    +38   44  49  274  -54   80  -26   80  -26  29  0  0 L3P 41
G12 FF 61055 081000  780 159 2163    +6065536    +29         -28    +24   38  41  294 -125  182  -31  182  -31  30  0  0 L3P 60
G13 FF 61055 081000  780 484 1472    -6896210    -11         -47    -21   18   4  108  +13  117  +44  117   44  14  0  0 L3P 28
G14 FF 61055 081000  780 359  585    -7288898     -7         -26    +17   27 206  137  +22   98   +8   98    8  21  0  0 L3P 19
G15 FF 61055 081000  780 624 2058    -3768131    -29         -22     +7   19 119   91   +5   73  +16   73   16  16  0  0 L3P 04
G17 FF 61055 081000  780 338  962     +330977   +184         -22    +68   33   6  145  -13  121  -56  121  -56  25  0  0 L3P 32
G19 FF 61055 081000  780 262 1241    -6856499     +1         -37    +19   24  92  183  -38  168  -17  168  -17  18  0  0 L3P 61
G22 FF 61055 081000  780 517  654     +585856    -18         -21    +25   24  29  103   +9   81   -4   81   -4  17  0  0 L3P D8
G23 FF 61055 081000  780 309 2855    -5996640    +45         -15    +95   29   1  157   +6   71  -44   71  -44  23  0  0 L3P 1D
G24 FF 61055 081000  780 520 2793    +1622219   -201         -33    -51   17   1  103  -11   70  +44   70   44  12  0  0 L3P FD
G10 FF 61055 082600  780 199 3202    +5826429     -1         -10    -28   35  49  236  -28   70  +44   70   44  27  0  0 L3P 18
G12 FF 61055 082600  780 228 2185    +6065533    -16         -35    -20   39  41  208  -62  179   +4  179    4  30  0  0 L3P 28
G13 FF 61055 082600  780 407 1494    -6896198    +15         -45     +5   21   4  123  +20  139  +28  139   28  17  0  0 L3P 31
G14 FF 61055 082600  780 294  575    -7288927    -38         -32    -14   38 206  164  +34  121  +41  121   41  27  0  0 L3P 51
G15 FF 61055 082600  780 558 1971    -3768168    -35         -26     +0   23 119   98   +8   86  +21   86   21  18  0  0 L3P 1F
G17 FF 61055 082600  780 364  879     +331096   +168         -15    +52   21   6  136   -7  113  -49  113  -49  18  0  0 L3P 2D
G19 FF 61055 082600  780 316 1186    -6856511    -42         -33    -24   27  92  154  -24  151  +15  151   15  22  0  0 L3P 46
G22 FF 61055 082600  780 455  611     +585816    -57         -20    -14   26  29  113  +13   96  +35   96   35  19  0  0 L3P 0C
G23 FF 61055 082600  780 289 2775    -5996692    -18         -19    +32   32   1  166  +14   91   -2   91   -2  24  0  0 L3P 12
G24 FF 61055 082600  780 594 2821    +1622084   -165         -24    -15   16   1   94   -8   71   +8   71    8  10  0  0 L3P DE
G10 FF 61055 084200  780 217 3135    +5826438    +23         -27     -5   42  49  217  -12   96  +16   96   16  32  0  0 L3P 17
G12 FF 61055 084200  780 299 2210    +6065547    +28         -26    +23   26  41  162  -37  156  -55  156  -55  21  0  0 L3P 58
G13 FF 61055 084200  780 332 1514    -6896179    +27         -36    +17   25   4  147  +30  159  +20  159   20  17  0  0 L3P 39
G14 FF 61055 084200  780 229  575    -7288973     +6         -56    +30   35 206  206  +56  168  +31  168   31  27  0  0 L3P 4B
G15 FF 61055 084200  780 485 1918    -3768202    -47         -26    -12   29 119  108  +13  110  +45  110   45  25  0  0 L3P 56
G17 FF 61055 084200  780 377  791     +331195   +142         -27    +26   28   6  132   -2  122  -17  122  -17  23  0  0 L3P 14
G19 FF 61055 084200  780 365 1120    -6856524    +42         -28    +60   27  92  136  -15  145  -40  145  -40  19  0  0 L3P 57
G22 FF 61055 084200  780 391  590     +585777    -26         -17    +17   33  29  128  +18  109   +6  109    6  23  0  0 L3P 0E
G23 FF 61055 084200  780 257 2700    -5996743    -49         -22     +1   41   1  185  +26  113  +33  113   33  30  0  0 L3P 16
G24 FF 61055 084200  780 670 2841    +1621935   -128         -29    +22   20   1   88   -5   78   -1   78   -1  14  0  0 L3P EB
G10 FF 61055 085800  780 223 3064    +5826457    +39         -34    +12   26  49  211   +0  116   +7  116    7  19  0  0 L3P 0C
G12 FF 61055 085800  780 371 2238    +6065536     -8         -41    -13   29  41  134  -24  141   -9  141   -9  20  0  0 L3P 1B
G13 FF 61055 085800  780 259 1533    -6896180    +76         -46    +66   33   4  184  +49  211  +12  211   12  26  0  0 L3P 40
G14 FF 61055 085800  780 165  583    -7288949    +34          -9    +58   40 206  282 +106  162  +10  162   10  32  0  0 L3P 52
G15 FF 61055 085800  780 410 1886    -3768238     -5         -28    +31   27 119  123  +19  137   +9  137    9  22  0  0 L3P 39
G17 FF 61055 085800  780 375  703     +331306   +151         -27    +35   24   6  133   +3  124  -24  124  -24  18  0  0 L3P 0C
G19 FF 61055 085800  780 405 1040    -6856532    -31         -18    -12   27  92  124   -9  136   -4  136   -4  19  0  0 L3P 27
G22 FF 61055 085800  780 326  584     +585751    -78          -1    -35   29  29  149  +27  117  +53  117   53  23  0  0 L3P 2A
G23 FF 61055 085800  780 215 2634    -5996792    -42         -23     +8   34   1  219  +45  143  +13  143   13  26  0  0 L3P 2A
G24 FF 61055 085800  780 747 2840    +1621789   -165         -31    -15   17   1   84   -3   85  +12   85   12  12  0  0 L3P 0A
G10 FF 61055 091400  780 216 2991    +5826496    +22         -22     -6   39  49  217  +12  122  +13  122   13  30  0  0 L3P 26
G12 FF 61055 091400  780 445 2269    +6065534    +10         -47     +6   21  41  115  -16  137  -18  137  -18  16  0  0 L3P 3C
G13 FF 61055 091400  780 188 1549    -6896156    +35         -32    +24   34   4  248  +90  246  +35  246   35  25  0  0 L3P 4B
G15 FF 61055 091400  780 335 1864    -3768254    -79         -11    -44   35 119  146  +29  155  +72  155   72  29  0  0 L3P 77
G17 FF 61055 091400  780 357  621     +331423   +166         -22    +50   29   6  138   +8  127  -33  127  -33  19  0  0 L3P 18
G19 FF 61055 091400  780 432  948    -6856548     +1         -17    +19   36  92  118   -4  127   -7  127   -7  26  0  0 L3P 18
G22 FF 61055 091400  780 262  587     +585688    -41         -23     +3   29  29  182  +42  160  +30  160   30  22  0  0 L3P 0C
G23 FF 61055 091400  780 167 2576    -5996815    +42           2    +92   38   1  278  +83  159  -28  159  -28  26  0  0 L3P 4F
G24 FF 61055 091400  780 823 2759    +1621653   -154         -23     -4   17   1   82   -1   89   +6   89    6  12  0  0 L3P D4
G10 FF 61055 093000  780 198 2920    +5826513    -39         -31    -66   38  49  236  +28  152  +88  152   88  29  0  0 L3P 68
G12 FF 61055 093000  780 520 2302    +6065544    +11         -42     +7   18  41  103  -11  127  -13  127  -13  15  0  0 L3P 17
G13 FF 61055 093000  780 119 1563    -6896116   +114          -2   +104   43   4  384 +213  286  +15  286   15  32  0  0 L3P 55
G15 FF 61055 093000  780 262 1849    -3768308    -62         -30    -27   20 119  182  +47  206  +64  206   64  16  0  0 L3P 63
G17 FF 61055 093000  780 326  550     +331527    +65         -29    -51   35   6  149  +15  143  +42  143   42  24  0  0 L3P 06
G19 FF 61055 093000  780 443  848    -6856555     +8          -7    +26   28  92  115   +0  119  -24  119  -24  22  0  0 L3P 1D
G22 FF 61055 093000  780 200  599     +585675    -51           5     -8   31  29  234  +71  173  +43  173   43  26  0  0 L3P F9
G23 FF 61055 093000  780 115 2524    -5996883   -136         -17    -86   49   1  397 +180  216 +119  216  119  36  0  0 L3P 9C
G24 FF 61055 093000  780 868 1961    +1621521    -95         -11    +55   14   1   81   +0   86  -28   86  -28  10  0  0 L3P FC
G25 FF 61055 093000  780 134 2404    -4498645    -75          16    -99   45 108  346 -163  205  +24  205   24  29  0  0 L3P 71
G32 FF 61055 093000  780 154 3195    +1622680    -45          -1   +126   43 115  303 -114  139  -68  139  -68  29  0  0 L3P 7D
G10 FF 61055 094600  780 169 2853    +5826581    +68          11    +41   54  49  275  +53  148   +9  148    9  41  0  0 L3P 34
G12 FF 61055 094600  780 597 2339    +6065582     +9          -9     +4   24  41   94   -8   99  -14   99  -14  16  0  0 L3P FE
G15 FF 61055 094600  780 192 1837    -3768337    +44         -26    +80   32 119  244  +86  257   +7  257    7  24  0  0 L3P 55
G17 FF 61055 094600  780 285  492     +331639   +115         -28     -1   25   6  168  +25  162  +29  162   29  23  0  0 L3P 1C
G19 FF 61055 094600  780 436  748    -6856588    -12         -22     +6   32  92  117   +3  126   -6  126   -6  23  0  0 L3P 10
G22 FF 61055 094600  780 139  616     +585610    -39         -19     +4   67  29  332 +141  235  +38  235   38  50  0  0 L3P 31
G24 FF 61055 094600  780 806 1449    +1621371   -128         -17    +22   17   1   82   +2   94  -10   94  -10  11  0  0 L3P FF
G25 FF 61055 094600  780 198 2437    -4498654    -42         -16    -66   52 108  238  -77  189  +30  189   30  37  0  0 L3P 8A
G32 FF 61055 094600  780 211 3171    +1622508   -215          -9    -44   38 115  224  -58  147  +40  147   40  27  0  0 L3P 55
G10 FF 61055 100200  780 132 2792    +5826554    +44         -42    +16   45  50  348 +106  218  +31  218   31  31  0  0 L3P 42
G12 FF 61055 100200  780 674 2380    +6065571     +3         -19     -1   17  85   88   -5  107   -2  107   -2  11  0  0 L3P D9
G15 FF 61055 100200  780 124 1826    -3768400     -2         -57    +33   27 120  370 +195  352  +79  352   79  22  0  0 L3P 58
G17 FF 61055 100200  780 237  448     +331762   +136         -17    +20   20 168  200  +42  178   +5  178    5  18  0  0 L3P 13
G19 FF 61055 100200  780 412  658    -6856603     +8         -20    +27   28  94  122   +8  138   +7  138    7  23  0  0 L3P F3
G24 FF 61055 100200  780 728 1396    +1621224   -192         -20    -42   17   6   85   +4  107  +41  107   41  12  0  0 L3P 09
G25 FF 61055 100200  780 264 2473    -4498661    +25         -42     +2   32 112  182  -44  197  -45  197  -45  21  0  0 L3P 57
G32 FF 61055 100200  780 264 3135    +1622346   -181          -6    -11   27 116  181  -34  140   -5  140   -5  19  0  0 L3P 25
G06 FF 61055 101800  780 151  905    +6025958     +1           0    -37   42  87  308  -91  256  -33  256  -33  29  0  0 L3P 1A
G12 FF 61055 101800  780 752 2429    +6065582     +3         -12     -2   18  85   84   -3   99   +3   99    3  13  0  0 L3P C1
G17 FF 61055 101800  780 184  417     +331882   +163          -8    +47   47 168  254  +75  191   +3  191    3  36  0  0 L3P 1D
G19 FF 61055 101800  780 374  583    -6856625    -10         -25     +8   36  94  133  +14  154   +6  154    6  28  0  0 L3P 0E
G24 FF 61055 101800  780 649 1396    +1621088   -206         -12    -56   23   6   89   +6  107  +49  107   49  17  0  0 L3P 34
G25 FF 61055 101800  780 331 2511    -4498624    +41         -27    +17   30 112  148  -28  163  -19  163  -19  21  0  0 L3P 5E
G32 FF 61055 101800  780 312 3086    +1622160   -171         -28     +0   32 116  156  -20  152  -11  152  -11  22  0  0 L3P 37
G06 FF 61055 103400  780 192  844    +6025988    -79          -7   -118   29  87  244  -48  227  +80  227   80  24  0  0 L3P 59
G12 FF 61055 103400  780 829 2511    +6065607     +1           9     -4   15  85   81   -1   90   +0   90    0  10  0  0 L3P 80
G17 FF 61055 103400  780 127  396     +331972   +142         -29    +26   38 168  360 +159  249  +23  249   23  28  0  0 L3P 69
G19 FF 61055 103400  780 325  526    -6856640    +11         -22    +29   37  94  150  +22  167  -11  167  -11  27  0  0 L3P 3E
G24 FF 61055 103400  780 571 1409    +1620938   -166         -17    -16   14   6   96   +9  124  +27  124   27  10  0  0 L3P 20
G25 FF 61055 103400  780 399 2551    -4498575    +65          -1    +41   28 112  126  -19  132  -50  132  -50  20  0  0 L3P 4E
G32 FF 61055 103400  780 351 3022    +1622024   -133           0    +38   24 116  140  -12  129  -23  129  -23  18  0  0 L3P 2D
G06 FF 61055 105000  780 226  776    +6026011    +31         -21     -8   34  87  209  -26  220   -4  220   -4  24  0  0 L3P F1
G11 FF 61055 105000  780 119 1199    +4734821   -250           4   -117   65  45  387 -179  311   +3  311    3  48  0  0 L3P 3A
G12 FF 61055 105000  780 887  106    +6065602    +10          -1     +5   14  85   81   +0  100   +3  100    3   9  0  0 L3P 89
G19 FF 61055 105000  780 270  484    -6856666    -25         -31     -7   34  94  177  +36  194  +42  194   42  25  0  0 L3P 3D
G24 FF 61055 105000  780 494 1427    +1620793   -179         -19    -29   22   6  106  +13  136  +40  136   40  15  0  0 L3P 3E
G25 FF 61055 105000  780 469 2593    -4498574    +37         -24    +14   17 112  111  -13  134  -21  134  -21  11  0  0 L3P 55
G32 FF 61055 105000  780 378 2945    +1621845   -149         -16    +21   31 116  132   -6  143  -12  143  -12  23  0  0 L3P 50
G06 FF 61055 110600  780 250  703    +6026049    +33         -20     -6   40  87  190  -13  211   -3  211   -3  31  0  0 L3P E4
G11 FF 61055 110600  780 174 1153    +4734665   -149         -24    -16   28  45  269  -83  284  -28  284  -28  23  0  0 L3P 7D
G12 FF 61055 110600  780 815  631    +6065608    +23           0    +19   16  85   82   +2  100   -6  100   -6  11  0  0 L3P B9
G19 FF 61055 110600  780 210  457    -6856684    -10         -32     +8   33  94  224  +64  222  +43  222   43  23  0  0 L3P 1C
G24 FF 61055 110600  780 418 1447    +1620634   -186         -33    -36   23   6  121  +18  169  +52  169   52  18  0  0 L3P 48
G25 FF 61055 110600  780 541 2638    -4498535     +7          -7    -16   20 112  100   -9  121   +4  121    4  14  0  0 L3P E8
G28 FF 61055 110600  780 137 3050    +6109423    -40         -23    +12   31  74  340 -157  206  -21  206  -21  23  0  0 L3P 41
G29 FF 61055 110600  780 168 2000    +3926307    +21          -8    +84   32 105  279 -116  270 -133  270 -133  21  0  0 L3P 78
G32 FF 61055 110600  780 391 2857    +1621673   -151         -24    +19   27 116  128   -1  152   -4  152   -4  23  0  0 L3P 34
G06 FF 61055 112200  780 262  627    +6026081    +25         -26    -14   38  87  183   -3  214  +10  214   10  29  0  0 L3P 0E
G11 FF 61055 112200  780 227 1100    +4734558   -169          -4    -36   24  45  209  -46  236   -6  236   -6  19  0  0 L3P 31
G12 FF 61055 112200  780 740  704    +6065600    +13         -11     +9   15  85   84   +3  118   +4  118    4  10  0  0 L3P BA
G19 FF 61055 112200  780 148  441    -6856660    -68          10    -50   43  94  313 +131  232  +55  232   55  36  0  0 L3P 39
G24 FF 61055 112200  780 345 1466    +1620498   -149         -25     +2   25   6  142  +27  192  +26  192   26  19  0  0 L3P 35
G25 FF 61055 112200  780 613 2687    -4498520    +45         -15    +21   23 112   92   -7  123  -18  123  -18  14  0  0 L3P 37
G28 FF 61055 112200  780 200 3059    +6109370    -77         -26    -24   45  74  236  -75  185  -11  185  -11  33  0  0 L3P 55
G29 FF 61055 112200  780 239 2011    +3926239   -132         -15    -68   42 105  200  -59  236  +18  236   18  34  0  0 L3P 66
G32 FF 61055 112200  780 388 2765    +1621522   -183         -11    -13   35 116  129   +3  148   -2  148   -2  27  0  0 L3P 36
G06 FF 61055 113800  780 260  550    +6026116    +75         -27    +37   33  87  184   +6  208  -32  208  -32  24  0  0 L3P 2B
G11 FF 61055 113800  780 275 1040    +4734405   -146         -29    -13   28  45  175  -27  225   -8  225   -8  23  0  0 L3P 42
G12 FF 61055 113800  780 666  757    +6065618    -41           2    -46   21  85   88   +5  113  +36  113   36  14  0  0 L3P F9
G24 FF 61055 113800  780 274 1484    +1620365    -59         -14    +91   28   6  175  +43  220  -37  220  -37  21  0  0 L3P 3F
G25 FF 61055 113800  780 687 2742    -4498494    +57         -12    +33   19 112   87   -5  113  -27  113  -27  14  0  0 L3P 53
G28 FF 61055 113800  780 265 3060    +6109302    -48         -44     +4   31  74  181  -43  180  -23  180  -23  21  0  0 L3P 32
G29 FF 61055 113800  780 312 2023    +3926186   -114          -7    -50   31 105  156  -35  205   +4  205    4  23  0  0 L3P 1F
G32 FF 61055 113800  780 369 2675    +1621372   -125           3    +46   32 116  134   +8  147  -29  147  -29  25  0  0 L3P 4F
G06 FF 61055 115400  780 245  477    +6026166    +42         -14     +4   27  87  194  +16  193   +1  193    1  18  0  0 L3P 00
G11 FF 61055 115400  780 316  970    +4734277   -150         -29    -17   37  47  154  -16  202  -14  202  -14  28  0  0 L3P 4F
G12 FF 61055 115400  780 593  804    +6065606     +8         -14     +3   18  85   94   +7  132   +3  132    3  12  0  0 L3P BD
G24 FF 61055 115400  780 204 1501    +1620234    -72          -1    +78   38   6  230  +75  260   -7  260   -7  30  0  0 L3P F3
G25 FF 61055 115400  780 761 2816    -4498474     +4         -15    -20   23 112   83   -3  111  +10  111   10  15  0  0 L3P 06
G28 FF 61055 115400  780 331 3050    +6109273    -89         -22    -36   43  74  148  -27  145   +0  145    0  29  0  0 L3P 21
G29 FF 61055 115400  780 388 2036    +3926108    -13         -23    +50   31 105  129  -22  185  -56  185  -56  25  0  0 L3P 6B
G32 FF 61055 115400  780 336 2594    +1621176   -173         -30     -3   40 116  145  +15  178   +7  178    7  28  0  0 L3P 37
G06 FF 61055 121000  780 218  412    +6026197    +73         -20    +34   34  87  216  +31  195  -41  195  -41  26  0  0 L3P 36
G11 FF 61055 121000  780 346  890    +4734149    -62         -30    +71   36  47  142   -9  178  -80  178  -80  26  0  0 L3P 3C
G12 FF 61055 121000  780 522  848    +6065610    -13         -14    -17   19  85  102  +10  135  +17  135   17  13  0  0 L3P 18
G24 FF 61055 121000  780 137 1515    +1620079   -239         -10    -89   43   9  335 +158  319 +126  319  126  31  0  0 L3P 7D
G25 FF 61055 121000  780 834 2965    -4498462    +35         -26    +11   19 112   81   -1  115  -13  115  -13  13  0  0 L3P 32
G28 FF 61055 121000  780 395 3027    +6109197     +4         -48    +57   32  75  127  -18  144  -44  144  -44  24  0  0 L3P 4B
G29 FF 61055 121000  780 464 2049    +3926039    -87         -32    -23   38 105  112  -15  168   +6  168    6  30  0  0 L3P 39
G31 FF 61055 121000  780 101 3120    +1724969    +48          -7    +69   51  63  455 -284  226  -29  226  -29  34  0  0 L3P 5B
G32 FF 61055 121000  780 293 2523    +1621019   -193         -23    -23   26 116  164  +25  182  +16  182   16  19  0  0 L3P 58
G06 FF 61055 122600  780 180  357    +6026238   +134         -17    +95   41  87  258  +58  185  -68  185  -68  29  0  0 L3P 7A
G11 FF 61055 122600  780 363  804    +4734024   -174         -27    -41   24  47  136   -3  158  +20  158   20  17  0  0 L3P 29
G12 FF 61055 122600  780 453  891    +6065622    +27          -7    +22   24  85  113  +14  137   -9  137   -9  18  0  0 L3P 0E
G25 FF 61055 122600  780 873  423    -4498419    +35          -5    +11   17 112   81   +0   98   -6   98   -6  12  0  0 L3P E0
G28 FF 61055 122600  780 457 2986    +6109154    -57         -41     -4   31  75  113  -12  127  -10  127  -10  21  0  0 L3P 39
G29 FF 61055 122600  780 543 2060    +3925996    -72         -14     -8   27 105  100  -10  134   -9  134   -9  20  0  0 L3P 2B
G31 FF 61055 122600  780 166 3118    +1724962    +71           6    +91   29  63  283 -110  193  -93  193  -93  20  0  0 L3P 51
G32 FF 61055 122600  780 243 2462    +1620844   -238         -35    -68   33 116  195  +41  210  +87  210   87  23  0  0 L3P 68
G06 FF 61055 124200  780 135  312    +6026278    +93         -14    +54   33  87  339 +119  185  -43  185  -43  26  0  0 L3P 5D
G11 FF 61055 124200  780 365  715    +4733907   -120         -17    +13   28  47  135   +2  135  -23  135  -23  21  0  0 L3P 2C
G12 FF 61055 124200  780 385  933    +6065609    +51         -24    +47   23  85  129  +19  155  -40  155  -40  17  0  0 L3P 45
G25 FF 61055 124200  780 807  899    -4498408    +27         -17     +4   13 112   82   +2  102   -9  102   -9   8  0  0 L3P EE
G28 FF 61055 124200  780 512 2919    +6109124    -93         -21    -41   26  75  104   -8  101  +25  101   25  18  0  0 L3P 23
G29 FF 61055 124200  780 622 2065    +3925927    -86         -21    -23   28 105   91   -7  122   -4  122   -4  20  0  0 L3P 16
G31 FF 61055 124200  780 230 3108    +1724937     +5           1    +25   41  63  206  -56  170  -22  170  -22  29  0  0 L3P 0A
G32 FF 61055 124200  780 188 2409    +1620697   -192         -17    -22   47 116  248  +73  221  +51  221   51  36  0  0 L3P 69
G11 FF 61055 125800  780 352  631    +4733771   -169         -25    -36   40  47  140   +7  128  +12  128   12  31  0  0 L3P 2B
G12 FF 61055 125800  780 320  974    +6065601     -9         -36    -13   27  85  152  +28  176  +28  176   28  20  0  0 L3P 2E
G25 FF 61055 125800  780 733 1002    -4498383    -36         -15    -60   21 112   84   +3   98  +38   98   38  14  0  0 L3P 22
G28 FF 61055 125800  780 555 2821    +6109053    -17         -43    +35   21  75   98   -4  114  -42  114  -42  14  0  0 L3P 2F
G29 FF 61055 125800  780 701 2054    +3925864    -77         -23    -14   24 105   86   -4  109   +1  109    1  17  0  0 L3P 13
G31 FF 61055 125800  780 294 3086    +1724917    -40           1    -20   33  63  165  -33  149   -6  149   -6  25  0  0 L3P 18
G32 FF 61055 125800  780 131 2363    +1620521   -163         -29     +8   53 116  351 +151  277  +48  277   48  40  0  0 L3P 6A
G11 FF 61055 131400  780 325  556    +4733626   -168         -42    -35   40  47  150  +14  135  +20  135   20  29  0  0 L3P 36
G12 FF 61055 131400  780 255 1014    +6065626    -83         -16    -88   35  85  186  +44  170  +92  170   92  26  0  0 L3P 53
G25 FF 61055 131400  780 658 1064    -4498363     +1         -18    -23   17 112   89   +5  100  +11  100   11  12  0  0 L3P 07
G26 FF 61055 131400  780 183 2888    +3116843    +49          -9    -12   30   0  256  -88  192  -41  192  -41  24  0  0 L3P 3B
G28 FF 61055 131400  780 580 2693    +6109003    -32         -42    +21   29  75   95   -1  109  -18  109  -18  20  0  0 L3P 2C
G29 FF 61055 131400  780 778 1995    +3925799    -88         -27    -25   18 105   83   -2  102   +5  102    5  12  0  0 L3P 29
G31 FF 61055 131400  780 354 3049    +1724888    -82          -9    -62   30  63  140  -21  136  +29  136   29  22  0  0 L3P 38
G11 FF 61055 133000  780 286  494    +4733508   -162         -33    -29   29  47  168  +24  125  +24  125   24  23  0  0 L3P 48
G12 FF 61055 133000  780 193 1053    +6065624    +78         -23    +74   28  85  242  +76  196  -18  196  -18  20  0  0 L3P 61
G18 FF 61055 133000  780 128 1804    +4503550    -63         -14    +35   31  12  363 -194  300 -120  300 -120  23  0  0 L3P 5F
G25 FF 61055 133000  780 584 1114    -4498342    +14         -20    -10   24 112   95   +8   99   +6   99    6  18  0  0 L3P F3
G26 FF 61055 133000  780 248 2910    +3116892    +16         -17    -44   28   0  192  -49  158   +8  158    8  19  0  0 L3P 21
G28 FF 61055 133000  780 581 2549    +6108952    -88         -42    -35   19  75   95   +1  106  +21  106   21  14  0  0 L3P 28
G29 FF 61055 133000  780 843 1699    +3925758    -19          -7    +44   21 105   81   -1   83  -30   83  -30  14  0  0 L3P 17
G31 FF 61055 133000  780 409 2994    +1724874    -12          -3     +8   20  63  124  -13  114  -19  114  -19  14  0  0 L3P 23
G11 FF 61055 134600  780 238  445    +4733381    -52         -32    +81   32  47  199  +41  129  -61  129  -61  25  0  0 L3P 48
G18 FF 61055 134600  780 199 1798    +4503464    -43          -6    +55   31  12  238  -85  225 -100  225 -100  21  0  0 L3P 65
G21 FF 61055 134600  780 117  670    -3807928    -95         -31    -16   44 217  391  -98  177  -19  177  -19  36  0  0 L3P 7D
G25 FF 61055 134600  780 512 1158    -4498325    +24         -27     +0   27 112  104  +11  107   +7  107    7  18  0  0 L3P 11
G26 FF 61055 134600  780 315 2926    +3116969    +83           2    +23   31   0  155  -31  117  -43  117  -43  23  0  0 L3P 19
G28 FF 61055 134600  780 557 2413    +6108898    -56         -46     -4   28  75   98   +4  107  +16  107   16  19  0  0 L3P 31
G29 FF 61055 134600  780 833  936    +3925690    -71         -14     -8   22 105   81   +1   79  -10   79  -10  15  0  0 L3P 05
G31 FF 61055 134600  780 453 2919    +1724849     +9          -8    +29   28  63  114   -8  106  -31  106  -31  23  0  0 L3P 25
G04 FF 61055 140200  780 110 3287     -383279    -59          -8    -35   51   2  413  -27  172  +17  172   17  36  0  0 L3P 13
G05 FF 61055 140200  780 148  910    +2273158    +47         -30    +41   48  93  313  -93  183  -83  183  -83  35  0  0 L3P 4A
G11 FF 61055 140200  780 185  409    +4733257    -66         -30    +67   52  49  253  +75  121  -61  121  -61  39  0  0 L3P 42
G18 FF 61055 140200  780 271 1792    +4503381   -136          -2    -38   39  14  177  -46  164  -23  164  -23  30  0  0 L3P 54
G21 FF 61055 140200  780 143  607    -3807989    -99         -16    -20   47 217  323  -48  140   -8  140   -8  35  0  0 L3P 3E
G25 FF 61055 140200  780 440 1198    -4498305    +71         -25    +47   24 114  116  +15  114  -33  114  -33  19  0  0 L3P 57
G26 FF 61055 140200  780 383 2935    +3117007    +98         -18    +38   29   0  130  -21  109  -42  109  -42  20  0  0 L3P 33
G28 FF 61055 140200  780 514 2304    +6108858    -36         -35    +16   37  76  103   +8  100   -5  100   -5  25  0  0 L3P 0D
G29 FF 61055 140200  780 766  727    +3925621    -57         -16     +7   18 107   83   +3   79   +5   79    5  13  0  0 L3P E0
G31 FF 61055 140200  780 484 2822    +1724831    +38         -26    +59   23   6  108   -4   91  -52   91  -52  17  0  0 L3P 0D
G04 FF 61055 141800  780 112 3222     -383324     +3         -31    +27   53   2  406  +12  179  -14  179  -14  41  0  0 L3P 05
G05 FF 61055 141800  780 190  849    +2273197    -36           3    -43   34  93  247  -49  118  +22  118   22  29  0  0 L3P 27
G11 FF 61055 141800  780 127  384    +4733121    +13         -38   +146   63  49  360 +162  123 -107  123 -107  48  0  0 L3P 7D
G16 FF 61055 141800  780 112 2940    -1883852   -136          -2    -60   42  94  414 -232  184   -4  184   -4  30  0  0 L3P 42
G18 FF 61055 141800  780 346 1784    +4503284    -89          -5     +9   29  14  143  -28  129  -47  129  -47  22  0  0 L3P 4E
G21 FF 61055 141800  780 159  540    -3808058    -58         -10    +20   43 217  292  -20  107  -37  107  -37  37  0  0 L3P 52
G25 FF 61055 141800  780 370 1234    -4498291    +28         -34     +4   28 114  134  +22  124   +4  124    4  20  0  0 L3P 0F
G26 FF 61055 141800  780 453 2933    +3117067    +71         -16    +10   22   0  114  -14   91  -28   91  -28  15  0  0 L3P 10
G28 FF 61055 141800  780 457 2222    +6108812    -61         -32     -8   21  76  113  +12  103  +11  103   11  13  0  0 L3P 10
G29 FF 61055 141800  780 692  689    +3925569    -45          -7    +19   20 107   86   +4   67  -14   67  -14  15  0  0 L3P 1F
G31 FF 61055 141800  780 496 2710    +1724801     +9         -37    +29   26   6  106   +0   99  -31   99  -31  18  0  0 L3P 03
G04 FF 61055 143400  780 103 3158     -383343    -39         -27    -15   52   2  439  +57  179  +13  179   13  39  0  0 L3P 2F
G05 FF 61055 143400  780 223  781    +2273170     -6         -30    -13   34  93  212  -27  119   -7  119   -7  26  0  0 L3P 03
G16 FF 61055 143400  780 176 2963    -1883912    +63          10   +139   43  94  267  -99  127 -147  127 -147  30  0  0 L3P 9C
G18 FF 61055 143400  780 422 1772    +4503175    -51         -20    +47   34  14  120  -19  109  -57  109  -57  25  0  0 L3P 4F
G21 FF 61055 143400  780 164  472    -3808143   -117         -20    -39   46 217  283   +0  107  +11  107   11  33  0  0 L3P 30
G25 FF 61055 143400  780 301 1268    -4498260    +62         -27    +38   32 114  160  +34  127  -22  127  -22  24  0  0 L3P 57
G26 FF 61055 143400  780 523 2915    +3117141    +47           0    -13   30   0  102  -10   65   +0   65    0  22  0  0 L3P 9E
G28 FF 61055 143400  780 393 2162    +6108760    -31         -33    +21   24  76  127  +18  110   -7  110   -7  19  0  0 L3P 22
G29 FF 61055 143400  780 618  692    +3925488    -19         -27    +44   23 107   92   +6   73  -23   73  -23  15  0  0 L3P 22
G31 FF 61055 143400  780 487 2595    +1724791    -51         -27    -31   31   6  107   +3   86  +19   86   19  21  0  0 L3P 0C
G05 FF 61055 145000  780 246  708    +2273186     +1         -21     -6   33  93  193  -13  101   -6  101   -6  27  0  0 L3P E6
G16 FF 61055 145000  780 243 2981    -1883994    -19           2    +58   39  94  197  -53   95  -90   95  -90  27  0  0 L3P 48
G18 FF 61055 145000  780 499 1751    +4503063   -113         -38    -15   25  14  106  -12  102  -15  102  -15  16  0  0 L3P 4C
G21 FF 61055 145000  780 158  406    -3808227   -115         -28    -37   37 217  293  +21   99  +10   99   10  30  0  0 L3P 38
G25 FF 61055 145000  780 234 1299    -4498246    +20         -35     -4   34 114  202  +56  144  +16  144   16  26  0  0 L3P 40
G26 FF 61055 145000  780 590 2872    +3117170    +52         -28     -8   24   0   94   -7   77   +0   77    0  16  0  0 L3P B7
G28 FF 61055 145000  780 326 2117    +6108717    -23         -26    +29   34  76  149  +29  115  -17  115  -17  24  0  0 L3P 58
G29 FF 61055 145000  780 546  711    +3925419    -99         -36    -36   23 107   99   +9   76  +28   76   28  16  0  0 L3P 29
G31 FF 61055 145000  780 459 2490    +1724775   -108         -23    -88   31   6  112   +7   80  +58   80   58  22  0  0 L3P 1B
G05 FF 61055 150600  780 258  631    +2273191    +25         -22    +18   39  93  185   -3   93  -27   93  -27  26  0  0 L3P 19
G16 FF 61055 150600  780 311 2992    -1884104    -46         -36    +30   30  94  156  -33  101  -49  101  -49  21  0  0 L3P 4C
G18 FF 61055 150600  780 575 1714    +4502971    -77         -36    +20   23  14   96   -8   84  -34   84  -34  15  0  0 L3P 1E
G21 FF 61055 150600  780 141  343    -3808329   -154         -55    -76   47 217  326  +51  104  +29  104   29  33  0  0 L3P 59
G25 FF 61055 150600  780 168 1327    -4498221    +19         -33     -5   30 114  276 +105  161  +19  161   19  24  0  0 L3P 54
G26 FF 61055 150600  780 651 2785    +3117234    +50         -22    -10   19   0   89   -4   68   -1   68   -1  12  0  0 L3P CE
G28 FF 61055 150600  780 257 2082    +6108657   -112         -36    -60   37  76  185  +47  136  +73  136   73  28  0  0 L3P 70
G29 FF 61055 150600  780 475  738    +3925363    -29         -30    +34   26 107  109  +13   69  -29   69  -29  19  0  0 L3P 50
G31 FF 61055 150600  780 417 2402    +1724744    -28         -35     -8   30   6  121  +12   93  +18   93   18  20  0  0 L3P F1
G05 FF 61055 152200  780 255  554    +2273194     +9         -26     +2   29  93  186   +6   83  -15   83  -15  20  0  0 L3P ED
G16 FF 61055 152200  780 382 2994    -1884168    -48         -26    +29   27  94  131  -21   77  -25   77  -25  19  0  0 L3P 56
G18 FF 61055 152200  780 647 1646    +4502878   -121         -35    -23   25  14   89   -5   72   +5   72    5  19  0  0 L3P FC
G21 FF 61055 152200  780 113  286    -3808355   -129          -6    -51   49 217  400 +109   51  +16   51   16  38  0  0 L3P 30
G25 FF 61055 152200  780 104 1353    -4498184    +66         -19    +42   54 114  437 +258  164  -30  164  -30  44  0  0 L3P 7B
G26 FF 61055 152200  780 697 2631    +3117283    +76         -32    +15   19   0   86   -2   70  -10   70  -10  13  0  0 L3P EA
G27 FF 61055 152200  780 103 2649     +192112   +114         -12    +38   39  97  448 -259  173  -78  173  -78  28  0  0 L3P 81
G28 FF 61055 152200  780 189 2053    +6108617    -57         -25     -5   48  76  247  +86  146  +23  146   23  42  0  0 L3P 49
G29 FF 61055 152200  780 407  769    +3925301   -105         -31    -41   26 107  124  +17   72  +36   72   36  20  0  0 L3P 2B
G31 FF 61055 152200  780 365 2331    +1724728    -47         -31    -27   25   6  136  +18   98  +32   98   32  20  0  0 L3P 14
G05 FF 61055 153800  780 240  480    +2273199    +48         -28    +41   32  93  197  +17   72  -40   72  -40  24  0  0 L3P 23
G16 FF 61055 153800  780 452 2983    -1884270    -38         -55    +39   25  94  114  -15   85  -35   85  -35  18  0  0 L3P 56
G18 FF 61055 153800  780 709 1514    +4502783   -121         -36    -23   22  14   86   -3   67   +5   67    5  14  0  0 L3P F3
G23 FF 61055 153800  780 138 1464    -5997990    -37         -25    +13   50   5  338 -159  150  -61  150  -61  40  0  0 L3P 66
G26 FF 61055 153800  780 714 2407    +3117358    +33         -14    -27   13   0   85   +0   56  +25   56   25   9  0  0 L3P D8
G27 FF 61055 153800  780 164 2686     +192194   +146          -3    +70   45  97  285 -108  122  -92  122  -92  35  0  0 L3P 6A
G28 FF 61055 153800  780 123 2027    +6108579    -62         -13    -10   54  76  372 +193  156  +26  156   26  45  0  0 L3P 67
G29 FF 61055 153800  780 341  803    +3925254    -55         -16     +9   23 107  144  +25   67  -10   67  -10  20  0  0 L3P 19
G31 FF 61055 153800  780 306 2275    +1724720    -55         -19    -35   38   6  158  +29  100  +37  100   37  30  0  0 L3P 2E
G05 FF 61055 155400  780 212  415    +2273221    +18         -12    +11   43  93  221  +34   46  -34   46  -34  34  0  0 L3P 01
G16 FF 61055 155400  780 522 2952    -1884324    -11         -35    +65   20  94  102  -10   61  -53   61  -53  13  0  0 L3P 24
G18 FF 61055 155400  780 746 1279    +4502697    -92         -29     +6   19  14   84   -1   54  -11   54  -11  13  0  0 L3P 08
G23 FF 61055 155400  780 203 1433    -5998045     +4         -32    +54   37   5  233  -75  120  -82  120  -82  28  0  0 L3P 2E
G26 FF 61055 155400  780 693 2187    +3117411    +60         -19     -1   26   0   86   +2   58   -8   58   -8  18  0  0 L3P D0
G27 FF 61055 155400  780 227 2722     +192251    +21         -20    -55   32  97  209  -58  103   +2  103    2  25  0  0 L3P FD
G29 FF 61055 155400  780 276  839    +3925193   -103         -16    -40   31 107  173  +38   69  +35   69   35  22  0  0 L3P 4A
G31 FF 61055 155400  780 245 2230    +1724706    +20         -14    +40   46   6  194  +47  107  -18  107  -18  36  0  0 L3P 34
G05 FF 61055 161000  780 174  359    +2273230    -75          -2    -82   38  94  267  +64   33  +52   33   52  29  0  0 L3P 05
G16 FF 61055 161000  780 588 2890    -1884392    -73         -30     +3   25  95   95   -6   57  -12   57  -12  16  0  0 L3P 13
G18 FF 61055 161000  780 740  993    +4502599    -88         -34    +10   17  15   84   +1   50  -17   50  -17  12  0  0 L3P FA
G23 FF 61055 161000  780 269 1397    -5998097    -93         -33    -43   24   6  179  -42  100  +19  100   19  18  0  0 L3P 4A
G26 FF 61055 161000  780 644 2034    +3117468    +87         -19    +26   28   6   90   +5   59  -27   59  -27  18  0  0 L3P 10
G27 FF 61055 161000  780 292 2758     +192332   +117         -12    +41   28 103  166  -35   78  -33   78  -33  20  0  0 L3P 3F
G29 FF 61055 161000  780 214  876    +3925113    -26         -33    +38   28 108  220  +62   83  -30   83  -30  24  0  0 L3P 28
G31 FF 61055 161000  780 183 2192    +1724709     +2           9    +22   45   6  255  +85   95  -13   95  -13  34  0  0 L3P EE
G05 FF 61055 162600  780 128  313    +2273201    +19         -38    +12   44  94  357 +133   46  -41   46  -41  34  0  0 L3P 24
G16 FF 61055 162600  780 643 2780    -1884451    -76         -15     +0   22  95   90   -4   41   -7   41   -7  15  0  0 L3P DE
G18 FF 61055 162600  780 696  793    +4502510     -8         -28    +90   19  15   86   +3   43  -62   43  -62  13  0  0 L3P F6
G23 FF 61055 162600  780 335 1353    -5998118    -16          -6    +34   31   6  147  -26   63  -44   63  -44  23  0  0 L3P 18
G26 FF 61055 162600  780 579 1944    +3117530    +57         -15     -3   29   6   95   +7   57   +7   57    7  23  0  0 L3P D0
G27 FF 61055 162600  780 359 2792     +192420    +98           2    +22   27 103  138  -24   57  -41   57  -41  21  0  0 L3P 14
G29 FF 61055 162600  780 153  913    +3925066    -55         -19     +8   41 108  302 +116   74   -1   74   -1  34  0  0 L3P 0C
G31 FF 61055 162600  780 121 2158    +1724638   -139         -42   -119   41   6  378 +185  149 +113  149  113  31  0  0 L3P 93
G10 FF 61055 164200  780 158 1641    +5827246    -35           2    -63   30   1  296 -130  106   +5  106    5  26  0  0 L3P F5
G16 FF 61055 164200  780 677 2609    -1884547    -90         -38    -14   24  95   87   -1   52   +1   52    1  15  0  0 L3P EF
G18 FF 61055 164200  780 634  691    +4502411    -82         -34    +16   19  15   90   +5   40  -17   40  -17  15  0  0 L3P EF
G23 FF 61055 164200  780 397 1298    -5998185    -55         -24     -5   23   6  127  -17   60  -10   60  -10  18  0  0 L3P 1C
G26 FF 61055 164200  780 509 1891    +3117577    +37         -26    -23   22   6  104  +11   70  +20   70   20  19  0  0 L3P 01
G27 FF 61055 164200  780 428 2825     +192481    +75         -10     -1   33 103  119  -16   51  -21   51  -21  24  0  0 L3P 09
G07 FF 61055 165800  780 115 3297    +1356733    +96         -45    +44   48 122  397  -76   74  -29   74  -29  35  0  0 L3P 6F
G08 FF 61055 165800  780 183 2851    -5039244    +74          11    +31   47 102  257  -88   72  -56   72  -56  34  0  0 L3P 4B
G10 FF 61055 165800  780 228 1623    +5827244    -37         -26    -64   35   1  208  -64   99  +30   99   30  26  0  0 L3P 24
G15 FF 61055 165800  780 100  688    -3769235    -17         -14    +19   43 123  453 -135   40  -23   40  -23  37  0  0 L3P 44
G16 FF 61055 165800  780 679 2401    -1884610    -96         -28    -20   22  95   87   +1   39   +9   39    9  16  0  0 L3P FE
G18 FF 61055 165800  780 565  646    +4502326     -5         -25    +93   24  15   97   +8   32  -64   32  -64  16  0  0 L3P FB
G23 FF 61055 165800  780 453 1226    -5998226    -33         -18    +17   29   6  114  -11   45  -26   45  -26  20  0  0 L3P 28
G26 FF 61055 165800  780 436 1859    +3117642    +87         -19    +27   24   6  117  +16   68  -26   68  -26  20  0  0 L3P 39
G27 FF 61055 165800  780 499 2855     +192532    +38         -32    -39   20 103  106  -12   52  +19   52   19  14  0  0 L3P 2A
G07 FF 61055 171400  780 132 3240    +1356798   +105         -30    +53   39 122  346  -33   67  -33   67  -33  31  0  0 L3P 50
G08 FF 61055 171400  780 247 2878    -5039212    +23           2    -20   39 102  193  -50   61   -5   61   -5  28  0  0 L3P FB
G10 FF 61055 171400  780 301 1602    +5827287     +5          -9    -22   24   1  161  -37   72   -9   72   -9  19  0  0 L3P D4
G15 FF 61055 171400  780 126  624    -3769267     -5         -12    +31   47 123  362  -63   32  -32   32  -32  39  0  0 L3P 1C
G16 FF 61055 171400  780 647 2221    -1884695   -101         -40    -25   19  95   89   +3   46  +15   46   15  13  0  0 L3P 1E
G18 FF 61055 171400  780 495  630    +4502227   -114         -30    -16   31  15  106  +12   29   -2   29   -2  22  0  0 L3P F2
G23 FF 61055 171400  780 499 1133    -5998287    -58         -31     -8   15   6  106   -6   46   -8   46   -8  13  0  0 L3P F7
G26 FF 61055 171400  780 362 1838    +3117676    +61         -43     +1   33   6  136  +24   86   -1   86   -1  28  0  0 L3P EB
G27 FF 61055 171400  780 573 2879     +192600    +42         -38    -34   24 103   96   -8   46  +11   46   11  17  0  0 L3P 04
G07 FF 61055 173000  780 140 3179    +1356850    +46         -28     -6   34 122  328   -6   68  -10   68  -10  24  0  0 L3P 1D
G08 FF 61055 173000  780 314 2901    -5039180   +113          -9    +70   37 102  155  -31   54  -63   54  -63  21  0  0 L3P 32
G10 FF 61055 173000  780 374 1575    +5827313    +13          -9    -14   26   1  133  -23   60   -4   60   -4  17  0  0 L3P D5
G15 FF 61055 173000  780 144  557    -3769306    -57         -18    -22   48 123  321  -27   24  +14   24   14  40  0  0 L3P 1F
G16 FF 61055 173000  780 592 2097    -1884761    -73         -33     +3   24  95   94   +6   44   +5   44    5  19  0  0 L3P DF
G18 FF 61055 173000  780 424  631    +4502130   -111         -33    -13   28  15  119  +16   34   +7   34    7  20  0  0 L3P DE
G23 FF 61055 173000  780 528 1019    -5998331    -36         -27    +14   23   6  101   -3   36  -21   36  -21  16  0  0 L3P 01
G26 FF 61055 173000  780 290 1824    +3117774    +29          -2    -32   27   6  166  +38   68  +30   68   30  20  0  0 L3P 00
G27 FF 61055 173000  780 648 2893     +192670   +136         -40    +60   18 103   89   -6   41  -46   41  -46  11  0  0 L3P 24
G02 FF 61055 174600  780 106 2479     -173013   -135         -32    -53   46  92  435 -252  124   +9  124    9  37  0  0 L3P 38
G07 FF 61055 174600  780 138 3115    +1356875    +43         -53     -9   39 122  333  +18   81  +14   81   14  30  0  0 L3P 24
G08 FF 61055 174600  780 382 2919    -5039156    -11         -26    -55   29 102  131  -21   51  +32   51   32  21  0  0 L3P 2A
G10 FF 61055 174600  780 446 1539    +5827337    +71         -12    +44   25   1  115  -15   52  -58   52  -58  19  0  0 L3P 27
G15 FF 61055 174600  780 150  488    -3769336    -89         -14    -54   43 123  307   -2   17  +38   17   38  29  0  0 L3P 2E
G16 FF 61055 174600  780 526 2020    -1884834   -112         -33    -36   35  95  102  +10   52  +30   52   30  26  0  0 L3P 23
G18 FF 61055 174600  780 356  644    +4502049   -104         -20     -7   30  15  138  +24   25   -4   25   -4  23  0  0 L3P EC
G23 FF 61055 174600  780 537  892    -5998369    -17         -17    +33   19   6  100   +0   23  -32   23  -32  14  0  0 L3P 03
G26 FF 61055 174600  780 220 1813    +3117820    +50         -14    -11   41   6  214  +65   91  +27   91   27  30  0  0 L3P FB
G27 FF 61055 174600  780 724 2884     +192754    +51         -29    -25   15 103   85   -4   29  +15   29   15  11  0  0 L3P 0B
G02 FF 61055 180200  780 169 2515     -173107   -108         -41    -26   58  93  278 -103  118   +6  118    6  42  0  0 L3P 35
G07 FF 61055 180200  780 125 3052    +1356942   +104         -33    +52   35 125  365  +50   73  -29   73  -29  27  0  0 L3P 4F
G08 FF 61055 180200  780 452 2929    -5039110    +89         -22    +46   16   8  114  -15   37  -36   37  -36  13  0  0 L3P 24
G10 FF 61055 180200  780 516 1485    +5827359    +12         -16    -16   21   1  103  -10   42   -3   42   -3  13  0  0 L3P DA
G15 FF 61055 180200  780 145  419    -3769366   -115         -16    -80   38   6  317  +23   13  +69   13   69  29  0  0 L3P 25
G16 FF 61055 180200  780 455 1972    -1884909    -97         -33    -21   32 101  113  +15   58  +20   58   20  27  0  0 L3P 38
G18 FF 61055 180200  780 289  663    +4501948   -161         -33    -63   36  16  167  +36   30  +43   30   43  29  0  0 L3P 2C
G23 FF 61055 180200  780 523  771    -5998425    -94         -27    -44   27   7  102   +3   23  +32   23   32  20  0  0 L3P E9
G26 FF 61055 180200  780 152 1804    +3117872    -41         -22   -101   32   8  304 +131  107 +112  107  112  24  0  0 L3P 51
G27 FF 61055 180200  780 798 2802     +192819   +103         -39    +27   22 104   82   -2   37  -20   37  -20  15  0  0 L3P 19
G02 FF 61055 181800  780 232 2554     -173170   -111         -25    -30   35  93  205  -55   95   -3   95   -3  26  0  0 L3P 07
G07 FF 61055 181800  780 103 2991    +1356989    -43         -36    -95   45 125  438 +107   78  +76   78   76  33  0  0 L3P 79
G08 FF 61055 181800  780 524 2926    -5039058     -7         -12    -50   20   8  102  -10   26  +30   26   30  13  0  0 L3P EB
G10 FF 61055 181800  780 579 1404    +5827374    +39         -26    +11   21   1   95   -6   43  -21   43  -21  14  0  0 L3P F3
G15 FF 61055 181800  780 129  354    -3769392   +111          -8   +147   40   6  354  +58   14 -107   14 -107  30  0  0 L3P 45
G16 FF 61055 181800  780 381 1940    -1884987    -70         -38     +6   21 101  130  +22   68   +9   68    9  16  0  0 L3P 14
G18 FF 61055 181800  780 224  688    +4501844    -57         -43    +41   30  16  211  +58   38  -40   38  -40  23  0  0 L3P 20
G23 FF 61055 181800  780 490  668    -5998477    -78         -30    -28   21   7  107   +7   22  +18   22   18  14  0  0 L3P 09
G27 FF 61055 181800  780 853 2335     +192895    +89         -36    +13   16 104   81   +0   31  -14   31  -14  11  0  0 L3P 06
G02 FF 61055 183400  780 296 2594     -173226   -161          -2    -79   39  93  163  -34   59  +37   59   37  27  0  0 L3P 36
G08 FF 61055 183400  780 595 2903    -5039030    +25         -26    -19   23   8   94   -7   31   +8   31    8  15  0  0 L3P D1
G10 FF 61055 183400  780 630 1281    +5827390    +56         -37    +29   22   1   91   -3   40  -27   40  -27  16  0  0 L3P F2
G15 FF 61055 183400  780 102  295    -3769438    -11         -21    +25   36   6  441 +130   21   -3   21   -3  26  0  0 L3P E6
G16 FF 61055 183400  780 309 1918    -1885045    -95         -23    -19   25 101  157  +34   63  +27   63   27  21  0  0 L3P 42
G18 FF 61055 183400  780 161  717    +4501790    -71          -4    +27   49  16  287 +108   21  -10   21  -10  39  0  0 L3P 18
G23 FF 61055 183400  780 442  592    -5998527    -17         -33    +33   29   7  116  +11   27  -23   27  -23  20  0  0 L3P 13
G27 FF 61055 183400  780 816 1671     +192962    +35         -42    -41   19 104   82   +1   30  +36   30   36  14  0  0 L3P F6
G02 FF 61055 185000  780 361 2635     -173318    -31         -16    +51   23  93  137  -22   43  -53   43  -53  18  0  0 L3P 14
G08 FF 61055 185000  780 663 2843    -5038994    +78         -31    +35   21   8   88   -5   29  -24   29  -24  15  0  0 L3P 18
G10 FF 61055 185000  780 658 1114    +5827428    +27         -25     +0   15   1   89   -1   25   -2   25   -2  11  0  0 L3P B1
G16 FF 61055 185000  780 238 1901    -1885128    -68         -33     +8   44 101  199  +57   87  +24   87   24  34  0  0 L3P 3E
G23 FF 61055 185000  780 385  539    -5998591    -35         -48    +15   25   7  129  +18   37  -13   37  -13  16  0  0 L3P 2B
G27 FF 61055 185000  780 741 1540     +193028    +73         -49     -3   21 104   84   +3   38   +1   38    1  13  0  0 L3P B9
G01 FF 61055 190600  780 111 2573    -3436120    -55         -34    -92   49 198  414 -219  116  +39  116   39  34  0  0 L3P 75
G02 FF 61055 190600  780 427 2678     -173399    -94         -18    -12   31  93  119  -16   35   +7   35    7  21  0  0 L3P 00
G08 FF 61055 190600  780 722 2710    -5038952    +32         -31    -11   19   8   85   -2   28   +7   28    7  14  0  0 L3P CC
G10 FF 61055 190600  780 656  928    +5827426     +8         -53    -20   19   1   89   +1   41   +9   41    9  14  0  0 L3P AF
G16 FF 61055 190600  780 169 1887    -1885197   -110         -29    -34   29 101  276 +109  103  +31  103   31  20  0  0 L3P 7E
G23 FF 61055 190600  780 323  506    -5998629    -25         -38    +25   29   7  151  +27   30  -16   30  -16  20  0  0 L3P 12
G27 FF 61055 190600  780 663 1513     +193101   +103         -49    +27   19 104   88   +6   42   +1   42    1  13  0  0 L3P D8
G32 FF 61055 190600  780 152 1288    +1616771   -142         -15    +29   31   3  306 -119   81  -37   81  -37  24  0  0 L3P 45
G01 FF 61055 192200  780 171 2610    -3436022    +90          27    +52   39 198  273  -96   42  -67   42  -67  28  0  0 L3P 43
G02 FF 61055 192200  780 494 2722     -173495   -123         -35    -41   27  93  106  -11   37  +33   37   33  19  0  0 L3P 24
G08 FF 61055 192200  780 755 2462    -5038912    +16         -32    -27   19   8   83   -1   29  +22   29   22  13  0  0 L3P F2
G10 FF 61055 192200  780 625  773    +5827465    +35         -40     +8   19   1   91   +4   28   +0   28    0  12  0  0 L3P 9C
G16 FF 61055 192200  780 102 1874    -1885255    -98         -14    -22   44 101  445 +274  108  +28  108   28  29  0  0 L3P 79
G23 FF 61055 192200  780 259  488    -5998654    +13         -15    +63   31   7  184  +44    7  -45    7  -45  24  0  0 L3P 05
G27 FF 61055 192200  780 584 1513     +193181    +75         -42     -1   21 104   95   +8   45  +13   45   13  15  0  0 L3P E2
G32 FF 61055 192200  780 211 1245    +1616624   -212           2    -41   40   3  224  -61   59  +15   59   15  32  0  0 L3P EB
G01 FF 61055 193800  780 233 2648    -3436036    +15         -22    -22   45 198  204  -53   52   +0   52    0  35  0  0 L3P 04
G02 FF 61055 193800  780 562 2768     -173579    -54         -41    +28   19  93   97   -8   36  -21   36  -21  14  0  0 L3P 19
G08 FF 61055 193800  780 744 2166    -5038883    +73         -45    +30   18   8   84   +1   38   -2   38   -2  12  0  0 L3P E6
G10 FF 61055 193800  780 574  668    +5827487   +100         -44    +72   21   1   96   +6   30  -49   30  -49  15  0  0 L3P 09
G14 FF 61055 193800  780 124 3267    -7289849    -12           6    +12   44 212  371 -123   12  -22   12  -22  32  0  0 L3P 2D
G23 FF 61055 193800  780 194  482    -5998711    -16         -24    +34   37   7  242  +79   22  -21   22  -21  28  0  0 L3P 1C
G27 FF 61055 193800  780 506 1523     +193254    +67         -43     -9   20 104  104  +12   53  +25   53   25  16  0  0 L3P 05
G32 FF 61055 193800  780 268 1195    +1616431   -216         -27    -45   33   3  179  -36   71  +21   71   21  26  0  0 L3P 28
G01 FF 61055 195400  780 295 2687    -3435980    +53          -2    +15   40 198  164  -33   24  -31   24  -31  30  0  0 L3P 32
G02 FF 61055 195400  780 630 2816     -173645    -38         -29    +44   23  93   91   -6   28  -35   28  -35  16  0  0 L3P 0E
G08 FF 61055 195400  780 695 1969    -5038840    +87         -43    +43   15   8   86   +3   40  -22   40  -22  11  0  0 L3P 09
G10 FF 61055 195400  780 513  606    +5827519    +75         -39    +48   26   1  103  +10   28  -28   28  -28  18  0  0 L3P 16
G14 FF 61055 195400  780 162 3218    -7289866    +22          11    +46   26 212  287  -60    5  -51    5  -51  19  0  0 L3P 1D
G23 FF 61055 195400  780 129  484    -5998750    -73         -15    -23   36   7  356 +173   14  +25   14   25  27  0  0 L3P 2A
G27 FF 61055 195400  780 430 1536     +193335    +74         -34     -2   27 104  118  +17   53  +20   53   20  19  0  0 L3P 04
G32 FF 61055 195400  780 321 1136    +1616283   -129         -12    +42   26   3  152  -22   44  -37   44  -37  20  0  0 L3P 1F
G01 FF 61055 201000  780 359 2725    -3435969    +42         -27     +4   38 199  138  -22   39   -7   39   -7  25  0  0 L3P 23
G02 FF 61055 201000  780 699 2869     -173716    -43         -19    +39   19  94   86   -4   24  -34   24  -34  12  0  0 L3P 0D
G08 FF 61055 201000  780 628 1867    -5038800    +58         -45    +15   19   9   91   +6   38   -7   38   -7  13  0  0 L3P E7
G10 FF 61055 201000  780 447  573    +5827533    +10         -46    -17   22   2  115  +14   32  +23   32   23  17  0  0 L3P DC
G14 FF 61055 201000  780 191 3161    -7289914    -19         -13     +4   43 213  245  -31   20   -7   20   -7  32  0  0 L3P F6
G22 FF 61055 201000  780 118 3296     +584016    -84           0    -41   63  16  389 -131   17  +11   17   11  43  0  0 L3P F1
G27 FF 61055 201000  780 355 1550     +193411   +122         -38    +45   25 105  139  +26   62  -17   62  -17  20  0  0 L3P 29
G32 FF 61055 201000  780 366 1065    +1616098   -185         -36    -15   27   4  135  -14   50  +10   50   10  19  0  0 L3P 0C
G01 FF 61055 202600  780 425 2764    -3435934    +26         -28    -12   33 199  120  -16   32   +5   32    5  23  0  0 L3P 05
G02 FF 61055 202600  780 769 2934     -173803   -100         -27    -18   19  94   83   -2   28   +2   28    2  13  0  0 L3P DB
G03 FF 61055 202600  780 119 2243    -5975684    +27          -5    -76   61  74  389 -214   74  +39   74   39  51  0  0 L3P 47
G08 FF 61055 202600  780 555 1816    -5038746    +92         -33    +49   24   9   98   +9   37  -26   37  -26  17  0  0 L3P 1C
G10 FF 61055 202600  780 380  559    +5827546    +10         -59    -17   23   2  131  +20   44  +14   44   14  16  0  0 L3P EC
G14 FF 61055 202600  780 211 3096    -7289958    -34         -34    -11   35 213  223  -14   34   +9   34    9  26  0  0 L3P 15
G22 FF 61055 202600  780 154 3246     +583954    +20         -21    +63   30  16  301  -63   28  -55   28  -55  20  0  0 L3P 0F
G27 FF 61055 202600  780 282 1564     +193476    +76         -46     -1   35 105  170  +41   78   +6   78    6  25  0  0 L3P F9
G32 FF 61055 202600  780 402  983    +1615940   -185         -30    -15   26   4  125   -8   40   -2   40   -2  19  0  0 L3P D7
G01 FF 61055 204200  780 493 2801    -3435890    -21         -20    -58   24 199  107  -11   20  +36   20   36  19  0  0 L3P 27
G02 FF 61055 204200  780 839 3054     -173880    -87         -25     -6   15  94   81   -1   27   +1   27    1  11  0  0 L3P B2
G03 FF 61055 204200  780 186 2273    -5975587   +130          -7    +27   38  74  253  -91   58  -34   58  -34  28  0  0 L3P 4F
G08 FF 61055 204200  780 480 1789    -5038722   +101         -51    +58   25   9  109  +13   63  -30   63  -30  18  0  0 L3P 2B
G10 FF 61055 204200  780 312  558    +5827571    +36         -60     +9   34   2  155  +31   48   +2   48    2  26  0  0 L3P BE
G14 FF 61055 204200  780 218 3026    -7289983     +4         -36    +28   31 213  216   -2   38   -3   38   -3  23  0  0 L3P F7
G22 FF 61055 204200  780 182 3190     +583917    +25         -16    +68   35  16  257  -32   14  -45   14  -45  25  0  0 L3P 1D
G27 FF 61055 204200  780 211 1576     +193583    +84         -12     +8   37 105  223  +72   63   -7   63   -7  28  0  0 L3P FB
G32 FF 61055 204200  780 424  890    +1615763   -152         -44    +18   26   4  120   -3   43  -31   43  -31  20  0  0 L3P F1
G01 FF 61055 205800  780 562 2837    -3435872    +13         -38    -25   19 199   97   -8   32  +14   32   14  13  0  0 L3P 20
G02 FF 61055 205800  780 880  620     -173942    -79          -9     +3   14  94   81   +0   19   -1   19   -1  10  0  0 L3P 9A
G03 FF 61055 205800  780 254 2306    -5975508    +92         -28    -12   27  74  189  -49   61   -2   61   -2  19  0  0 L3P 21
G08 FF 61055 205800  780 404 1774    -5038664    +45         -34     +1   20   9  124  +20   63  +19   63   19  18  0  0 L3P FE
G10 FF 61055 205800  780 246  568    +5827599    +22         -58     -5   36   2  193  +49   51   +8   51    8  28  0  0 L3P E5
G14 FF 61055 205800  780 214 2955    -7289979    -20         -10     +4   34 213  220  +10   20   -4   20   -4  25  0  0 L3P F8
G17 FF 61055 205800  780 111 3168     +336330   +133           0    +17   28 173  414 -224   29   -5   29   -5  22  0  0 L3P 01
G22 FF 61055 205800  780 199 3126     +583856    -77         -36    -33   61  16  235  -14   27  +11   27   11  42  0  0 L3P 17
G27 FF 61055 205800  780 142 1587     +193629    +39         -39    -38   38 105  324 +151  102  +33  102   33  28  0  0 L3P 5A
G32 FF 61055 205800  780 429  792    +1615599   -177         -44     -6   32   4  118   +1   38   -8   38   -8  24  0  0 L3P EF
G01 FF 61055 211400  780 633 2870    -3435840    +71         -42    +34   22 199   90   -6   30  -24   30  -24  14  0  0 L3P 0C
G02 FF 61055 211400  780 815 1078     -174023    -70         -12    +12   15  94   82   +2   19  -12   19  -12   9  0  0 L3P D1
G03 FF 61055 211400  780 323 2343    -5975423    +57         -42    -46   31  74  151  -30   54   +5   54    5  22  0  0 L3P F3
G08 FF 61055 211400  780 330 1766    -5038626    +50         -37     +7   35   9  148  +30   75  +16   75   16  26  0  0 L3P 05
G10 FF 61055 211400  780 181  584    +5827647    +76         -36    +48   36   2  257  +89   32  -25   32  -25  31  0  0 L3P 18
G14 FF 61055 211400  780 198 2884    -7290009    +27         -17    +51   49 213  236  +24   27  -32   27  -32  38  0  0 L3P 49
G17 FF 61055 211400  780 172 3158     +336473    +79          30    -37   47 173  273  -95   -2  +13   -2   13  35  0  0 L3P 0D
G22 FF 61055 211400  780 205 3059     +583806    -76         -44    -32   36  16  229   -1   34  +18   34   18  25  0  0 L3P FD
G32 FF 61055 211400  780 418  698    +1615435   -172         -44     -1   18   4  121   +5   36  +11   36   11  13  0  0 L3P D7
G01 FF 61055 213000  780 706 2897    -3435802    +23         -41    -14   18 199   86   -4   29   +5   29    5  12  0  0 L3P F3
G02 FF 61055 213000  780 743 1164     -174111   -155         -21    -73   25  94   84   +3   25  +59   25   59  16  0  0 L3P F9
G03 FF 61055 213000  780 394 2384    -5975344   +124         -63    +21   27  74  127  -20   54  -29   54  -29  20  0  0 L3P 45
G08 FF 61055 213000  780 258 1761    -5038586     -8         -39    -51   26   9  185  +49   88  +31   88   31  20  0  0 L3P 1B
G10 FF 61055 213000  780 118  605    +5827710    +99           1    +72   69   2  386 +197   21  -36   21  -36  54  0  0 L3P 02
G14 FF 61055 213000  780 172 2817    -7290032    -63         -17    -39   64 213  269  +46   30  +45   30   45  49  0  0 L3P 37
G17 FF 61055 213000  780 231 3139     +336545   +175          -9    +59   38 173  206  -50   28  -51   28  -51  29  0  0 L3P 37
G22 FF 61055 213000  780 200 2991     +583778    -57         -31    -14   25  16  234  +13   25   +2   25    2  20  0  0 L3P D5
G32 FF 61055 213000  780 390  615    +1615265   -153         -51    +18   30   4  128  +10   46   -5   46   -5  20  0  0 L3P DF
G01 FF 61055 214600  780 781 2907    -3435769    +75         -44    +38   16 199   83   -2   33  -30   33  -30  11  0  0 L3P 28
G02 FF 61055 214600  780 671 1218     -174182    -63         -13    +19   12  94   88   +5   22  -14   22  -14   9  0  0 L3P E0
G03 FF 61055 214600  780 465 2429    -5975237    +27         -55    -77   21  74  111  -14   39  +48   39   48  17  0  0 L3P 41
G08 FF 61055 214600  780 187 1757    -5038563    -45         -57    -88   44   9  249  +90  112  +82  112   82  34  0  0 L3P 54
G14 FF 61055 214600  780 138 2755    -7290078    +37         -40    +61   37 213  332  +89   56  -23   56  -23  29  0  0 L3P 52
G17 FF 61055 214600  780 287 3108     +336680   +122          15     +6   22 173  168  -30   13   +6   13    6  16  0  0 L3P E4
G22 FF 61055 214600  780 183 2924     +583730    -86         -37    -42   35  16  254  +29   32  +42   32   42  29  0  0 L3P 16
G32 FF 61055 214600  780 351  548    +1615092   -173         -60     -3   32   4  140  +16   53  +10   53   10  24  0  0 L3P DF
G01 FF 61055 220200  780 855 2819    -3435733    +52         -39    +14   22 200   81   -1   29  -16   29  -16  15  0  0 L3P 14
G02 FF 61055 220200  780 599 1262     -174281    -57         -40    +25   18   0   93   +7   44   +2   44    2  12  0  0 L3P A5
G03 FF 61055 220200  780 538 2480    -5975140    +79         -57    -24   27  75  100  -10   35   +5   35    5  20  0  0 L3P F7
G04 FF 61055 220200  780 108 1895     -383933    -85          13    -61   49   7  430 -271   69  +16   69   16  41  0  0 L3P 16
G08 FF 61055 220200  780 120 1752    -5038514   +114         -50    +71   65   9  383 +208  116  -71  116  -71  46  0  0 L3P 5A
G17 FF 61055 220200  780 338 3063     +336779   +136           4    +20   28 174  145  -19   18  -19   18  -19  20  0  0 L3P 27
G19 FF 61055 220200  780 136 3206    -6857353    +59           7    +77   36   0  343 -147    8  -54    8  -54  24  0  0 L3P 00
G22 FF 61055 220200  780 157 2860     +583691   -116         -34    -73   43  18  293  +55   34  +46   34   46  31  0  0 L3P 28
G32 FF 61055 220200  780 302  497    +1614951   -158         -37    +13   22   4  160  +26   36   +3   36    3  16  0  0 L3P D9
G01 FF 61055 221800  780 862 1495    -3435691    +47         -32    +10   14 200   81   +1   21   -7   21   -7   9  0  0 L3P D6
G02 FF 61055 221800  780 527 1301     -174353    -55         -33    +27   27   0  101  +10   47   -5   47   -5  19  0  0 L3P D1
G03 FF 61055 221800  780 610 2541    -5975049    +78         -66    -25   20  75   92   -7   33  +10   33   10  14  0  0 L3P FB
G04 FF 61055 221800  780 178 1895     -384008     -2         -39    +22   47   7  265 -106  105  -33  105  -33  35  0  0 L3P 32
G17 FF 61055 221800  780 381 3003     +336895    +92           8    -24   24 174  131  -12   14   +9   14    9  17  0  0 L3P DD
G19 FF 61055 221800  780 193 3180    -6857385    -30          -7    -12   40   0  244  -70   18  +17   18   17  29  0  0 L3P 07
G22 FF 61055 221800  780 124 2801     +583643    +78         -41   +121   51  18  369 +108   46  -70   46  -70  34  0  0 L3P 40
G28 FF 61055 221800  780 176  868    +6107337    -24           7    +28   43  80  265  -57   27  -36   27  -36  35  0  0 L3P 1D
G32 FF 61055 221800  780 247  460    +1614804   -123         -21    +48   21   4  192  +43   25  -35   25  -35  17  0  0 L3P 0D
G01 FF 61055 223400  780 786 1368    -3435648    +92         -26    +54   17 200   82   +2   18  -32   18  -32  11  0  0 L3P 1B
G02 FF 61055 223400  780 456 1336     -174449    -78         -50     +4   26   0  113  +14   70   -5   70   -5  19  0  0 L3P CB
G03 FF 61055 223400  780 683 2618    -5974945   +106         -61     +2   20  75   87   -5   25   +2   25    2  15  0  0 L3P DF
G04 FF 61055 223400  780 250 1897     -384032   -103         -40    -79   44   7  191  -55   89  +46   89   46  33  0  0 L3P 29
G17 FF 61055 223400  780 414 2926     +336996    +58          -1    -58   24 174  122   -7   22  +49   22   49  18  0  0 L3P 11
G19 FF 61055 223400  780 246 3143    -6857416    +41         -20    +59   26   0  194  -39   22  -39   22  -39  21  0  0 L3P 24
G28 FF 61055 223400  780 211  803    +6107254    -95         -26    -43   30  80  223  -32   40  +11   40   11  23  0  0 L3P EE
G31 FF 61055 223400  780 126 1118    +1724234    -41           3    -21   57  28  367 -152   74   -4   74   -4  39  0  0 L3P FB
G32 FF 61055 223400  780 188  436    +1614649   -142         -12    +29   36   4  248  +77   14  -26   14  -26  31  0  0 L3P 20
G01 FF 61055 225000  780 709 1370    -3435617    +77         -31    +39   11 200   85   +4   30  -19   30  -19   7  0  0 L3P FD
G02 FF 61055 225000  780 385 1368     -174506    -55         -29    +27   27   0  129  +21   63  -15   63  -15  18  0  0 L3P 0A
G03 FF 61055 225000  780 754 2733    -5974857   +125         -72    +22   21  75   84   -3   32  -16   32  -16  15  0  0 L3P 22
G04 FF 61055 225000  780 325 1900     -384037    -50         -22    -26   29   7  151  -33   65  +11   65   11  21  0  0 L3P E5
G17 FF 61055 225000  780 432 2837     +337080    +96         -29    -20   23 174  118   -2   39  +16   39   16  18  0  0 L3P 15
G19 FF 61055 225000  780 294 3093    -6857443     -2         -30    +16   35   0  165  -23   33  -24   33  -24  23  0  0 L3P 03
G28 FF 61055 225000  780 236  732    +6107203    -21         -27    +31   32  80  201  -17   33  -28   33  -28  26  0  0 L3P 06
G31 FF 61055 225000  780 177 1065    +1724177    -37         -35    -17   23  28  265  -74   84   +7   84    7  19  0  0 L3P 12
G32 FF 61055 225000  780 128  423    +1614495   -296          -3   -125   53   4  358 +167    7  +91    7   91  47  0  0 L3P 0D
G01 FF 61055 230600  780 631 1388    -3435576    +18         -25    -19   19 200   91   +6   31  +22   31   22  12  0  0 L3P FE
G02 FF 61055 230600  780 315 1397     -174566    -79         -10     +3   29   0  154  +31   57   +7   57    7  23  0  0 L3P C9
G03 FF 61055 230600  780 818 2976    -5974757    +61         -72    -42   18  75   82   -1   34  +27   34   27  12  0  0 L3P 18
G04 FF 61055 230600  780 401 1901     -384060    +63         -23    +87   31   7  126  -21   58  -75   58  -75  21  0  0 L3P 06
G06 FF 61055 230600  780 115 3052    +6027740    +80          24    +43   42 164  403 -220   -4  -23   -4  -23  31  0  0 L3P 17
G09 FF 61055 230600  780 118 2081    -7702981   -104          11   -100   45 184  394 -226   69  +87   69   87  32  0  0 L3P 75
G17 FF 61055 230600  780 433 2740     +337202   +124         -18     +8   25 174  118   +1   32   -7   32   -7  18  0  0 L3P E7
G19 FF 61055 230600  780 332 3028    -6857461     +9         -30    +27   37   0  147  -14   23  -22   23  -22  31  0  0 L3P FE
G28 FF 61055 230600  780 250  658    +6107145    -71         -35    -18   31  80  190   -6   34   +4   34    4  23  0  0 L3P D3
G31 FF 61055 230600  780 224 1006    +1724155    +31         -37    +52   36  28  211  -41   76  -43   76  -43  32  0  0 L3P 1C
G01 FF 61055 232200  780 553 1411    -3435538    +39         -23     +2   21 200   98   +9   35  -10   35  -10  15  0  0 L3P EE
G02 FF 61055 232200  780 246 1423     -174648    -68         -14    +14   22   0  193  +51   66   +5   66    5  20  0  0 L3P CC
G03 FF 61055 232200  780 843   32    -5974653    +83         -67    -21   20  75   81   +0   30  +13   30   13  13  0  0 L3P C5
G04 FF 61055 232200  780 479 1899     -384110    -28         -49     -4   29   7  109  -14   67  -15   67  -15  23  0  0 L3P 11
G06 FF 61055 232200  780 179 3066    +6027728    +74         -25    +37   40 164  263  -95   24  -38   24  -38  28  0  0 L3P 56
G09 FF 61055 232200  780 186 2097    -7703042    -98         -47    -94   44 184  253  -94  104  +52  104   52  37  0  0 L3P 6F
G17 FF 61055 232200  780 418 2644     +337310   +121         -21     +5   22 174  121   +6   40   +9   40    9  16  0  0 L3P CC
G19 FF 61055 232200  780 359 2950    -6857466    -60         -18    -42   31   0  138   -7   16  +39   16   39  21  0  0 L3P 11
G28 FF 61055 232200  780 252  583    +6107087    -47         -43     +5   32  80  189   +4   36   +0   36    0  24  0  0 L3P C3
G31 FF 61055 232200  780 265  938    +1724149    -41         -23    -21   24  28  181  -24   62   -4   62   -4  19  0  0 L3P F4
G01 FF 61055 233800  780 476 1434    -3435506    -11         -28    -48   19 200  109  +14   41  +39   41   39  13  0  0 L3P 2D
G02 FF 61055 233800  780 178 1446     -174751    -81         -39     +1   48   0  261  +97   93   -4   93   -4  37  0  0 L3P E8
G03 FF 61055 233800  780 796  512    -5974550   +101         -63     -3   15  75   82   +2   24   -7   24   -7  10  0  0 L3P D4
G04 FF 61055 233800  780 558 1888     -384120    -57         -36    -33   27   7   98  -10   49   +9   49    9  20  0  0 L3P EA
G06 FF 61055 233800  780 244 3073    +6027767    +80         -21    +42   37 164  196  -51   23  -36   23  -36  25  0  0 L3P 46
G09 FF 61055 233800  780 257 2116    -7703025    -48         -27    -44   31 184  186  -50   77  +25   77   25  26  0  0 L3P 4B
G17 FF 61055 233800  780 388 2557     +337418   +162         -24    +46   33 174  129  +10   45  -31   45  -31  23  0  0 L3P 44
G19 FF 61055 233800  780 372 2862    -6857498    +24         -33    +42   34   0  134   -1   30  -13   30  -13  29  0  0 L3P 0B
G28 FF 61055 233800  780 240  510    +6107053    -28         -26    +25   33  80  197  +14   18  -25   18  -25  24  0  0 L3P 16
G31 FF 61055 233800  780 296  863    +1724123    -27         -30     -7   40  28  163  -13   49  -17   49  -17  29  0  0 L3P 19
G01 FF 61055 235400  780 401 1457    -3435497    -47         -55    -85   22 200  125  +20   69  +66   69   66  17  0  0 L3P 44
G02 FF 61055 235400  780 112 1466     -174836   -188         -45   -106   68   0  408 +235  108  +99  108   99  48  0  0 L3P 75
G03 FF 61055 235400  780 730  688    -5974461   +114         -74    +10   18  75   84   +3   31  -14   31  -14  13  0  0 L3P 08
G04 FF 61055 235400  780 636 1861     -384150    -21         -43     +3   24   7   90   -6   42  -12   42  -12  17  0  0 L3P C4
G06 FF 61055 235400  780 310 3071    +6027788    +39         -36     +2   35 164  157  -31   34   -2   34   -2  26  0  0 L3P 05
G09 FF 61055 235400  780 330 2137    -7703022    -27         -21    -24   40 184  149  -31   64   +2   64    2  28  0  0 L3P 04
G17 FF 61055 235400  780 347 2482     +337541   +121         -13     +5   30 174  142  +17   46   +7   46    7  21  0  0 L3P F1
G19 FF 61055 235400  780 368 2770    -6857490    -68          -7    -50   29   0  135   +4   19  +58   19   58  20  0  0 L3P 0E
G28 FF 61055 235400  780 217  444    +6106989    -65         -40    -12   28  80  217  +28   26  +16   26   16  24  0  0 L3P 1B
G31 FF 61055 235400  780 315  780    +1724093    -17         -40     +4   35  28  154   -6   47   -5   47   -5  26  0  0 L3P D7
