CGGTTS     GENERIC DATA FORMAT VERSION = 2E
REV DATE = 2026-01-01                    
RCVR = POLARX5-TR                    R2CGGTTS v8.8    
CH = 99 
IMS = POLARX5-TR                    
LAB = PTB                           
X = +3844059.67 m 
Y =  +709661.67 m 
Z = +5023129.80 m 
FRAME = ITRF
COMMENTS =           IGS RINEX,AUSPOS XYZ          
INT DLY =   31.0 ns (GPS P1),   28.5 ns (GPS P2)     CAL_ID = 1001-2022           
CAB DLY =  205.7 ns 
REF DLY =   56.2 ns
REF = UTC(PTB)                      
CKSUM = 5E

SAT CL  MJD  STTIME TRKL ELV AZTH   REFSV      SRSV     REFSYS    SRSYS  DSG IOE MDTR SMDT MDIO SMDI MSIO SMSI ISG FR HC FRC CK
             hhmmss  s  .1dg .1dg    .1ns     .1ps/s     .1ns    .1ps/s .1ns     .1ns.1ps/s.1ns.1ps/s.1ns.1ps/s.1ns
G01 FF 61040 001000  780 641 1388    -3480877     -4           0    -33   18 237   90   +6   44  +29   44   29  13  0  0 L3P D7
G02 FF 61040 001000  780 326 1395      -60525   -117          12    -34   26   5  149  +29  100  +36  100   36  18  0  0 L3P F1
G03 FF 61040 001000  780 812 2939    -6110184    +74         -26    -20   15  55   82   -1   41   +7   41    7  11  0  0 L3P BB
G04 FF 61040 001000  780 400 1897     -350548    -55          15    -30   35  40  126  -21   86   +2   86    2  28  0  0 L3P CB
G06 FF 61040 001000  780 106 3051    +5968390    +60          29    +12   30   0  436 -256   22  -15   22  -15  25  0  0 L3P FF
G09 FF 61040 001000  780 106 2082    -7693592    -34          38    -24   50   7  438 -276   87  +43   87   43  41  0  0 L3P 24
G17 FF 61040 001000  780 432 2760     +174555   +146          21    +25   28 173  118   +1   29  -19   29  -19  18  0  0 L3P 16
G19 FF 61040 001000  780 331 3032    -6831910    +74          18    +94   37  15  148  -14   25  -62   25  -62  32  0  0 L3P 12
G28 FF 61040 001000  780 248  658    +6174807    -37          -8     +9   25 116  192   -6   55  -17   55  -17  19  0  0 L3P 0A
G31 FF 61040 001000  780 221 1005    +1752251    -37          -1    -16   32  70  214  -42   90   -2   90   -2  25  0  0 L3P C4
G01 FF 61040 002600  780 563 1410    -3480848    +24           2     -5   19 237   97   +9   52   +8   52    8  14  0  0 L3P B6
G02 FF 61040 002600  780 257 1422      -60593    -89          24     -6   34   5  185  +47  108  +14  108   14  27  0  0 L3P E8
G03 FF 61040 002600  780 844 3551    -6110083   +105         -16    +11   16  55   81   +0   36   +4   36    4  12  0  0 L3P C4
G04 FF 61040 002600  780 478 1894     -350583     -7           3    +18   25  40  109  -14   79  -37   79  -37  19  0  0 L3P 00
G06 FF 61040 002600  780 169 3066    +5968404     +4          -3    -44   43   0  277 -105   41   +9   41    9  33  0  0 L3P D3
G09 FF 61040 002600  780 174 2098    -7693645    +30          -5    +40   49   7  270 -107  136  -44  136  -44  35  0  0 L3P 48
G17 FF 61040 002600  780 420 2665     +174674   +136          25    +15   24 173  121   +5   34   -8   34   -8  20  0  0 L3P E9
G19 FF 61040 002600  780 359 2954    -6831923    -16          24     +4   24  15  138   -7   23  +11   23   11  19  0  0 L3P E8
G28 FF 61040 002600  780 250  583    +6174775    -51           4     -5   25 116  190   +3   42   +7   42    7  20  0  0 L3P AC
G31 FF 61040 002600  780 262  938    +1752232    -18           0     +2   30  70  183  -25   75  -21   75  -21  21  0  0 L3P CF
G01 FF 61040 004200  780 486 1433    -3480823    -26           0    -54   22 237  107  +13   62  +58   62   58  15  0  0 L3P 06
G02 FF 61040 004200  780 189 1445      -60683   -114          13    -31   27   5  248  +87  140  +58  140   58  22  0  0 L3P 09
G03 FF 61040 004200  780 803  484    -6109985    +71          -8    -23   12  55   82   +2   35  +17   35   17   9  0  0 L3P C5
G04 FF 61040 004200  780 557 1883     -350604    -27           7     -2   21  40   98  -10   62   +1   62    1  16  0  0 L3P 90
G06 FF 61040 004200  780 235 3074    +5968447    +47          -5     +0   33   0  203  -56   44   +5   44    5  23  0  0 L3P B6
G09 FF 61040 004200  780 244 2116    -7693632    -35          18    -24   36   7  196  -55  106   +5  106    5  27  0  0 L3P 04
G17 FF 61040 004200  780 392 2576     +174774   +121           9     +0   27 173  127  +10   49  +11   49   11  21  0  0 L3P EE
G19 FF 61040 004200  780 372 2867    -6831954     +7          11    +26   25  15  133   -2   33  -13   33  -13  21  0  0 L3P EB
G28 FF 61040 004200  780 239  511    +6174720    -23          -8    +22   29 116  198  +14   45  -18   45  -18  23  0  0 L3P 15
G31 FF 61040 004200  780 293  862    +1752225    -66          12    -45   41  70  164  -14   56  +33   56   33  34  0  0 L3P F6
G01 FF 61040 005800  780 410 1456    -3480801    +36          -5     +7   25 237  123  +19   80  +16   80   16  20  0  0 L3P F5
G02 FF 61040 005800  780 122 1465      -60731   +126          46   +209   57   5  377 +201  141 -137  141 -137  48  0  0 L3P 5A
G03 FF 61040 005800  780 737  676    -6109903   +134         -17    +40   17  55   84   +3   44  -26   44  -26  12  0  0 L3P 09
G04 FF 61040 005800  780 635 1855     -350635    -50          -1    -25   17  40   90   -6   55  +20   55   20  11  0  0 L3P C2
G06 FF 61040 005800  780 301 3073    +5968496    +49          -2     +1   36   0  161  -34   38   -3   38   -3  26  0  0 L3P D0
G09 FF 61040 005800  780 316 2137    -7693628     -2          31     +8   29   7  154  -33   81  -17   81  -17  24  0  0 L3P F6
G17 FF 61040 005800  780 353 2499     +174866   +106         -15    -14   28 173  140  +16   75  +11   75   11  24  0  0 L3P 2F
G19 FF 61040 005800  780 369 2775    -6831982   -100           2    -81   28  15  134   +3   46  +73   46   73  20  0  0 L3P 0D
G28 FF 61040 005800  780 216  444    +6174705    -38          21     +8   35 116  218  +28   22   -4   22   -4  29  0  0 L3P E4
G31 FF 61040 005800  780 313  780    +1752208    +16          15    +37   37  70  155   -6   45  -32   45  -32  32  0  0 L3P EE
G01 FF 61040 011400  780 336 1477    -3480779    +18         -10    -10   25 237  145  +29   97  +30   97   30  18  0  0 L3P 32
G03 FF 61040 011400  780 668  779    -6109802    +31          -6    -63   21  55   88   +5   38  +44   38   44  14  0  0 L3P E2
G04 FF 61040 011400  780 710 1786     -350659    -45           0    -20   26  40   86   -4   51  +11   51   11  18  0  0 L3P B1
G06 FF 61040 011400  780 367 3061    +5968526    +11         -18    -37   23   0  135  -22   47  +31   47   31  15  0  0 L3P FE
G09 FF 61040 011400  780 390 2160    -7693672    +11          -2    +21   23   7  128  -21   90  -37   90  -37  18  0  0 L3P FF
G17 FF 61040 011400  780 304 2433     +175009   +156          12    +35   27 173  159  +25   69   -6   69   -6  21  0  0 L3P 07
G19 FF 61040 011400  780 351 2685    -6832005    -87          -3    -68   29  15  140   +9   49  +65   49   65  23  0  0 L3P 10
G28 FF 61040 011400  780 182  387    +6174652    -49          11     -3   33 116  255  +52   32  +14   32   14  26  0  0 L3P F2
G31 FF 61040 011400  780 318  696    +1752169    +45          -4    +65   26  70  153   +1   55  -48   55  -48  20  0  0 L3P F8
G01 FF 61040 013000  780 263 1497    -3480757    +47         -15    +19   33 237  181  +47  116   +4  116    4  26  0  0 L3P 2B
G03 FF 61040 013000  780 599  855    -6109727   +120         -22    +25   17  55   93   +7   52  -31   52  -31  13  0  0 L3P FE
G04 FF 61040 013000  780 774 1612     -350678    -46           4    -21   16  40   83   -2   44   +7   44    7  12  0  0 L3P 96
G06 FF 61040 013000  780 433 3033    +5968602    +58          13    +11   34   0  118  -15   22   -9   22   -9  28  0  0 L3P D3
G09 FF 61040 013000  780 466 2186    -7693675    -29           4    -19   23   7  111  -15   72   -5   72   -5  18  0  0 L3P E6
G17 FF 61040 013000  780 250 2378     +175123   +114          11     -7   36 173  190  +41   84  +21   84   21  30  0  0 L3P F2
G19 FF 61040 013000  780 318 2603    -6832020    +59           1    +78   34  15  153  +17   59  -46   59  -46  28  0  0 L3P 14
G28 FF 61040 013000  780 140  339    +6174568    -50         -29     -5   50 116  328 +104   62  +12   62   12  39  0  0 L3P 11
G31 FF 61040 013000  780 309  613    +1752178     -6          25    +14   36  70  157   +8   32  -12   32  -12  25  0  0 L3P CF
G01 FF 61040 014600  780 192 1514    -3480726    +25         -12     -4   42 237  243  +87  133  +33  133   33  34  0  0 L3P 2E
G03 FF 61040 014600  780 529  917    -6109621    +55          -6    -40   21  55  101   +9   43  +38   43   38  14  0  0 L3P E1
G04 FF 61040 014600  780 801 1229     -350712     +8          -5    +33   14  40   82   +0   45  -25   45  -25  10  0  0 L3P B0
G06 FF 61040 014600  780 494 2983    +5968638    +52           3     +4   29   0  107  -10   33   -3   33   -3  19  0  0 L3P C7
G09 FF 61040 014600  780 542 2213    -7693692     -8          -4     +3   26   7  100  -10   68   -7   68   -7  20  0  0 L3P C2
G11 FF 61040 014600  780 103 3158    +4912041   -200          34    -66   33  87  447 -265   23  +51   23   51  25  0  0 L3P 23
G17 FF 61040 014600  780 192 2332     +175241   +179          13    +59   34 173  243  +72  101  -30  101  -30  27  0  0 L3P 39
G19 FF 61040 014600  780 275 2532    -6832043    -74          -4    -55   23  15  174  +28   83  +80   83   80  21  0  0 L3P 12
G31 FF 61040 014600  780 285  538    +1752142    -36           8    -15   26  70  168  +16   40   -4   40   -4  19  0  0 L3P D0
G01 FF 61040 020200  780 123 1529    -3480700   +114         -14    +86   55 238  373 +202  159  -54  159  -54  45  0  0 L3P 7D
G03 FF 61040 020200  780 461  972    -6109530   +110          -2    +16   13  57  112  +13   51  -10   51  -10   8  0  0 L3P D6
G04 FF 61040 020200  780 769  872     -350732    +18           0    +43   18  41   83   +2   44  -28   44  -28  12  0  0 L3P B9
G06 FF 61040 020200  780 547 2903    +5968675    +39          -6     -9   21   0   99   -6   44  +17   44   17  16  0  0 L3P D7
G09 FF 61040 020200  780 620 2240    -7693699    +11           0    +21   17   7   92   -7   56  -19   56  -19  11  0  0 L3P D6
G11 FF 61040 020200  780 165 3151    +4911903    -86          22    +49   36  88  284 -106   28  -44   28  -44  27  0  0 L3P 37
G17 FF 61040 020200  780 134 2290     +175365   +225          23   +104   36 174  344 +148  109  -96  109  -96  28  0  0 L3P 7A
G19 FF 61040 020200  780 225 2470    -6832059    -70          -1    -51   32  15  209  +47  105  +56  105   56  26  0  0 L3P 24
G31 FF 61040 020200  780 250  474    +1752127    -13          10     +8   32  86  190  +29   35   -1   35   -1  25  0  0 L3P B9
G03 FF 61040 021800  780 394 1022    -6109445   +121          -7    +27   23  57  127  +18   61  -10   61  -10  18  0  0 L3P 12
G04 FF 61040 021800  780 706  723     -350759    -20          -3     +5   17  41   86   +4   44  -13   44  -13  12  0  0 L3P AC
G06 FF 61040 021800  780 585 2788    +5968740    +43          13     -5   28   0   95   -3   37   +2   37    2  21  0  0 L3P B0
G07 FF 61040 021800  780 124 1782    +1285792   +142          10    +88   51   3  375 -205  136  -45  136  -45  44  0  0 L3P 56
G09 FF 61040 021800  780 698 2268    -7693704     +7           5    +18   18   7   86   -5   48  -14   48  -14  13  0  0 L3P E5
G11 FF 61040 021800  780 226 3136    +4911768   -143          16     -9   22  88  210  -55   40   +2   40    2  17  0  0 L3P DE
G19 FF 61040 021800  780 171 2416    -6832053    -53          23    -33   38  15  272  +87  100  +45  100   45  31  0  0 L3P 25
G31 FF 61040 021800  780 206  422    +1752102    -67           4    -46   40  86  228  +52   34  +25   34   25  32  0  0 L3P D9
G03 FF 61040 023400  780 328 1068    -6109357    +56         -10    -39   23  57  148  +27   73  +41   73   41  18  0  0 L3P 21
G04 FF 61040 023400  780 635  670     -350779    +21           2    +46   23  41   90   +6   39  -37   39  -37  16  0  0 L3P C6
G06 FF 61040 023400  780 602 2642    +5968782    +62           9    +14   26   0   93   +0   44   -7   44   -7  20  0  0 L3P AE
G07 FF 61040 023400  780 193 1772    +1285856    +87          22    +33   29   3  244  -88  131  -43  131  -43  20  0  0 L3P 30
G09 FF 61040 023400  780 776 2291    -7693692    -13          26     -3   14   7   83   -3   28   -3   28   -3   9  0  0 L3P B4
G11 FF 61040 023400  780 285 3108    +4911621   -147          -2    -13   30  88  169  -32   58   +9   58    9  23  0  0 L3P FF
G26 FF 61040 023400  780 116  547    +3034998    +51           8    -11   74 116  392  -49   48   +7   48    7  55  0  0 L3P F2
G31 FF 61040 023400  780 155  382    +1752083    +37           5    +57   38  86  299 +102   32  -24   32  -24  32  0  0 L3P 07
G03 FF 61040 025000  780 263 1112    -6109243   +140          13    +46   26  57  181  +42   71  -17   71  -17  21  0  0 L3P 11
G04 FF 61040 025000  780 563  657     -350804    -37           0    -12   19  41   97   +8   37   +2   37    2  14  0  0 L3P 89
G06 FF 61040 025000  780 591 2490    +5968833    +33          14    -15   21   0   94   +2   41  +11   41   11  15  0  0 L3P C1
G07 FF 61040 025000  780 264 1762    +1285889    +64           4    +10   21   3  182  -48  131  -27  131  -27  17  0  0 L3P 17
G09 FF 61040 025000  780 854 2278    -7693708    -29          20    -19   15   7   81   -1   34  +20   34   20  12  0  0 L3P DA
G11 FF 61040 025000  780 341 3067    +4911538   -129          44     +5   24  88  144  -20   22  -19   22  -19  16  0  0 L3P 13
G20 FF 61040 025000  780 160 2987    -3618642    -61          31    -62   31  55  293 -113   39  +56   39   56  27  0  0 L3P 2E
G21 FF 61040 025000  780 138 2914    -3694624   -145          16    -55   40  14  336 -148   33  +44   33   44  31  0  0 L3P 30
G26 FF 61040 025000  780 126  481    +3035077   +129          27    +67   41 116  363  -13   33  -50   33  -50  28  0  0 L3P 21
G03 FF 61040 030600  780 200 1152    -6109161   +110           5    +15   26  57  234  +72   96   -1   96   -1  19  0  0 L3P E0
G04 FF 61040 030600  780 491  663     -350820    -49           8    -24   23  41  107  +12   30  +12   30   12  16  0  0 L3P B8
G06 FF 61040 030600  780 557 2359    +5968861    +67          -4    +20   22   0   98   +5   60  -11   60  -11  15  0  0 L3P E0
G07 FF 61040 030600  780 337 1750    +1285939    +50           3     -4   27   3  146  -29  111  -31  111  -31  18  0  0 L3P FA
G09 FF 61040 030600  780 867  700    -7693712     -4          26     +6   15   7   81   +1   29   -1   29   -1  11  0  0 L3P 8A
G11 FF 61040 030600  780 389 3008    +4911389   -157          24    -23   20  88  129  -13   34  +14   34   14  15  0  0 L3P 1E
G16 FF 61040 030600  780 108  756    -1781441   +125         -36   +202  103   1  422 -138   88 -170   88 -170  63  0  0 L3P 6F
G20 FF 61040 030600  780 223 3003    -3618657    +43          14    +42   31  55  213  -60   51  -20   51  -20  21  0  0 L3P F1
G21 FF 61040 030600  780 200 2939    -3694721    -34           6    +57   40  14  236  -73   36  -37   36  -37  31  0  0 L3P 0E
G26 FF 61040 030600  780 125  415    +3035131    +22          21    -40   36 116  365  +17   30  +34   30   34  24  0  0 L3P E4
G03 FF 61040 032200  780 137 1190    -6109067    +96           8     +2   47  57  335 +149  110  +33  110   33  43  0  0 L3P 12
G04 FF 61040 032200  780 421  681     -350834    -77          18    -52   26  41  120  +16   26  +54   26   54  18  0  0 L3P E1
G06 FF 61040 032200  780 505 2260    +5968915    +66           4    +18   21   0  105   +9   64   -1   64   -1  13  0  0 L3P B3
G07 FF 61040 032200  780 411 1734    +1285986    +92          -2    +39   29   3  123  -19   89  -44   89  -44  23  0  0 L3P 19
G09 FF 61040 032200  780 791  662    -7693731    -18          16     -8   12   7   82   +2   31   +3   31    3   8  0  0 L3P 80
G11 FF 61040 032200  780 427 2931    +4911258   -159          22    -25   32  88  119   -7   38  +28   38   28  25  0  0 L3P 1E
G16 FF 61040 032200  780 140  693    -1781465   -106          14    -29   43   1  329  -66   37   -2   37   -2  32  0  0 L3P E5
G20 FF 61040 032200  780 287 3013    -3618645    -10          25    -11   38  55  168  -36   36  +12   36   12  28  0  0 L3P 06
G21 FF 61040 032200  780 264 2960    -3694814    -81           1    +10   29  14  181  -43   41  -16   41  -16  24  0  0 L3P FC
G26 FF 61040 032200  780 114  352    +3035194    +32          24    -30   42 116  399  +56   33  +23   33   23  30  0  0 L3P F2
G30 FF 61040 032200  780 166 1932     -722814    -92          10    +29   39  61  282 -117  145  -26  145  -26  31  0  0 L3P 3D
G04 FF 61040 033800  780 353  705     -350868    -31           8     -6   32  41  139  +24   36  +10   36   10  22  0  0 L3P B7
G06 FF 61040 033800  780 442 2188    +5968961     -4           4    -51   22   0  116  +14   80  +58   80   58  15  0  0 L3P E3
G07 FF 61040 033800  780 484 1709    +1286042    +29           4    -24   22   3  108  -13   67   +6   67    6  16  0  0 L3P CA
G09 FF 61040 033800  780 716  688    -7693747     +8          11    +18   15   7   85   +4   37  -21   37  -21  11  0  0 L3P D7
G11 FF 61040 033800  780 450 2838    +4911133   -101          26    +33   15  88  114   -3   34  -34   34  -34  13  0  0 L3P 09
G16 FF 61040 033800  780 164  625    -1781549    -71           4     +6   31   1  283  -32   32   -7   32   -7  24  0  0 L3P AF
G20 FF 61040 033800  780 354 3014    -3618631    +32          38    +30   31  55  140  -24   23  -17   23  -17  26  0  0 L3P 04
G21 FF 61040 033800  780 331 2974    -3694909    -94          -7     -3   36  14  148  -28   42   -2   42   -2  26  0  0 L3P F1
G30 FF 61040 033800  780 236 1935     -722970    -94         -30    +28   45  61  202  -59  167  -33  167  -33  35  0  0 L3P 4A
G04 FF 61040 035400  780 288  733     -350893    -25           7     +0   31  41  167  +35   45  +13   45   13  21  0  0 L3P BC
G05 FF 61040 035400  780 105 3048    +2264465    +85          28    +78   43   7  440 -262   36  -49   36  -49  31  0  0 L3P 2D
G06 FF 61040 035400  780 375 2137    +5969031   +123          29    +75   24   0  132  +22   82  -32   82  -32  19  0  0 L3P 16
G07 FF 61040 035400  780 556 1669    +1286078    -19         -12    -73   25   3   98   -9   67  +46   67   46  19  0  0 L3P 12
G09 FF 61040 035400  780 643  722    -7693769    -16          -1     -6   22   7   90   +6   47   -2   47   -2  16  0  0 L3P AA
G11 FF 61040 035400  780 456 2734    +4910997   -114          19    +20   41  88  113   +1   40   -4   40   -4  29  0  0 L3P F0
G16 FF 61040 035400  780 177  553    -1781620    -75           7     +2   40   1  264  -11   15  -21   15  -21  32  0  0 L3P BF
G20 FF 61040 035400  780 420 3003    -3618648    -52          19    -53   21  55  121  -16   41  +43   41   43  17  0  0 L3P FA
G21 FF 61040 035400  780 398 2981    -3694995   -157          -6    -67   29  14  126  -19   36  +41   36   41  22  0  0 L3P 3F
G30 FF 61040 035400  780 309 1937     -723074   -104         -17    +18   23  61  158  -35  135  -33  135  -33  18  0  0 L3P 4A
G04 FF 61040 041000  780 224  765     -350917    +40           8    +65   28  42  210  +57   51  -57   51  -57  25  0  0 L3P E1
G05 FF 61040 041000  780 169 3062    +2264469    +46          28    +39   38   8  277 -106   41  -46   41  -46  27  0  0 L3P 2B
G06 FF 61040 041000  780 305 2099    +5969052    +20           3    -28   42   3  159  +34  114  +39  114   39  30  0  0 L3P 05
G07 FF 61040 041000  780 623 1601    +1286142    +60           4     +6   17  10   91   -6   51  -11   51  -11  13  0  0 L3P A8
G09 FF 61040 041000  780 571  759    -7693758    +53          15    +64   20   8   96   +8   34  -42   34  -42  15  0  0 L3P EA
G11 FF 61040 041000  780 443 2630    +4910859   -119           7    +16   23  89  116   +5   55   -8   55   -8  16  0  0 L3P EC
G16 FF 61040 041000  780 178  482    -1781695    -48           5    +30   33  16  262   +7   18  -23   18  -23  27  0  0 L3P EC
G20 FF 61040 041000  780 486 2975    -3618660    +19           5    +18   18  56  108  -11   46  -15   46  -15  13  0  0 L3P 0F
G21 FF 61040 041000  780 467 2976    -3695098    -83         -20     +8   20  15  111  -13   45  -20   45  -20  15  0  0 L3P 0E
G30 FF 61040 041000  780 383 1940     -723163   -118          10     +4   30  71  131  -22   88  -23   88  -23  22  0  0 L3P F3
G04 FF 61040 042600  780 163  798     -350944    +14           6    +39   36  42  285 +104   61  -13   61  -13  29  0  0 L3P FA
G05 FF 61040 042600  780 235 3069    +2264447    +52           0    +46   43   8  203  -56   49  -25   49  -25  30  0  0 L3P F9
G06 FF 61040 042600  780 234 2068    +5969107   +103          12    +55   29   3  202  +58  132  -14  132  -14  23  0  0 L3P 2D
G07 FF 61040 042600  780 681 1485    +1286197    +41           8    -13   20  10   87   -3   39  +14   39   14  13  0  0 L3P D9
G09 FF 61040 042600  780 501  798    -7693776    -35           7    -25   19   8  105  +11   43  +31   43   31  14  0  0 L3P E4
G11 FF 61040 042600  780 413 2535    +4910741   -130          18     +5   24  89  122   +9   51   +9   51    9  16  0  0 L3P D0
G16 FF 61040 042600  780 167  413    -1781774    -81           0     -4   37  16  278  +28   19   +5   19    5  29  0  0 L3P C7
G20 FF 61040 042600  780 548 2922    -3618651    +41          14    +40   24  56   99   -7   36  -22   36  -22  17  0  0 L3P FC
G21 FF 61040 042600  780 536 2952    -3695189    -98         -23     -7   26  15  100   -9   40   +9   40    9  18  0  0 L3P E8
G30 FF 61040 042600  780 458 1939     -723276    -94          14    +27   32  71  113  -15   68  -36   68  -36  25  0  0 L3P 21
G05 FF 61040 044200  780 302 3067    +2264441    +42         -13    +35   28   8  161  -34   60  -30   60  -30  21  0  0 L3P F4
G06 FF 61040 044200  780 165 2043    +5969148    +57           7     +9   57   3  281 +114  158   +9  158    9  49  0  0 L3P 09
G07 FF 61040 044200  780 718 1296    +1286243    +18           1    -35   20  10   85   -1   42  +23   42   23  14  0  0 L3P C2
G09 FF 61040 044200  780 432  838    -7693775    -34          18    -24   22   8  118  +15   44  +34   44   34  16  0  0 L3P FB
G11 FF 61040 044200  780 371 2454    +4910606   -151          12    -17   28  89  134  +15   69  +29   69   29  20  0  0 L3P 28
G16 FF 61040 044200  780 144  349    -1781882   -145         -34    -68   34  16  319  +60   49  +30   49   30  23  0  0 L3P 28
G20 FF 61040 044200  780 601 2831    -3618651    -23          12    -24   19  56   93   -5   47  +23   47   23  13  0  0 L3P E2
G21 FF 61040 044200  780 602 2900    -3695276   -136         -22    -45   17  15   93   -6   49  +38   49   38  11  0  0 L3P 17
G30 FF 61040 044200  780 535 1932     -723396   -133          11    -11   23  71  101  -10   62   +7   62    7  18  0  0 L3P D4
G05 FF 61040 045800  780 369 3052    +2264467     +7           7     +1   25   8  135  -22   50  +13   50   13  17  0  0 L3P BB
G07 FF 61040 045800  780 721 1061    +1286287    +74          -6    +21   16  10   85   +1   45  -15   45  -15  12  0  0 L3P E6
G09 FF 61040 045800  780 366  878    -7693794    -32           9    -21   24   8  135  +21   56  +26   56   26  20  0  0 L3P F9
G11 FF 61040 045800  780 319 2387    +4910481   -169          16    -35   31  89  152  +24   78  +24   78   24  25  0  0 L3P 39
G13 FF 61040 045800  780 147 2647    -6909025    -57           7    -66   48  87  316 -130  102  +19  102   19  37  0  0 L3P 4A
G16 FF 61040 045800  780 112  293    -1781949    -22         -27    +55   40  16  405 +129   45  -30   45  -30  28  0  0 L3P 2D
G20 FF 61040 045800  780 638 2694    -3618647     +7          15     +6   20  56   90   -2   49   +7   49    7  14  0  0 L3P BB
G21 FF 61040 045800  780 660 2798    -3695361   -102         -21    -11   19  15   88   -4   49  +17   49   17  13  0  0 L3P 1D
G30 FF 61040 045800  780 611 1913     -723505    -95          19    +27   18  71   92   -7   48  -28   48  -28  14  0  0 L3P FD
G05 FF 61040 051400  780 435 3022    +2264496    -50          29    -57   25   8  117  -14   35  +35   35   35  19  0  0 L3P FF
G07 FF 61040 051400  780 691  865    +1286359    +48          15     -5   17  10   86   +3   29   -3   29   -3  12  0  0 L3P BA
G09 FF 61040 051400  780 301  918    -7693803     +5          10    +15   34   8  160  +32   65   -2   65   -2  25  0  0 L3P B9
G11 FF 61040 051400  780 261 2332    +4910336   -167          -1    -32   40  89  182  +39  109  +36  109   36  29  0  0 L3P 3E
G13 FF 61040 051400  780 209 2686    -6909005    -29          19    -38   29  87  226  -67   65  +16   65   16  24  0  0 L3P 32
G20 FF 61040 051400  780 650 2520    -3618636    +16          26    +15   20  56   89   +0   45   -1   45   -1  14  0  0 L3P C1
G21 FF 61040 051400  780 699 2626    -3695452    -88         -24     +3   15  15   86   -1   55   +6   55    6  10  0  0 L3P D2
G30 FF 61040 051400  780 685 1865     -723627   -102          13    +19   17  71   87   -4   47  -21   47  -21  13  0  0 L3P FB
G05 FF 61040 053000  780 497 2968    +2264487    +22          13    +15   20   8  106  -10   45  -16   45  -16  14  0  0 L3P 04
G07 FF 61040 053000  780 640  746    +1286394    +66          -1    +12   16  10   90   +5   35  -14   35  -14  11  0  0 L3P CC
G09 FF 61040 053000  780 238  957    -7693824    -71          -2    -61   25   8  199  +50   90  +69   90   69  20  0  0 L3P 0A
G11 FF 61040 053000  780 201 2285    +4910239    +27          32   +162   45  89  233  +69  101 -113  101 -113  36  0  0 L3P 5B
G13 FF 61040 053000  780 272 2726    -6909000    -28          15    -38   36  87  177  -40   55  +16   55   16  29  0  0 L3P 1E
G14 FF 61040 053000  780 144 1609    -7256552   -145          54   -119   38   9  325 -147  111  +55  111   55  28  0  0 L3P 5D
G20 FF 61040 053000  780 631 2348    -3618633     -1          27     -3   24  56   91   +3   46   -1   46   -1  17  0  0 L3P A4
G21 FF 61040 053000  780 706 2397    -3695534    -99         -19     -8   19  15   86   +1   51   +3   51    3  14  0  0 L3P D0
G30 FF 61040 053000  780 752 1747     -723731   -107          26    +15   17  71   84   -2   37  -10   37  -10  12  0  0 L3P E8
G05 FF 61040 054600  780 549 2884    +2264484    -15           4    -21   26   8   99   -6   46  +14   46   14  21  0  0 L3P D9
G07 FF 61040 054600  780 579  683    +1286440    +99          -6    +45   15  10   95   +7   38  -28   38  -28  10  0  0 L3P FC
G09 FF 61040 054600  780 177  996    -7693827    -81           6    -71   45   8  264  +89  116  +94  116   94  35  0  0 L3P 39
G11 FF 61040 054600  780 140 2245    +4910095   -179          16    -44   30  89  329 +141  129  +59  129   59  25  0  0 L3P 69
G13 FF 61040 054600  780 337 2765    -6908998    -12           9    -21   30  87  146  -26   48  +16   48   16  22  0  0 L3P 1E
G14 FF 61040 054600  780 210 1586    -7256589    +76          41   +103   39   9  226  -71  100 -114  100 -114  29  0  0 L3P 61
G20 FF 61040 054600  780 587 2213    -3618645     +2          14     +1   25  56   94   +5   57   +9   57    9  20  0  0 L3P AB
G21 FF 61040 054600  780 676 2192    -3695617    -58         -15    +33   19  15   87   +3   51  -18   51  -18  15  0  0 L3P 1A
G30 FF 61040 054600  780 797 1463     -723857   -144          17    -22   17  71   82   -1   37  +12   37   12  12  0  0 L3P EF
G05 FF 61040 061400  780 599 2652    +2264509    +23          20    +16   23 109   93   -1   44   -6   44   -6  17  0  0 L3P E4
G07 FF 61040 061400  780 464  647    +1286540    +72           4    +19   22  10  111  +13   35   -1   35   -1  16  0  0 L3P B9
G13 FF 61040 061400  780 456 2833    -6908993     +6          -6     -3   22  88  113  -14   48  -10   48  -10  15  0  0 L3P FC
G14 FF 61040 061400  780 328 1535    -7256630    -87          43    -61   28  10  149  -29   74  +43   74   43  20  0  0 L3P 1A
G15 FF 61040 061400  780 161 2918    -3722191     +8          26    +43   44  49  291 -115   36  -49   36  -49  38  0  0 L3P 32
G18 FF 61040 061400  780 124 3300    +4632491   -188          14    -90   53  56  370  -65   43  +47   43   47  38  0  0 L3P 2D
G20 FF 61040 061400  780 477 2071    -3618631    +26          25    +25   34  57  109  +12   63   +2   63    2  30  0  0 L3P D9
G21 FF 61040 061400  780 571 1993    -3695757   -116          -1    -25   26  16   96   +8   53  +35   53   35  21  0  0 L3P 0A
G22 FF 61040 061400  780 191 1644     +640227    -78          11    -37   31  21  247  -91  127   +8  127    8  25  0  0 L3P FB
G30 FF 61040 061400  780 753  869     -724051   -146          31    -24   11  91   84   +2   29  +15   29   15   7  0  0 L3P C8
G05 FF 61040 063000  780 592 2498    +2264523     -9          27    -16   18 109   94   +2   43  +16   43   16  12  0  0 L3P EE
G07 FF 61040 063000  780 398  649    +1286568    +70         -19    +16   22  10  126  +18   63   +6   63    6  18  0  0 L3P F1
G08 FF 61040 063000  780 104  501    -5093912     -6          15    -45   49  68  433  -62  110  +37  110   37  36  0  0 L3P 07
G13 FF 61040 063000  780 527 2869    -6908978    -11           0    -20   17  88  102  -10   44  +11   44   11  14  0  0 L3P F7
G14 FF 61040 063000  780 396 1495    -7256665    -21          33     +5   29  10  127  -19   80   -7   80   -7  22  0  0 L3P F0
G15 FF 61040 063000  780 226 2939    -3722210     +1          40    +36   34  49  210  -60   24  -34   24  -34  25  0  0 L3P F3
G18 FF 61040 063000  780 140 3238    +4632393    -46           9    +52   42  56  328  -26   35  -31   35  -31  32  0  0 L3P 08
G20 FF 61040 063000  780 406 2024    -3618625    +14          30    +13   27  57  124  +19   75   +8   75    8  19  0  0 L3P E5
G21 FF 61040 063000  780 498 1938    -3695853   -109          -9    -18   22  16  106  +12   74  +33   74   33  18  0  0 L3P 2F
G22 FF 61040 063000  780 262 1621     +640198    -61          21    -20   22  21  183  -49  113  +32  113   32  15  0  0 L3P FC
G30 FF 61040 063000  780 689  759     -724173    -79          26    +43   16  91   87   +4   39  -22   39  -22  11  0  0 L3P EB
G05 FF 61040 064600  780 559 2362    +2264504     -8           2    -15   25 109   97   +5   69  +12   69   12  19  0  0 L3P E7
G07 FF 61040 064600  780 333  660    +1286629    +31         -10    -23   28  10  147  +26   80  +48   80   48  21  0  0 L3P 04
G08 FF 61040 064600  780 114  435    -5093874    +14          16    -25   47  68  397  -17  118  +22  118   22  34  0  0 L3P 31
G13 FF 61040 064600  780 600 2903    -6908964     +0           5     -9   19  88   93   -7   41   +8   41    8  13  0  0 L3P A4
G14 FF 61040 064600  780 461 1441    -7256708    -85          15    -59   20  10  112  -12   93  +46   93   46  15  0  0 L3P 15
G15 FF 61040 064600  780 293 2955    -3722253    -47          32    -12   34  49  165  -36   31   +4   31    4  27  0  0 L3P F1
G18 FF 61040 064600  780 146 3173    +4632300   -119          11    -21   31  56  316   +0   36  +21   36   21  23  0  0 L3P F1
G20 FF 61040 064600  780 334 1991    -3618620    +67          34    +66   33  57  146  +29   91  -32   91  -32  23  0  0 L3P 29
G21 FF 61040 064600  780 423 1905    -3695927    -84           5     +7   37  16  120  +18   80   +9   80    9  31  0  0 L3P D6
G22 FF 61040 064600  780 334 1594     +640150    -84          13    -43   22  21  147  -29  119  +36  119   36  17  0  0 L3P 1F
G30 FF 61040 064600  780 620  721     -724295    -88          20    +34   23  91   91   +6   52  -17   52  -17  16  0  0 L3P D5
G05 FF 61040 070200  780 508 2259    +2264506    +25          -3    +18   25 109  104   +9   83   +6   83    6  18  0  0 L3P E3
G07 FF 61040 070200  780 269  678    +1286672    +37         -18    -16   30  10  177  +39  125  +70  125   70  25  0  0 L3P 36
G08 FF 61040 070200  780 114  370    -5093829    +23          23    -16   35  68  398  +20  122   +7  122    7  25  0  0 L3P F8
G13 FF 61040 070200  780 675 2932    -6908954    +19           7    +10   17  88   88   -5   45   +3   45    3  13  0  0 L3P CA
G14 FF 61040 070200  780 519 1366    -7256722    -58          26    -31   22  10  103   -8   87  +24   87   24  16  0  0 L3P 02
G15 FF 61040 070200  780 362 2963    -3722305    -40          14     -5   26  49  137  -24   49   +3   49    3  20  0  0 L3P D5
G18 FF 61040 070200  780 140 3106    +4632210   -129          14    -31   43  56  328  +25   37  +35   37   35  31  0  0 L3P 0D
G20 FF 61040 070200  780 262 1966    -3618630    -43          22    -44   37  57  182  +48  135  +76  135   76  31  0  0 L3P 3F
G21 FF 61040 070200  780 348 1883    -3696009    -69          10    +22   24  16  141  +27  102  +12  102   12  20  0  0 L3P 15
G22 FF 61040 070200  780 407 1558     +640112    -49          14     -8   29  21  124  -19  119   +6  119    6  20  0  0 L3P DF
G30 FF 61040 070200  780 550  714     -724412   -121          21     +0   21  91   99   +9   72  +27   72   27  16  0  0 L3P B7
G05 FF 61040 071800  780 446 2185    +2264518    -30           2    -37   21 109  115  +14  105  +55  105   55  17  0  0 L3P 26
G07 FF 61040 071800  780 207  702    +1286730   +142         -11    +89   35  10  227  +66  182   +8  182    8  28  0  0 L3P 1E
G08 FF 61040 071800  780 103  307    -5093804    -29          11    -68   33  68  438  +67  143  +83  143   83  26  0  0 L3P 35
G13 FF 61040 071800  780 751 2948    -6908944     -7           8    -16   13  88   84   -3   59  +25   59   25   9  0  0 L3P E7
G14 FF 61040 071800  780 567 1263    -7256760    -13          13    +13   30  10   97   -5  105   -1  105   -1  21  0  0 L3P E2
G15 FF 61040 071800  780 433 2961    -3722338    -64          14    -29   24  49  118  -16   57  +34   57   34  19  0  0 L3P 27
G18 FF 61040 071800  780 124 3040    +4632128   -149          26    -52   35  56  368  +62   36  +24   36   24  27  0  0 L3P 28
G20 FF 61040 071800  780 191 1946    -3618626     +2          25     +1   43  57  245  +88  178  +77  178   77  37  0  0 L3P 34
G21 FF 61040 071800  780 274 1867    -3696108    -90          -1     +1   31  16  175  +45  149  +50  149   50  23  0  0 L3P 22
G22 FF 61040 071800  780 477 1508     +640064    -62           5    -21   33  21  109  -12  124  +22  124   22  25  0  0 L3P F4
G30 FF 61040 071800  780 481  723     -724527   -125          22     -4   16  91  108  +12   86  +23   86   23  12  0  0 L3P E6
G05 FF 61040 073400  780 379 2131    +2264532    +12          10     +5   21 109  131  +21  138  +44  138   44  15  0  0 L3P 14
G07 FF 61040 073400  780 146  729    +1286790    +93          -3    +39   59  10  316 +127  255  +55  255   55  43  0  0 L3P 44
G13 FF 61040 073400  780 828 2912    -6908933     -6          10    -16   20  88   81   -1   72  +30   72   30  13  0  0 L3P D9
G14 FF 61040 073400  780 597 1131    -7256780    -31          18     -5   22  10   94   -2  108   +1  108    1  17  0  0 L3P CE
G15 FF 61040 073400  780 505 2942    -3722382    -30           4     +5   20  49  105  -11   73   +9   73    9  16  0  0 L3P C3
G20 FF 61040 073400  780 122 1927    -3618649    -89           2    -90   41  57  376 +203  259 +135  259  135  34  0  0 L3P 71
G21 FF 61040 073400  780 201 1855    -3696193   -111           1    -20   44  16  233  +81  196  +74  196   74  32  0  0 L3P 36
G22 FF 61040 073400  780 542 1436     +640018    -10          -2    +31   20  21  100   -8  135  -19  135  -19  14  0  0 L3P F1
G23 FF 61040 073400  780 154 3252    -5931087    -29          19    +22   41  49  302 -104   55  +11   55   11  30  0  0 L3P 13
G24 FF 61040 073400  780 112 2583    +1814162   -232          25    -86   33  20  413 -223  117 +102  117  102  25  0  0 L3P 5C
G30 FF 61040 073400  780 413  741     -724648    -90          18    +32   25  91  122  +17  121  +13  121   13  19  0  0 L3P FA
G05 FF 61040 075000  780 309 2092    +2264538    -31          10    -38   39 109  157  +33  186  +89  186   89  29  0  0 L3P 63
G13 FF 61040 075000  780 880 1885    -6908907     +8          27     -1   15  88   81   +0   76  +22   76   22  10  0  0 L3P D8
G14 FF 61040 075000  780 602  982    -7256804    -10          19    +16   25  10   93   +1  118   -1  118   -1  17  0  0 L3P D7
G15 FF 61040 075000  780 574 2898    -3722427    -43          -7     -8   20  49   96   -8   91  +23   91   23  15  0  0 L3P F0
G21 FF 61040 075000  780 131 1843    -3696271    -62          10    +29   32  16  350 +180  262  +53  262   53  27  0  0 L3P 3B
G22 FF 61040 075000  780 596 1331     +639987    -29           7    +12   21  21   94   -5  129  -16  129  -16  15  0  0 L3P 05
G23 FF 61040 075000  780 205 3212    -5931132    -83          24    -32   36  49  230  -53   75  +67   75   67  28  0  0 L3P 18
G24 FF 61040 075000  780 173 2618    +1813997   -132          -1    +13   37  20  270  -97  145   +3  145    3  30  0  0 L3P 15
G30 FF 61040 075000  780 347  765     -724757   -146          27    -24   31  91  142  +24  160  +49  160   49  24  0  0 L3P 2B
G05 FF 61040 080600  780 239 2061    +2264554    +22          19    +16   31 109  198  +56  232  +40  232   40  24  0  0 L3P 35
G13 FF 61040 080600  780 808 1432    -6908901     -9          25    -18   13  89   82   +2   92  +34   92   34  10  0  0 L3P E5
G14 FF 61040 080600  780 583  843    -7256837    -16          10    +10   30  11   95   +3  132   +7  132    7  22  0  0 L3P CC
G15 FF 61040 080600  780 637 2811    -3722459    -34          -3     +1   20  50   90   -5  108   +8  108    8  14  0  0 L3P CD
G17 FF 61040 080600  780 137 1216     +177991    +90          19    -31   68   6  338 -139  392  -50  392  -50  54  0  0 L3P 48
G22 FF 61040 080600  780 631 1187     +639947    -84           0    -43   20  31   91   -2  133  +44  133   44  13  0  0 L3P E3
G23 FF 61040 080600  780 249 3161    -5931178    -30          26    +21   40  50  192  -30  106  +18  106   18  28  0  0 L3P 28
G24 FF 61040 080600  780 237 2654    +1813844   -132         -14    +14   33  22  201  -53  172   -1  172   -1  27  0  0 L3P 25
G30 FF 61040 080600  780 282  793     -724873    -97          14    +25   28   7  170  +36  200  +33  200   33  21  0  0 L3P F7
G05 FF 61040 082200  780 170 2035    +2264602     -5          61    -11   47 109  274 +108  258  +74  258   74  36  0  0 L3P 46
G13 FF 61040 082200  780 728 1415    -6908909    -50           9    -59   20  89   85   +4  119  +61  119   61  13  0  0 L3P 16
G14 FF 61040 082200  780 544  735    -7256862    -98          10    -72   20  11   99   +6  147  +78  147   78  14  0  0 L3P 1C
G15 FF 61040 082200  780 684 2658    -3722492     -3          -2    +32   21  50   87   -2  121   -4  121   -4  14  0  0 L3P D3
G17 FF 61040 082200  780 193 1168     +178095   +100           7    -21   30   6  243  -68  343  -57  343  -57  25  0  0 L3P 23
G22 FF 61040 082200  780 641 1016     +639912    -31           5    +10   20  31   90   +0  137   -9  137   -9  13  0  0 L3P BA
G23 FF 61040 082200  780 284 3098    -5931231    -66          22    -15   25  50  170  -17  130  +36  130   36  20  0  0 L3P 24
G24 FF 61040 082200  780 303 2689    +1813734   -127          16    +19   37  22  160  -33  152  -12  152  -12  31  0  0 L3P 42
G30 FF 61040 082200  780 220  824     -725008    -97          -4    +25   24   7  214  +59  260  +38  260   38  18  0  0 L3P F7
G05 FF 61040 083800  780 103 2012    +2264575    -55          27    -62   40 109  441 +271  350 +104  350  104  37  0  0 L3P 67
G13 FF 61040 083800  780 648 1428    -6908914    -27          -5    -36   25  89   89   +6  148  +43  148   43  17  0  0 L3P 39
G14 FF 61040 083800  780 491  660    -7256893    -44           3    -18   23  11  107  +10  165  +34  165   34  16  0  0 L3P 14
G15 FF 61040 083800  780 701 2438    -3722522    -36           1     -1   16  50   86   +0  131   +9  131    9  11  0  0 L3P B5
G17 FF 61040 083800  780 246 1114     +178210    +78           6    -42   23   6  194  -39  289   -9  289   -9  18  0  0 L3P 08
G19 FF 61040 083800  780 141 1329    -6832515    -89           0    -70   38  46  329 -137  435  -49  435  -49  28  0  0 L3P 6C
G22 FF 61040 083800  780 621  857     +639872    -66           3    -25   17  31   91   +3  148  +20  148   20  12  0  0 L3P DE
G23 FF 61040 083800  780 307 3024    -5931270    -58          32     -7   31  50  158   -8  146  +26  146   26  21  0  0 L3P 12
G24 FF 61040 083800  780 370 2724    +1813584   -180           5    -35   21  22  134  -22  161  +17  161   17  16  0  0 L3P 29
G30 FF 61040 083800  780 159  857     -725118    -90           3    +32   36   7  292 +109  323  +59  323   59  26  0  0 L3P 14
G10 FF 61040 085400  780 128 3316    +5787296    +70          26    +37   39  55  360 -118  160   +1  160    1  31  0  0 L3P 21
G13 FF 61040 085400  780 569 1448    -6908904    -19          -4    -29   20  89   96   +9  170  +46  170   46  14  0  0 L3P 31
G14 FF 61040 085400  780 431  613    -7256893    +13          29    +39   30  11  118  +14  165   -4  165   -4  22  0  0 L3P 07
G15 FF 61040 085400  780 680 2221    -3722556    -20           2    +15   16  50   87   +2  142  +11  142   11  12  0  0 L3P DD
G17 FF 61040 085400  780 294 1051     +178313   +157          -6    +37   26   6  164  -24  261  -84  261  -84  22  0  0 L3P 31
G19 FF 61040 085400  780 200 1289    -6832525    -34           8    -15   31  46  236  -68  355  -64  355  -64  23  0  0 L3P 49
G22 FF 61040 085400  780 580  738     +639824    +27          -5    +68   19  31   95   +5  156  -40  156  -40  11  0  0 L3P 02
G23 FF 61040 085400  780 316 2943    -5931315    -18          37    +33   31  50  154   -1  160   -9  160   -9  25  0  0 L3P 09
G24 FF 61040 085400  780 440 2758    +1813444   -195           6    -49   22  22  116  -16  157  +31  157   31  16  0  0 L3P 39
G10 FF 61040 091000  780 167 3267    +5787307   +123           5    +90   33  55  279  -58  207  -54  207  -54  24  0  0 L3P 51
G12 FF 61040 091000  780 147 2163    +6059490   +133         -18   +128   38  47  319 -146  374 -119  374 -119  31  0  0 L3P B6
G13 FF 61040 091000  780 491 1470    -6908911    -10         -19    -19   27  89  107  +13  205  +53  205   53  19  0  0 L3P 43
G14 FF 61040 091000  780 367  587    -7256920    -12          26    +14   28  11  135  +21  194  +21  194   21  19  0  0 L3P 1D
G15 FF 61040 091000  780 630 2068    -3722589     -2           3    +34   23  50   91   +5  156   -6  156   -6  18  0  0 L3P D5
G17 FF 61040 091000  780 334  978     +178433   +140          -3    +20   22   6  146  -14  236  -39  236  -39  18  0  0 L3P 1A
G19 FF 61040 091000  780 258 1243    -6832542    -37          10    -18   23  46  186  -39  287  -62  287  -62  20  0  0 L3P 57
G22 FF 61040 091000  780 525  661     +639784     -6          -6    +35   22  31  102   +8  166   -6  166   -6  17  0  0 L3P D2
G23 FF 61040 091000  780 311 2860    -5931370    +71          31   +122   30  50  156   +6  184  -59  184  -59  23  0  0 L3P 3A
G24 FF 61040 091000  780 512 2790    +1813306   -181           6    -35   20  22  104  -11  147   +6  147    6  16  0  0 L3P F9
G10 FF 61040 092600  780 196 3208    +5787357    +45          23    +12   44  55  239  -30  205  +13  205   13  30  0  0 L3P 2B
G12 FF 61040 092600  780 215 2185    +6059488    -90         -25    -95   29  47  221  -70  332  +32  332   32  23  0  0 L3P 49
G13 FF 61040 092600  780 414 1492    -6908887    -22          -4    -31   22  89  122  +19  225  +68  225   68  15  0  0 L3P 46
G14 FF 61040 092600  780 302  575    -7256945    -27          26     -1   35  11  160  +32  228  +39  228   39  25  0  0 L3P 1A
G15 FF 61040 092600  780 564 1976    -3722621    -28           4     +8   30  50   97   +8  172  +18  172   18  23  0  0 L3P FC
G17 FF 61040 092600  780 364  897     +178553   +138           2    +17   25   6  136   -8  219  -29  219  -29  19  0  0 L3P 1C
G19 FF 61040 092600  780 313 1189    -6832572    -22          -2     -3   28  46  156  -24  257  -22  257  -22  23  0  0 L3P 35
G22 FF 61040 092600  780 464  616     +639755    -18           5    +23   28  31  111  +12  179  +14  179   14  20  0  0 L3P FD
G23 FF 61040 092600  780 291 2779    -5931417    +21          32    +72   31  50  165  +14  201  -34  201  -34  22  0  0 L3P 30
G24 FF 61040 092600  780 586 2818    +1813165   -106           6    +40   14  22   95   -8  144  -37  144  -37  11  0  0 L3P 24
G10 FF 61040 094200  780 216 3142    +5787379    +25          14     -8   32  55  218  -13  222  +12  222   12  25  0  0 L3P 13
G12 FF 61040 094200  780 285 2210    +6059509    +28          -8    +24   32  47  169  -40  281  -71  281  -71  25  0  0 L3P 42
G13 FF 61040 094200  780 338 1513    -6908869    +25           5    +16   22  89  145  +29  253  +30  253   30  15  0  0 L3P 2B
G14 FF 61040 094200  780 237  575    -7256973    -12          24    +15   29  11  200  +53  277  +50  277   50  22  0  0 L3P 23
G15 FF 61040 094200  780 491 1922    -3722651     -7           8    +28   23  50  107  +12  187   +7  187    7  20  0  0 L3P F0
G17 FF 61040 094200  780 379  808     +178649   +129         -18     +8   19   6  131   -2  225  -11  225  -11  14  0  0 L3P 0D
G19 FF 61040 094200  780 362 1123    -6832593    -17          -4     +2   24  46  137  -15  237  -18  237  -18  18  0  0 L3P 36
G22 FF 61040 094200  780 400  592     +639721    -48          10     -7   19  31  125  +17  197  +33  197   33  15  0  0 L3P 00
G23 FF 61040 094200  780 260 2704    -5931471    -67          28    -16   35  50  184  +25  230  +49  230   49  28  0  0 L3P 3D
G24 FF 61040 094200  780 661 2839    +1813019   -133          -1    +12   14  22   88   -5  145  -10  145  -10  11  0  0 L3P 13
G10 FF 61040 095800  780 223 3072    +5787393    +27          -4     -6   31  55  212   -1  238   +0  238    0  23  0  0 L3P DE
G12 FF 61040 095800  780 357 2238    +6059496    +30         -25    +26   28  47  139  -25  253  -53  253  -53  21  0  0 L3P 61
G13 FF 61040 095800  780 265 1531    -6908869    +56          -4    +47   23  89  180  +47  306  +14  306   14  19  0  0 L3P 4B
G14 FF 61040 095800  780 173  583    -7256976     +4          46    +30   36  11  269  +97  314  +51  314   51  30  0  0 L3P 21
G15 FF 61040 095800  780 416 1888    -3722684    +16           9    +51   20  50  121  +18  218   -6  218   -6  18  0  0 L3P 19
G17 FF 61040 095800  780 379  719     +178770    +74         -12    -46   24   6  131   +2  213  +29  213   29  20  0  0 L3P 01
G19 FF 61040 095800  780 403 1044    -6832605    +16           2    +35   27  46  125   -9  218  -54  218  -54  21  0  0 L3P 24
G22 FF 61040 095800  780 335  584     +639693    -12          21    +29   29  31  146  +26  217  +26  217   26  22  0  0 L3P 1A
G23 FF 61040 095800  780 218 2637    -5931519    -65          29    -14   32  50  215  +43  270  +46  270   46  27  0  0 L3P 45
G24 FF 61040 095800  780 738 2841    +1812880   -140           0     +6   10  22   84   -3  144   -1  144   -1   7  0  0 L3P C9
G10 FF 61040 101400  780 217 2999    +5787441    +76           8    +43   32  56  217  +11  242   -6  242   -6  24  0  0 L3P 0E
G12 FF 61040 101400  780 431 2268    +6059515    +30         -15    +25   28  49  118  -17  217  -52  217  -52  21  0  0 L3P 41
G13 FF 61040 101400  780 194 1548    -6908865     +3          -9     -6   39  90  241  +85  355  +47  355   47  29  0  0 L3P 2E
G15 FF 61040 101400  780 342 1866    -3722719    -54           9    -19   30  51  143  +28  248  +47  248   47  25  0  0 L3P 32
G17 FF 61040 101400  780 363  635     +178893    +83           1    -38   34  16  136   +7  214  +19  214   19  24  0  0 L3P EF
G19 FF 61040 101400  780 431  953    -6832623    -29          -1    -10   28  50  118   -5  205   +6  205    6  22  0  0 L3P D8
G22 FF 61040 101400  780 271  587     +639655   -102          22    -61   31  35  176  +39  256  +81  256   81  22  0  0 L3P 25
G23 FF 61040 101400  780 171 2578    -5931532    +38          64    +90   39  51  272  +79  299   -3  299   -3  31  0  0 L3P 37
G24 FF 61040 101400  780 814 2776    +1812741   -122           1    +24   16  25   82   -2  148  -11  148  -11  11  0  0 L3P 03
G10 FF 61040 103000  780 200 2927    +5787487     +1          22    -32   34  56  234  +26  254  +42  254   42  24  0  0 L3P 13
G12 FF 61040 103000  780 505 2301    +6059507     -9         -27    -14   28  49  105  -12  206   -4  206   -4  21  0  0 L3P FE
G13 FF 61040 103000  780 125 1562    -6908842    +57           6    +47   32  90  367 +196  402  +29  402   29  23  0  0 L3P 3A
G15 FF 61040 103000  780 269 1850    -3722757     -4           5    +31   31  51  178  +45  289  +37  289   37  23  0  0 L3P 20
G17 FF 61040 103000  780 335  562     +179006    +61          -3    -59   24  16  146  +14  231  +73  231   73  19  0  0 L3P FC
G19 FF 61040 103000  780 443  853    -6832633    +33           7    +53   24  50  116   -1  197  -36  197  -36  19  0  0 L3P 15
G22 FF 61040 103000  780 208  598     +639607    -34          13     +7   27  35  225  +65  310  +49  310   49  24  0  0 L3P FB
G23 FF 61040 103000  780 118 2526    -5931601    -93          28    -41   41  52  385 +169  372  +97  372   97  29  0  0 L3P 5E
G24 FF 61040 103000  780 869 2125    +1812615   -111          15    +34    9  25   81   +0  143  -14  143  -14   7  0  0 L3P F1
G25 FF 61040 103000  780 133 2401    -4528611    +53          31    +30   44  64  349 -165  387 -129  387 -129  31  0  0 L3P 77
G32 FF 61040 103000  780 151 3195    +1840070   -197         -14    -31   39  62  308 -118  285   +2  285    2  26  0  0 L3P 39
G10 FF 61040 104600  780 172 2860    +5787523    +15          26    -18   48  56  270  +50  278  +51  278   51  36  0  0 L3P 43
G12 FF 61040 104600  780 582 2338    +6059529    +18         -10    +14   26  49   95   -8  179  -26  179  -26  18  0  0 L3P 47
G15 FF 61040 104600  780 198 1838    -3722801    +30          -4    +66   25  51  237  +81  366  +21  366   21  18  0  0 L3P 32
G17 FF 61040 104600  780 295  503     +179138   +158          14    +37   25  16  163  +23  243  -14  243  -14  21  0  0 L3P 23
G19 FF 61040 104600  780 437  753    -6832643     +9          16    +29   28  50  117   +3  192  -16  192  -16  22  0  0 L3P 16
G22 FF 61040 104600  780 147  615     +639559    -62           4    -21   40  35  313 +126  371  +65  371   65  31  0  0 L3P 0E
G24 FF 61040 104600  780 814 1469    +1812475   -169          14    -23   18  25   82   +2  145  +23  145   23  11  0  0 L3P 1B
G25 FF 61040 104600  780 197 2434    -4528596    +74          24    +52   38  64  239  -78  304  -83  304  -83  27  0  0 L3P 64
G32 FF 61040 104600  780 208 3172    +1839937    -95          12    +71   40  62  227  -60  251  -54  251  -54  30  0  0 L3P 40
G10 FF 61040 110200  780 135 2798    +5787569    +18          40    -15   36  56  340  +99  294  +38  294   38  30  0  0 L3P 53
G12 FF 61040 110200  780 659 2379    +6059543    +10           0     +6   20  49   89   -6  159  -16  159  -16  13  0  0 L3P 01
G15 FF 61040 110200  780 130 1827    -3722846    -89         -16    -54   31  51  355 +179  451 +152  451  152  22  0  0 L3P 77
G17 FF 61040 110200  780 248  456     +179249   +150           9    +30   35  16  192  +38  278   +2  278    2  25  0  0 L3P F1
G19 FF 61040 110200  780 414  662    -6832675    -32           2    -13   33  50  122   +8  210  +23  210   23  24  0  0 L3P DC
G24 FF 61040 110200  780 736 1401    +1812329   -184           8    -39   14  25   84   +3  155  +37  155   37   9  0  0 L3P 00
G25 FF 61040 110200  780 263 2470    -4528586    -18          12    -41   28  64  183  -44  268  -21  268  -21  24  0  0 L3P 48
G32 FF 61040 110200  780 262 3137    +1839764   -214          -1    -48   30  62  183  -34  241  +27  241   27  21  0  0 L3P 32
G06 FF 61040 111800  780 146  913    +5970274    +83           1    +35   54  50  317  -98  400  -97  400  -97  39  0  0 L3P 31
G12 FF 61040 111800  780 736 2428    +6059558    +31          11    +27   24  49   84   -4  147  -20  147  -20  17  0  0 L3P 1E
G17 FF 61040 111800  780 195  423     +179362   +102           6    -18   41  16  240  +66  309  +52  309   52  32  0  0 L3P 07
G19 FF 61040 111800  780 376  586    -6832697    -14          -1     +6   20  50  132  +13  230  +11  230   11  17  0  0 L3P F8
G24 FF 61040 111800  780 658 1397    +1812202   -148          21     -2   13  25   89   +6  157  +19  157   19  11  0  0 L3P 13
G25 FF 61040 111800  780 330 2507    -4528563    +45          13    +22   27  64  149  -28  241  -63  241  -63  21  0  0 L3P 3C
G32 FF 61040 111800  780 310 3089    +1839614   -170           9     -4   29  62  157  -21  224   -8  224   -8  21  0  0 L3P 0B
G06 FF 61040 113400  780 189  853    +5970356    +44          37     -3   28  50  248  -51  314  -41  314  -41  21  0  0 L3P 1F
G12 FF 61040 113400  780 813 2502    +6059575    -17          23    -22   13  49   82   -2  139  +14  139   14   9  0  0 L3P FA
G17 FF 61040 113400  780 139  401     +179483   +112          12     -8   44  16  332 +135  346  +56  346   56  33  0  0 L3P 1D
G19 FF 61040 113400  780 328  528    -6832728    +11         -14    +30   30  50  149  +22  256   -3  256   -3  22  0  0 L3P 0C
G24 FF 61040 113400  780 579 1409    +1812056   -154          15     -9   15  25   95   +8  177  +22  177   22  11  0  0 L3P 14
G25 FF 61040 113400  780 398 2547    -4528516    +39          39    +17   35  64  126  -19  190  -44  190  -44  27  0  0 L3P 5D
G32 FF 61040 113400  780 350 3026    +1839466   -154          20    +12   30  62  141  -13  199  -18  199  -18  21  0  0 L3P 4B
G06 FF 61040 115000  780 224  786    +5970365    +43           0     -5   26  50  211  -28  308  -24  308  -24  20  0  0 L3P FE
G11 FF 61040 115000  780 117 1196    +4907180    -58          16    +77   64  93  393 -184  434 -167  434 -167  41  0  0 L3P 91
G12 FF 61040 115000  780 885 3006    +6059586    +19          29    +14   14  49   81   +0  140   -5  140   -5   9  0  0 L3P E3
G19 FF 61040 115000  780 273  486    -6832722    -13          11     +6   28  50  176  +35  261  +29  261   29  22  0  0 L3P 11
G24 FF 61040 115000  780 502 1427    +1811918   -110          16    +36   16  25  105  +12  192   +9  192    9  12  0  0 L3P 0A
G25 FF 61040 115000  780 468 2589    -4528513    +59          19    +37   24  64  111  -13  181  -56  181  -56  16  0  0 L3P 54
G29 FF 61040 115000  780 100 1989    +4008730   +148          31   +210   31  52  460 -307  411 -292  411 -292  24  0  0 L3P 87
G32 FF 61040 115000  780 378 2949    +1839306   -177          19    -11   20  62  132   -7  197  +12  197   12  15  0  0 L3P 3D
G06 FF 61040 120600  780 249  713    +5970411    +41           0     -6   26  51  191  -15  283   -5  283   -5  23  0  0 L3P DD
G11 FF 61040 120600  780 172 1150    +4907065   -121          28    +13   27  94  272  -85  358  -80  358  -80  20  0  0 L3P 53
G12 FF 61040 120600  780 831  601    +6059591    +18          26    +14   14  55   81   +1  139  -19  139  -19   9  0  0 L3P FA
G19 FF 61040 120600  780 213  458    -6832745    -73           7    -54   31  51  221  +62  297  +78  297   78  26  0  0 L3P 31
G24 FF 61040 120600  780 427 1446    +1811763   -156           5    -10   28  64  119  +17  226  +32  226   32  20  0  0 L3P 26
G25 FF 61040 120600  780 540 2634    -4528494    +37          18    +14   26  65  100  -10  168   -9  168   -9  18  0  0 L3P 28
G28 FF 61040 120600  780 137 3048    +6172849    -58          -6    -12   37 122  341 -157  346  -36  346  -36  30  0  0 L3P 70
G29 FF 61040 120600  780 169 1996    +4008656   -153          23    -90   42  75  277 -114  333  +38  333   38  35  0  0 L3P 72
G32 FF 61040 120600  780 392 2861    +1839142   -110          16    +56   26  64  128   -2  197  -39  197  -39  20  0  0 L3P 4E
G06 FF 61040 122200  780 262  637    +5970469    +28          12    -19   33  51  182   -5  257   +9  257    9  23  0  0 L3P FC
G11 FF 61040 122200  780 225 1097    +4906914   -147           5    -13   28  94  211  -47  308  -32  308  -32  22  0  0 L3P 3B
G12 FF 61040 122200  780 755  692    +6059585    +22          16    +18   14  55   83   +3  147   +0  147    0  11  0  0 L3P D0
G19 FF 61040 122200  780 151  441    -6832751    -53          20    -33   55  51  307 +125  316  +53  316   53  41  0  0 L3P 25
G24 FF 61040 122200  780 353 1465    +1811626   -164           8    -19   20  64  139  +26  250  +30  250   30  15  0  0 L3P 20
G25 FF 61040 122200  780 612 2683    -4528467    +61          23    +38   26  65   92   -7  158  -35  158  -35  16  0  0 L3P 33
G28 FF 61040 122200  780 200 3057    +6172830   -139          18    -94   33 122  236  -75  286  +32  286   32  23  0  0 L3P 5A
G29 FF 61040 122200  780 241 2006    +4008571   -137          -2    -74   37  75  198  -58  305  +16  305   16  30  0  0 L3P 3E
G32 FF 61040 122200  780 389 2769    +1838991   -138          24    +28   34  64  128   +3  195  -14  195  -14  25  0  0 L3P 5D
G06 FF 61040 123800  780 262  560    +5970503    +60           0    +12   24  51  182   +5  261  -12  261  -12  19  0  0 L3P EF
G11 FF 61040 123800  780 272 1037    +4906780   -133           0     +1   27  94  176  -28  269  -36  269  -36  21  0  0 L3P 3B
G12 FF 61040 123800  780 681  749    +6059585    +16          11    +11   17  55   87   +5  159   +4  159    4  12  0  0 L3P E7
G24 FF 61040 123800  780 282 1483    +1811479   -149           1     -4   25  64  170  +40  294  +35  294   35  19  0  0 L3P 2E
G25 FF 61040 123800  780 686 2739    -4528447    +42          20    +19   15  65   87   -5  153  -19  153  -19  11  0  0 L3P 35
G28 FF 61040 123800  780 265 3058    +6172748    -28         -20    +18   32 122  181  -43  279  -53  279  -53  23  0  0 L3P 74
G29 FF 61040 123800  780 314 2018    +4008519    -73           6    -10   33  75  155  -34  262  -12  262  -12  24  0  0 L3P 24
G32 FF 61040 123800  780 371 2679    +1838831   -130          24    +36   31  64  134   +8  210   +2  210    2  24  0  0 L3P FC
G06 FF 61040 125400  780 248  487    +5970558    +42           9     -6   34  51  191  +15  252  +13  252   13  26  0  0 L3P 04
G11 FF 61040 125400  780 313  967    +4906660   -143           9     -9   26  94  155  -17  236   -9  236   -9  18  0  0 L3P 15
G12 FF 61040 125400  780 608  797    +6059597     +6          18     +1   17  55   92   +7  167   +5  167    5  12  0  0 L3P CD
G24 FF 61040 125400  780 212 1500    +1811353    -90          15    +55   23  64  222  +70  322   +5  322    5  17  0  0 L3P ED
G25 FF 61040 125400  780 760 2813    -4528437    -14           8    -37   17  65   83   -3  154  +22  154   22  10  0  0 L3P FF
G28 FF 61040 125400  780 331 3049    +6172733    -39           9     +7   26 122  148  -27  227  -44  227  -44  18  0  0 L3P 3E
G29 FF 61040 125400  780 389 2031    +4008466   -117          13    -55   29  75  129  -22  231   +4  231    4  22  0  0 L3P 1C
G32 FF 61040 125400  780 339 2597    +1838659   -150          11    +16   29  64  144  +15  249  +25  249   25  22  0  0 L3P 57
G06 FF 61040 131000  780 222  421    +5970597    +89           2    +42   25  51  212  +29  254  -46  254  -46  19  0  0 L3P 1E
G11 FF 61040 131000  780 344  888    +4906521   -102          -1    +33   19  94  143   -9  226  -49  226  -49  14  0  0 L3P 2D
G12 FF 61040 131000  780 537  843    +6059605    -11          22    -16   18  55  100   +9  172  +20  172   20  12  0  0 L3P F1
G24 FF 61040 131000  780 145 1514    +1811219   -174          20    -29   29  64  319 +143  375  +87  375   87  22  0  0 L3P 61
G25 FF 61040 131000  780 833 2962    -4528424    +28           1     +6   16  65   81   -1  154  -15  154  -15  10  0  0 L3P EE
G28 FF 61040 131000  780 395 3027    +6172675    -37          -6     +9   31 122  127  -18  207  -32  207  -32  23  0  0 L3P 37
G29 FF 61040 131000  780 466 2043    +4008387    -93          -6    -31   28  75  111  -15  210   +6  210    6  23  0  0 L3P F9
G31 FF 61040 131000  780 101 3118    +1751321     -5          19    +16   36 107  456 -285  423  -79  423  -79  24  0  0 L3P 4F
G32 FF 61040 131000  780 297 2525    +1838494   -142           6    +24   30  64  163  +24  283  +13  283   13  23  0  0 L3P 2B
G06 FF 61040 132600  780 186  364    +5970642   +131           1    +83   32  51  251  +54  244  -56  244  -56  24  0  0 L3P 2E
G11 FF 61040 132600  780 361  802    +4906386   -136          -8     -2   20  94  137   -3  213   -9  213   -9  14  0  0 L3P EF
G12 FF 61040 132600  780 467  886    +6059611    +35          24    +30   19  55  111  +13  184  -18  184  -18  14  0  0 L3P 31
G25 FF 61040 132600  780 873  397    -4528395    +35           7    +12   18  65   81   +0  146  -12  146  -12  13  0  0 L3P FF
G28 FF 61040 132600  780 457 2986    +6172628    -30          -9    +15   25 122  113  -12  189  -26  189  -26  17  0  0 L3P 64
G29 FF 61040 132600  780 545 2053    +4008326    -72          -7    -10   24  75   99  -10  191  -15  191  -15  20  0  0 L3P 25
G31 FF 61040 132600  780 166 3117    +1751309    +30          26    +51   36 107  283 -110  343 -112  343 -112  27  0  0 L3P 6D
G32 FF 61040 132600  780 246 2464    +1838339   -229          10    -63   38  64  193  +40  315 +108  315  108  28  0  0 L3P 72
G06 FF 61040 134200  780 142  318    +5970692    +52           6     +4   30  51  325 +107  243   +0  243    0  23  0  0 L3P CF
G11 FF 61040 134200  780 363  714    +4906269   -185           4    -51   25  94  136   +2  186  +21  186   21  19  0  0 L3P 15
G12 FF 61040 134200  780 399  929    +6059617    +10          26     +6   24  55  126  +18  194  +11  194   11  18  0  0 L3P 15
G25 FF 61040 134200  780 808  891    -4528362    +35          18    +12   16  65   82   +2  134  -16  134  -16  12  0  0 L3P 08
G28 FF 61040 134200  780 513 2919    +6172605    -78          11    -32   21 122  104   -8  159  +11  159   11  15  0  0 L3P 29
G29 FF 61040 134200  780 624 2057    +4008267    -71          -6     -9   21  75   91   -7  170  -18  170  -18  14  0  0 L3P 0D
G31 FF 61040 134200  780 230 3107    +1751295     -2          32    +19   37 107  207  -56  276  -57  276  -57  27  0  0 L3P 48
G32 FF 61040 134200  780 192 2411    +1838198   -214          29    -48   41  64  244  +70  353 +102  353  102  32  0  0 L3P 5F
G11 FF 61040 135800  780 350  630    +4906146    -90          10    +44   34  94  140   +7  167  -35  167  -35  24  0  0 L3P 1A
G12 FF 61040 135800  780 333  970    +6059626    -88          30    -92   27  55  147  +26  203  +74  203   74  20  0  0 L3P 2D
G25 FF 61040 135800  780 734  996    -4528349    +24          10     +2   17  65   84   +3  139   -5  139   -5  12  0  0 L3P E7
G28 FF 61040 135800  780 556 2822    +6172545    -34          -5    +12   21 122   98   -4  161  -12  161  -12  14  0  0 L3P 21
G29 FF 61040 135800  780 703 2044    +4008217    -81           4    -19   17  75   86   -4  149   +6  149    6  10  0  0 L3P E5
G31 FF 61040 135800  780 294 3085    +1751268    -49          25    -28   30 107  165  -33  237  -38  237  -38  24  0  0 L3P 69
G32 FF 61040 135800  780 134 2364    +1838022   -149          12    +17   51  64  342 +144  433  +65  433   65  35  0  0 L3P 57
G11 FF 61040 141400  780 323  555    +4906000   -180          -9    -46   28  95  151  +14  180  +22  180   22  19  0  0 L3P 1E
G12 FF 61040 141400  780 269 1010    +6059614    +16          10    +11   32   7  178  +40  212   +6  212    6  24  0  0 L3P D8
G25 FF 61040 141400  780 659 1059    -4528331    +19           6     -4   19  66   88   +5  136   -5  136   -5  13  0  0 L3P E5
G26 FF 61040 141400  780 178 2886    +3037637    -16          26    -79   41   0  263  -93  316  -18  316  -18  35  0  0 L3P 48
G28 FF 61040 141400  780 582 2694    +6172498    -48          -8     -2   20 122   95   -2  156   +3  156    3  14  0  0 L3P F3
G29 FF 61040 141400  780 779 1979    +4008140    -72         -11    -10   23  76   83   -2  143  -12  143  -12  16  0  0 L3P 24
G31 FF 61040 141400  780 354 3049    +1751252    -57           2    -36   31   8  139  -21  202  +10  202   10  22  0  0 L3P EB
G11 FF 61040 143000  780 284  492    +4905883   -124           2    +10   37  95  169  +24  173   +1  173    1  28  0  0 L3P FB
G12 FF 61040 143000  780 206 1049    +6059611    -14           2    -19   25   7  228  +67  242  +47  242   47  20  0  0 L3P 04
G18 FF 61040 143000  780 121 1806    +4629599    +21          33   +119   21  60  383 -216  384 -190  384 -190  18  0  0 L3P 93
G20 FF 61040 143000  780 162  718    -3618594    +11          15    +10   38  64  286  -49  223  -46  223  -46  32  0  0 L3P 2F
G25 FF 61040 143000  780 585 1110    -4528325     +9          -9    -13   23  66   95   +8  146  +15  146   15  16  0  0 L3P FB
G26 FF 61040 143000  780 243 2908    +3037679    -43           9   -106   30   0  196  -52  255  +25  255   25  24  0  0 L3P 25
G28 FF 61040 143000  780 583 2549    +6172456    -56          -7    -11   21 122   95   +1  152   +7  152    7  14  0  0 L3P F7
G29 FF 61040 143000  780 843 1662    +4008093    -53           2     +9   16  76   81   -1  123  -13  123  -13  11  0  0 L3P E6
G31 FF 61040 143000  780 409 2995    +1751244    +17          14    +38   16   8  123  -13  167  -46  167  -46  12  0  0 L3P 32
G11 FF 61040 144600  780 237  444    +4905739   -140         -12     -6   32  95  200  +41  189   +5  189    5  24  0  0 L3P 0E
G18 FF 61040 144600  780 191 1799    +4629511    -98          39     -1   37  60  247  -91  290  -58  290  -58  26  0  0 L3P 5E
G20 FF 61040 144600  780 186  652    -3618586    +33          21    +31   35  64  251  -25  185  -57  185  -57  27  0  0 L3P 43
G21 FF 61040 144600  780 115  671    -3698563   -113           4    -22   47  20  398 -103  207   -7  207   -7  40  0  0 L3P 1F
G25 FF 61040 144600  780 513 1154    -4528279    +33          15    +10   20  66  103  +11  140   +1  140    1  16  0  0 L3P E8
G26 FF 61040 144600  780 309 2925    +3037757   +125          26    +62   27   0  157  -32  198 -104  198 -104  19  0  0 L3P 74
G28 FF 61040 144600  780 560 2413    +6172412    -36          -4    +10   22 124   97   +4  148   -3  148   -3  16  0  0 L3P FA
G29 FF 61040 144600  780 830  926    +4008033    -96           2    -33   18  76   81   +1  118  +15  118   15  14  0  0 L3P EB
G31 FF 61040 144600  780 454 2919    +1751207    -34          -4    -13   31   8  113   -8  167   -6  167   -6  25  0  0 L3P F8
G04 FF 61040 150200  780 110 3286     -351893    +19           4    +44   60  48  411  -28  313  -33  313  -33  44  0  0 L3P 0E
G05 FF 61040 150200  780 145  914    +2264700    -20           1    -27   51 113  320  -98  218  -37  218  -37  38  0  0 L3P 24
G11 FF 61040 150200  780 183  407    +4905631    -67           8    +67   43  95  254  +75  168  -55  168  -55  36  0  0 L3P 3A
G18 FF 61040 150200  780 264 1793    +4629410    -78          31    +20   25  60  182  -49  229  -64  229  -64  18  0  0 L3P 52
G20 FF 61040 150200  780 199  582    -3618577    +51          29    +50   32  64  235   -9  160  -73  160  -73  27  0  0 L3P 2A
G21 FF 61040 150200  780 141  608    -3698643    -36          11    +55   40  20  328  -50  175  -53  175  -53  31  0  0 L3P 29
G25 FF 61040 150200  780 441 1194    -4528279    +25          -7     +2   21  66  116  +15  163   +7  163    7  16  0  0 L3P F4
G26 FF 61040 150200  780 378 2934    +3037808    +86          17    +23   23   0  132  -21  179  -40  179  -40  18  0  0 L3P 31
G28 FF 61040 150200  780 516 2302    +6172377    -27           4    +18   31 124  103   +7  152   +3  152    3  20  0  0 L3P DF
G29 FF 61040 150200  780 762  727    +4007964    -22          -7    +40   14  76   83   +3  120  -30  120  -30  10  0  0 L3P ED
G31 FF 61040 150200  780 485 2822    +1751205     +3          14    +24   22   8  108   -4  142  -30  142  -30  15  0  0 L3P E5
G04 FF 61040 151800  780 112 3222     -351906    +65          15    +90   38  48  403  +11  311  -48  311  -48  28  0  0 L3P 22
G05 FF 61040 151800  780 186  854    +2264749    -23          43    -29   34 113  251  -51  152   +4  152    4  26  0  0 L3P 10
G11 FF 61040 151800  780 126  382    +4905483   -116         -11    +18   38  95  363 +164  176  -16  176  -16  30  0  0 L3P 69
G16 FF 61040 151800  780 102 2939    -1784797     +3         -10    +80   57  55  450 -273  377 -165  377 -165  41  0  0 L3P 94
G18 FF 61040 151800  780 338 1786    +4629319    -96          35     +1   22  60  145  -30  183  -43  183  -43  17  0  0 L3P 41
G20 FF 61040 151800  780 201  512    -3618589    +47          16    +46   43  64  233   +5  160  -45  160  -45  32  0  0 L3P 17
G21 FF 61040 151800  780 157  541    -3698727   -127          15    -36   49  20  294  -21  151  +10  151   10  43  0  0 L3P 2F
G25 FF 61040 151800  780 371 1230    -4528255    +17          -5     -6   20  66  134  +22  171  +29  171   29  14  0  0 L3P 14
G26 FF 61040 151800  780 447 2934    +3037864    +60          13     -3   24   0  115  -15  160  -25  160  -25  17  0  0 L3P 11
G28 FF 61040 151800  780 460 2220    +6172329    -50          -1     -4   32 124  112  +12  168  +29  168   29  23  0  0 L3P 21
G29 FF 61040 151800  780 688  689    +4007913    -61           1     +2   17  76   87   +4  109   +5  109    5  13  0  0 L3P C8
G31 FF 61040 151800  780 497 2710    +1751171     -5           0    +16   18   8  106   +0  157   -9  157   -9  13  0  0 L3P D0
G04 FF 61040 153400  780 104 3158     -351933    -29          11     -4   35  48  434  +55  326  +23  326   23  28  0  0 L3P 0C
G05 FF 61040 153400  780 221  787    +2264712     -1          -1     -8   37 113  214  -28  161  -13  161  -13  30  0  0 L3P FF
G16 FF 61040 153400  780 166 2962    -1784835    -74          25     +3   41  55  281 -110  261  -64  261  -64  30  0  0 L3P 4A
G18 FF 61040 153400  780 415 1774    +4629215   -144          24    -47   32  60  122  -19  164  +10  164   10  23  0  0 L3P 3A
G20 FF 61040 153400  780 191  445    -3618591    -85          13    -86   32  64  245  +20  146  +53  146   53  25  0  0 L3P 29
G21 FF 61040 153400  780 163  474    -3698838    -86         -10     +5   44  20  284   -1  156  -26  156  -26  33  0  0 L3P 26
G25 FF 61040 153400  780 302 1264    -4528243    -28         -14    -50   31  66  160  +33  196  +78  196   78  23  0  0 L3P 4C
G26 FF 61040 153400  780 517 2918    +3037930    +48          19    -15   25   0  103  -10  135  -20  135  -20  18  0  0 L3P 1C
G28 FF 61040 153400  780 396 2160    +6172291    -19           5    +26   26 124  126  +18  178  -14  178  -14  21  0  0 L3P 47
G29 FF 61040 153400  780 615  691    +4007845    -41          -6    +21   25  76   92   +7  107  -15  107  -15  18  0  0 L3P 0A
G31 FF 61040 153400  780 489 2595    +1751154    -78           2    -58   22   8  107   +3  151  +52  151   52  16  0  0 L3P 02
G05 FF 61040 155000  780 245  714    +2264738    -18          19    -24   24 113  194  -14  131  +14  131   14  19  0  0 L3P 25
G16 FF 61040 155000  780 233 2980    -1784908   -116          26    -39   34  55  204  -58  202  -34  202  -34  25  0  0 L3P 59
G18 FF 61040 155000  780 491 1755    +4629108   -141          11    -43   24  60  107  -13  152   +4  152    4  17  0  0 L3P 12
G20 FF 61040 155000  780 169  382    -3618605    -20          -2    -21   30  64  274  +42  151  +12  151   12  22  0  0 L3P FC
G21 FF 61040 155000  780 157  407    -3698921   -100          -5     -9   39  20  294  +20  135   -5  135   -5  30  0  0 L3P FE
G25 FF 61040 155000  780 235 1296    -4528221    +16         -14     -7   33  66  201  +55  217  +21  217   21  27  0  0 L3P 1F
G26 FF 61040 155000  780 585 2877    +3037971    +80           0    +17   17   0   95   -7  127  -33  127  -33  11  0  0 L3P FE
G28 FF 61040 155000  780 328 2115    +6172252    -74          10    -29   33 124  149  +28  192  +47  192   47  25  0  0 L3P 4C
G29 FF 61040 155000  780 543  710    +4007763   -103         -28    -40   22  76   99   +9  121  +30  121   30  15  0  0 L3P 0B
G31 FF 61040 155000  780 462 2489    +1751138     +4           6    +25   27   8  112   +7  151   -3  151   -3  19  0  0 L3P C9
G05 FF 61040 160600  780 257  637    +2264729     +4           6     -3   32 114  185   -4  123  -27  123  -27  23  0  0 L3P F3
G16 FF 61040 160600  780 301 2992    -1784996    -79          11     -2   37  58  161  -35  175  -56  175  -56  27  0  0 L3P 58
G18 FF 61040 160600  780 568 1720    +4629004   -101           0     -4   18  61   97   -9  136  -14  136  -14  11  0  0 L3P 03
G20 FF 61040 160600  780 138  327    -3618625    +67         -25    +66   44  72  332  +84  143  -58  143  -58  32  0  0 L3P 4B
G21 FF 61040 160600  780 141  344    -3699032   -154         -29    -63   32  20  326  +50  140  +29  140   29  23  0  0 L3P 31
G25 FF 61040 160600  780 169 1324    -4528192    +38         -11    +16   30  67  274 +103  219   -1  219   -1  24  0  0 L3P 33
G26 FF 61040 160600  780 647 2795    +3038035    +46           7    -17   19   7   89   -4  113   -2  113   -2  12  0  0 L3P D9
G28 FF 61040 160600  780 260 2080    +6172200    -98           5    -52   36 125  184  +46  226  +68  226   68  28  0  0 L3P 41
G29 FF 61040 160600  780 472  736    +4007715     -5         -10    +58   20  77  110  +13  106  -42  106  -42  15  0  0 L3P 17
G31 FF 61040 160600  780 420 2401    +1751120     -3           8    +18   26   8  121  +12  157  -10  157  -10  18  0  0 L3P E3
G05 FF 61040 162200  780 256  560    +2264725     -2          -5     -9   37 114  186   +5  114   +1  114    1  26  0  0 L3P C2
G16 FF 61040 162200  780 371 2995    -1785078    -78           3     +0   22  58  134  -23  141  -29  141  -29  16  0  0 L3P 2B
G18 FF 61040 162200  780 640 1656    +4628913    -78           3    +19   21  61   90   -6  117  -34  117  -34  15  0  0 L3P 12
G21 FF 61040 162200  780 114  287    -3699079    -98          11     -7   38  20  398 +107  100  -10  100  -10  29  0  0 L3P 2A
G25 FF 61040 162200  780 105 1350    -4528190    -77         -31    -99   61  67  432 +252  231  +65  231   65  46  0  0 L3P 5A
G26 FF 61040 162200  780 695 2647    +3038089    +68           1     +6   17   7   86   -2  109  -13  109  -13  13  0  0 L3P F1
G28 FF 61040 162200  780 192 2051    +6172167    -11          16    +35   30 125  244  +84  241   +6  241    6  25  0  0 L3P 0F
G29 FF 61040 162200  780 404  767    +4007655    -86         -10    -24   28  77  124  +18  105  +12  105   12  19  0  0 L3P 2A
G31 FF 61040 162200  780 367 2330    +1751097     -4           4    +17   34   8  135  +18  168   +3  168    3  25  0  0 L3P D6
G05 FF 61040 163800  780 242  486    +2264750    +32          14    +25   30 114  196  +16   92  -17   92  -17  23  0  0 L3P 19
G16 FF 61040 163800  780 442 2986    -1785167    -43         -12    +35   23  58  116  -15  124  -61  124  -61  16  0  0 L3P 59
G18 FF 61040 163800  780 704 1533    +4628824   -120           8    -22   20  61   86   -3   94   -1   94   -1  13  0  0 L3P D5
G23 FF 61040 163800  780 133 1465    -5932744    +82           7   +133   41  55  349 -168  204 -124  204 -124  33  0  0 L3P 7C
G26 FF 61040 163800  780 714 2427    +3038162    +72          14     +9   19   7   85   +0   91  -19   91  -19  13  0  0 L3P DF
G27 FF 61040 163800  780 158 2682      +99054    +74          41     +6   33  32  295 -115  238  -72  238  -72  26  0  0 L3P 36
G28 FF 61040 163800  780 125 2025    +6172128    -70          20    -25   47 125  367 +188  252  +15  252   15  33  0  0 L3P 57
G29 FF 61040 163800  780 338  801    +4007602    -40          -3    +22   26  77  145  +25   88  -31   88  -31  20  0  0 L3P 04
G31 FF 61040 163800  780 309 2273    +1751086     +4          13    +25   36   8  157  +28  173   -9  173   -9  27  0  0 L3P 06
G05 FF 61040 165400  780 215  420    +2264769    +71          26    +64   31 114  219  +32   81  -62   81  -62  23  0  0 L3P 15
G16 FF 61040 165400  780 512 2958    -1785243    -65         -14    +12   21  58  104  -10   96  -26   96  -26  14  0  0 L3P 36
G18 FF 61040 165400  780 744 1309    +4628732    -68           9    +30   19  61   84   -1   74  -40   74  -40  14  0  0 L3P F6
G23 FF 61040 165400  780 199 1434    -5932778    +44          21    +95   36  55  238  -78  154 -114  154 -114  27  0  0 L3P 84
G26 FF 61040 165400  780 696 2202    +3038220    +63          12     +0   18   7   86   +2   81  -16   81  -16  14  0  0 L3P C8
G27 FF 61040 165400  780 221 2719      +99118    +14          40    -55   37  32  215  -61  179  -46  179  -46  28  0  0 L3P 34
G29 FF 61040 165400  780 273  836    +4007532    -93         -13    -31   30  77  175  +38   92  +22   92   22  22  0  0 L3P 10
G31 FF 61040 165400  780 247 2228    +1751055    +39           1    +59   28   8  192  +46  199  -29  199  -29  21  0  0 L3P 3B
G05 FF 61040 171000  780 177  363    +2264777    -40          28    -46   46 114  262  +60   72  +24   72   24  35  0  0 L3P 11
G16 FF 61040 171000  780 578 2901    -1785312    -99          -8    -22   20  58   96   -7   76   -2   76   -2  13  0  0 L3P E7
G18 FF 61040 171000  780 743 1020    +4628633   -105           4     -7   23  61   84   +1   66  -15   66  -15  16  0  0 L3P DE
G23 FF 61040 171000  780 265 1398    -5932844    -90           5    -39   31  55  181  -43  126   +7  126    7  24  0  0 L3P 0D
G26 FF 61040 171000  780 649 2044    +3038268    +57          -1     -6   26   7   89   +4   84  -11   84  -11  17  0  0 L3P D8
G27 FF 61040 171000  780 286 2755      +99157   +126          13    +58   26  32  169  -37  136  -88  136  -88  21  0  0 L3P 50
G29 FF 61040 171000  780 211  873    +4007469    -50         -16    +13   33  77  223  +63   98   -2   98   -2  25  0  0 L3P FA
G31 FF 61040 171000  780 185 2190    +1751070     +7          36    +28   43   8  252  +83  198   +5  198    5  34  0  0 L3P F1
G05 FF 61040 172600  780 132  317    +2264773    -10          17    -17   45 114  347 +125   71  -23   71  -23  33  0  0 L3P 21
G16 FF 61040 172600  780 635 2799    -1785380    -95          -3    -18   23  58   90   -4   59   -8   59   -8  15  0  0 L3P 02
G18 FF 61040 172600  780 702  808    +4628533    -32          -2    +66   17  61   86   +3   59  -51   59  -51  13  0  0 L3P F1
G23 FF 61040 172600  780 330 1355    -5932887    -29          11    +22   28  55  148  -27   91  -45   91  -45  21  0  0 L3P 2F
G26 FF 61040 172600  780 585 1949    +3038334    +50           6    -12   26   7   95   +7   76   +7   76    7  19  0  0 L3P C2
G27 FF 61040 172600  780 352 2790      +99238    +45          28    -23   32  32  140  -24   81   -9   81   -9  26  0  0 L3P E3
G29 FF 61040 172600  780 150  910    +4007411    +12         -14    +75   53  77  307 +120  108  -49  108  -49  38  0  0 L3P 49
G31 FF 61040 172600  780 123 2156    +1750995    -78         -20    -58   52   8  371 +179  253  +56  253   56  40  0  0 L3P 57
G10 FF 61040 174200  780 151 1643    +5788361    -54          32    -87   33   4  309 -141  140  -11  140  -11  27  0  0 L3P 32
G16 FF 61040 174200  780 673 2637    -1785456    -87          -4    -10   16  58   88   -2   53   +7   53    7  10  0  0 L3P DC
G18 FF 61040 174200  780 641  699    +4628452    -94          11     +4   25  61   90   +5   42  -16   42  -16  18  0  0 L3P DF
G23 FF 61040 174200  780 393 1301    -5932950    -22          -3    +29   24  55  128  -17   81  -43   81  -43  16  0  0 L3P 19
G26 FF 61040 174200  780 515 1894    +3038385   +106          -3    +43   26   7  103  +11   88  -17   88  -17  22  0  0 L3P 1E
G27 FF 61040 174200  780 421 2823      +99272    +85          -3    +17   35  32  121  -17   82  -37   82  -37  25  0  0 L3P FB
G07 FF 61040 175800  780 112 3304    +1288799    +50          19     -4   48  26  408  -84   92  -17   92  -17  36  0  0 L3P 2A
G08 FF 61040 175800  780 177 2849    -5092273    +48          48     +9   47  88  265  -94  104  -67  104  -67  34  0  0 L3P 66
G10 FF 61040 175800  780 222 1625    +5788388    -86          26   -119   34   4  214  -68  110  +61  110   61  27  0  0 L3P 3E
G16 FF 61040 175800  780 679 2432    -1785539    -71         -13     +6   17  58   87   +1   55   -6   55   -6  12  0  0 L3P F0
G18 FF 61040 175800  780 573  649    +4628348    -33           1    +65   21  61   96   +8   46  -49   46  -49  15  0  0 L3P FE
G23 FF 61040 175800  780 449 1230    -5933004    -38          -8    +13   25  55  114  -11   75  -23   75  -23  20  0  0 L3P 12
G26 FF 61040 175800  780 442 1860    +3038466    +96          18    +34   30   7  116  +16   90  -10   90  -10  25  0  0 L3P 09
G27 FF 61040 175800  780 493 2853      +99353    +46          12    -22   21  32  107  -12   57  +12   57   12  15  0  0 L3P EC
G07 FF 61040 181400  780 130 3247    +1288824    +80          -4    +27   39  32  352  -37   91  -31   91  -31  31  0  0 L3P 15
G08 FF 61040 181400  780 241 2876    -5092251    +26          32    -12   34  89  198  -52   86  -30   86  -30  27  0  0 L3P 30
G10 FF 61040 181400  780 294 1605    +5788414    +53          16    +20   25   7  165  -39   97  -43   97  -43  19  0  0 L3P 22
G15 FF 61040 181400  780 124  630    -3723743    -76           7    -41   49  10  368  -67   52  +22   52   22  37  0  0 L3P F1
G16 FF 61040 181400  780 652 2245    -1785618   -102         -20    -25   19  59   89   +3   58  +28   58   28  14  0  0 L3P 24
G18 FF 61040 181400  780 502  631    +4628256    -96           7     +2   23  62  105  +11   34  -17   34  -17  17  0  0 L3P E0
G23 FF 61040 181400  780 496 1138    -5933055    -65         -11    -14   19  56  106   -7   63  -15   63  -15  13  0  0 L3P 1F
G26 FF 61040 181400  780 369 1839    +3038517    +67          16     +4   35   9  134  +23   93   +8   93    8  29  0  0 L3P E4
G27 FF 61040 181400  780 566 2877      +99395    +78          -9    +10   17  62   97   -9   56  -32   56  -32  12  0  0 L3P F9
G07 FF 61040 183000  780 139 3186    +1288864    +23         -16    -30   31  32  330   -9   93  +13   93   13  22  0  0 L3P 06
G08 FF 61040 183000  780 307 2900    -5092232     -2          14    -41   29  89  158  -32   70   -2   70   -2  20  0  0 L3P D9
G10 FF 61040 183000  780 367 1579    +5788452    +82          22    +49   21   7  135  -24   76  -58   76  -58  17  0  0 L3P 2E
G15 FF 61040 183000  780 142  563    -3723773    -53          11    -17   55  10  323  -29   34  +11   34   11  43  0  0 L3P EB
G16 FF 61040 183000  780 600 2114    -1785687   -103         -15    -25   24  59   93   +6   55  +21   55   21  19  0  0 L3P 0C
G18 FF 61040 183000  780 432  631    +4628158    -81           2    +17   26  62  118  +16   39  -16   39  -16  18  0  0 L3P 01
G23 FF 61040 183000  780 526 1025    -5933103    -26         -10    +25   22  56  102   -3   44  -26   44  -26  15  0  0 L3P FE
G26 FF 61040 183000  780 296 1825    +3038586     +0          25    -62   30   9  163  +37   91  +42   91   42  21  0  0 L3P ED
G27 FF 61040 183000  780 640 2893      +99459    +49         -10    -19   19  62   90   -6   46   +6   46    6  12  0  0 L3P C9
G07 FF 61040 184600  780 138 3123    +1288923     +8          -7    -46   32  32  333  +15   82  +32   82   32  24  0  0 L3P F8
G08 FF 61040 184600  780 376 2918    -5092198    -31          10    -70   20  89  133  -22   46  +46   46   46  13  0  0 L3P 22
G10 FF 61040 184600  780 439 1544    +5788468    +15           7    -18   23   7  117  -16   72   -8   72   -8  17  0  0 L3P F2
G15 FF 61040 184600  780 150  494    -3723799     +4          18    +39   35  10  308   -4   25  -23   25  -23  25  0  0 L3P EE
G16 FF 61040 184600  780 535 2032    -1785774   -105         -28    -28   32  59  100   +9   69  +29   69   29  25  0  0 L3P 3D
G18 FF 61040 184600  780 363  642    +4628059   -105          -2     -7   36  62  136  +23   42   +4   42    4  27  0  0 L3P D6
G23 FF 61040 184600  780 536  900    -5933142    -46           1     +6   18  56  100   +0   29  -13   29  -13  12  0  0 L3P C7
G26 FF 61040 184600  780 226 1814    +3038648    +39          27    -23   31   9  209  +62   94  +24   94   24  24  0  0 L3P 0E
G27 FF 61040 184600  780 716 2887      +99528    +54          -7    -14   18  62   85   -4   39   +0   39    0  12  0  0 L3P BA
G02 FF 61040 190200  780 160 2512      -66202    -37         -16    +46   38  91  293 -115  146  -63  146  -63  29  0  0 L3P 3C
G07 FF 61040 190200  780 126 3060    +1288986    +47           4     -6   36  32  362  +46   77   +4   77    4  29  0  0 L3P DB
G08 FF 61040 190200  780 446 2929    -5092167    +42           4     +3   25  89  115  -15   39  -11   39  -11  19  0  0 L3P 04
G10 FF 61040 190200  780 510 1492    +5788496    +44           3    +11   23   7  104  -10   60  -14   60  -14  17  0  0 L3P E3
G15 FF 61040 190200  780 146  425    -3723833    -65          18    -30   34  10  315  +20   24  +26   24   26  26  0  0 L3P EC
G16 FF 61040 190200  780 464 1980    -1785857   -121         -37    -44   31  59  111  +14   80  +38   80   38  28  0  0 L3P 42
G18 FF 61040 190200  780 296  661    +4627989    -63          21    +35   23  62  163  +34   27  -23   27  -23  18  0  0 L3P 1B
G23 FF 61040 190200  780 524  777    -5933201   -105          -9    -54   31  56  102   +3   30  +39   30   39  21  0  0 L3P EC
G26 FF 61040 190200  780 158 1804    +3038693    +18          12    -44   33   9  294 +122  109  +50  109   50  25  0  0 L3P 30
G27 FF 61040 190200  780 791 2818      +99587    +92         -13    +24   14  62   82   -2   45  -11   45  -11  10  0  0 L3P E5
G02 FF 61040 191800  780 223 2550      -66277   -118         -12    -35   35  91  213  -60  101   -1  101   -1  28  0  0 L3P FE
G07 FF 61040 191800  780 105 2999    +1289034    +79           1    +25   50  32  429 +100   86   -3   86   -3  38  0  0 L3P 09
G08 FF 61040 191800  780 517 2928    -5092130     +6           4    -32   24  89  103  -11   32  +22   32   22  16  0  0 L3P DF
G10 FF 61040 191800  780 574 1414    +5788502    +71         -22    +38   22   7   96   -7   66  -35   66  -35  16  0  0 L3P 09
G15 FF 61040 191800  780 131  360    -3723866     -5          19    +30   42  10  350  +54   25  -33   25  -33  33  0  0 L3P EA
G16 FF 61040 191800  780 391 1946    -1785919    -88         -25    -11   34  59  128  +21   74  +18   74   18  27  0  0 L3P 46
G18 FF 61040 191800  780 231  686    +4627892    -84          18    +14   41  62  205  +55   35   -9   35   -9  30  0  0 L3P FD
G23 FF 61040 191800  780 491  674    -5933245    -45          -4     +7   19  56  107   +7   27   -1   27   -1  14  0  0 L3P CA
G27 FF 61040 191800  780 850 2419      +99670    +52           5    -16   18  62   81   +0   34   +5   34    5  12  0  0 L3P 95
G02 FF 61040 193400  780 287 2590      -66346    -92          -1    -10   30  91  168  -36   70   -9   70   -9  23  0  0 L3P DB
G08 FF 61040 193400  780 588 2907    -5092094    +59           3    +20   21  89   95   -7   30  -18   30  -18  14  0  0 L3P FC
G10 FF 61040 193400  780 626 1297    +5788531    +63         -25    +30   21   7   91   -4   55  -27   55  -27  16  0  0 L3P 01
G15 FF 61040 193400  780 105  300    -3723894    -85          25    -49   39  10  430 +121   21  +60   21   60  32  0  0 L3P FD
G16 FF 61040 193400  780 318 1923    -1785985    -68         -16    +10   22  59  153  +32   74   -4   74   -4  19  0  0 L3P 1F
G18 FF 61040 193400  780 168  714    +4627806    -49          26    +49   38  62  277 +100   39  -24   39  -24  27  0  0 L3P 3D
G23 FF 61040 193400  780 445  596    -5933293    -27          -3    +24   20  56  115  +11   30   -7   30   -7  13  0  0 L3P DC
G27 FF 61040 193400  780 822 1699      +99732    +30           0    -38   15  62   82   +1   28  +26   28   26  11  0  0 L3P BF
G02 FF 61040 195000  780 352 2631      -66423    -39           1    +44   24  91  140  -24   50  -41   50  -41  18  0  0 L3P D1
G08 FF 61040 195000  780 657 2851    -5092075    +49         -15    +11   19  89   89   -5   39  -10   39  -10  13  0  0 L3P 1C
G10 FF 61040 195000  780 657 1133    +5788587    +17          -1    -16   18   7   89   -1   33   +8   33    8  12  0  0 L3P BF
G16 FF 61040 195000  780 247 1906    -1786049    -85          -6     -7   31  59  193  +53   79  +15   79   15  23  0  0 L3P 1E
G23 FF 61040 195000  780 388  542    -5933356    -53         -17     -2   31  56  129  +17   39   -3   39   -3  23  0  0 L3P F1
G27 FF 61040 195000  780 749 1546      +99773    +37         -24    -31   14  62   84   +3   47  +14   47   14  10  0  0 L3P E2
G01 FF 61040 200600  780 104 2570    -3478777    -13          33    -43   41   8  442 -248  108   +4  108    4  31  0  0 L3P 06
G02 FF 61040 200600  780 418 2674      -66487   -122           3    -39   27   7  121  -16   49  +29   49   29  21  0  0 L3P E6
G08 FF 61040 200600  780 717 2728    -5092029    +18          -7    -21   19  90   85   -3   33  +15   33   15  13  0  0 L3P E5
G10 FF 61040 200600  780 658  947    +5788609    +20         -10    -13   26   7   89   +1   39  +10   39   10  17  0  0 L3P D7
G16 FF 61040 200600  780 177 1891    -1786137    -53         -22    +24   39  66  263  +99   98  -14   98  -14  34  0  0 L3P 4F
G23 FF 61040 200600  780 326  507    -5933398    +10         -11    +61   26  57  149  +27   30  -46   30  -46  19  0  0 L3P 16
G27 FF 61040 200600  780 670 1514      +99848    +81         -12    +12   13  67   88   +5   44   +7   44    7   8  0  0 L3P AA
G32 FF 61040 200600  780 148 1289    +1834348   -161          10     +5   32   3  314 -125   89  -21   89  -21  25  0  0 L3P 18
G01 FF 61040 202200  780 164 2607    -3478760    +32          22     +3   42   8  286 -105   95  -21   95  -21  31  0  0 L3P 00
G02 FF 61040 202200  780 484 2718      -66574   -104          -4    -21   22   7  108  -12   49  +19   49   19  16  0  0 L3P E6
G08 FF 61040 202200  780 754 2491    -5091974    +44          11     +5   17  90   84   -1   26   +5   26    5  12  0  0 L3P B2
G10 FF 61040 202200  780 629  787    +5788650    +58          -1    +25   18   7   91   +3   30   -6   30   -6  13  0  0 L3P AC
G16 FF 61040 202200  780 110 1878    -1786194   -117          -5    -40   35  66  413 +238   95  +17   95   17  25  0  0 L3P 3F
G23 FF 61040 202200  780 262  489    -5933422    -35          15    +16   41  57  182  +43   16   +7   16    7  28  0  0 L3P DB
G27 FF 61040 202200  780 592 1513      +99915    +86         -11    +17   18  67   94   +8   55   +1   55    1  13  0  0 L3P B7
G32 FF 61040 202200  780 207 1246    +1834190   -232          12    -66   26   3  228  -63   79  +38   79   38  24  0  0 L3P 16
G01 FF 61040 203800  780 225 2645    -3478723    +17          31    -13   33   8  211  -57   65  -11   65  -11  25  0  0 L3P 01
G02 FF 61040 203800  780 552 2763      -66652    -42          -3    +41   22   7   99   -8   41  -30   41  -30  16  0  0 L3P B5
G08 FF 61040 203800  780 747 2192    -5091956    +16          -8    -23   15  90   84   +1   41  +29   41   29  10  0  0 L3P ED
G10 FF 61040 203800  780 580  677    +5788663    +75         -19    +42   22   7   95   +6   42  -32   42  -32  15  0  0 L3P F0
G14 FF 61040 203800  780 119 3273    -7257960    -21          26     +5   46  18  386 -136   42  -18   42  -18  36  0  0 L3P 2D
G23 FF 61040 203800  780 197  481    -5933469     +2          17    +53   37  57  237  +76   18  -54   18  -54  27  0  0 L3P 19
G27 FF 61040 203800  780 513 1522      +99977    +65         -14     -3   17  67  103  +12   65  +14   65   14  14  0  0 L3P E8
G32 FF 61040 203800  780 264 1196    +1834019   -187           0    -21   26   3  182  -37   81  +20   81   20  18  0  0 L3P F4
G01 FF 61040 205400  780 287 2683    -3478684   +104          41    +74   38   8  168  -35   41  -77   41  -77  27  0  0 L3P 3C
G02 FF 61040 205400  780 620 2811      -66745    -32         -16    +51   18   7   92   -6   49  -42   49  -42  13  0  0 L3P CF
G08 FF 61040 205400  780 701 1983    -5091919    +49          -8    +10   19  90   86   +3   49   +5   49    5  12  0  0 L3P D5
G10 FF 61040 205400  780 520  611    +5788695    +37         -19     +4   20   7  102   +9   37   -7   37   -7  13  0  0 L3P BD
G14 FF 61040 205400  780 158 3225    -7258001     -5          10    +21   25  18  295  -65   44  -28   44  -28  19  0  0 L3P 0B
G23 FF 61040 205400  780 133  483    -5933556    +39         -21    +90   54  57  347 +165   42  -56   42  -56  41  0  0 L3P 39
G27 FF 61040 205400  780 437 1535     +100044    +62         -13     -6   19  67  117  +17   70  +12   70   12  14  0  0 L3P DE
G32 FF 61040 205400  780 317 1138    +1833862   -155           2    +11   21   3  154  -23   73   -5   73   -5  15  0  0 L3P D5
G01 FF 61040 211000  780 351 2722    -3478672    +19          25    -11   30   8  141  -23   46   -8   46   -8  21  0  0 L3P D8
G02 FF 61040 211000  780 689 2862      -66815    -38          -6    +45   17   7   87   -4   41  -32   41  -32  12  0  0 L3P C1
G08 FF 61040 211000  780 635 1875    -5091882    +46          -9     +8   19  90   90   +6   57  +16   57   16  13  0  0 L3P E9
G10 FF 61040 211000  780 454  575    +5788705    -45         -41    -78   22   7  113  +13   52  +60   52   60  16  0  0 L3P F1
G14 FF 61040 211000  780 188 3168    -7258018    -30          18     -4   42  18  249  -34   32   -8   32   -8  29  0  0 L3P EF
G22 FF 61040 211000  780 113 3302     +638065    -88          19    -47   43   1  407 -146   63   +7   63    7  31  0  0 L3P D1
G27 FF 61040 211000  780 362 1549     +100103    +91         -19    +23   22  67  136  +25   79   -2   79   -2  17  0  0 L3P E6
G32 FF 61040 211000  780 363 1068    +1833686   -148         -14    +18   18   3  136  -14   79  -25   79  -25  13  0  0 L3P 32
G01 FF 61040 212600  780 417 2760    -3478650    +21          19     -9   21   8  122  -16   38  -12   38  -12  16  0  0 L3P F0
G02 FF 61040 212600  780 758 2923      -66889    -95          -1    -12   15   7   83   -3   37  +12   37   12  11  0  0 L3P B7
G03 FF 61040 212600  780 113 2241    -6102956    +56          25    -38   43  61  410 -237  127  +23  127   23  35  0  0 L3P 34
G08 FF 61040 212600  780 562 1820    -5091845    +40          -8     +1   25  90   97   +9   69   +8   69    8  19  0  0 L3P CB
G10 FF 61040 212600  780 387  560    +5788736    +25         -42     -8   24   7  129  +20   52   +2   52    2  18  0  0 L3P C2
G14 FF 61040 212600  780 209 3104    -7258080    -42         -19    -16   31  18  225  -16   53  +27   53   27  23  0  0 L3P 14
G22 FF 61040 212600  780 150 3254     +638026    -40          20     +1   30   1  309  -68   50   -9   50   -9  24  0  0 L3P A9
G27 FF 61040 212600  780 289 1563     +100175    +13         -12    -55   23  67  167  +39   87  +57   87   57  17  0  0 L3P 21
G32 FF 61040 212600  780 400  987    +1833529   -192         -12    -26   21   3  126   -8   62   +1   62    1  15  0  0 L3P C7
G01 FF 61040 214200  780 484 2798    -3478628    -23          13    -53   23   8  108  -12   33  +26   33   26  17  0  0 L3P 03
G02 FF 61040 214200  780 828 3024      -66964    -71           4    +12   17   7   81   -1   33  -10   33  -10  12  0  0 L3P 96
G03 FF 61040 214200  780 179 2271    -6102832    +95          58     +0   44  61  262  -98   82  -18   82  -18  36  0  0 L3P 19
G08 FF 61040 214200  780 487 1791    -5091813    +91         -14    +53   24  90  107  +13   85  -23   85  -23  18  0  0 L3P 31
G10 FF 61040 214200  780 319  558    +5788786    +55         -23    +22   27   7  152  +29   45   -7   45   -7  21  0  0 L3P F2
G14 FF 61040 214200  780 218 3035    -7258088    +36          -2    +63   34  18  216   -3   42  -36   42  -36  24  0  0 L3P 01
G22 FF 61040 214200  780 178 3198     +637978    -72          10    -31   37   1  262  -35   44  +14   44   14  27  0  0 L3P F1
G27 FF 61040 214200  780 218 1576     +100251    +39          -2    -29   30  67  216  +68   88  +27   88   27  21  0  0 L3P 00
G32 FF 61040 214200  780 422  894    +1833365   -125         -17    +41   25   3  120   -4   53  -49   53  -49  19  0  0 L3P 05
G01 FF 61040 215800  780 553 2834    -3478603    +23           9     -7   21   8   98   -9   34   +3   34    3  14  0  0 L3P 9A
G02 FF 61040 215800  780 885  292      -67029   -112          19    -29   11   7   81   +0   26  +24   26   24   7  0  0 L3P A3
G03 FF 61040 215800  780 247 2303    -6102765    +13          35    -81   32  61  193  -52   86  +38   86   38  25  0  0 L3P 1A
G08 FF 61040 215800  780 412 1775    -5091762    +63           0    +24   18  90  122  +19   83   -3   83   -3  14  0  0 L3P E6
G10 FF 61040 215800  780 253  567    +5788823    +23         -18    -10   33   7  188  +47   58  +37   58   37  27  0  0 L3P 17
G14 FF 61040 215800  780 215 2964    -7258083    -38          29    -12   36  18  219   +9   23  +18   23   18  27  0  0 L3P 11
G17 FF 61040 215800  780 100 3171     +183982    +77          15    -43   30  72  462 -277   51  +26   51   26  23  0  0 L3P 0F
G22 FF 61040 215800  780 197 3135     +637956    -86          28    -45   44   1  238  -16   31  +37   31   37  33  0  0 L3P FE
G27 FF 61040 215800  780 149 1586     +100318     +8          -1    -60   34  67  311 +139  100  +59  100   59  27  0  0 L3P 16
G32 FF 61040 215800  780 429  797    +1833190   -201         -33    -35   35   3  119   +0   55   +1   55    1  26  0  0 L3P CD
G01 FF 61040 221400  780 624 2867    -3478586    +57           0    +27   23   9   91   -6   39  -23   39  -23  15  0  0 L3P E7
G02 FF 61040 221400  780 825 1065      -67114    -94          17    -11   17   8   82   +1   30   +1   30    1  12  0  0 L3P 6F
G03 FF 61040 221400  780 317 2340    -6102705    +26           3    -68   32  62  154  -32  100  +34  100   34  22  0  0 L3P F7
G08 FF 61040 221400  780 337 1767    -5091727    +48          -8    +10   27   1  145  +29   90   +7   90    7  21  0  0 L3P DB
G10 FF 61040 221400  780 188  582    +5788876   +133           4   +101   36   9  248  +83   33  -64   33  -64  30  0  0 L3P 18
G14 FF 61040 221400  780 200 2893    -7258135     +4           6    +29   29  19  234  +23   53   -3   53   -3  25  0  0 L3P CE
G17 FF 61040 221400  780 160 3163     +184091   +158          11    +38   29  77  292 -109   42  -59   42  -59  18  0  0 L3P 3C
G22 FF 61040 221400  780 204 3069     +637911     -1          16    +40   37  10  230   -2   33  -27   33  -27  27  0  0 L3P CB
G32 FF 61040 221400  780 418  703    +1833049   -149         -13    +17   26   4  121   +5   40   -6   40   -6  19  0  0 L3P CF
G01 FF 61040 223000  780 697 2894    -3478553    +33           5     +4   17   9   86   -4   36   -4   36   -4  12  0  0 L3P AD
G02 FF 61040 223000  780 754 1159      -67193   -132          18    -49   15   8   83   +3   31  +38   31   38  10  0  0 L3P C3
G03 FF 61040 223000  780 387 2380    -6102614    +74           3    -20   22  62  129  -21   85  +10   85   10  17  0  0 L3P E5
G08 FF 61040 223000  780 264 1762    -5091701    +52         -20    +13   30   1  180  +47  111   -3  111   -3  20  0  0 L3P E6
G10 FF 61040 223000  780 125  603    +5788928    +44          24    +11   62   9  367 +179   28   +1   28    1  50  0  0 L3P D8
G14 FF 61040 223000  780 175 2825    -7258153    -60          13    -35   55  19  265  +44   60  +44   60   44  40  0  0 L3P 0D
G17 FF 61040 223000  780 219 3145     +184198   +150           2    +29   35  77  216  -56   43  -13   43  -13  25  0  0 L3P 05
G22 FF 61040 223000  780 200 3000     +637881    -34          25     +7   38  10  234  +11   27   -4   27   -4  31  0  0 L3P AF
G32 FF 61040 223000  780 391  619    +1832879   -152         -23    +14   33   4  128   +9   50  -11   50  -11  24  0  0 L3P F4
G01 FF 61040 224600  780 771 2907    -3478534    +17          -5    -13   16   9   83   -3   43   +3   43    3  11  0  0 L3P AD
G02 FF 61040 224600  780 682 1215      -67267    -52          23    +31   16   8   87   +5   37  -17   37  -17  10  0  0 L3P C3
G03 FF 61040 224600  780 458 2425    -6102530    +74          -3    -21   28  62  113  -14   68   -7   68   -7  23  0  0 L3P F1
G08 FF 61040 224600  780 194 1758    -5091661    +23         -16    -15   41   1  241  +84  121  +26  121   26  30  0  0 L3P 1F
G14 FF 61040 224600  780 142 2762    -7258185     +9           5    +34   34  19  324  +83   72  -13   72  -13  24  0  0 L3P FD
G17 FF 61040 224600  780 276 3116     +184309   +158          -3    +37   26  77  174  -33   41  -24   41  -24  19  0  0 L3P 1D
G22 FF 61040 224600  780 185 2933     +637816    -62           0    -22   56  10  252  +27   47   +9   47    9  42  0  0 L3P CF
G32 FF 61040 224600  780 352  551    +1832725   -192         -18    -26   35   4  140  +16   45  +26   45   26  25  0  0 L3P 06
G01 FF 61040 230200  780 846 2845    -3478502    +50           0    +20   14   9   81   -1   39  -14   39  -14  10  0  0 L3P C2
G02 FF 61040 230200  780 610 1260      -67356    -41          13    +42   21   8   92   +7   57   -8   57   -8  14  0  0 L3P 93
G03 FF 61040 230200  780 531 2476    -6102445    +33          -9    -62   23  62  101  -10   52  +22   52   22  17  0  0 L3P E7
G04 FF 61040 230200  780 107 1892     -352595    +75          20   +100   31  52  434 -276  116  -87  116  -87  24  0  0 L3P 52
G08 FF 61040 230200  780 126 1753    -5091594   +196          13   +158   44   1  364 +189  112 -124  112 -124  30  0  0 L3P 80
G14 FF 61040 230200  780 102 2705    -7258220     +3          -6    +28   35  19  442 +177   98  +17   98   17  28  0  0 L3P 13
G17 FF 61040 230200  780 328 3074     +184445   +129          17     +8   27  77  149  -21   32  -16   32  -16  20  0  0 L3P 06
G19 FF 61040 230200  780 133 3207    -6833443    +76          59    +96   27   0  350 -153    6  -66    6  -66  19  0  0 L3P 0B
G22 FF 61040 230200  780 160 2869     +637784    -14           7    +27   43  10  289  +52   55   +6   55    6  32  0  0 L3P CF
G32 FF 61040 230200  780 304  499    +1832570   -101         -13    +65   29   4  159  +25   40  -48   40  -48  21  0  0 L3P 0D
G01 FF 61040 231800  780 870 1578    -3478451    +61          22    +31   13   9   81   +0   26  -19   26  -19   9  0  0 L3P D9
G02 FF 61040 231800  780 538 1299      -67440    -68           9    +15   19   8  100   +9   72   -5   72   -5  14  0  0 L3P AA
G03 FF 61040 231800  780 603 2535    -6102359    +86         -13     -8   19  62   93   -7   48   +6   48    6  13  0  0 L3P D0
G04 FF 61040 231800  780 177 1892     -352617    +44          22    +69   35  52  266 -107   90  -55   90  -55  26  0  0 L3P 31
G17 FF 61040 231800  780 372 3016     +184562   +130          19     +9   26  77  133  -13   32   -7   32   -7  20  0  0 L3P DC
G19 FF 61040 231800  780 190 3182    -6833487     -4          33    +16   39   0  248  -72   21   +2   21    2  27  0  0 L3P C7
G22 FF 61040 231800  780 127 2810     +637766    -52          28    -11   48  10  359 +100   58   -3   58   -3  32  0  0 L3P F7
G28 FF 61040 231800  780 174  867    +6171007    -31           0    +15   34 128  268  -59   74  -25   74  -25  25  0  0 L3P 1A
G32 FF 61040 231800  780 249  461    +1832438   -163          13     +3   27   4  191  +42   20   -7   20   -7  21  0  0 L3P C2
G01 FF 61040 233400  780 796 1376    -3478429    +66          16    +37   14   9   82   +2   33  -30   33  -30  10  0  0 L3P E7
G02 FF 61040 233400  780 466 1334      -67526    -63           3    +20   24   8  111  +13   84   -7   84   -7  18  0  0 L3P AB
G03 FF 61040 233400  780 676 2610    -6102269    +61         -14    -34   17  62   87   -5   42  +24   42   24  12  0  0 L3P ED
G04 FF 61040 233400  780 249 1894     -352650     +4          13    +29   28  52  192  -55   94  -34   94  -34  20  0  0 L3P 04
G17 FF 61040 233400  780 407 2942     +184679   +125          20     +4   23  77  124   -7   31   +4   31    4  17  0  0 L3P BF
G19 FF 61040 233400  780 244 3145    -6833530   -102           9    -83   36   0  196  -40   36  +61   36   61  25  0  0 L3P FF
G28 FF 61040 233400  780 209  802    +6170987    -35          24    +10   24 128  226  -33   40  -25   40  -25  20  0  0 L3P 0F
G31 FF 61040 233400  780 123 1117    +1750566    +18          -4    +38   65  36  375 -158  110  -28  110  -28  46  0  0 L3P 4A
G32 FF 61040 233400  780 191  437    +1832266   -173           1     -7   38   4  245  +75   22   -4   22   -4  30  0  0 L3P B8
G01 FF 61040 235000  780 718 1371    -3478413    +26           3     -3   16   9   85   +4   53  +18   53   18  11  0  0 L3P AF
G02 FF 61040 235000  780 395 1366      -67592   -115          17    -32   29   8  127  +19   76  +27   76   27  21  0  0 L3P FD
G03 FF 61040 235000  780 747 2720    -6102180    +99         -16     +4   18  62   84   -3   42   +1   42    1  12  0  0 L3P AE
G04 FF 61040 235000  780 324 1896     -352679    -75           8    -50   31  52  151  -33   86  +32   86   32  23  0  0 L3P F6
G17 FF 61040 235000  780 427 2855     +184779   +137           5    +16   22  77  119   -3   38  -22   38  -22  20  0  0 L3P 02
G19 FF 61040 235000  780 292 3096    -6833549    +67           8    +86   19   0  166  -24   46  -61   46  -61  13  0  0 L3P 15
G28 FF 61040 235000  780 234  732    +6170915    -42          -4     +4   33 128  202  -17   50   -9   50   -9  27  0  0 L3P D9
G31 FF 61040 235000  780 174 1064    +1750560    -61          10    -41   35  36  269  -76   92  +27   92   27  27  0  0 L3P 13
G32 FF 61040 235000  780 131  422    +1832107   -135           2    +31   44   4  351 +160   28   -6   28   -6  39  0  0 L3P CD
