CGGTTS     GENERIC DATA FORMAT VERSION = 2E
REV DATE = 2026-01-01                    
RCVR = POLARX5-TR                    R2CGGTTS v8.8    
CH = 99 
IMS = POLARX5-TR                    
LAB = PTB                           
X = +3844059.67 m 
Y =  +709661.67 m 
Z = +5023129.80 m 
FRAME = ITRF
COMMENTS =           IGS RINEX,AUSPOS XYZ          
INT DLY =   31.0 ns (GPS P1),   28.5 ns (GPS P2)     CAL_ID = 1001-2022           
CAB DLY =  205.7 ns 
REF DLY =   56.2 ns
REF = UTC(PTB)                      
CKSUM = 5E

SAT CL  MJD  STTIME TRKL ELV AZTH   REFSV      SRSV     REFSYS    SRSYS  DSG IOE MDTR SMDT MDIO SMDI MSIO SMSI ISG FR HC FRC CK
             hhmmss  s  .1dg .1dg    .1ns     .1ps/s     .1ns    .1ps/s .1ns     .1ns.1ps/s.1ns.1ps/s.1ns.1ps/s.1ns
G01 FF 61052 001000  780 403 1457    -3447926    +19         -50    -16   24 149  125  +20   37  +25   37   25  19  0  0 L3P 24
G02 FF 61052 001000  780 114 1466     -146427   -223         -48   -140   46  42  400 +225   96 +141   96  141  37  0  0 L3P 54
G03 FF 61052 001000  780 732  685    -6009431   +119         -51    +20   20  85   84   +3   27  -12   27  -12  14  0  0 L3P EC
G04 FF 61052 001000  780 636 1859     -375966    -38         -50    -14   18 194   90   -6   36   +1   36    1  12  0  0 L3P DC
G06 FF 61052 001000  780 308 3072    +6014257     +7         -46    -33   32   4  158  -32   31  +20   31   20  22  0  0 L3P D1
G09 FF 61052 001000  780 326 2137    -7701509     -8         -56     -2   23   0  150  -31   59   -6   59   -6  16  0  0 L3P CC
G17 FF 61052 001000  780 348 2486     +297463   +100         -49    -17   30 165  141  +17   37  +27   37   27  23  0  0 L3P 2E
G19 FF 61052 001000  780 368 2771    -6851247     -3         -38    +16   26  20  135   +4   24  -17   24  -17  21  0  0 L3P FF
G28 FF 61052 001000  780 216  444    +6124793     +9         -54    +60   33  31  217  +28   37  -26   37  -26  28  0  0 L3P 06
G31 FF 61052 001000  780 315  780    +1731134    -71         -51    -50   23  20  154   -6   29  +37   29   37  18  0  0 L3P E7
G01 FF 61052 002600  780 329 1478    -3447899    +31         -56     -4   24 149  148  +30   49  +22   49   22  20  0  0 L3P 29
G03 FF 61052 002600  780 663  786    -6009340    +33         -55    -66   15  85   88   +5   28  +57   28   57   9  0  0 L3P F5
G04 FF 61052 002600  780 711 1791     -375993    -19         -54     +4   15 194   85   -4   31  -10   31  -10  11  0  0 L3P EB
G06 FF 61052 002600  780 374 3058    +6014296    +65         -46    +24   30   4  133  -21   28  -23   28  -23  20  0  0 L3P 08
G09 FF 61052 002600  780 400 2160    -7701514     -5         -56     +1   19   0  126  -20   49   -1   49   -1  15  0  0 L3P B7
G17 FF 61052 002600  780 299 2422     +297571   +141         -54    +24   27 165  162  +27   47   -9   47   -9  21  0  0 L3P 26
G19 FF 61052 002600  780 349 2682    -6851278    -13         -52     +5   28  20  141  +10   40  -16   40  -16  23  0  0 L3P 0D
G28 FF 61052 002600  780 183  387    +6124739    -79         -59    -28   55  31  255  +53   45  +35   45   35  40  0  0 L3P 27
G31 FF 61052 002600  780 320  695    +1731120     +6         -46    +26   27  20  152   +1   21   -6   21   -6  20  0  0 L3P A6
G01 FF 61052 004200  780 256 1497    -3447837   +115         -28    +80   30 149  186  +50   36  -63   36  -63  23  0  0 L3P 58
G03 FF 61052 004200  780 593  859    -6009245   +103         -54     +4   18  85   94   +7   28   -8   28   -8  13  0  0 L3P E1
G04 FF 61052 004200  780 775 1617     -376009    -34         -48    -10   14 194   83   -2   25   +0   25    0   9  0  0 L3P BB
G06 FF 61052 004200  780 439 3029    +6014341    +43         -40     +2   29   4  117  -14   24   -2   24   -2  23  0  0 L3P C0
G09 FF 61052 004200  780 476 2186    -7701515     +3         -51     +9   29   0  110  -14   40   -4   40   -4  22  0  0 L3P B9
G17 FF 61052 004200  780 244 2369     +297673   +162         -64    +45   31 165  195  +44   62  -23   62  -23  23  0  0 L3P 42
G19 FF 61052 004200  780 316 2600    -6851258     +7         -14    +25   24  20  154  +17   14  -17   14  -17  19  0  0 L3P 0A
G28 FF 61052 004200  780 140  339    +6124716    -61         -33    -10   53  31  328 +105   37  +15   37   15  41  0  0 L3P 08
G31 FF 61052 004200  780 310  613    +1731086    -30         -60    -10   20  20  156   +8   32   -7   32   -7  13  0  0 L3P B6
G01 FF 61052 005800  780 185 1514    -3447833    +84         -58    +49   30 149  252  +93   71   +1   71    1  24  0  0 L3P 10
G03 FF 61052 005800  780 524  921    -6009137    +96         -42     -3   16  85  102  +10   26   +4   26    4  11  0  0 L3P C2
G04 FF 61052 005800  780 803 1229     -376045    -50         -61    -26   20 194   82   +0   33  +17   33   17  13  0  0 L3P EA
G06 FF 61052 005800  780 500 2976    +6014368    +34         -53     -7   23   4  106   -9   31   -5   31   -5  16  0  0 L3P CA
G09 FF 61052 005800  780 553 2212    -7701523     -7         -54     -2   32   0   98  -10   38   -7   38   -7  22  0  0 L3P BE
G11 FF 61052 005800  780 102 3159    +4773999   -121         -28    +12   33   2  451 -269   57  -22   57  -22  24  0  0 L3P 44
G17 FF 61052 005800  780 186 2323     +297792   +160         -58    +43   37 165  251  +78   66  -27   66  -27  30  0  0 L3P 59
G19 FF 61052 005800  780 273 2529    -6851299    +30         -38    +48   39  20  175  +29   40  -32   40  -32  32  0  0 L3P 38
G31 FF 61052 005800  780 286  538    +1731073    -41         -53    -21   29  20  168  +17   20   +5   20    5  22  0  0 L3P D4
G01 FF 61052 011400  780 117 1529    -3447797    -86         -55   -121   39 149  392 +223   74  +99   74   99  32  0  0 L3P 7D
G03 FF 61052 011400  780 456  975    -6009051    +96         -50     -3   18  85  113  +13   34   +8   34    8  13  0  0 L3P D1
G04 FF 61052 011400  780 770  870     -376062    -17         -55     +7   13 194   83   +2   29   +6   29    6  10  0  0 L3P B1
G06 FF 61052 011400  780 552 2893    +6014422    +28         -38    -13   26   4   98   -6   16  +13   16   13  18  0  0 L3P E3
G09 FF 61052 011400  780 631 2240    -7701528    +16         -53    +21   13   0   91   -7   35  -22   35  -22  10  0  0 L3P D5
G11 FF 61052 011400  780 164 3153    +4773899   -160          -1    -27   45   2  285 -107   12  +18   12   18  33  0  0 L3P 18
G17 FF 61052 011400  780 127 2282     +297921    +76         -41    -41   34 165  361 +164   65  +53   65   53  28  0  0 L3P 38
G19 FF 61052 011400  780 222 2468    -6851304    -26         -25     -8   39  20  212  +49   38  +20   38   20  30  0  0 L3P 02
G31 FF 61052 011400  780 250  474    +1731054    +58         -53    +78   30  20  190  +29   23  -46   23  -46  24  0  0 L3P 09
G03 FF 61052 013000  780 389 1025    -6008949   +123         -44    +24   17  85  128  +19   34  -16   34  -16  13  0  0 L3P 39
G04 FF 61052 013000  780 706  722     -376084    -94         -53    -70   13 194   86   +4   27  +45   27   45   9  0  0 L3P E2
G06 FF 61052 013000  780 589 2774    +6014453    +35         -46     -6   20   4   94   -3   23   +5   23    5  13  0  0 L3P A8
G07 FF 61052 013000  780 130 1780    +1340295    -18         -24    -70   38 106  358 -187   65  +65   65   65  31  0  0 L3P 48
G09 FF 61052 013000  780 709 2266    -7701526    -40         -46    -34   19   0   86   -4   27  +21   27   21  14  0  0 L3P E2
G11 FF 61052 013000  780 225 3137    +4773753   -147         -20    -14   36   2  211  -55   24   -4   24   -4  25  0  0 L3P F0
G19 FF 61052 013000  780 168 2415    -6851322    -65         -25    -47   34  20  276  +90   52  +49   52   49  23  0  0 L3P 28
G31 FF 61052 013000  780 206  422    +1731022    -13         -65     +7   42  20  228  +52   36  -13   36  -13  31  0  0 L3P DB
G03 FF 61052 014600  780 323 1071    -6008852    +72         -42    -26   24  85  151  +28   36  +11   36   11  18  0  0 L3P 0D
G04 FF 61052 014600  780 635  670     -376111    -30         -58     -6   25 194   90   +6   28   +1   28    1  18  0  0 L3P AF
G06 FF 61052 014600  780 603 2626    +6014488    +58         -50    +18   17   4   93   +0   26  -18   26  -18  11  0  0 L3P F2
G07 FF 61052 014600  780 200 1770    +1340319    +49         -50     -4   28 106  237  -83   80   -3   80   -3  18  0  0 L3P FB
G09 FF 61052 014600  780 787 2285    -7701530    -28         -45    -23   15   0   82   -2   26  +23   26   23  11  0  0 L3P E3
G11 FF 61052 014600  780 284 3110    +4773591   -140         -53     -7   23   2  170  -33   41   +5   41    5  15  0  0 L3P D0
G26 FF 61052 014600  780 117  543    +3098608    +74         -34    +12   54  55  389  -46   29  -10   29  -10  43  0  0 L3P 23
G31 FF 61052 014600  780 155  382    +1731003    +19         -64    +40   42  20  299 +102   36  -37   36  -37  32  0  0 L3P 1A
G03 FF 61052 020200  780 258 1115    -6008768   +146         -57    +47   25  86  184  +44   50  -23   50  -23  19  0  0 L3P 3F
G04 FF 61052 020200  780 563  657     -376126     -2         -49    +22   22 195   97   +8   21  -19   21  -19  15  0  0 L3P E5
G06 FF 61052 020200  780 590 2475    +6014519    +25         -58    -16   15   5   94   +3   38  +20   38   20  11  0  0 L3P DB
G07 FF 61052 020200  780 271 1760    +1340399    +48         -40     -5   31  14  178  -45   47   -3   47   -3  26  0  0 L3P F1
G09 FF 61052 020200  780 865 2241    -7701542    -22         -55    -16   14  22   81   -1   30  +13   30   13   9  0  0 L3P CD
G11 FF 61052 020200  780 339 3068    +4773477   -130         -38     +3   31   3  145  -20   27   -8   27   -8  24  0  0 L3P F0
G21 FF 61052 020200  780 139 2916    -3783873    -42         -43    +39   36 170  334 -146   19  -18   19  -18  31  0  0 L3P 5E
G26 FF 61052 020200  780 126  477    +3098666   +121         -35    +60   46  56  362  -11   32  -40   32  -40  34  0  0 L3P 1E
G03 FF 61052 021800  780 195 1155    -6008662    +88         -47    -11   42  86  240  +76   48  +18   48   18  31  0  0 L3P 2E
G04 FF 61052 021800  780 491  664     -376147     +5         -48    +28   17 195  107  +12   21  -22   21  -22  12  0  0 L3P FB
G06 FF 61052 021800  780 553 2346    +6014563    +35         -53     -6   24   5   98   +6   36   +7   36    7  18  0  0 L3P BC
G07 FF 61052 021800  780 344 1748    +1340445    +70         -45    +18   31  14  143  -28   45   -7   45   -7  24  0  0 L3P 04
G09 FF 61052 021800  780 856  686    -7701556    -16         -63    -10   14  22   81   +1   37  +13   37   13  11  0  0 L3P E5
G11 FF 61052 021800  780 388 3009    +4773355   -153         -33    -20   31   3  129  -13   25  +16   25   16  22  0  0 L3P 0F
G21 FF 61052 021800  780 201 2941    -3783925   -143         -18    -63   43 170  235  -73    2  +48    2   48  36  0  0 L3P 23
G26 FF 61052 021800  780 125  411    +3098733    +42         -27    -19   44  56  366  +19   27  +23   27   23  31  0  0 L3P 0C
G03 FF 61052 023400  780 132 1193    -6008560    +57         -40    -42   45  86  347 +159   56  +53   56   53  41  0  0 L3P 35
G04 FF 61052 023400  780 422  682     -376156    -25         -34     -1   22 195  120  +16   11   -2   11   -2  15  0  0 L3P C3
G06 FF 61052 023400  780 500 2250    +6014603    +44         -53     +3   21   5  105   +9   36   -2   36   -2  20  0  0 L3P A5
G07 FF 61052 023400  780 417 1731    +1340497    +50         -43     -2   27  14  122  -18   35   -7   35   -7  23  0  0 L3P E7
G09 FF 61052 023400  780 780  665    -7701537    -61         -38    -55   18  22   83   +2   19  +37   19   37  13  0  0 L3P FB
G11 FF 61052 023400  780 425 2932    +4773217   -129         -43     +4   19   3  119   -7   27  -10   27  -10  15  0  0 L3P FB
G16 FF 61052 023400  780 142  685    -1860879    -93         -47    -17   45  23  325  -62   20  +10   20   10  33  0  0 L3P 07
G21 FF 61052 023400  780 265 2961    -3784030    -36         -45    +44   33 170  181  -43   28  -52   28  -52  26  0  0 L3P 3F
G26 FF 61052 023400  780 113  348    +3098800    +54         -20     -7   46  56  403  +60   16   -7   16   -7  34  0  0 L3P DC
G30 FF 61052 023400  780 166 1935     -849367   -169         -30    -46   38  50  283 -118   60  +32   60   32  32  0  0 L3P 3A
G04 FF 61052 025000  780 354  706     -376194     +2         -49    +26   33 195  139  +23   21  -23   21  -23  23  0  0 L3P F9
G06 FF 61052 025000  780 437 2181    +6014658    +11         -36    -30   20   5  117  +15   29  +40   29   40  15  0  0 L3P F2
G07 FF 61052 025000  780 491 1705    +1340538    +44         -53     -8   22  14  107  -12   35   -6   35   -6  18  0  0 L3P E8
G09 FF 61052 025000  780 705  691    -7701551    -45         -47    -40   12  22   86   +4   27  +29   27   29   9  0  0 L3P E1
G11 FF 61052 025000  780 448 2839    +4773103   -192         -29    -59   31   3  115   -3   13  +54   13   54  23  0  0 L3P 06
G16 FF 61052 025000  780 165  616    -1860941    -93         -36    -17   49  23  282  -30   16  +23   16   23  40  0  0 L3P 09
G21 FF 61052 025000  780 332 2976    -3784101    -58         -38    +23   33 170  148  -28   16  -26   16  -26  25  0  0 L3P 41
G30 FF 61052 025000  780 236 1938     -849506    -96         -51    +27   42  50  202  -59   62  -32   62  -32  36  0  0 L3P 20
G04 FF 61052 030600  780 288  735     -376219     -8         -51    +16   30 195  167  +35   28   -4   28   -4  22  0  0 L3P ED
G05 FF 61052 030600  780 109 3049    +2271282    +62          -8    +55   37  33  424 -244   19  -31   19  -31  31  0  0 L3P 22
G06 FF 61052 030600  780 368 2131    +6014679    +61         -55    +21   29   5  134  +22   49   -7   49   -7  21  0  0 L3P F5
G07 FF 61052 030600  780 562 1662    +1340590    +91         -50    +38   26  14   97   -8   28  -30   28  -30  18  0  0 L3P 08
G09 FF 61052 030600  780 632  726    -7701554    -23         -45    -18   15  22   90   +6   29  +13   29   13  11  0  0 L3P E2
G11 FF 61052 030600  780 454 2735    +4772970    -72         -34    +61   33   3  113   +1   19  -67   19  -67  25  0  0 L3P 0C
G16 FF 61052 030600  780 176  545    -1860996    -32         -18    +44   36  23  264   -9    0  -52    0  -52  32  0  0 L3P E7
G21 FF 61052 030600  780 400 2982    -3784183    -82         -43     -1   22 170  126  -19   14   +0   14    0  17  0  0 L3P E5
G30 FF 61052 030600  780 309 1941     -849619   -140         -46    -17   29  50  158  -35   46   -9   46   -9  23  0  0 L3P 1E
G04 FF 61052 032200  780 225  766     -376240    -21         -49     +3   30 195  210  +57   30  +12   30   12  23  0  0 L3P D9
G05 FF 61052 032200  780 173 3063    +2271290     +3          -7     -4   27  33  271 -101   13   +6   13    6  25  0  0 L3P B5
G06 FF 61052 032200  780 298 2094    +6014726     -5         -47    -46   32   5  162  +36   50  +51   50   51  25  0  0 L3P F3
G07 FF 61052 032200  780 629 1591    +1340622    +92         -68    +40   16  14   91   -5   36  -33   36  -33  11  0  0 L3P FD
G09 FF 61052 032200  780 560  763    -7701546    +13         -31    +19   20  22   97   +8   20  -12   20  -12  14  0  0 L3P DC
G11 FF 61052 032200  780 441 2632    +4772841   -149         -36    -16   32   3  116   +5   17  +21   17   21  23  0  0 L3P F5
G16 FF 61052 032200  780 176  474    -1861060    -64         -10    +12   26  23  264   +9  -14   -8  -14   -8  23  0  0 L3P F0
G21 FF 61052 032200  780 468 2976    -3784264   -119         -46    -39   22 170  111  -13   14  +33   14   33  16  0  0 L3P 42
G30 FF 61052 032200  780 383 1944     -849735   -103         -45    +20   26  50  131  -23   38  -25   38  -25  19  0  0 L3P 2A
G04 FF 61052 033800  780 163  800     -376257    -44         -43    -21   45 195  284 +104   27  +22   27   22  34  0  0 L3P 19
G05 FF 61052 033800  780 239 3069    +2271271    +34         -32    +27   39  33  199  -54   29  -19   29  -19  25  0  0 L3P 41
G06 FF 61052 033800  780 228 2065    +6014768    +93         -45    +52   42   5  207  +61   56  -22   56  -22  31  0  0 L3P 18
G07 FF 61052 033800  780 685 1468    +1340665    +60         -76     +8   19  14   87   -3   40   -3   40   -3  13  0  0 L3P D6
G09 FF 61052 033800  780 491  802    -7701553    +25         -32    +31   22  22  107  +12   22  -18   22  -18  15  0  0 L3P 02
G11 FF 61052 033800  780 411 2537    +4772700   -153         -49    -20   29   3  123   +9   27  +12   27   12  23  0  0 L3P FB
G16 FF 61052 033800  780 164  405    -1861158   -153         -34    -76   36  23  282  +30    9  +69    9   69  28  0  0 L3P 14
G21 FF 61052 033800  780 537 2952    -3784354   -101         -59    -20   28 170  100   -9   20  +14   20   14  19  0  0 L3P 25
G30 FF 61052 033800  780 458 1944     -849863    -87         -54    +36   33  50  113  -15   38  -32   38  -32  26  0  0 L3P 31
G04 FF 61052 035400  780 104  835     -376274    -19         -37     +5   51 195  438 +241   28   -5   28   -5  42  0  0 L3P 00
G05 FF 61052 035400  780 306 3066    +2271287    -39         -23    -46   35  33  159  -33   16  +25   16   25  24  0  0 L3P 1F
G06 FF 61052 035400  780 159 2039    +6014778    -56         -74    -97   34   5  291 +122   90  +72   90   72  27  0  0 L3P 37
G07 FF 61052 035400  780 719 1273    +1340727    +11         -64    -41   14  14   85   -1   32  +26   32   26  11  0  0 L3P E5
G09 FF 61052 035400  780 423  841    -7701549    -40         -23    -34   20  22  120  +16   21  +32   21   32  15  0  0 L3P EB
G11 FF 61052 035400  780 369 2456    +4772568   -121         -53    +12   29   3  134  +15   33   -4   33   -4  22  0  0 L3P FF
G16 FF 61052 035400  780 141  342    -1861241    +25         -44   +101   38  23  327  +65   21  -68   21  -68  28  0  0 L3P 21
G21 FF 61052 035400  780 603 2898    -3784434    -82         -61     -1   25 170   93   -6   23   +8   23    8  17  0  0 L3P E4
G30 FF 61052 035400  780 534 1938     -849963   -122         -37     +1   32  50  101  -10   20   -2   20   -2  27  0  0 L3P DD
G05 FF 61052 041000  780 374 3051    +2271282    +20         -34    +13   24  33  133  -21   21  -18   21  -18  20  0  0 L3P FA
G07 FF 61052 041000  780 719 1038    +1340767    +60         -75     +8   15  33   85   +1   35  -10   35  -10  11  0  0 L3P DF
G09 FF 61052 041000  780 356  881    -7701547    +27         -16    +32   23  22  138  +23   17  -22   17  -22  20  0  0 L3P 09
G11 FF 61052 041000  780 317 2389    +4772452   -164         -40    -31   32   4  153  +25   27  +29   27   29  24  0  0 L3P 18
G13 FF 61052 041000  780 151 2649    -6898848     -7         -45    -18   38  14  308 -124   20   +4   20    4  32  0  0 L3P FF
G16 FF 61052 041000  780 107  286    -1861325   -122         -55    -46   34  23  421 +142   38  +62   38   62  24  0  0 L3P 26
G21 FF 61052 041000  780 660 2795    -3784516    -63         -65    +18   19 171   88   -4   29   -6   29   -6  12  0  0 L3P 0E
G30 FF 61052 041000  780 611 1919     -850081   -129         -37     -7   18  51   92   -7   17   +6   17    6  12  0  0 L3P C2
G05 FF 61052 042600  780 439 3019    +2271298    +33         -25    +26   27  33  117  -14   16  -21   16  -21  24  0  0 L3P 1D
G07 FF 61052 042600  780 686  850    +1340832   +105         -60    +53   11  33   87   +3   28  -30   28  -30   8  0  0 L3P EB
G09 FF 61052 042600  780 292  921    -7701561    -22         -24    -16   34  22  165  +34   31  +13   31   13  26  0  0 L3P F9
G11 FF 61052 042600  780 260 2334    +4772318   -216         -47    -83   30   4  184  +40   35  +81   35   81  20  0  0 L3P 14
G13 FF 61052 042600  780 213 2689    -6898842    -20         -49    -30   32  14  222  -64   17  +21   17   21  24  0  0 L3P 1F
G21 FF 61052 042600  780 699 2621    -3784601    -76         -72     +5   19 171   86   -1   34   -1   34   -1  13  0  0 L3P E8
G30 FF 61052 042600  780 685 1872     -850209   -136         -46    -13   17  51   87   -5   21   +5   21    5  11  0  0 L3P D3
G05 FF 61052 044200  780 500 2964    +2271290     -3         -39    -10   26  33  105   -9   27   +0   27    0  19  0  0 L3P C2
G07 FF 61052 044200  780 634  738    +1340878    +79         -65    +27   18  33   90   +5   35  -12   35  -12  13  0  0 L3P FC
G09 FF 61052 044200  780 229  960    -7701570     -9         -28     -4   31  22  206  +54   35  +10   35   10  23  0  0 L3P DA
G11 FF 61052 044200  780 199 2288    +4772201    -37         -36    +96   44   4  235  +70   37  -63   37  -63  31  0  0 L3P 27
G13 FF 61052 044200  780 276 2728    -6898825    -23         -42    -33   27  14  174  -39   10  +23   10   23  22  0  0 L3P 20
G14 FF 61052 044200  780 149 1606    -7282380    -62         -37    -38   38 165  312 -136   49  +36   49   36  28  0  0 L3P 5D
G21 FF 61052 044200  780 705 2393    -3784680    -88         -74     -7   18 171   86   +1   36   +8   36    8  11  0  0 L3P EE
G30 FF 61052 044200  780 752 1757     -850322   -128         -41     -5   17  51   84   -2   16   +0   16    0  11  0  0 L3P AF
G05 FF 61052 045800  780 552 2877    +2271301    +27         -35    +20   23  33   98   -6   23  -17   23  -17  19  0  0 L3P 07
G07 FF 61052 045800  780 572  679    +1340943    +66         -49    +13   26  33   96   +7   25  -16   25  -16  19  0  0 L3P 0D
G09 FF 61052 045800  780 168  999    -7701580    -50         -32    -44   35  22  277  +98   52  +56   52   56  28  0  0 L3P 36
G11 FF 61052 045800  780 139 2248    +4772095   -177         -14    -44   49   4  332 +143   25  +46   25   46  37  0  0 L3P 42
G13 FF 61052 045800  780 341 2768    -6898830    -71         -56    -81   31  14  144  -26   17  +48   17   48  24  0  0 L3P 3D
G14 FF 61052 045800  780 216 1582    -7282428   -136         -63   -112   46 165  220  -67   59  +71   59   71  34  0  0 L3P 6C
G21 FF 61052 045800  780 674 2191    -3784733   -123         -50    -42   18 171   87   +3   19  +33   19   33  14  0  0 L3P 28
G30 FF 61052 045800  780 798 1474     -850441   -146         -42    -23   13  51   82   -1   16  +17   16   17   9  0  0 L3P EF
G05 FF 61052 052600  780 599 2642    +2271315    +16         -32    +10   20  33   93   -1   20  -18   20  -18  15  0  0 L3P EE
G07 FF 61052 052600  780 457  646    +1341043    +43         -38     -9   16  33  113  +13   18   +4   18    4  13  0  0 L3P C8
G13 FF 61052 052600  780 461 2835    -6898815    +27         -59    +17   25  14  112  -14   15  -19   15  -19  20  0  0 L3P 37
G14 FF 61052 052600  780 334 1530    -7282446    -25         -41     -1   30 165  147  -27   31  -16   31  -16  22  0  0 L3P 1B
G15 FF 61052 052600  780 165 2920    -3758673    -35         -29     +0   30  17  283 -109   14   +6   14    6  28  0  0 L3P 01
G18 FF 61052 052600  780 126 3295    +4531597   -197         -15    -99   42 209  365  -60   31  +74   31   74  28  0  0 L3P 63
G21 FF 61052 052600  780 569 1994    -3784855    -95         -36    -14   18 171   96   +8   16  +15   16   15  12  0  0 L3P 2E
G22 FF 61052 052600  780 197 1640     +597405     -2         -37    +40   28  59  239  -85   40  -48   40  -48  25  0  0 L3P 1B
G30 FF 61052 052600  780 755  870     -850644   -109         -39    +14   15  51   83   +2   17   -3   17   -3  10  0  0 L3P CC
G05 FF 61052 054200  780 590 2489    +2271310     -3         -44    -10   24  33   94   +2   30  +19   30   19  16  0  0 L3P D4
G07 FF 61052 054200  780 391  649    +1341083    +69         -47    +17   23  33  128  +18   24   -5   24   -5  20  0  0 L3P F1
G08 FF 61052 054200  780 105  496    -5052057    +49         -46     +7   42  19  430  -58   42  +12   42   12  31  0  0 L3P F3
G13 FF 61052 054200  780 532 2872    -6898807    -13         -61    -23   22  14  101  -10   14  +28   14   28  15  0  0 L3P 15
G14 FF 61052 054200  780 402 1489    -7282463    -27         -34     -3   23 165  125  -18   25   +4   25    4  18  0  0 L3P FB
G15 FF 61052 054200  780 230 2941    -3758719    -49         -41    -13   32  17  207  -58   26  +11   26   11  22  0  0 L3P 1A
G18 FF 61052 054200  780 141 3233    +4531511    -48          -7    +49   41 209  326  -24   18  -48   18  -48  29  0  0 L3P 35
G21 FF 61052 054200  780 496 1940    -3784928    -70         -31    +11   33 171  106  +12   11   -9   11   -9  30  0  0 L3P 0D
G22 FF 61052 054200  780 269 1617     +597347    -35         -55     +7   29  59  179  -46   48   -5   48   -5  23  0  0 L3P 0C
G30 FF 61052 054200  780 691  759     -850770   -124         -47     -1   16  51   86   +4   19  +10   19   10  11  0  0 L3P D1
G05 FF 61052 055800  780 556 2355    +2271316    +13         -45     +6   23  33   98   +5   32   -3   32   -3  18  0  0 L3P CB
G07 FF 61052 055800  780 327  661    +1341156    +76         -25    +24   28  33  149  +27   14   -9   14   -9  21  0  0 L3P F9
G08 FF 61052 055800  780 114  430    -5052009    +34         -38     -8   55  19  397  -14   42   +7   42    7  39  0  0 L3P E1
G13 FF 61052 055800  780 605 2906    -6898795    +58         -59    +48   16  14   93   -7   13  -35   13  -35  11  0  0 L3P 2C
G14 FF 61052 055800  780 466 1433    -7282485     -2         -34    +22   24 165  111  -12   24  -18   24  -18  20  0  0 L3P 23
G15 FF 61052 055800  780 298 2956    -3758751    -48         -40    -12   32  17  163  -35   22  +19   22   19  25  0  0 L3P 35
G18 FF 61052 055800  780 146 3167    +4531391   -125         -34    -27   31 209  315   +2   38  +11   38   11  23  0  0 L3P 29
G21 FF 61052 055800  780 421 1907    -3785002    -64         -28    +16   32 171  120  +18   15   -8   15   -8  26  0  0 L3P 15
G22 FF 61052 055800  780 341 1589     +597306    +13         -55    +55   16  59  144  -28   43  -46   43  -46  13  0  0 L3P 2D
G30 FF 61052 055800  780 622  721     -850898   -122         -57     +0   18  51   91   +6   28   +1   28    1  12  0  0 L3P AF
G05 FF 61052 061400  780 505 2254    +2271327    +21         -40    +15   30  35  105   +9   27   -8   27   -8  23  0  0 L3P DF
G07 FF 61052 061400  780 263  680    +1341198    +57         -33     +5   29  33  181  +41   26   +9   26    9  23  0  0 L3P D7
G08 FF 61052 061400  780 113  365    -5051970    +41         -45     -2   50  23  401  +23   46   -6   46   -6  38  0  0 L3P D6
G13 FF 61052 061400  780 680 2934    -6898781    +54         -55    +44   17  32   87   -5   10  -23   10  -23  11  0  0 L3P 0E
G14 FF 61052 061400  780 524 1356    -7282535    -54         -60    -30   27 166  102   -8   35  +16   35   16  21  0  0 L3P 19
G15 FF 61052 061400  780 367 2964    -3758774    +15         -26    +50   24  19  135  -23   16  -33   16  -33  20  0  0 L3P 32
G18 FF 61052 061400  780 139 3100    +4531309   -118         -27    -21   38 210  329  +28   30  +17   30   17  30  0  0 L3P 2A
G21 FF 61052 061400  780 346 1885    -3785097    -43         -45    +37   30 172  142  +28   41   -5   41   -5  23  0  0 L3P 1F
G22 FF 61052 061400  780 414 1552     +597264    -35         -53     +7   21  69  122  -18   41   -9   41   -9  14  0  0 L3P E4
G30 FF 61052 061400  780 552  715     -851014   -161         -55    -38   22 104   98   +9   29  +39   29   39  15  0  0 L3P 07
G05 FF 61052 063000  780 442 2181    +2271332     -4         -41    -11   20  35  116  +14   34  +22   34   22  15  0  0 L3P DD
G07 FF 61052 063000  780 201  703    +1341250    +75         -31    +23   42  33  233  +70   42  +10   42   10  34  0  0 L3P D5
G08 FF 61052 063000  780 101  302    -5051926    +60         -41    +17   44  23  445  +72   48   -1   48   -1  31  0  0 L3P DC
G13 FF 61052 063000  780 756 2948    -6898757    -47         -41    -57   21  32   83   -3    1  +43    1   43  15  0  0 L3P EB
G14 FF 61052 063000  780 570 1251    -7282540    -14         -42    +10   19 166   96   -4   25   -3   25   -3  16  0  0 L3P E8
G15 FF 61052 063000  780 438 2960    -3758817    -60         -36    -25   15  19  117  -16   23  +14   23   14  12  0  0 L3P 1E
G18 FF 61052 063000  780 122 3034    +4531230    -48         -12    +50   27 210  372  +65   19  -33   19  -33  21  0  0 L3P 21
G21 FF 61052 063000  780 271 1869    -3785154    -70         -24    +11   34 172  176  +45   40   +3   40    3  27  0  0 L3P 04
G22 FF 61052 063000  780 483 1500     +597223     -6         -53    +36   20  69  108  -12   40  -34   40  -34  16  0  0 L3P F5
G23 FF 61052 063000  780 102 3280    -5983318    -14         -11    +36   43 202  452 -247   28  -20   28  -20  33  0  0 L3P 3C
G30 FF 61052 063000  780 482  724     -851130   -150         -53    -27   18 104  108  +12   35  +23   35   23  13  0  0 L3P 01
G05 FF 61052 064600  780 374 2129    +2271336    +14         -43     +7   26  35  133  +22   47   +7   47    7  21  0  0 L3P E1
G07 FF 61052 064600  780 140  730    +1341276    +60         -56     +8   60  33  328 +138   94  +37   94   37  43  0  0 L3P 14
G13 FF 61052 064600  780 833 2904    -6898752    +30         -46    +20   13  32   81   -1    6   -7    6   -7  10  0  0 L3P C1
G14 FF 61052 064600  780 597 1116    -7282573    -21         -53     +3   21 166   94   -2   39  +11   39   11  16  0  0 L3P FE
G15 FF 61052 064600  780 510 2940    -3758856    -50         -41    -15   19  19  104  -11   25   +9   25    9  15  0  0 L3P 01
G21 FF 61052 064600  780 199 1856    -3785225    -41         -17    +40   31 172  235  +82   56   +3   56    3  23  0  0 L3P 15
G22 FF 61052 064600  780 547 1425     +597186     -5         -50    +37   18  69   99   -8   41  -14   41  -14  13  0  0 L3P F8
G23 FF 61052 064600  780 156 3250    -5983383    -44         -29     +6   35 202  298 -100   29  -24   29  -24  27  0  0 L3P 4E
G24 FF 61052 064600  780 117 2586    +1661753   -175         -40    -26   43   3  394 -204   37  +20   37   20  38  0  0 L3P 36
G30 FF 61052 064600  780 415  743     -851238   -106         -44    +16   24 104  122  +17   34   -3   34   -3  17  0  0 L3P F6
G05 FF 61052 070200  780 304 2090    +2271349    +22         -37    +15   36  35  159  +34   58   -4   58   -4  29  0  0 L3P 06
G13 FF 61052 070200  780 877 1775    -6898742    +26         -46    +16   14  32   81   +0   11   +1   11    1  10  0  0 L3P CB
G14 FF 61052 070200  780 601  967    -7282578     +7         -35    +31   18 166   93   +1   34  -11   34  -11  13  0  0 L3P F2
G15 FF 61052 070200  780 579 2894    -3758897    -85         -48    -49   17  19   95   -7   33  +51   33   51  12  0  0 L3P 2D
G21 FF 61052 070200  780 129 1845    -3785318     -4         -33    +77   47 172  356 +185  112   +0  112    0  37  0  0 L3P 2F
G22 FF 61052 070200  780 600 1317     +597140    -50         -56     -8   22  69   93   -4   47  +11   47   11  17  0  0 L3P CF
G23 FF 61052 070200  780 207 3210    -5983413   -121         -10    -71   38 202  228  -52   10  +47   10   47  30  0  0 L3P 23
G24 FF 61052 070200  780 179 2621    +1661637   -178         -14    -29   27   3  262  -91   11  +22   11   22  21  0  0 L3P 11
G30 FF 61052 070200  780 348  767     -851364   -116         -51     +6   24 104  141  +24   51   +7   51    7  20  0  0 L3P D8
G05 FF 61052 071800  780 234 2059    +2271365    +44         -28    +37   35  35  202  +58   75   +4   75    4  29  0  0 L3P 03
G13 FF 61052 071800  780 803 1428    -6898746    -23         -60    -33   16  32   82   +2   24  +27   24   27  10  0  0 L3P FF
G14 FF 61052 071800  780 580  831    -7282590    -30         -23     -6   20 166   95   +3   32   +1   32    1  15  0  0 L3P B8
G15 FF 61052 071800  780 641 2803    -3758933    -22         -50    +13   13  19   90   -4   38   -9   38   -9   8  0  0 L3P E4
G17 FF 61052 071800  780 143 1207     +300472   +143         -39    +26   51  38  324 -127  153  -49  153  -49  36  0  0 L3P 63
G22 FF 61052 071800  780 633 1169     +597113    -10         -42    +32   24  69   90   -2   42  -29   42  -29  18  0  0 L3P F8
G23 FF 61052 071800  780 250 3159    -5983473    -28         -22    +22   35 202  190  -29   16  -13   16  -13  27  0  0 L3P 3F
G24 FF 61052 071800  780 243 2656    +1661465   -150         -43     -1   46   3  196  -51   43   +4   43    4  35  0  0 L3P E7
G30 FF 61052 071800  780 284  795     -851480   -155         -50    -32   29 104  169  +36   67  +44   67   44  26  0  0 L3P 39
G05 FF 61052 073400  780 165 2034    +2271383     -5         -16    -12   41  35  281 +113  107  +60  107   60  33  0  0 L3P 27
G13 FF 61052 073400  780 723 1415    -6898730    -52         -54    -63   18  32   85   +4   23  +54   23   54  14  0  0 L3P 04
G14 FF 61052 073400  780 539  726    -7282616     -6         -27    +18   26 166  100   +6   39  -18   39  -18  17  0  0 L3P 1F
G15 FF 61052 073400  780 687 2644    -3758969    -16         -52    +19   18  19   87   -2   43   -2   43   -2  13  0  0 L3P 02
G17 FF 61052 073400  780 199 1158     +300583   +118         -41     +1   37  38  237  -64  132  -15  132  -15  32  0  0 L3P 37
G22 FF 61052 073400  780 639  998     +597078    -46         -37     -4   20  69   90   +1   36  +15   36   15  13  0  0 L3P DE
G23 FF 61052 073400  780 285 3095    -5983524    -64         -25    -14   31 202  169  -16   26  +17   26   17  23  0  0 L3P 3C
G24 FF 61052 073400  780 309 2692    +1661343   -167         -21    -19   35   3  158  -32   25  +22   25   22  27  0  0 L3P 1C
G30 FF 61052 073400  780 221  826     -851602   -107         -53    +16   32 104  213  +58   94  +21   94   21  23  0  0 L3P 0C
G13 FF 61052 075000  780 643 1429    -6898739     +5         -72     -5   26  32   90   +6   42  +13   42   13  19  0  0 L3P E3
G14 FF 61052 075000  780 485  654    -7282649    -17         -37     +7   21 166  108  +10   47  -14   47  -14  14  0  0 L3P 25
G15 FF 61052 075000  780 701 2422    -3759002    -30         -51     +6   20  19   86   +0   47   -2   47   -2  14  0  0 L3P BC
G17 FF 61052 075000  780 251 1103     +300715   +128         -22    +11   23  38  190  -37  100  -27  100  -27  17  0  0 L3P 26
G19 FF 61052 075000  780 144 1328    -6851729    -42         -20    -24   41  54  322 -131  181  -30  181  -30  30  0  0 L3P 52
G22 FF 61052 075000  780 617  843     +597018     -8         -56    +34   20  69   92   +3   55  -19   55  -19  15  0  0 L3P E6
G23 FF 61052 075000  780 307 3021    -5983573    -72         -26    -22   31 202  158   -8   32  +29   32   29  25  0  0 L3P 1E
G24 FF 61052 075000  780 376 2727    +1661184   -135         -37    +14   26   3  132  -21   45   +1   45    1  21  0  0 L3P E9
G30 FF 61052 075000  780 160  859     -851703   -154         -37    -32   42 104  289 +107  120  +79  120   79  33  0  0 L3P 58
G10 FF 61052 080600  780 132 3313    +5819183    +78         -36    +49   53  76  351 -111   46  -18   46  -18  41  0  0 L3P 47
G13 FF 61052 080600  780 564 1450    -6898739    +41         -46    +30   26   5   97   +9   61  -14   61  -14  18  0  0 L3P 0A
G14 FF 61052 080600  780 425  610    -7282656    -38         -16    -15   29 167  119  +15   46  +13   46   13  20  0  0 L3P 22
G15 FF 61052 080600  780 677 2208    -3759026    -52         -44    -16   20  51   87   +3   41  +11   41   11  16  0  0 L3P F2
G17 FF 61052 080600  780 298 1039     +300804   +134         -38    +16   32  41  162  -22  100  -17  100  -17  25  0  0 L3P 33
G19 FF 61052 080600  780 203 1288    -6851724    -47           2    -28   36  55  232  -66  126  -13  126  -13  27  0  0 L3P 3E
G22 FF 61052 080600  780 574  728     +596984    -31         -51    +11   20  70   96   +6   53   -1   53   -1  15  0  0 L3P C2
G23 FF 61052 080600  780 316 2940    -5983625    -60         -32    -10   39 203  154   -1   32   -3   32   -3  28  0  0 L3P FE
G24 FF 61052 080600  780 446 2761    +1661032   -150         -47     -1   26   3  115  -15   50  +11   50   11  20  0  0 L3P E8
G10 FF 61052 082200  780 170 3262    +5819213    +64         -33    +36   33  76  275  -55   47  -31   47  -31  25  0  0 L3P 2C
G12 FF 61052 082200  780 157 2163    +6064441    -57         -22    -61   44  70  298 -129  114  +26  114   26  35  0  0 L3P 53
G13 FF 61052 082200  780 485 1472    -6898733     +5         -49     -5   23   5  108  +13   71  +20   71   20  19  0  0 L3P EE
G14 FF 61052 082200  780 360  585    -7282691    -50         -29    -27   27 167  137  +22   60  +34   60   34  20  0  0 L3P 23
G15 FF 61052 082200  780 625 2060    -3759067    -45         -51     -9   21  51   91   +5   54   +1   54    1  15  0  0 L3P BF
G17 FF 61052 082200  780 337  965     +300930   +137         -24    +20   30  41  145  -13   79  -36   79  -36  23  0  0 L3P 18
G19 FF 61052 082200  780 261 1242    -6851781    -28         -38    -10   38  55  184  -38  131  -17  131  -17  27  0  0 L3P 5C
G22 FF 61052 082200  780 519  655     +596939    -70         -54    -28   21  70  103   +9   59  +23   59   23  16  0  0 L3P FD
G23 FF 61052 082200  780 310 2856    -5983684     -9         -42    +41   30 203  156   +6   53  -16   53  -16  23  0  0 L3P 1C
G24 FF 61052 082200  780 518 2793    +1660893   -199         -42    -50   19   3  103  -11   45  +43   45   43  15  0  0 L3P 26
G10 FF 61052 083800  780 199 3203    +5819243    +30         -30     +2   30  76  236  -28   47  +10   47   10  23  0  0 L3P FE
G12 FF 61052 083800  780 226 2185    +6064430    -11         -38    -16   36  70  211  -64  107   -9  107   -9  26  0  0 L3P 2B
G13 FF 61052 083800  780 409 1493    -6898728    +32         -54    +22   26   5  123  +19   91   +5   91    5  20  0  0 L3P F9
G14 FF 61052 083800  780 295  575    -7282718     +0         -32    +24   38 167  163  +34   76   +1   76    1  28  0  0 L3P FC
G15 FF 61052 083800  780 559 1972    -3759093    -30         -43     +5   25  51   97   +8   58  +22   58   22  18  0  0 L3P 09
G17 FF 61052 083800  780 364  883     +301029   +149         -37    +32   21  41  136   -7   80  -37   80  -37  19  0  0 L3P 12
G19 FF 61052 083800  780 316 1187    -6851787    +13         -27    +31   25  55  154  -24  101  -29  101  -29  19  0  0 L3P 5E
G22 FF 61052 083800  780 457  612     +596901    -32         -52    +10   21  70  113  +13   67   +6   67    6  16  0  0 L3P D0
G23 FF 61052 083800  780 289 2775    -5983728    -47         -38     +3   29 203  166  +14   56   +3   56    3  23  0  0 L3P 1D
G24 FF 61052 083800  780 592 2821    +1660753   -154         -40     -5   20   3   94   -8   49  +11   49   11  15  0  0 L3P EC
G10 FF 61052 085400  780 217 3137    +5819241    +54         -60    +26   34  76  217  -12   78  -11   78  -11  27  0  0 L3P 2F
G12 FF 61052 085400  780 296 2210    +6064416     -4         -56     -9   32  70  164  -37  106   +5  106    5  25  0  0 L3P F6
G13 FF 61052 085400  780 334 1514    -6898708    +61         -44    +50   22   5  146  +30  102  -16  102  -16  15  0  0 L3P 31
G14 FF 61052 085400  780 230  575    -7282752     -6         -44    +18   45 167  205  +56  108  +12  108   12  32  0  0 L3P 31
G15 FF 61052 085400  780 486 1919    -3759137    -13         -53    +23   32  51  108  +13   78  -15   78  -15  27  0  0 L3P 42
G17 FF 61052 085400  780 378  794     +301115   +102         -64    -15   26  41  132   -2   96   +4   96    4  22  0  0 L3P D3
G19 FF 61052 085400  780 365 1121    -6851811     +2         -33    +20   22  55  136  -15   96  -18   96  -18  15  0  0 L3P 20
G22 FF 61052 085400  780 393  590     +596865    -25         -48    +17   37  70  127  +18   71  -15   71  -15  26  0  0 L3P 20
G23 FF 61052 085400  780 257 2701    -5983781   -111         -44    -61   37 203  185  +26   72  +62   72   62  27  0  0 L3P 52
G24 FF 61052 085400  780 668 2840    +1660617   -128         -33    +21   16   3   88   -5   49  -10   49  -10  11  0  0 L3P 0B
G10 FF 61052 091000  780 223 3066    +5819274   +100         -54    +72   29  76  211   +0   85  -44   85  -44  20  0  0 L3P 22
G12 FF 61052 091000  780 368 2238    +6064422     -3         -55     -8   25  70  135  -24   96   +0   96    0  18  0  0 L3P D7
G13 FF 61052 091000  780 260 1532    -6898698    +12         -44     +2   26   5  183  +48  133  +53  133   53  22  0  0 L3P 20
G14 FF 61052 091000  780 166  583    -7282722    +25           9    +49   50 167  279 +105   95  +30   95   30  39  0  0 L3P 28
G15 FF 61052 091000  780 411 1886    -3759165    -64         -47    -29   26  51  123  +19   89  +32   89   32  22  0  0 L3P 38
G17 FF 61052 091000  780 375  706     +301236    +70         -55    -47   21  41  132   +3   92  +41   92   41  17  0  0 L3P D7
G19 FF 61052 091000  780 405 1041    -6851824     +3         -28    +21   28  55  124   -9   85  -10   85  -10  22  0  0 L3P FF
G22 FF 61052 091000  780 328  584     +596818    -56         -55    -14   29  70  149  +27   88  +33   88   33  22  0  0 L3P 1B
G23 FF 61052 091000  780 216 2635    -5983814    +37         -29    +87   41 203  218  +44   80  -45   80  -45  31  0  0 L3P 49
G24 FF 61052 091000  780 745 2840    +1660481   -170         -26    -21   17   3   84   -3   49  +19   49   19  12  0  0 L3P FF
G10 FF 61052 092600  780 217 2993    +5819303    +19         -53    -10   45  76  217  +12   88  +17   88   17  36  0  0 L3P 34
G12 FF 61052 092600  780 442 2269    +6064434    +28         -47    +24   27  70  116  -16   85  -13   85  -13  20  0  0 L3P 2E
G13 FF 61052 092600  780 189 1549    -6898697    +59         -53    +49   36   5  247  +89  172   +7  172    7  26  0  0 L3P 4D
G15 FF 61052 092600  780 337 1865    -3759195    -28         -43     +7   37  51  145  +29  115  +16  115   16  30  0  0 L3P 42
G17 FF 61052 092600  780 358  623     +301351   +146         -53    +29   30  41  138   +8  100  -21  100  -21  22  0  0 L3P 09
G19 FF 61052 092600  780 432  949    -6851851    -10         -38     +8   24  55  118   -5   92   +3   92    3  17  0  0 L3P DC
G22 FF 61052 092600  780 264  587     +596782    -61         -51    -19   36  70  181  +41  105  +21  105   21  27  0  0 L3P 22
G23 FF 61052 092600  780 168 2576    -5983867    -62         -34    -12   31 203  277  +82  108  +41  108   41  24  0  0 L3P 67
G24 FF 61052 092600  780 821 2763    +1660328   -168         -36    -19   17   3   82   -2   62  +19   62   19  11  0  0 L3P 06
G10 FF 61052 094200  780 198 2922    +5819355    -38         -27    -67   41  76  236  +28   82  +61   82   61  34  0  0 L3P 3D
G12 FF 61052 094200  780 517 2302    +6064429    -25         -56    -30   30  70  103  -11   90  +18   90   18  24  0  0 L3P 0D
G13 FF 61052 094200  780 121 1562    -6898666   +118         -31   +108   42   5  380 +209  212  -13  212  -13  31  0  0 L3P 68
G15 FF 61052 094200  780 264 1849    -3759226    +24         -41    +60   32  51  181  +47  145   -9  145   -9  24  0  0 L3P 3A
G17 FF 61052 094200  780 328  552     +301477   +158         -39    +41   27  41  149  +15  100   -2  100   -2  20  0  0 L3P 01
G19 FF 61052 094200  780 443  849    -6851867     -6         -37    +12   24  55  116   -1   92  -10   92  -10  18  0  0 L3P 07
G22 FF 61052 094200  780 201  599     +596747    -59         -44    -17   38  70  233  +70  131  +56  131   56  34  0  0 L3P 30
G23 FF 61052 094200  780 115 2524    -5983930    -49         -48     +1   43 203  395 +178  167  +57  167   57  32  0  0 L3P 74
G24 FF 61052 094200  780 869 1994    +1660179   -107         -42    +42   17   3   81   +0   72  -25   72  -25  11  0  0 L3P 0F
G25 FF 61052 094200  780 134 2404    -4504713   +103          -6    +79   54  44  347 -163  153  -45  153  -45  38  0  0 L3P 68
G32 FF 61052 094200  780 154 3195    +1666568    -35         -40   +134   30  48  304 -115   91  -95   91  -95  21  0  0 L3P 60
G10 FF 61052 095800  780 169 2855    +5819360     -2         -50    -30   54  76  274  +53  113  +37  113   37  38  0  0 L3P 40
G12 FF 61052 095800  780 594 2339    +6064438    +73         -52    +69   26  70   94   -8   83  -59   83  -59  19  0  0 L3P 3F
G15 FF 61052 095800  780 193 1837    -3759270    -47         -50    -12   39  51  243  +85  193  +64  193   64  32  0  0 L3P 64
G17 FF 61052 095800  780 287  494     +301578   +117         -51     +0   26  41  167  +25  120  +19  120   19  19  0  0 L3P 20
G19 FF 61052 095800  780 436  749    -6851886    -23         -38     -5   28  55  117   +3   96   +5   96    5  23  0  0 L3P F6
G22 FF 61052 095800  780 140  616     +596701    -88         -50    -46   54  70  328 +138  164  +72  164   72  44  0  0 L3P 47
G24 FF 61052 095800  780 807 1453    +1660041   -205         -37    -56   22   3   82   +2   75  +39   75   39  15  0  0 L3P 06
G25 FF 61052 095800  780 198 2437    -4504696    -11         -12    -34   41  44  238  -77  127   -3  127   -3  30  0  0 L3P 3C
G32 FF 61052 095800  780 210 3171    +1666408    -74         -38    +95   39  48  225  -58   85  -53   85  -53  27  0  0 L3P 54
G10 FF 61052 101400  780 132 2793    +5819377    -63         -60    -91   40  77  346 +105  142  +79  142   79  30  0  0 L3P 60
G12 FF 61052 101400  780 671 2380    +6064443     -5         -51     -9   14  82   88   -5   83   +9   83    9  10  0  0 L3P B9
G15 FF 61052 101400  780 125 1826    -3759307     +1         -56    +37   33  52  367 +191  229   +0  229    0  27  0  0 L3P 1D
G17 FF 61052 101400  780 239  450     +301703    +54         -38    -63   35  55  198  +41  118  +61  118   61  27  0  0 L3P 19
G19 FF 61052 101400  780 413  658    -6851909    -70         -44    -52   34  56  122   +8  101  +26  101   26  24  0  0 L3P 19
G24 FF 61052 101400  780 729 1397    +1659910   -203         -21    -54   21   4   84   +4   73  +43   73   43  13  0  0 L3P F6
G25 FF 61052 101400  780 264 2472    -4504705     +6         -39    -18   30  49  182  -44  129  -22  129  -22  21  0  0 L3P 3A
G32 FF 61052 101400  780 264 3136    +1666251   -210         -32    -40   39  49  182  -34   78  +27   78   27  30  0  0 L3P 32
G06 FF 61052 103000  780 150  907    +6015782    +49         -28     +9   60  43  310  -93  194  -56  194  -56  43  0  0 L3P 37
G12 FF 61052 103000  780 748 2429    +6064471    +19         -28    +14   16  82   84   -3   65   -4   65   -4  11  0  0 L3P E4
G17 FF 61052 103000  780 186  418     +301820   +116         -33     -1   33  55  251  +73  127  +29  127   29  26  0  0 L3P 0E
G19 FF 61052 103000  780 374  584    -6851926     -7         -43    +11   34  56  133  +14  103   -8  103   -8  26  0  0 L3P 06
G24 FF 61052 103000  780 651 1396    +1659747   -133         -42    +16   21   4   89   +6   91   -6   91   -6  15  0  0 L3P EC
G25 FF 61052 103000  780 331 2510    -4504668    -27         -26    -51   29  49  148  -28  104  +33  104   33  24  0  0 L3P 38
G32 FF 61052 103000  780 312 3087    +1666077   -156         -43    +13   34  49  156  -21   88   -5   88   -5  26  0  0 L3P 24
G06 FF 61052 104600  780 192  846    +6015817     +8         -31    -32   35  43  245  -49  170   -1  170   -1  28  0  0 L3P 05
G12 FF 61052 104600  780 826 2509    +6064470     -1         -33     -5   18  82   82   -1   68   +3   68    3  13  0  0 L3P B2
G17 FF 61052 104600  780 129  397     +301927   +154         -38    +37   38  55  355 +154  150   +5  150    5  31  0  0 L3P 20
G19 FF 61052 104600  780 326  526    -6851942     +2         -42    +20   25  56  149  +22  110   +4  110    4  19  0  0 L3P E9
G24 FF 61052 104600  780 572 1409    +1659601    -99         -44    +50   17   4   96   +9  101  -22  101  -22  12  0  0 L3P 0F
G25 FF 61052 104600  780 399 2550    -4504669    +13         -49    -11   32  49  126  -19  112   -7  112   -7  25  0  0 L3P 32
G32 FF 61052 104600  780 351 3023    +1665921   -168         -36     +2   26  49  140  -12   88   -3   88   -3  19  0  0 L3P 0C
G06 FF 61052 110200  780 226  779    +6015858     +7         -29    -33   32  43  210  -27  148   -2  148   -2  25  0  0 L3P 07
G11 FF 61052 110200  780 119 1199    +4769176   -100         -27    +33   55   8  388 -180  236  -71  236  -71  46  0  0 L3P 71
G12 FF 61052 110200  780 888 3569    +6064468    -16         -40    -21   20  82   81   +0   70  +16   70   16  14  0  0 L3P F3
G19 FF 61052 110200  780 270  485    -6851973     +1         -56    +19   22  56  177  +36  130   +4  130    4  18  0  0 L3P FA
G24 FF 61052 110200  780 496 1427    +1659463    -89         -40    +60   22   4  106  +12  105  -37  105  -37  17  0  0 L3P 36
G25 FF 61052 110200  780 469 2592    -4504631    +52         -35    +28   34  49  111  -13   91  -35   91  -35  22  0  0 L3P 29
G32 FF 61052 110200  780 378 2946    +1665758   -112         -37    +57   27  49  132   -6   91  -43   91  -43  22  0  0 L3P 3E
G06 FF 61052 111800  780 250  706    +6015890    +13         -35    -27   38  43  191  -14  141   +8  141    8  27  0  0 L3P 05
G11 FF 61052 111800  780 174 1152    +4769060   -159         -16    -25   28   8  269  -83  192  -18  192  -18  22  0  0 L3P 63
G12 FF 61052 111800  780 818  625    +6064489    +39         -23    +34   19  82   82   +2   61  -20   61  -20  13  0  0 L3P F1
G19 FF 61052 111800  780 210  457    -6851973    +29         -39    +47   49  56  223  +63  130  -17  130  -17  38  0  0 L3P 50
G24 FF 61052 111800  780 420 1447    +1659322   -102         -38    +47   29   4  120  +18  115  -17  115  -17  24  0  0 L3P 3F
G25 FF 61052 111800  780 540 2637    -4504600    +52         -26    +28   30  49  100   -9   79  -27   79  -27  21  0  0 L3P 1E
G28 FF 61052 111800  780 137 3050    +6122803    -68          -8    -17   32  37  341 -157  114   +0  114    0  24  0  0 L3P 0B
G29 FF 61052 111800  780 168 2000    +3942850    -58           3     +6   30  68  279 -116  199  -39  199  -39  22  0  0 L3P 52
G32 FF 61052 111800  780 391 2858    +1665596   -191         -36    -22   26  49  128   -2   96  +41   96   41  18  0  0 L3P 3E
G06 FF 61052 113400  780 262  629    +6015920    -14         -43    -54   38  43  182   -4  138  +44  138   44  28  0  0 L3P 22
G11 FF 61052 113400  780 226 1100    +4768921    -39         -27    +94   27   8  209  -46  177 -103  177 -103  20  0  0 L3P 62
G12 FF 61052 113400  780 743  702    +6064475    +43         -41    +38   19  82   84   +3   78  -25   78  -25  13  0  0 L3P FF
G19 FF 61052 113400  780 148  441    -6851963    -57         -11    -38   42  56  312 +130  126  +55  126   55  36  0  0 L3P 4B
G24 FF 61052 113400  780 347 1466    +1659188    -33         -29   +116   27   4  142  +27  128  -58  128  -58  22  0  0 L3P 62
G25 FF 61052 113400  780 613 2686    -4504576    +13         -26    -11   27  49   92   -7   78   +4   78    4  19  0  0 L3P EE
G28 FF 61052 113400  780 200 3058    +6122731    -58         -30     -7   39  37  236  -75  115  -11  115  -11  32  0  0 L3P 2E
G29 FF 61052 113400  780 239 2010    +3942796    +60          10   +124   41  68  199  -59  150 -145  150 -145  32  0  0 L3P 7B
G32 FF 61052 113400  780 388 2766    +1665452   -129         -18    +40   25  49  129   +3   92  -32   92  -32  20  0  0 L3P 35
G06 FF 61052 115000  780 260  552    +6015957   +106         -44    +66   43  43  183   +5  137  -37  137  -37  31  0  0 L3P 3C
G11 FF 61052 115000  780 274 1039    +4768779   -172         -42    -39   29   8  175  -27  153   -6  153   -6  23  0  0 L3P 43
G12 FF 61052 115000  780 669  755    +6064483    +43         -37    +39   20  82   88   +5   79   -8   79   -8  13  0  0 L3P F3
G24 FF 61052 115000  780 275 1484    +1659040    -95         -33    +54   30   4  174  +42  163   -8  163   -8  24  0  0 L3P 19
G25 FF 61052 115000  780 687 2742    -4504564    +51         -37    +27   20  49   87   -5   81  -17   81  -17  14  0  0 L3P 17
G28 FF 61052 115000  780 265 3059    +6122685    -94         -28    -43   29  37  181  -43  103  +17  103   17  20  0  0 L3P 44
G29 FF 61052 115000  780 313 2022    +3942736     -8          11    +56   28  68  156  -35  116  -60  116  -60  21  0  0 L3P 2A
G32 FF 61052 115000  780 369 2676    +1665292   -183         -15    -14   29  49  134   +8   95  +10   95   10  22  0  0 L3P 2A
G06 FF 61052 120600  780 245  479    +6016011    +89         -35    +49   32  44  193  +16  128  -35  128  -35  23  0  0 L3P 41
G11 FF 61052 120600  780 315  969    +4768647   -170         -49    -37   21   9  154  -17  141  +17  141   17  16  0  0 L3P 3F
G12 FF 61052 120600  780 596  802    +6064492    -28         -32    -32   19  89   94   +7   82  +26   82   26  13  0  0 L3P FB
G24 FF 61052 120600  780 206 1501    +1658878   -140         -49     +9   25  60  228  +74  217  +13  217   13  21  0  0 L3P 3C
G25 FF 61052 120600  780 761 2815    -4504539    +20         -35     -4   22  50   83   -3   79   +0   79    0  14  0  0 L3P BF
G28 FF 61052 120600  780 331 3050    +6122622    -97         -42    -46   34  37  148  -27  104  +18  104   18  22  0  0 L3P 37
G29 FF 61052 120600  780 388 2035    +3942666    -56           5     +8   37  69  129  -22  104  -26  104  -26  29  0  0 L3P 34
G32 FF 61052 120600  780 337 2594    +1665108   -168         -37     +1   33  50  145  +15  118   +6  118    6  25  0  0 L3P 1B
G06 FF 61052 122200  780 219  414    +6016021    +50         -64    +10   27  44  215  +31  152   -7  152   -7  20  0  0 L3P F1
G11 FF 61052 122200  780 346  890    +4768533   -105         -35    +28   28   9  142   -9  113  -43  113  -43  21  0  0 L3P 27
G12 FF 61052 122200  780 525  847    +6064476    -18         -53    -22   25  89  102  +10  101  +15  101   15  17  0  0 L3P 1A
G24 FF 61052 122200  780 139 1515    +1658754    -95         -30    +54   35  60  332 +155  245   +2  245    2  27  0  0 L3P 2D
G25 FF 61052 122200  780 834 2965    -4504504     +5         -23    -19   15  50   81   -1   72  +13   72   13  11  0  0 L3P D7
G28 FF 61052 122200  780 395 3027    +6122568   -131         -46    -79   33  37  127  -18  101  +64  101   64  25  0  0 L3P 56
G29 FF 61052 122200  780 465 2048    +3942596    -84          -3    -21   21  69  112  -15  105   +3  105    3  17  0  0 L3P 06
G31 FF 61052 122200  780 101 3119    +1730232    -58         -45    -37   30  68  455 -284  160  +33  160   33  21  0  0 L3P 40
G32 FF 61052 122200  780 294 2523    +1664968   -144         -13    +25   27  50  164  +25  115  -11  115  -11  22  0  0 L3P 4D
G06 FF 61052 123800  780 182  358    +6016075    -37         -47    -77   40  44  256  +57  143  +63  143   63  28  0  0 L3P 43
G11 FF 61052 123800  780 363  804    +4768404   -165         -37    -32   29   9  136   -3  109  +23  109   23  23  0  0 L3P 21
G12 FF 61052 123800  780 456  890    +6064483    +27         -50    +22   24  89  113  +14  101  -16  101  -16  19  0  0 L3P 31
G25 FF 61052 123800  780 873  418    -4504510    -18         -52    -42   18  50   81   +0   88  +30   88   30  13  0  0 L3P E7
G28 FF 61052 123800  780 457 2986    +6122522    -59         -43     -8   26  37  113  -12   91   -4   91   -4  19  0  0 L3P 0A
G29 FF 61052 123800  780 543 2058    +3942524    -62         -15     +2   39  69  100  -10   98  -24   98  -24  27  0  0 L3P 2B
G31 FF 61052 123800  780 166 3118    +1730222     +6         -35    +26   42  68  283 -110  142  -24  142  -24  31  0  0 L3P 38
G32 FF 61052 123800  780 244 2462    +1664792   -175         -27     -5   40  50  195  +41  146  +31  146   31  30  0  0 L3P 3E
G06 FF 61052 125400  780 137  313    +6016118    +94         -43    +54   45  44  336 +116  136  -44  136  -44  32  0  0 L3P 48
G11 FF 61052 125400  780 365  715    +4768261   -134         -52     -1   26   9  136   +2  116   -3  116   -3  19  0  0 L3P EE
G12 FF 61052 125400  780 388  932    +6064484    +42         -54    +37   25  89  129  +19  113  -20  113  -20  18  0  0 L3P 40
G25 FF 61052 125400  780 807  897    -4504469     +0         -34    -24   20  50   82   +2   70   +2   70    2  15  0  0 L3P A9
G28 FF 61052 125400  780 512 2919    +6122463    -83         -53    -32   33  37  104   -8   92  +21   92   21  23  0  0 L3P 0A
G29 FF 61052 125400  780 622 2063    +3942452    -77         -25    -13   25  69   91   -7   97   -3   97   -3  17  0  0 L3P FF
G31 FF 61052 125400  780 230 3107    +1730197    +83         -40   +103   39  68  207  -56  133  -72  133  -72  29  0  0 L3P 5C
G32 FF 61052 125400  780 189 2410    +1664617   -186         -39    -16   47  50  247  +72  177  +39  177   39  35  0  0 L3P 76
G11 FF 61052 131000  780 352  631    +4768146   -170         -40    -37   35   9  140   +7  102  +23  102   23  26  0  0 L3P 01
G12 FF 61052 131000  780 322  973    +6064486    -17         -56    -22   28  89  151  +28  129  +33  129   33  23  0  0 L3P 37
G25 FF 61052 131000  780 733 1001    -4504461    -55         -49    -79   19  50   84   +3   79  +53   79   53  13  0  0 L3P 05
G28 FF 61052 131000  780 556 2821    +6122424    -32         -43    +20   25  37   98   -4   81  -19   81  -19  16  0  0 L3P 08
G29 FF 61052 131000  780 701 2052    +3942400    -61         -16     +2   18  69   86   -4   74   -8   74   -8  14  0  0 L3P D2
G31 FF 61052 131000  780 294 3085    +1730172    -20         -46     +0   37  68  165  -33  115  -23  115  -23  29  0  0 L3P 2C
G32 FF 61052 131000  780 132 2364    +1664452   -188         -42    -18   59  50  349 +150  219  +60  219   60  45  0  0 L3P 68
G11 FF 61052 132600  780 324  556    +4768015   -110         -42    +23   35   9  150  +14  104  -20  104  -20  25  0  0 L3P 18
G12 FF 61052 132600  780 258 1013    +6064494    -85         -53    -90   29  89  185  +43  144  +98  144   98  21  0  0 L3P 61
G25 FF 61052 132600  780 658 1063    -4504433    +41         -43    +17   16  50   88   +5   76  -15   76  -15  10  0  0 L3P 07
G26 FF 61052 132600  780 183 2888    +3101167   +181         -40   +121   34   1  258  -89  164 -122  164 -122  28  0  0 L3P 85
G28 FF 61052 132600  780 581 2693    +6122364    -45         -54     +7   22  37   95   -2   88   -6   88   -6  17  0  0 L3P F1
G29 FF 61052 132600  780 778 1991    +3942316    +19         -39    +83   23  69   83   -2   85  -54   85  -54  14  0  0 L3P 34
G31 FF 61052 132600  780 354 3049    +1730135    -80         -63    -59   20  68  140  -21  115  +39  115   39  14  0  0 L3P 3B
G11 FF 61052 134200  780 285  493    +4767874   -156         -56    -23   30   9  168  +24  117  +41  117   41  20  0  0 L3P 38
G12 FF 61052 134200  780 195 1052    +6064488    +18         -63    +13   32  89  239  +74  179  +31  179   31  26  0  0 L3P 52
G18 FF 61052 134200  780 127 1805    +4528724    -80          -5    +18   49 214  367 -199  226  -52  226  -52  40  0  0 L3P 74
G25 FF 61052 134200  780 585 1113    -4504418    -17         -51    -41   25  50   95   +8   82  +27   82   27  18  0  0 L3P 00
G26 FF 61052 134200  780 247 2909    +3101242    +14         -22    -46   41   1  193  -50  125  +14  125   14  30  0  0 L3P 0F
G28 FF 61052 134200  780 582 2549    +6122311    -66         -58    -14   24  37   95   +1   92  +18   92   18  17  0  0 L3P 0B
G29 FF 61052 134200  780 843 1691    +3942285    -49          -9    +15   14  69   81   -1   60   -7   60   -7  10  0  0 L3P E1
G31 FF 61052 134200  780 409 2994    +1730133    -33         -45    -13   17  68  124  -13   99   +2   99    2  12  0  0 L3P FD
G11 FF 61052 135800  780 238  445    +4767752   -157         -51    -24   32   9  199  +41  119  +32  119   32  25  0  0 L3P 40
G18 FF 61052 135800  780 197 1798    +4528636   -170           1    -72   50 214  240  -86  179  -12  179  -12  38  0  0 L3P 76
G21 FF 61052 135800  780 117  670    -3787353   -111         -38    -30   25 176  392  -99  157   -2  157   -2  20  0  0 L3P 4E
G25 FF 61052 135800  780 512 1157    -4504398    -12         -54    -36   23  50  104  +11   89  +38   89   38  17  0  0 L3P 2E
G26 FF 61052 135800  780 314 2926    +3101285    +43         -38    -18   22   1  155  -31  120   -8  120   -8  16  0  0 L3P 0A
G28 FF 61052 135800  780 558 2413    +6122262    -48         -58     +4   33  37   98   +4   94   +5   94    5  22  0  0 L3P DB
G29 FF 61052 135800  780 833  934    +3942236    -42           3    +22   15  69   81   +1   49  -17   49  -17  10  0  0 L3P E5
G31 FF 61052 135800  780 454 2919    +1730108    -32         -50    -11   28  68  114   -8   95  +11   95   11  22  0  0 L3P 0A
G04 FF 61052 141400  780 110 3287     -377169     +7         -46    +31   46 201  413  -27  155  -14  155  -14  31  0  0 L3P 32
G05 FF 61052 141400  780 148  910    +2271515     +8         -38     +2   48  43  314  -94  156  -51  156  -51  36  0  0 L3P 1B
G11 FF 61052 141400  780 184  408    +4767620   -174         -53    -41   41  10  253  +75  127  +14  127   14  33  0  0 L3P 35
G18 FF 61052 141400  780 270 1792    +4528499   -125         -43    -28   29 215  178  -47  156  -12  156  -12  22  0  0 L3P 89
G21 FF 61052 141400  780 142  607    -3787418    -77         -26     +4   43 176  324  -48  131   -5  131   -5  32  0  0 L3P 1C
G25 FF 61052 141400  780 440 1197    -4504383    -25         -57    -49   24  51  116  +15   99  +48   99   48  18  0  0 L3P 3E
G26 FF 61052 141400  780 382 2935    +3101348    +19         -32    -41   23   1  131  -21   99  +13   99   13  18  0  0 L3P 04
G28 FF 61052 141400  780 514 2304    +6122218    -18         -52    +33   27  37  103   +8   94  -23   94  -23  21  0  0 L3P 0D
G29 FF 61052 141400  780 765  727    +3942139    -96         -30    -32   19  72   83   +3   74  +28   74   28  13  0  0 L3P 03
G31 FF 61052 141400  780 484 2822    +1730100    -40         -32    -20   23  25  108   -4   89   +5   89    5  16  0  0 L3P D8
G04 FF 61052 143000  780 112 3222     -377198    +44         -52    +68   56 201  406  +12  163  -34  163  -34  39  0  0 L3P 46
G05 FF 61052 143000  780 189  850    +2271512     -1         -47     -8   36  43  248  -49  144  -13  144  -13  28  0  0 L3P 1B
G11 FF 61052 143000  780 127  384    +4767507    -62         -39    +71   56  10  360 +162  116  -63  116  -63  42  0  0 L3P 4D
G16 FF 61052 143000  780 110 2940    -1864208   -120         -94    -44   35  61  420 -239  223   -8  223   -8  27  0  0 L3P 49
G18 FF 61052 143000  780 344 1784    +4528429    -49         -20    +49   30 215  143  -29  118  -48  118  -48  23  0  0 L3P 73
G21 FF 61052 143000  780 158  540    -3787516   -107         -46    -26   46 176  292  -20  131   +5  131    5  35  0  0 L3P 2F
G25 FF 61052 143000  780 370 1233    -4504368    -21         -66    -45   25  51  134  +22  119  +39  119   39  19  0  0 L3P 42
G26 FF 61052 143000  780 452 2933    +3101400    +53         -38     -7   27   1  114  -14   94   -9   94   -9  21  0  0 L3P D9
G28 FF 61052 143000  780 458 2221    +6122166    -68         -55    -17   37  37  113  +12  106  +26  106   26  25  0  0 L3P 3A
G29 FF 61052 143000  780 691  689    +3942077    -80         -31    -16   24  72   86   +4   76   +1   76    1  17  0  0 L3P D9
G31 FF 61052 143000  780 496 2710    +1730067    -56         -46    -35   27  25  106   +0   99  +24   99   24  17  0  0 L3P 14
G04 FF 61052 144600  780 103 3158     -377227    +29         -58    +52   48 201  438  +57  171  -25  171  -25  35  0  0 L3P 59
G05 FF 61052 144600  780 223  782    +2271528    +41         -38    +34   35  43  212  -27  127  -38  127  -38  27  0  0 L3P 42
G16 FF 61052 144600  780 174 2963    -1864192    -75          -5     +1   39  61  269 -101  131  -32  131  -32  31  0  0 L3P 3D
G18 FF 61052 144600  780 421 1772    +4528318    -55         -36    +43   31 215  121  -19  110  -44  110  -44  27  0  0 L3P 56
G21 FF 61052 144600  780 164  473    -3787575    -89         -28     -9   37 176  283   +0  110   -5  110   -5  28  0  0 L3P 1E
G25 FF 61052 144600  780 301 1267    -4504326    +44         -47    +20   26  51  160  +34  120   -5  120   -5  19  0  0 L3P 11
G26 FF 61052 144600  780 522 2916    +3101456    +76         -40    +16   25   1  102  -10   91  -10   91  -10  18  0  0 L3P FD
G28 FF 61052 144600  780 394 2161    +6122137    -60         -35     -9   28  37  127  +18  104  +30  104   30  21  0  0 L3P 21
G29 FF 61052 144600  780 617  692    +3942005    -16         -41    +48   24  72   92   +6   79  -35   79  -35  16  0  0 L3P 13
G31 FF 61052 144600  780 488 2595    +1730053    -18         -40     +2   22  25  107   +3   96   +4   96    4  17  0  0 L3P D7
G05 FF 61052 150200  780 246  709    +2271548    -26         -25    -33   29  43  193  -14  103  +12  103   12  25  0  0 L3P 1D
G16 FF 61052 150200  780 241 2981    -1864291     -9         -31    +67   39  61  198  -54  125  -82  125  -82  31  0  0 L3P 51
G18 FF 61052 150200  780 497 1752    +4528219   -100         -42     -2   22 215  106  -13  102   -4  102   -4  16  0  0 L3P 20
G21 FF 61052 150200  780 158  406    -3787660   -168         -35    -87   37 176  293  +21  106  +55  106   55  28  0  0 L3P 6C
G25 FF 61052 150200  780 234 1298    -4504304    +94         -48    +70   34  51  202  +55  141  -32  141  -32  27  0  0 L3P 3E
G26 FF 61052 150200  780 589 2873    +3101515    +56         -39     -4   23   1   94   -7   89   +4   89    4  16  0  0 L3P C7
G28 FF 61052 150200  780 326 2116    +6122073    -88         -49    -37   28  39  149  +29  131  +49  131   49  20  0  0 L3P 4F
G29 FF 61052 150200  780 545  711    +3941942    -63         -44     +1   20  72   99   +9   83   +3   83    3  14  0  0 L3P B8
G31 FF 61052 150200  780 460 2490    +1730037    -84         -36    -64   25  25  112   +7   94  +49   94   49  19  0  0 L3P 17
G05 FF 61052 151800  780 258  632    +2271532    -21         -47    -28   40  43  185   -3  105  +13  105   13  30  0  0 L3P 08
G16 FF 61052 151800  780 309 2992    -1864385    -89         -52    -13   35  61  157  -33  115  -30  115  -30  26  0  0 L3P 5F
G18 FF 61052 151800  780 573 1716    +4528120    -82         -46    +15   26 215   96   -8   92  -36   92  -36  19  0  0 L3P 35
G21 FF 61052 151800  780 141  343    -3787729    -27         -27    +54   36 176  326  +51   86  -59   86  -59  28  0  0 L3P 58
G25 FF 61052 151800  780 168 1327    -4504288    +29         -54     +5   34  51  276 +104  162   +5  162    5  26  0  0 L3P 24
G26 FF 61052 151800  780 651 2787    +3101566    +20         -45    -41   21   1   89   -4   89  +28   89   28  14  0  0 L3P FC
G28 FF 61052 151800  780 258 2081    +6122029    -63         -44    -12   36  39  185  +47  145  +31  145   31  27  0  0 L3P 47
G29 FF 61052 151800  780 475  738    +3941881    -10         -44    +54   25  72  109  +13   86  -40   86  -40  18  0  0 L3P 2F
G31 FF 61052 151800  780 418 2402    +1730009    -14         -45     +7   24  25  121  +12  109   +8  109    8  16  0  0 L3P F5
G05 FF 61052 153400  780 256  555    +2271530     +2         -55     -5   36  43  186   +6  103  -12  103  -12  24  0  0 L3P F0
G16 FF 61052 153400  780 380 2994    -1864460    -11         -54    +65   21  61  131  -22   98  -66   98  -66  14  0  0 L3P 44
G18 FF 61052 153400  780 646 1648    +4528024    -97         -49     +0   24 215   90   -5   83  -17   83  -17  17  0  0 L3P 1F
G21 FF 61052 153400  780 114  286    -3787824   -156         -44    -75   40 176  400 +109   92  +42   92   42  28  0  0 L3P 52
G25 FF 61052 153400  780 104 1352    -4504261    +32         -50     +8   52  51  436 +257  175   -4  175   -4  38  0  0 L3P 25
G26 FF 61052 153400  780 697 2634    +3101615    +70         -54    +10   19   1   86   -2   88  -14   88  -14  15  0  0 L3P FB
G27 FF 61052 153400  780 102 2648     +172577    -73          -9   -148   40  37  452 -264  197  +62  197   62  28  0  0 L3P 64
G28 FF 61052 153400  780 190 2053    +6121988    -65         -36    -14   49  39  246  +85  162  +40  162   40  41  0  0 L3P 4F
G29 FF 61052 153400  780 406  769    +3941823    -54         -40     +9   30  72  124  +17   84  -19   84  -19  22  0  0 L3P 1B
G31 FF 61052 153400  780 365 2331    +1729977    +21         -57    +41   34  25  135  +18  123  -19  123  -19  23  0  0 L3P 4D
G05 FF 61052 155000  780 240  482    +2271547    +61         -46    +54   31  43  197  +17   91  -53   91  -53  24  0  0 L3P 1A
G16 FF 61052 155000  780 450 2983    -1864539    -70         -59     +6   26  61  114  -15   84  -30   84  -30  19  0  0 L3P 2B
G18 FF 61052 155000  780 708 1518    +4527950    -76         -29    +22   23 215   86   -3   64  -26   64  -26  16  0  0 L3P 2D
G23 FF 61052 155000  780 137 1464    -5985026    -64         -35    -14   61 206  340 -160  155  -33  155  -33  46  0  0 L3P 77
G26 FF 61052 155000  780 714 2411    +3101680    +55         -48     -5   22   1   85   +0   74   -4   74   -4  15  0  0 L3P AF
G27 FF 61052 155000  780 163 2685     +172648   +113         -10    +38   35  37  287 -109  149  -75  149  -75  27  0  0 L3P 7E
G28 FF 61052 155000  780 123 2027    +6121925    -83         -50    -32   36  39  371 +192  206  +42  206   42  27  0  0 L3P 4D
G29 FF 61052 155000  780 340  803    +3941755    -84         -48    -21   24  72  144  +25   86  +24   86   24  18  0  0 L3P 1C
G31 FF 61052 155000  780 307 2275    +1729984    +14         -31    +35   32  25  158  +29  113  -17  113  -17  27  0  0 L3P 4C
G05 FF 61052 160600  780 213  416    +2271541     +1         -55     -6   41  44  221  +33   92   +2   92    2  30  0  0 L3P A4
G16 FF 61052 160600  780 520 2953    -1864604     -7         -51    +69   22  69  103  -10   71  -45   71  -45  14  0  0 L3P 1E
G18 FF 61052 160600  780 745 1285    +4527867    -69         -24    +29   19 216   84   -1   43  -33   43  -33  14  0  0 L3P 32
G23 FF 61052 160600  780 202 1433    -5985082    -30         -40    +20   36 207  234  -75  119  -60  119  -60  25  0  0 L3P 57
G26 FF 61052 160600  780 694 2189    +3101742    +84         -47    +24   22  14   86   +2   73  -20   73  -20  14  0  0 L3P 03
G27 FF 61052 160600  780 226 2721     +172696    +80         -29     +5   38  38  210  -58  129  -22  129  -22  30  0  0 L3P 30
G29 FF 61052 160600  780 276  838    +3941708    -97         -31    -34   32  73  174  +38   74  +27   74   27  25  0  0 L3P 31
G31 FF 61052 160600  780 245 2229    +1729973    -23         -20     -3   34  53  193  +47  115  +27  115   27  30  0  0 L3P 2C
G05 FF 61052 162200  780 175  360    +2271556    -32         -47    -39   33  44  266  +63   71  +12   71   12  24  0  0 L3P 06
G16 FF 61052 162200  780 586 2892    -1864677    -62         -51    +14   24  69   95   -7   69  -16   69  -16  17  0  0 L3P 3A
G18 FF 61052 162200  780 741  998    +4527763   -112         -33    -15   19 216   84   +1   43   +7   43    7  13  0  0 L3P F3
G23 FF 61052 162200  780 268 1397    -5985145   -118         -55    -68   31 207  179  -42  105  +19  105   19  23  0  0 L3P 7F
G26 FF 61052 162200  780 645 2036    +3101805     +3         -42    -58   22  14   90   +4   68  +41   68   41  16  0  0 L3P DD
G27 FF 61052 162200  780 291 2757     +172803    +24           6    -51   37  38  166  -36   79   +4   79    4  27  0  0 L3P E2
G29 FF 61052 162200  780 213  875    +3941640    +15         -37    +79   28  73  220  +62   79  -62   79  -62  22  0  0 L3P 31
G31 FF 61052 162200  780 183 2191    +1729936    +25         -37    +45   34  53  255  +85  140  -13  140  -13  28  0  0 L3P 4D
G05 FF 61052 163800  780 129  314    +2271573    +87         -36    +80   47  44  355 +132   49  -76   49  -76  36  0  0 L3P 4B
G16 FF 61052 163800  780 641 2784    -1864747    -76         -48     +0   20  69   90   -4   55  -11   55  -11  12  0  0 L3P 08
G18 FF 61052 163800  780 698  796    +4527643    -25         -60    +73   18 216   86   +3   52  -60   52  -60  12  0  0 L3P 22
G23 FF 61052 163800  780 334 1354    -5985195    -29         -57    +21   36 207  147  -26   84  -50   84  -50  26  0  0 L3P 5A
G26 FF 61052 163800  780 581 1944    +3101867    +34         -37    -27   23  14   95   +7   61  +25   61   25  17  0  0 L3P 06
G27 FF 61052 163800  780 358 2792     +172850   +114         -19    +39   31  38  138  -24   74  -60   74  -60  24  0  0 L3P 3F
G29 FF 61052 163800  780 153  912    +3941585    -59         -31     +4   52  73  303 +117   73   -9   73   -9  45  0  0 L3P 0E
G31 FF 61052 163800  780 122 2158    +1729897    -75         -57    -54   45  53  376 +184  174  +65  174   65  37  0  0 L3P 84
G10 FF 61052 165400  780 157 1641    +5820078    +51         -38    +22   40  91  299 -132  121  -48  121  -48  31  0  0 L3P 5D
G16 FF 61052 165400  780 676 2615    -1864819   -108         -47    -31   21  69   87   -1   45  +14   45   14  14  0  0 L3P 23
G18 FF 61052 165400  780 636  693    +4527560    -87         -49    +11   24 216   90   +5   40  -22   40  -22  17  0  0 L3P 0E
G23 FF 61052 165400  780 396 1298    -5985242    -97         -56    -47   28 207  127  -17   67  +17   67   17  22  0  0 L3P 62
G26 FF 61052 165400  780 510 1891    +3101910    +83         -53    +22   21  14  104  +11   71  -17   71  -17  16  0  0 L3P 0F
G27 FF 61052 165400  780 427 2825     +172913    +57         -28    -18   30  38  119  -16   60  -17   60  -17  22  0  0 L3P 23
G07 FF 61052 171000  780 114 3299    +1343262    +27         -40    -25   49  52  399  -78   60  +18   60   18  37  0  0 L3P 2D
G08 FF 61052 171000  780 182 2851    -5050307   +119         -41    +77   48  67  259  -89  101  -77  101  -77  33  0  0 L3P 74
G10 FF 61052 171000  780 227 1623    +5820122    -26         -21    -55   36  91  209  -65   77  +25   77   25  27  0  0 L3P 1F
G15 FF 61052 171000  780 100  689    -3760161    -50         -37    -15   40  55  455 -137   48  +15   48   15  34  0  0 L3P 21
G16 FF 61052 171000  780 679 2407    -1864892    -62         -46    +14   24  69   87   +1   39   -3   39   -3  17  0  0 L3P 01
G18 FF 61052 171000  780 567  646    +4527466    -47         -49    +50   17 216   97   +8   37  -30   37  -30  13  0  0 L3P 1E
G23 FF 61052 171000  780 452 1226    -5985283    -21         -49    +29   34 207  114  -11   50  -34   50  -34  24  0  0 L3P 35
G26 FF 61052 171000  780 437 1859    +3101966    +71         -55    +11   24  14  117  +16   76   -7   76   -7  20  0  0 L3P 0B
G27 FF 61052 171000  780 498 2854     +172979    +24         -33    -51   20  38  106  -12   48  +22   48   22  14  0  0 L3P 12
G07 FF 61052 172600  780 132 3242    +1343315    +47         -37     -5   37  52  347  -34   50  -13   50  -13  29  0  0 L3P 0F
G08 FF 61052 172600  780 246 2878    -5050234    -17          -8    -59   45  67  194  -50   53  +10   53   10  34  0  0 L3P 1B
G10 FF 61052 172600  780 299 1602    +5820140    +11         -31    -18   41  91  162  -37   74   -6   74   -6  29  0  0 L3P 06
G15 FF 61052 172600  780 126  625    -3760193   -135         -36   -100   48  55  363  -64   35  +59   35   59  39  0  0 L3P 4B
G16 FF 61052 172600  780 648 2225    -1864966    -74         -47     +2   22  69   89   +3   40   +1   40    1  15  0  0 L3P D2
G18 FF 61052 172600  780 496  630    +4527360   -138         -61    -40   28 216  106  +11   38  +19   38   19  20  0  0 L3P 36
G23 FF 61052 172600  780 498 1134    -5985323    -27         -41    +23   21 207  106   -6   32  -36   32  -36  16  0  0 L3P 2D
G26 FF 61052 172600  780 364 1838    +3102039    +63         -39     +2   23  14  136  +24   67   +2   67    2  22  0  0 L3P E1
G27 FF 61052 172600  780 571 2878     +173041    +15         -44    -60   24  38   96   -8   42  +37   42   37  17  0  0 L3P FA
G07 FF 61052 174200  780 140 3180    +1343366    +78         -37    +26   37  52  328   -7   54  -24   54  -24  27  0  0 L3P 21
G08 FF 61052 174200  780 313 2901    -5050208    +84         -23    +42   29  67  156  -31   47  -47   47  -47  21  0  0 L3P 31
G10 FF 61052 174200  780 372 1576    +5820172    +47         -25    +19   22  91  134  -23   51  -36   51  -36  16  0  0 L3P 27
G15 FF 61052 174200  780 143  558    -3760224     -6         -33    +29   42  55  321  -27   29  -27   29  -27  32  0  0 L3P 11
G16 FF 61052 174200  780 594 2100    -1865051    -64         -58    +12   24  69   94   +6   48   -4   48   -4  17  0  0 L3P F4
G18 FF 61052 174200  780 426  631    +4527268   -107         -59    -10   21 216  119  +16   35   +1   35    1  16  0  0 L3P 04
G23 FF 61052 174200  780 528 1020    -5985377    -86         -47    -36   20 207  101   -3   31  +15   31   15  15  0  0 L3P 18
G26 FF 61052 174200  780 292 1824    +3102113    +65         -24     +5   24  14  165  +38   67   +3   67    3  19  0  0 L3P E2
G27 FF 61052 174200  780 646 2893     +173126    +55         -31    -20   21  38   89   -6   27  +15   27   15  14  0  0 L3P F0
G02 FF 61052 175800  780 104 2478     -151711    -13         -40    +70   37  60  442 -261   92  -84   92  -84  28  0  0 L3P 33
G07 FF 61052 175800  780 138 3117    +1343411    +58         -42     +6   30  52  333  +18   50   -6   50   -6  22  0  0 L3P E6
G08 FF 61052 175800  780 381 2919    -5050169    +46         -24     +4   23  67  131  -21   34   -8   34   -8  17  0  0 L3P 02
G10 FF 61052 175800  780 445 1540    +5820189    +16         -36    -12   20  91  115  -15   46  -13   46  -13  14  0  0 L3P 21
G15 FF 61052 175800  780 150  489    -3760264    -41         -39     -6   32  55  307   -2   29   +0   29    0  23  0  0 L3P CA
G16 FF 61052 175800  780 528 2022    -1865102    -78         -37     -1   32  69  101  +10   35  +10   35   10  23  0  0 L3P F9
G18 FF 61052 175800  780 357  643    +4527160   -111         -73    -13   42 216  138  +23   43   +2   43    2  33  0  0 L3P 03
G23 FF 61052 175800  780 537  894    -5985425    -74         -48    -24   20 207  100   +0   22  +11   22   11  14  0  0 L3P 07
G26 FF 61052 175800  780 221 1813    +3102167    +59         -27     -1   27  14  213  +65   90  +21   90   21  21  0  0 L3P FA
G27 FF 61052 175800  780 722 2884     +173191    +80         -38     +5   18  38   85   -4   28   -6   28   -6  12  0  0 L3P D9
G02 FF 61052 181400  780 167 2515     -151782   -115         -33    -32   46  61  281 -106   68   +5   68    5  35  0  0 L3P 11
G07 FF 61052 181400  780 125 3054    +1343467    +47         -37     -5   33  54  364  +49   47   +9   47    9  24  0  0 L3P FB
G08 FF 61052 181400  780 451 2929    -5050131    +16         -31    -26   24  83  114  -15   30   -7   30   -7  19  0  0 L3P FB
G10 FF 61052 181400  780 515 1486    +5820207    +69         -46    +41   20  25  103  -10   38  -43   38  -43  14  0  0 L3P 1E
G15 FF 61052 181400  780 145  420    -3760294    -70         -28    -35   47   0  317  +22   22  +27   22   27  34  0  0 L3P F0
G16 FF 61052 181400  780 456 1973    -1865189    -33         -50    +43   40  74  113  +14   45  -20   45  -20  31  0  0 L3P 29
G18 FF 61052 181400  780 290  663    +4527091    -97         -49     +0   33 217  166  +35   28   -7   28   -7  26  0  0 L3P 0D
G23 FF 61052 181400  780 523  772    -5985472    -66         -47    -16   22 208  102   +3   22  +11   22   11  17  0  0 L3P 04
G26 FF 61052 181400  780 153 1804    +3102237    +73         -22    +13   28  17  302 +129   74  +23   74   23  19  0  0 L3P 20
G27 FF 61052 181400  780 797 2805     +173253    +78         -47     +3   15  39   82   -2   28   -7   28   -7  11  0  0 L3P D5
G02 FF 61052 183000  780 230 2553     -151890   -125         -61    -42   29  61  206  -56   74  +18   74   18  22  0  0 L3P 1B
G07 FF 61052 183000  780 103 2993    +1343530    -55         -24   -108   41  54  436 +106   37  +78   37   78  34  0  0 L3P 4C
G08 FF 61052 183000  780 523 2926    -5050098    +17         -38    -25   27  83  102  -10   25  +19   25   19  20  0  0 L3P 1B
G10 FF 61052 183000  780 578 1406    +5820239    +37         -41     +8   21  25   96   -6   26  -11   26  -11  15  0  0 L3P ED
G15 FF 61052 183000  780 129  355    -3760325    +22         -24    +57   37   0  354  +57   10  -48   10  -48  32  0  0 L3P 00
G16 FF 61052 183000  780 383 1941    -1865256    -46         -43    +30   32  74  130  +22   50  -17   50  -17  23  0  0 L3P 22
G18 FF 61052 183000  780 225  688    +4527002   -177         -45    -79   46 217  209  +57   20  +43   20   43  36  0  0 L3P 3D
G23 FF 61052 183000  780 490  669    -5985514    -73         -42    -23   25 208  107   +7   13  +12   13   12  17  0  0 L3P 0C
G27 FF 61052 183000  780 852 2351     +173305    +90         -68    +15   15  39   81   +0   40  -14   40  -14  11  0  0 L3P E0
G02 FF 61052 184600  780 294 2593     -151936   -159         -27    -76   31  61  164  -34   25  +34   25   34  24  0  0 L3P 2F
G08 FF 61052 184600  780 594 2904    -5050060    +29         -40    -13   20  83   94   -7   22   +2   22    2  14  0  0 L3P CA
G10 FF 61052 184600  780 629 1284    +5820266    +16         -41    -13   21  25   91   -4   23   +6   23    6  16  0  0 L3P CD
G15 FF 61052 184600  780 103  296    -3760378    -83         -44    -48   39   0  439 +128   24  +39   24   39  27  0  0 L3P 2C
G16 FF 61052 184600  780 311 1919    -1865342    -94         -56    -18   24  74  156  +34   65  +17   65   17  22  0  0 L3P 38
G18 FF 61052 184600  780 163  716    +4526913   -125         -39    -27   48 217  285 +106   17  +17   17   17  35  0  0 L3P 5A
G23 FF 61052 184600  780 442  593    -5985592    -83         -72    -33   33 208  116  +11   34  +23   34   23  24  0  0 L3P 29
G27 FF 61052 184600  780 817 1676     +173407    +50         -38    -25   15  39   82   +1   17  +14   17   14  11  0  0 L3P EB
G02 FF 61052 190200  780 359 2634     -152031    -75         -43     +8   30  61  138  -23   25  -14   25  -14  23  0  0 L3P F5
G08 FF 61052 190200  780 662 2844    -5050026    +54         -47    +12   19  83   88   -5   22   -8   22   -8  12  0  0 L3P E8
G10 FF 61052 190200  780 658 1118    +5820284     +9         -51    -19   27  25   89   -1   25   +8   25    8  19  0  0 L3P D2
G16 FF 61052 190200  780 239 1902    -1865390    -38         -31    +39   44  74  198  +56   51  -16   51  -16  37  0  0 L3P 42
G23 FF 61052 190200  780 386  540    -5985634    -96         -66    -46   26 208  129  +17   23  +28   23   28  18  0  0 L3P 3E
G27 FF 61052 190200  780 743 1541     +173474   +102         -43    +27   18  39   84   +3   19  -20   19  -20  13  0  0 L3P FD
G01 FF 61052 191800  780 110 2572    -3445517    -90         -75   -126   36 159  420 -224   76  +66   76   66  27  0  0 L3P 6D
G02 FF 61052 191800  780 425 2677     -152113    -72         -45    +11   23  61  120  -16   22  -15   22  -15  16  0  0 L3P 00
G08 FF 61052 191800  780 721 2714    -5049987    +18         -48    -24   18  83   85   -3   19   +5   19    5  13  0  0 L3P F7
G10 FF 61052 191800  780 656  932    +5820303    +31         -59     +3   17  25   89   +1   28   -3   28   -3  12  0  0 L3P BD
G16 FF 61052 191800  780 170 1888    -1865461   -136         -30    -60   43  74  273 +107   63  +48   63   48  34  0  0 L3P 5D
G23 FF 61052 191800  780 324  506    -5985663    -65         -47    -15   31 208  150  +27   14  +16   14   16  23  0  0 L3P 25
G27 FF 61052 191800  780 664 1513     +173530    +88         -59    +13   20  39   88   +5   30   -8   30   -8  15  0  0 L3P DC
G32 FF 61052 191800  780 151 1288    +1660736   -114         -14    +55   32  14  308 -120   53  -45   53  -45  27  0  0 L3P 4D
G01 FF 61052 193400  780 170 2610    -3445443   +132         -35    +97   34 159  276  -98   32  -92   32  -92  26  0  0 L3P 60
G02 FF 61052 193400  780 492 2721     -152192    -95         -44    -12   32  61  107  -11   17   +9   17    9  23  0  0 L3P E3
G08 FF 61052 193400  780 755 2467    -5049961    +61         -63    +19   19  83   83   -1   29  -15   29  -15  14  0  0 L3P 27
G10 FF 61052 193400  780 626  776    +5820345     -7         -45    -36   21  25   91   +4   17  +18   17   18  14  0  0 L3P DE
G16 FF 61052 193400  780 104 1875    -1865543    -36         -38    +40   46  74  439 +267   73  -14   73  -14  33  0  0 L3P 58
G23 FF 61052 193400  780 259  488    -5985711    -10         -47    +40   26 208  184  +44   13  -21   13  -21  21  0  0 L3P 2C
G27 FF 61052 193400  780 586 1513     +173608    +58         -54    -17   15  39   95   +8   30  +16   30   16  12  0  0 L3P F2
G32 FF 61052 193400  780 210 1245    +1660577   -191         -10    -21   43  14  225  -61   45  +11   45   11  32  0  0 L3P 14
G01 FF 61052 195000  780 231 2648    -3445404     +6         -29    -29   33 159  206  -54   13  +15   13   15  28  0  0 L3P 1B
G02 FF 61052 195000  780 560 2767     -152289    -75         -62     +8   19  61   98   -8   29   -2   29   -2  12  0  0 L3P D8
G08 FF 61052 195000  780 744 2171    -5049922    +16         -64    -26   18  83   84   +1   26  +16   26   16  13  0  0 L3P 03
G10 FF 61052 195000  780 575  670    +5820369    +28         -47     -1   25  25   96   +6   18   -3   18   -3  17  0  0 L3P CC
G14 FF 61052 195000  780 123 3269    -7283668    -37          -8    -13   50 173  373 -125    4  +19    4   19  35  0  0 L3P 20
G23 FF 61052 195000  780 194  482    -5985759    -67         -47    -17   53 208  241  +79   16  +17   16   17  40  0  0 L3P 44
G27 FF 61052 195000  780 508 1523     +173675    +78         -58     +3   31  39  104  +12   39  +12   39   12  24  0  0 L3P FB
G32 FF 61052 195000  780 267 1195    +1660399   -168         -26     +1   43  14  180  -36   44  -15   44  -15  31  0  0 L3P 31
G01 FF 61052 200600  780 294 2686    -3445381    +72         -43    +37   36 160  165  -34   19  -37   19  -37  24  0  0 L3P 4B
G02 FF 61052 200600  780 628 2815     -152351   -126         -54    -43   22  13   91   -6   26  +18   26   18  14  0  0 L3P EE
G08 FF 61052 200600  780 696 1972    -5049881    +42         -63     +0   24  85   86   +3   27   -5   27   -5  17  0  0 L3P E6
G10 FF 61052 200600  780 514  607    +5820383    +29         -61     +1   23  25  103   +9   25   -9   25   -9  18  0  0 L3P C4
G14 FF 61052 200600  780 161 3220    -7283691    +57          -3    +81   42 174  288  -61    0  -71    0  -71  32  0  0 L3P FE
G23 FF 61052 200600  780 130  484    -5985791    -56         -27     -6   46 209  354 +172   -2   +5   -2    5  34  0  0 L3P FA
G27 FF 61052 200600  780 431 1536     +173734    +99         -71    +24   22  41  118  +17   59   -4   59   -4  16  0  0 L3P F9
G32 FF 61052 200600  780 320 1136    +1660229   -167         -33     +2   23  14  152  -22   31  -19   31  -19  20  0  0 L3P 07
G01 FF 61052 202200  780 358 2725    -3445354    -48         -50    -84   22 160  138  -23   23  +64   23   64  16  0  0 L3P 2C
G02 FF 61052 202200  780 697 2868     -152427    -78         -50     +5   19  13   86   -4   25   +5   25    5  12  0  0 L3P B8
G08 FF 61052 202200  780 630 1869    -5049839    +32         -62    -10   23  85   91   +6   25  +15   25   15  16  0  0 L3P FD
G10 FF 61052 202200  780 449  573    +5820407    +13         -64    -15   20  25  114  +14   30  +23   30   23  15  0  0 L3P E4
G14 FF 61052 202200  780 191 3162    -7283743     +7         -33    +31   42 174  245  -32   24  -32   24  -32  27  0  0 L3P 1C
G22 FF 61052 202200  780 117 3297     +595088    -84         -50    -40   46   4  392 -133   42  +10   42   10  32  0  0 L3P FF
G27 FF 61052 202200  780 356 1550     +173826    +77         -51     +2   26  41  138  +26   52   +4   52    4  20  0  0 L3P C5
G32 FF 61052 202200  780 366 1066    +1660057   -163         -42     +7   19  14  136  -14   29  -11   29  -11  15  0  0 L3P 1B
G01 FF 61052 203800  780 423 2763    -3445332    +81         -62    +46   30 160  120  -16   31  -39   31  -39  20  0  0 L3P 28
G02 FF 61052 203800  780 767 2932     -152493    -77         -36     +6   20  13   83   -3   17   -5   17   -5  14  0  0 L3P C3
G03 FF 61052 203800  780 118 2243    -6002077    -40         -30   -140   52  24  393 -219   56  +90   56   90  44  0  0 L3P 3A
G08 FF 61052 203800  780 556 1816    -5049797    +42         -60     +0   24  85   98   +9   34  +17   34   17  18  0  0 L3P 03
G10 FF 61052 203800  780 381  559    +5820436    -13         -62    -41   28  25  131  +20   34  +41   34   41  21  0  0 L3P F4
G14 FF 61052 203800  780 210 3098    -7283782    -80         -49    -56   38 174  224  -15   28  +46   28   46  28  0  0 L3P 50
G22 FF 61052 203800  780 153 3248     +595078    -72         -18    -29   29   4  302  -64   14   +9   14    9  20  0  0 L3P DF
G27 FF 61052 203800  780 283 1564     +173883    +93         -66    +18   27  41  170  +41   68   -8   68   -8  19  0  0 L3P 15
G32 FF 61052 203800  780 402  983    +1659885   -140         -52    +30   27  14  125   -8   31  -32   31  -32  23  0  0 L3P 10
G01 FF 61052 205400  780 491 2801    -3445290    +41         -54     +6   21 160  107  -12   20   +1   20    1  14  0  0 L3P CB
G02 FF 61052 205400  780 837 3047     -152565    -85         -28     -2   14  13   81   -1   11   -2   11   -2  10  0  0 L3P A4
G03 FF 61052 205400  780 185 2272    -6001977    +81         -25    -19   46  24  255  -92   39   -1   39   -1  34  0  0 L3P 11
G08 FF 61052 205400  780 481 1789    -5049760    +70         -63    +28   30  85  108  +13   47   -6   47   -6  23  0  0 L3P 1A
G10 FF 61052 205400  780 314  558    +5820473    -25         -53    -53   32  25  155  +30   28  +28   28   28  26  0  0 L3P 0B
G14 FF 61052 205400  780 218 3028    -7283799     -7         -43    +17   40 174  216   -2   22   +4   22    4  29  0  0 L3P EA
G22 FF 61052 205400  780 181 3191     +595022    -94         -33    -51   50   4  258  -32   21  +44   21   44  34  0  0 L3P EA
G27 FF 61052 205400  780 212 1576     +173972   +133         -49    +57   43  41  222  +71   59  -44   59  -44  33  0  0 L3P 37
G32 FF 61052 205400  780 423  891    +1659740   -118         -34    +52   27  14  120   -3   14  -43   14  -43  21  0  0 L3P 08
G01 FF 61052 211000  780 560 2837    -3445261     -3         -59    -38   26 160   97   -8   25  +27   25   27  19  0  0 L3P 05
G02 FF 61052 211000  780 882  567     -152661   -142         -45    -59   16  13   81   +0   24  +49   24   49  12  0  0 L3P E3
G03 FF 61052 211000  780 253 2306    -6001880   +154         -24    +54   30  24  189  -50   35  -44   35  -44  25  0  0 L3P 29
G08 FF 61052 211000  780 406 1774    -5049711     +9         -55    -33   23  85  124  +20   42  +30   42   30  18  0  0 L3P FA
G10 FF 61052 211000  780 247  567    +5820497    -37         -56    -65   33  25  192  +49   32  +50   32   50  27  0  0 L3P 11
G14 FF 61052 211000  780 214 2956    -7283806    -80         -27    -56   43 174  220  +10   12  +44   12   44  27  0  0 L3P 24
G17 FF 61052 211000  780 109 3168     +306301   +119         -38     +2   25  62  423 -233   34  -21   34  -21  19  0  0 L3P 0F
G22 FF 61052 211000  780 199 3128     +594981    -31         -32    +12   51   4  236  -14   21  -11   21  -11  35  0  0 L3P EB
G27 FF 61052 211000  780 144 1587     +174054    +81         -39     +6   34  41  321 +148   58   -4   58   -4  26  0  0 L3P F6
G32 FF 61052 211000  780 429  793    +1659562   -192         -49    -23   29  14  119   +1   25  +22   25   22  23  0  0 L3P 09
G01 FF 61052 212600  780 632 2870    -3445220    +26         -51     -9   22 160   91   -6   19   +1   19    1  16  0  0 L3P C4
G02 FF 61052 212600  780 817 1075     -152713   -101         -17    -18   13  13   82   +1    6  +15    6   15   9  0  0 L3P AD
G03 FF 61052 212600  780 322 2342    -6001798   +105         -39     +5   31  24  152  -31   40  -15   40  -15  25  0  0 L3P 0D
G08 FF 61052 212600  780 331 1766    -5049687    +82         -71    +40   31  85  147  +30   60  -10   60  -10  24  0  0 L3P 23
G10 FF 61052 212600  780 183  583    +5820540   +120         -40    +92   28  25  255  +87   13  -65   13  -65  22  0  0 L3P 22
G14 FF 61052 212600  780 199 2886    -7283844    -16         -42     +7   50 174  235  +24   20   -7   20   -7  42  0  0 L3P 12
G17 FF 61052 212600  780 169 3159     +306430    +43         -21    -74   35  62  276  -97    6  +39    6   39  24  0  0 L3P FA
G22 FF 61052 212600  780 205 3061     +594933    -94         -39    -51   37   4  229   -1   22  +48   22   48  26  0  0 L3P ED
G32 FF 61052 212600  780 418  699    +1659385   -182         -63    -13   19  14  121   +5   35  +10   35   10  15  0  0 L3P 09
G01 FF 61052 214200  780 704 2897    -3445182    +59         -47    +23   19 160   86   -4   13  -18   13  -18  12  0  0 L3P 1E
G02 FF 61052 214200  780 745 1163     -152809   -113         -33    -30   17  13   84   +3   16  +18   16   18  11  0  0 L3P E3
G03 FF 61052 214200  780 392 2383    -6001724   +103         -60     +3   24  24  128  -20   43  -20   43  -20  18  0  0 L3P 05
G08 FF 61052 214200  780 259 1761    -5049636    -31         -61    -73   36  85  184  +48   55  +41   55   41  28  0  0 L3P 36
G10 FF 61052 214200  780 120  605    +5820578    +97         -30    +68   55  25  382 +193   11  -53   11  -53  43  0  0 L3P 24
G14 FF 61052 214200  780 173 2819    -7283863    -26         -38     -3   43 174  268  +46   25   +8   25    8  32  0  0 L3P 11
G17 FF 61052 214200  780 228 3140     +306541   +100         -23    -17   38  62  208  -52    4   +0    4    0  30  0  0 L3P AC
G22 FF 61052 214200  780 200 2993     +594898    -62         -32    -19   31   4  234  +12   19  +15   19   15  24  0  0 L3P F9
G32 FF 61052 214200  780 391  616    +1659243   -152         -43    +17   26  14  128  +10   17  -16   17  -16  21  0  0 L3P 1B
G01 FF 61052 215800  780 779 2907    -3445147     -1         -45    -36   20 160   83   -2   11  +20   11   20  15  0  0 L3P E8
G02 FF 61052 215800  780 673 1218     -152905   -135         -50    -52   14  13   87   +5   29  +38   29   38  10  0  0 L3P FC
G03 FF 61052 215800  780 464 2428    -6001633    +62         -66    -38   24  24  112  -14   35  +22   35   22  19  0  0 L3P 13
G08 FF 61052 215800  780 189 1757    -5049607    -16         -72    -58   33  85  248  +89   71  +41   71   41  21  0  0 L3P 42
G14 FF 61052 215800  780 139 2756    -7283881     +0         -33    +24   41 174  330  +87   19  -18   19  -18  31  0  0 L3P 3B
G17 FF 61052 215800  780 285 3109     +306660   +136         -16    +19   24  62  169  -31   -3  -21   -3  -21  19  0  0 L3P 1A
G22 FF 61052 215800  780 184 2926     +594846   -110         -43    -66   43   4  253  +29   21  +44   21   44  37  0  0 L3P 14
G32 FF 61052 215800  780 351  548    +1659063   -147         -60    +22   27  14  140  +16   27  -26   27  -26  19  0  0 L3P 2D
G01 FF 61052 221400  780 853 2825    -3445105    +48         -40    +12   17 161   81   -1    3  -11    3  -11  12  0  0 L3P D1
G02 FF 61052 221400  780 601 1262     -152987    -61         -52    +22   19  13   93   +7   36  -14   36  -14  14  0  0 L3P E7
G03 FF 61052 221400  780 536 2479    -6001534    +97         -60     -4   29  36  100  -10   30   +1   30    1  20  0  0 L3P C6
G04 FF 61052 221400  780 108 1894     -377830    -57         -13    -33   59 206  430 -272   44  +19   44   19  48  0  0 L3P 41
G08 FF 61052 221400  780 121 1753    -5049525    +45         -26     +3   61   6  379 +204   52   -8   52   -8  42  0  0 L3P F5
G17 FF 61052 221400  780 336 3065     +306743    +70         -41    -47   23  63  146  -19   16  +24   16   24  18  0  0 L3P 06
G19 FF 61052 221400  780 135 3206    -6852640    -31          12    -13   28  11  344 -148   15  -18   15  -18  17  0  0 L3P 28
G22 FF 61052 221400  780 158 2862     +594816    -61         -35    -17   39  25  292  +55   18   -1   18   -1  29  0  0 L3P 04
G32 FF 61052 221400  780 302  497    +1658909   -220         -51    -51   24  15  160  +26   24  +37   24   37  18  0  0 L3P 18
G01 FF 61052 223000  780 864 1508    -3445088    +78         -57    +43   16 161   81   +1   15  -30   15  -30  11  0  0 L3P 0B
G02 FF 61052 223000  780 530 1301     -153058    -87         -44     -4   23  13  101  +10   35  +15   35   15  18  0  0 L3P D1
G03 FF 61052 223000  780 609 2540    -6001437   +108         -58     +8   25  36   93   -7   24  -18   24  -18  17  0  0 L3P 06
G04 FF 61052 223000  780 177 1895     -377867    +39         -27    +63   42 206  265 -106   53  -69   53  -69  36  0  0 L3P 64
G17 FF 61052 223000  780 379 3005     +306874    +44         -23    -73   21  63  131  -12   -4  +63   -4   63  15  0  0 L3P F2
G19 FF 61052 223000  780 192 3181    -6852710     -8         -41    +10   34  11  245  -70   37   -8   37   -8  25  0  0 L3P F3
G22 FF 61052 223000  780 124 2803     +594763    -75         -46    -32   65  25  367 +107   30  +52   30   52  42  0  0 L3P 17
G28 FF 61052 223000  780 176  867    +6120707    -64         -42    -13   47  43  266  -58   34   -4   34   -4  37  0  0 L3P 04
G32 FF 61052 223000  780 247  460    +1658769   -173         -29     -3   26  15  192  +42   15   +5   15    5  22  0  0 L3P E7
G01 FF 61052 224600  780 788 1370    -3445054    +26         -57    -10   19 161   82   +2   16  +13   16   13  13  0  0 L3P FE
G02 FF 61052 224600  780 458 1336     -153128    -98         -33    -15   19  13  112  +14   46  +41   46   41  16  0  0 L3P 04
G03 FF 61052 224600  780 681 2616    -6001349   +106         -66     +6   18  36   87   -5   30   -8   30   -8  13  0  0 L3P E5
G04 FF 61052 224600  780 250 1897     -377899    -52         -37    -28   39 206  192  -55   52  +19   52   19  29  0  0 L3P 4A
G17 FF 61052 224600  780 412 2929     +306962    +97         -46    -20   23  63  123   -7   16   +8   16    8  19  0  0 L3P E3
G19 FF 61052 224600  780 246 3143    -6852732    -41         -45    -23   33  11  194  -39   24  +27   24   27  25  0  0 L3P 25
G28 FF 61052 224600  780 210  803    +6120666    -50         -34     +1   35  43  224  -32   23  -17   23  -17  26  0  0 L3P F2
G31 FF 61052 224600  780 125 1118    +1729486     -8         -11    +12   60  75  369 -153   66   -9   66   -9  42  0  0 L3P 1A
G32 FF 61052 224600  780 189  436    +1658629    -76          -6    +93   36  15  247  +76   -2  -56   -2  -56  30  0  0 L3P 1A
G01 FF 61052 230200  780 711 1370    -3445019    +21         -56    -14   20 161   85   +4   17  +15   17   15  12  0  0 L3P EA
G02 FF 61052 230200  780 387 1368     -153212    -24         -38    +59   27  13  129  +20   64  -46   64  -46  20  0  0 L3P 15
G03 FF 61052 230200  780 752 2731    -6001245   +135         -58    +35   19  36   84   -3   20  -24   20  -24  13  0  0 L3P 01
G04 FF 61052 230200  780 324 1899     -377911    -35         -26    -11   25 206  151  -33   42   -1   42   -1  19  0  0 L3P FB
G17 FF 61052 230200  780 431 2840     +307068   +154         -53    +37   17  63  118   -3   24  -12   24  -12  14  0  0 L3P 02
G19 FF 61052 230200  780 293 3093    -6852749    -51         -44    -32   33  11  165  -23   18   -1   18   -1  24  0  0 L3P 07
G28 FF 61052 230200  780 236  732    +6120613     -6         -38    +45   33  43  201  -17   23  -45   23  -45  26  0  0 L3P F7
G31 FF 61052 230200  780 176 1065    +1729442    -58         -35    -37   21  75  265  -74   81  +24   81   24  17  0  0 L3P 27
G32 FF 61052 230200  780 129  423    +1658442   -180         -31    -11   46  15  357 +166   42  +33   42   33  36  0  0 L3P 22
G01 FF 61052 231800  780 633 1388    -3444994    +79         -64    +44   20 161   90   +6   23  -26   23  -26  13  0  0 L3P 21
G02 FF 61052 231800  780 317 1396     -153277   -104         -24    -21   22  13  153  +31   57   +6   57    6  17  0  0 L3P EF
G03 FF 61052 231800  780 817 2969    -6001145   +118         -55    +18   17  36   82   -1   16  -14   16  -14  12  0  0 L3P 16
G04 FF 61052 231800  780 401 1900     -377942     -2         -33    +22   34 206  126  -21   45  -25   45  -25  24  0  0 L3P 06
G06 FF 61052 231800  780 113 3052    +6017663    +39           6     -1   40   1  410 -227    7  -17    7  -17  30  0  0 L3P C2
G09 FF 61052 231800  780 115 2082    -7701888    -45         -13    -40   38   1  402 -235   54  +34   54   34  32  0  0 L3P 1E
G17 FF 61052 231800  780 433 2744     +307176   +144         -57    +27   25  63  118   +1   26  -35   26  -35  17  0  0 L3P 1C
G19 FF 61052 231800  780 332 3029    -6852793    -16         -71     +2   27  11  147  -14   33  -11   33  -11  21  0  0 L3P 0E
G28 FF 61052 231800  780 250  658    +6120583    -85         -19    -34   31  43  190   -6    4  +21    4   21  24  0  0 L3P D1
G31 FF 61052 231800  780 224 1006    +1729429    -28         -29     -8   34  75  212  -41   59  -14   59  -14  29  0  0 L3P 26
G01 FF 61052 233400  780 555 1411    -3444970    +34         -74     -2   23 161   98   +9   42  +16   42   16  17  0  0 L3P F6
G02 FF 61052 233400  780 248 1423     -153355    -66         -22    +17   34  13  191  +51   57   -8   57   -8  26  0  0 L3P F6
G03 FF 61052 233400  780 843   17    -6001043   +116         -49    +16   15  36   81   +0   12  -10   12  -10  10  0  0 L3P C5
G04 FF 61052 233400  780 479 1898     -377959    -59         -28    -35   33 206  109  -14   37  +13   37   13  25  0  0 L3P 41
G06 FF 61052 233400  780 177 3066    +6017669    -56         -27    -96   31   1  266  -97   18  +73   18   73  22  0  0 L3P 2C
G09 FF 61052 233400  780 184 2097    -7701922     -9         -44     -5   48   1  256  -96   64   +8   64    8  38  0  0 L3P E9
G17 FF 61052 233400  780 419 2648     +307288   +126         -58     +8   24  63  121   +5   26   -4   26   -4  17  0  0 L3P EA
G19 FF 61052 233400  780 359 2951    -6852779    -47         -40    -29   27  11  138   -7   11  +28   11   28  20  0  0 L3P 21
G28 FF 61052 233400  780 251  583    +6120532    -85         -20    -33   32  43  189   +3    4  +27    4   27  24  0  0 L3P CE
G31 FF 61052 233400  780 264  938    +1729402    -35         -36    -15   26  75  181  -24   44  -15   44  -15  20  0  0 L3P 1A
G01 FF 61052 235000  780 478 1434    -3444926    +87         -64    +52   21 161  109  +14   47  -23   47  -23  14  0  0 L3P 3D
G02 FF 61052 235000  780 180 1446     -153447   -161         -34    -78   28  13  258  +95   67  +44   67   44  20  0  0 L3P 2A
G03 FF 61052 235000  780 798  507    -6000954   +135         -55    +35   14  36   82   +2   19  -25   19  -25  11  0  0 L3P 06
G04 FF 61052 235000  780 558 1887     -378005    -29         -50     -5   24 206   98  -10   48  -26   48  -26  19  0  0 L3P 20
G06 FF 61052 235000  780 242 3073    +6017695    +92         -38    +52   35   1  197  -52   23  -42   23  -42  25  0  0 L3P 16
G09 FF 61052 235000  780 255 2116    -7701916    -31         -33    -26   52   1  188  -51   48  +23   48   23  41  0  0 L3P 0B
G17 FF 61052 235000  780 389 2561     +307395   +117         -64     +0   20  63  128  +10   36   +0   36    0  16  0  0 L3P D5
G19 FF 61052 235000  780 372 2863    -6852810     +1         -53    +19   30  11  134   -2   22   -9   22   -9  21  0  0 L3P D6
G28 FF 61052 235000  780 240  510    +6120473    -41         -30    +10   37  43  197  +14   13   -3   13   -3  28  0  0 L3P D3
G31 FF 61052 235000  780 296  863    +1729385    -32         -34    -11   35  75  163  -13   32   -3   32   -3  28  0  0 L3P F5
