CGGTTS     GENERIC DATA FORMAT VERSION = 2E
REV DATE = 2026-01-01                    
RCVR = POLARX5-TR                    R2CGGTTS v8.8    
CH = 99 
IMS = POLARX5-TR                    
LAB = PTB                           
X = +3844059.67 m 
Y =  +709661.67 m 
Z = +5023129.80 m 
FRAME = ITRF
COMMENTS =           IGS RINEX,AUSPOS XYZ          
INT DLY =   31.0 ns (GPS P1),   28.5 ns (GPS P2)     CAL_ID = 1001-2022           
CAB DLY =  205.7 ns 
REF DLY =   56.2 ns
REF = UTC(PTB)                      
CKSUM = 5E

SAT CL  MJD  STTIME TRKL ELV AZTH   REFSV      SRSV     REFSYS    SRSYS  DSG IOE MDTR SMDT MDIO SMDI MSIO SMSI ISG FR HC FRC CK
             hhmmss  s  .1dg .1dg    .1ns     .1ps/s     .1ns    .1ps/s .1ns     .1ns.1ps/s.1ns.1ps/s.1ns.1ps/s.1ns
G01 FF 61041 000600  780 640 1388    -3478382     -6           9    -36   17  10   90   +6   54  +28   54   28  12  0  0 L3P CB
G02 FF 61041 000600  780 325 1395      -67667   -109          22    -26   23   8  150  +29   80  +27   80   27  15  0  0 L3P EA
G03 FF 61041 000600  780 812 2941    -6102096    +59         -18    -36   15  63   82   -1   45  +18   45   18  11  0  0 L3P F3
G04 FF 61041 000600  780 400 1897     -352696    -32          12     -7   34  53  126  -21   73  -11   73  -11  25  0  0 L3P EA
G06 FF 61041 000600  780 106 3051    +5972479    +91          27    +44   30  10  435 -255   28  -44   28  -44  22  0  0 L3P 2B
G09 FF 61041 000600  780 106 2082    -7694443     +0          35     +9   41  10  435 -273  110  -27  110  -27  36  0  0 L3P 1C
G17 FF 61041 000600  780 432 2759     +184891   +186           7    +66   25  78  118   +1   43  -43   43  -43  18  0  0 L3P 08
G19 FF 61041 000600  780 331 3032    -6833566    +23          10    +42   33  40  148  -14   36  -28   36  -28  25  0  0 L3P 10
G28 FF 61041 000600  780 248  658    +6170856    -30         -16    +15   26 129  191   -6   54  -23   54  -23  19  0  0 L3P 21
G31 FF 61041 000600  780 221 1005    +1750530    +11          -4    +32   30  37  214  -42   87  -26   87  -26  23  0  0 L3P F4
G01 FF 61041 002200  780 562 1410    -3478357    +43           5    +13   22  10   97   +9   64   -2   64   -2  15  0  0 L3P AE
G02 FF 61041 002200  780 256 1422      -67742    -93          26    -10   31   8  186  +48   82  +14   82   14  24  0  0 L3P D0
G03 FF 61041 002200  780 844 3555    -6102007    +88         -19     -6   22  63   81   +0   44  +14   44   14  15  0  0 L3P D4
G04 FF 61041 002200  780 478 1894     -352740    +15          -8    +40   26  53  109  -14   82  -39   82  -39  21  0  0 L3P 0A
G06 FF 61041 002200  780 170 3066    +5972507    +66          10    +18   40  10  276 -105   44  -27   44  -27  29  0  0 L3P 26
G09 FF 61041 002200  780 175 2098    -7694478     +0           8    +10   32  10  269 -106  129  -31  129  -31  24  0  0 L3P 2E
G17 FF 61041 002200  780 420 2663     +185021   +150          21    +30   25  78  121   +5   49   -9   49   -9  20  0  0 L3P D0
G19 FF 61041 002200  780 359 2954    -6833573    -50          22    -31   24  40  138   -7   33  +32   33   32  18  0  0 L3P FB
G28 FF 61041 002200  780 250  583    +6170819    -48         -10     -2   26 129  190   +3   46   +4   46    4  19  0  0 L3P D0
G31 FF 61041 002200  780 262  938    +1750514     +0           0    +21   28  37  182  -25   85  -15   85  -15  21  0  0 L3P D4
G01 FF 61041 003800  780 486 1433    -3478326    +18           8    -12   21  10  108  +13   65  +18   65   18  14  0  0 L3P F4
G02 FF 61041 003800  780 188 1445      -67840   -138           8    -55   30   8  249  +87  105  +54  105   54  19  0  0 L3P 0E
G03 FF 61041 003800  780 802  485    -6101908    +45         -11    -49   15  63   82   +2   41  +34   41   34  10  0  0 L3P D3
G04 FF 61041 003800  780 557 1884     -352757    -79          -1    -54   23  53   98  -10   71  +34   71   34  17  0  0 L3P FA
G06 FF 61041 003800  780 235 3074    +5972551    +16           8    -31   38  10  203  -55   43  +20   43   20  26  0  0 L3P EB
G09 FF 61041 003800  780 245 2116    -7694476     +6          19    +15   33  10  195  -55  101  -47  101  -47  26  0  0 L3P 33
G17 FF 61041 003800  780 392 2575     +185127   +106          12    -14   30  78  128  +10   69  +20   69   20  22  0  0 L3P 05
G19 FF 61041 003800  780 372 2866    -6833602    +21          12    +41   24  40  133   -2   39  -12   39  -12  20  0  0 L3P F8
G28 FF 61041 003800  780 239  511    +6170787     +8           2    +54   27 129  198  +14   29  -43   29  -43  19  0  0 L3P 0E
G31 FF 61041 003800  780 294  862    +1750503    -11           8    +10   27  37  164  -14   68  -16   68  -16  23  0  0 L3P F7
G01 FF 61041 005400  780 410 1456    -3478312     +0          -5    -29   21  10  123  +19   82  +30   82   30  15  0  0 L3P D4
G02 FF 61041 005400  780 121 1465      -67903    -36          24    +47   58   8  379 +203  103  -48  103  -48  48  0  0 L3P 22
G03 FF 61041 005400  780 737  676    -6101819   +117         -12    +23   18  63   84   +3   48  -18   48  -18  13  0  0 L3P 0C
G04 FF 61041 005400  780 635 1855     -352794    -86         -14    -61   22  53   90   -6   70  +37   70   37  14  0  0 L3P F1
G06 FF 61041 005400  780 301 3073    +5972601    +53          12     +6   21  10  161  -34   38  -11   38  -11  16  0  0 L3P E8
G09 FF 61041 005400  780 317 2137    -7694492    +32          12    +41   31  10  154  -33   90  -51   90  -51  24  0  0 L3P 10
G17 FF 61041 005400  780 352 2498     +185226   +118          -5     -3   24  78  140  +16   86   +1   86    1  18  0  0 L3P D7
G19 FF 61041 005400  780 369 2774    -6833619    -54          13    -35   28  40  134   +3   43  +38   43   38  20  0  0 L3P 0B
G28 FF 61041 005400  780 216  444    +6170731    -53         -11     -8   36 129  218  +28   37  +11   37   11  30  0  0 L3P FD
G31 FF 61041 005400  780 313  780    +1750478    -50           3    -29   31  37  155   -6   66  +18   66   18  23  0  0 L3P DE
G01 FF 61041 011000  780 335 1477    -3478259    +53          19    +24   28  10  146  +29   74   -2   74   -2  22  0  0 L3P F3
G03 FF 61041 011000  780 668  780    -6101714    +31           2    -63   22  63   88   +5   41  +52   41   52  14  0  0 L3P B2
G04 FF 61041 011000  780 710 1787     -352819    -59         -15    -34   24  53   86   -4   63  +10   63   10  17  0  0 L3P E1
G06 FF 61041 011000  780 368 3061    +5972633    -17          -2    -65   26  10  135  -22   42  +42   42   42  17  0  0 L3P F8
G09 FF 61041 011000  780 391 2160    -7694514    -25          -2    -16   30  10  128  -21   90   +3   90    3  26  0  0 L3P D0
G17 FF 61041 011000  780 304 2433     +185356   +152           9    +31   34  78  159  +25   85  -12   85  -12  26  0  0 L3P 05
G19 FF 61041 011000  780 350 2685    -6833649    -40           2    -20   25  40  140   +9   65  +34   65   34  19  0  0 L3P E9
G28 FF 61041 011000  780 182  387    +6170701    -45           3     +0   38 129  255  +52   27   +3   27    3  28  0  0 L3P BD
G31 FF 61041 011000  780 318  696    +1750448    -12          -7     +9   24  37  153   +1   68  -16   68  -16  17  0  0 L3P E5
G01 FF 61041 012600  780 263 1497    -3478248    +25           1     -5   30  10  182  +47   90   -1   90   -1  22  0  0 L3P C4
G03 FF 61041 012600  780 598  855    -6101639   +116         -14    +22   18  63   93   +7   58  -25   58  -25  13  0  0 L3P 12
G04 FF 61041 012600  780 774 1613     -352823    -36           5    -11   16  53   83   -2   45   +3   45    3  11  0  0 L3P 93
G06 FF 61041 012600  780 433 3032    +5972692    +42          11     -6   21  10  118  -15   27   +3   27    3  15  0  0 L3P C1
G09 FF 61041 012600  780 466 2186    -7694531     +8          -9    +17   18  10  111  -15   84  -24   84  -24  14  0  0 L3P 0F
G17 FF 61041 012600  780 249 2378     +185473   +152          11    +31   35  78  191  +41   95  -19   95  -19  26  0  0 L3P 30
G19 FF 61041 012600  780 318 2603    -6833671    -26          -2     -7   26  40  153  +17   87  +10   87   10  19  0  0 L3P FB
G28 FF 61041 012600  780 140  339    +6170620     +0         -35    +45   48 129  328 +104   50  -24   50  -24  37  0  0 L3P 18
G31 FF 61041 012600  780 309  613    +1750440    -15           5     +5   30  37  157   +8   55   -4   55   -4  22  0  0 L3P 9F
G01 FF 61041 014200  780 192 1514    -3478231    +22         -10     -8   28  10  244  +87  100   +2  100    2  21  0  0 L3P DA
G03 FF 61041 014200  780 529  917    -6101539    +21          -4    -74   21  63  101   +9   48  +53   48   53  16  0  0 L3P E1
G04 FF 61041 014200  780 802 1229     -352863     -1         -11    +24   16  53   82   +0   52  -27   52  -27  10  0  0 L3P C5
G06 FF 61041 014200  780 494 2982    +5972715    +41         -11     -7   27  10  106  -10   47   +5   47    5  19  0  0 L3P E6
G09 FF 61041 014200  780 543 2213    -7694537    -14          -8     -5   28  10  100  -10   74   -5   74   -5  21  0  0 L3P D7
G11 FF 61041 014200  780 103 3158    +4900483   -124          -3    +11   46 100  447 -265   40   -1   40   -1  31  0  0 L3P FF
G17 FF 61041 014200  780 192 2331     +185578   +150           0    +30   44  78  244  +73  121  -15  121  -15  36  0  0 L3P 1A
G19 FF 61041 014200  780 275 2531    -6833677    -62          11    -42   29  40  174  +28   96  +66   96   66  24  0  0 L3P 2D
G31 FF 61041 014200  780 285  538    +1750416    -28           0     -8   28  37  168  +17   56  -10   56  -10  22  0  0 L3P E2
G01 FF 61041 015800  780 123 1529    -3478189   +144           3   +115   49  10  374 +203   88  -91   88  -91  36  0  0 L3P 54
G03 FF 61041 015800  780 461  972    -6101454    +67         -10    -27   22  63  112  +13   53  +15   53   15  15  0  0 L3P F6
G04 FF 61041 015800  780 769  872     -352875     -3           1    +22   13  53   83   +2   41  -18   41  -18   9  0  0 L3P A4
G06 FF 61041 015800  780 547 2903    +5972763    +61         -10    +13   19  10   99   -6   51   +7   51    7  14  0  0 L3P DA
G09 FF 61041 015800  780 621 2240    -7694544     -8          -5     +2   16  10   92   -7   60   -8   60   -8  11  0  0 L3P AC
G11 FF 61041 015800  780 165 3152    +4900370   -125          12     +9   47 100  284 -106   23  -17   23  -17  34  0  0 L3P 2B
G17 FF 61041 015800  780 133 2290     +185705   +127          11     +7   44  78  345 +149  130  +17  130   17  35  0  0 L3P 2C
G19 FF 61041 015800  780 225 2470    -6833704    -27           3     -7   37  40  209  +47  122  +10  122   10  30  0  0 L3P FD
G31 FF 61041 015800  780 250  474    +1750407    +48          10    +69   25  37  190  +29   46  -53   46  -53  19  0  0 L3P 13
G03 FF 61041 021400  780 394 1022    -6101355   +103          -2     +9   17  64  127  +19   59   +6   59    6  13  0  0 L3P D8
G04 FF 61041 021400  780 706  723     -352904     +0          -2    +25   23  54   86   +4   42  -25   42  -25  16  0  0 L3P A7
G06 FF 61041 021400  780 585 2787    +5972824    +39          10     -9   21  11   95   -3   42   -3   42   -3  14  0  0 L3P C6
G07 FF 61041 021400  780 125 1782    +1290344    +84          13    +32   42  36  373 -203   90  -20   90  -20  32  0  0 L3P 15
G09 FF 61041 021400  780 699 2268    -7694543     +0           9     +9   17  11   86   -5   44   -8   44   -8  12  0  0 L3P B9
G11 FF 61041 021400  780 226 3136    +4900216   -119         -19    +15   31 101  210  -55   49   -6   49   -6  23  0  0 L3P 13
G19 FF 61041 021400  780 171 2416    -6833702    -36          23    -16   36  40  272  +87  118  +36  118   36  27  0  0 L3P 39
G31 FF 61041 021400  780 206  422    +1750381    -75           1    -54   32  38  228  +52   42  +30   42   30  26  0  0 L3P CF
G03 FF 61041 023000  780 328 1069    -6101256    +69           7    -25   22  64  149  +27   57  +20   57   20  17  0  0 L3P F8
G04 FF 61041 023000  780 635  670     -352927    +39          -2    +64   21  54   90   +6   43  -43   43  -43  15  0  0 L3P C7
G06 FF 61041 023000  780 602 2641    +5972864   +112           4    +65   20  11   93   +0   48  -46   48  -46  14  0  0 L3P F0
G07 FF 61041 023000  780 194 1772    +1290392    +88          12    +36   29  36  244  -88   88  -41   88  -41  19  0  0 L3P 38
G09 FF 61041 023000  780 777 2291    -7694553     -8           7     +1   18  11   83   -3   39   +4   39    4  13  0  0 L3P 9F
G11 FF 61041 023000  780 285 3109    +4900084   -113         -22    +22   27 101  169  -32   54  -17   54  -17  20  0  0 L3P 31
G26 FF 61041 023000  780 116  547    +3040360    +51          16    -11   46  23  392  -49   59   -5   59   -5  35  0  0 L3P E3
G31 FF 61041 023000  780 155  382    +1750365    -56           5    -35   42  38  299 +102   35  +30   35   30  33  0  0 L3P F0
G03 FF 61041 024600  780 263 1112    -6101161   +116          11    +22   27  64  181  +42   60  -14   60  -14  21  0  0 L3P FE
G04 FF 61041 024600  780 563  657     -352951    -17          -1     +8   21  54   97   +8   41  -10   41  -10  15  0  0 L3P B4
G06 FF 61041 024600  780 591 2489    +5972920    +55          14     +7   18  11   94   +2   45   +0   45    0  14  0  0 L3P B5
G07 FF 61041 024600  780 265 1762    +1290421    +59         -10     +7   29  36  181  -47   99  -11   99  -11  20  0  0 L3P 1E
G09 FF 61041 024600  780 855 2276    -7694559    -13          10     -4   11  11   81   -1   40  +11   40   11   8  0  0 L3P BC
G11 FF 61041 024600  780 341 3067    +4899980    -95           3    +39   29 101  144  -20   31  -35   31  -35  20  0  0 L3P 1B
G20 FF 61041 024600  780 160 2987    -3618522    +22          24    +21   26  91  292 -113   35   -8   35   -8  22  0  0 L3P 06
G21 FF 61041 024600  780 138 2914    -3702470    -94          14     -3   32  27  336 -148   36   +2   36    2  24  0  0 L3P E6
G26 FF 61041 024600  780 126  481    +3040433    +94          28    +31   29  23  363  -13   41  -34   41  -34  22  0  0 L3P F7
G03 FF 61041 030200  780 199 1153    -6101059   +124          23    +30   28  64  235  +73   67  -11   67  -11  21  0  0 L3P 18
G04 FF 61041 030200  780 491  663     -352982    -31          -8     -6   21  54  107  +12   49   +7   49    7  13  0  0 L3P AF
G06 FF 61041 030200  780 556 2358    +5972949     +6          -3    -42   20  11   98   +5   64  +36   64   36  14  0  0 L3P E1
G07 FF 61041 030200  780 338 1750    +1290484    +53           3     +1   21  36  146  -29   76  -18   76  -18  16  0  0 L3P F9
G09 FF 61041 030200  780 866  698    -7694564    -25          13    -16   17  11   81   +1   38  +16   38   16  11  0  0 L3P E8
G11 FF 61041 030200  780 389 3008    +4899844   -135          -5     -1   28 101  129  -13   34   -1   34   -1  17  0  0 L3P FD
G20 FF 61041 030200  780 223 3003    -3618547    +63          -1    +62   23  91  213  -60   46  -50   46  -50  17  0  0 L3P FD
G21 FF 61041 030200  780 200 2939    -3702581    -39         -10    +52   22  27  235  -73   46  -35   46  -35  19  0  0 L3P 24
G26 FF 61041 030200  780 125  415    +3040494    +42          29    -21   45  23  365  +17   30  +13   30   13  30  0  0 L3P D6
G03 FF 61041 031800  780 137 1191    -6100982    +78           9    -16   29  64  336 +150   90  +35   90   35  26  0  0 L3P 18
G04 FF 61041 031800  780 421  681     -352997    -66           1    -41   18  54  120  +16   44  +43   44   43  13  0  0 L3P D3
G06 FF 61041 031800  780 504 2259    +5973000    +69           2    +21   20  11  105   +9   68   -7   68   -7  15  0  0 L3P CF
G07 FF 61041 031800  780 411 1734    +1290519    +23         -12    -30   30  36  123  -19   75   +7   75    7  23  0  0 L3P EA
G09 FF 61041 031800  780 790  662    -7694575    -35          12    -26   15  11   82   +2   38  +16   38   16  10  0  0 L3P E4
G11 FF 61041 031800  780 427 2931    +4899702   -185         -17    -51   22 101  119   -7   44  +49   44   49  18  0  0 L3P 3F
G16 FF 61041 031800  780 140  692    -1788105   -123          26    -46   42   3  328  -65   52  +20   52   20  32  0  0 L3P F3
G20 FF 61041 031800  780 288 3013    -3618532     +9          13     +8   29  91  168  -36   31   -7   31   -7  24  0  0 L3P D8
G21 FF 61041 031800  780 265 2960    -3702666    -22          -8    +69   29  27  181  -43   42  -53   42  -53  23  0  0 L3P 22
G26 FF 61041 031800  780 114  352    +3040549    +57          25     -5   31  23  399  +57   27   -3   27   -3  23  0  0 L3P D1
G30 FF 61041 031800  780 166 1933     -733303   -111           5    +10   42  89  282 -117   96  -27   96  -27  36  0  0 L3P 26
G04 FF 61041 033400  780 353  705     -353011    +10          10    +35   31  54  139  +24   40  -29   40  -29  23  0  0 L3P D4
G06 FF 61041 033400  780 442 2188    +5973059    -34          15    -82   23  11  116  +14   67  +73   67   73  17  0  0 L3P 1C
G07 FF 61041 033400  780 485 1709    +1290571    +91         -11    +39   21  36  108  -13   64  -33   64  -33  16  0  0 L3P 26
G09 FF 61041 033400  780 715  688    -7694588     -2           7     +7   16  11   85   +4   45  -15   45  -15  11  0  0 L3P C6
G11 FF 61041 033400  780 450 2838    +4899589    -79          -2    +55   19 101  114   -3   37  -39   37  -39  16  0  0 L3P 36
G16 FF 61041 033400  780 164  624    -1788179    -71          26     +6   33   3  283  -32   40  -14   40  -14  27  0  0 L3P E6
G20 FF 61041 033400  780 354 3014    -3618525     -1          18     -2   31  91  140  -24   22  +17   22   17  23  0  0 L3P CC
G21 FF 61041 033400  780 331 2975    -3702753   -103          -8    -12   28  27  148  -28   39   +7   39    7  20  0  0 L3P 00
G30 FF 61041 033400  780 236 1935     -733457   -133         -31    -12   40  89  202  -59  118   -5  118   -5  29  0  0 L3P 2D
G04 FF 61041 035000  780 288  733     -353047     -3          -1    +22   31  54  167  +35   54   -4   54   -4  24  0  0 L3P B0
G05 FF 61041 035000  780 105 3048    +2265017    +19          14    +12   41 119  439 -261   33   -9   33   -9  27  0  0 L3P 10
G06 FF 61041 035000  780 374 2137    +5973108    +99          19    +51   27  11  133  +22   71  -34   71  -34  19  0  0 L3P 1D
G07 FF 61041 035000  780 557 1668    +1290616    +36         -16    -16   13  36   98   -9   62   +5   62    5   9  0  0 L3P D4
G09 FF 61041 035000  780 642  722    -7694603    -29           1    -20   24  11   90   +6   49  +12   49   12  17  0  0 L3P C2
G11 FF 61041 035000  780 456 2734    +4899451   -139         -11     -5   30 101  113   +1   47  +14   47   14  22  0  0 L3P 09
G16 FF 61041 035000  780 177  553    -1788262    -99          18    -22   48   3  264  -11   34   +9   34    9  35  0  0 L3P DD
G20 FF 61041 035000  780 421 3003    -3618533    -30           9    -31   25  91  121  -16   33  +29   33   29  18  0  0 L3P E7
G21 FF 61041 035000  780 399 2981    -3702827   -149           5    -58   22  27  126  -19   26  +39   26   39  17  0  0 L3P 2D
G30 FF 61041 035000  780 309 1938     -733567   -105         -25    +17   31  89  158  -35   98  -29   98  -29  22  0  0 L3P 4D
G04 FF 61041 040600  780 224  765     -353070    -35          -4    -10   32  55  210  +57   63   +6   63    6  25  0  0 L3P B1
G05 FF 61041 040600  780 169 3062    +2265038    +75          31    +68   36   0  277 -106   24  -66   24  -66  25  0  0 L3P 22
G06 FF 61041 040600  780 304 2099    +5973145    +31          10    -17   31  11  159  +34   83  +19   83   19  22  0  0 L3P 0A
G07 FF 61041 040600  780 624 1600    +1290671    +41         -11    -11   16  55   91   -6   56   +4   56    4  12  0  0 L3P BE
G09 FF 61041 040600  780 570  760    -7694613    +37           0    +46   18  11   96   +8   50  -19   50  -19  12  0  0 L3P DC
G11 FF 61041 040600  780 443 2630    +4899306   -101         -29    +33   22 102  116   +5   62  -21   62  -21  17  0  0 L3P 20
G16 FF 61041 040600  780 177  481    -1788335    -91          19    -14   34   3  262   +7   27   +0   27    0  24  0  0 L3P B6
G20 FF 61041 040600  780 486 2975    -3618553     +1         -13     -1   17  97  108  -11   46  -19   46  -19  12  0  0 L3P 0E
G21 FF 61041 040600  780 468 2976    -3702938    -86         -14     +4   16  28  111  -13   41  -19   41  -19  12  0  0 L3P 1D
G30 FF 61041 040600  780 383 1940     -733670   -141          -7    -19   30  90  131  -22   77   +6   77    6  24  0  0 L3P E6
G04 FF 61041 042200  780 163  798     -353094    +63          -3    +88   40  55  285 +104   67  -62   67  -62  31  0  0 L3P 14
G05 FF 61041 042200  780 235 3069    +2265013    +10          -1     +3   32   0  202  -56   37  -10   37  -10  23  0  0 L3P C2
G06 FF 61041 042200  780 234 2068    +5973179    +85          -2    +38   25  11  202  +58  106  -17  106  -17  20  0  0 L3P 34
G07 FF 61041 042200  780 681 1483    +1290728    +55          -4     +3   15  55   87   -3   46   +0   46    0  11  0  0 L3P A7
G09 FF 61041 042200  780 500  798    -7694612    -49          10    -40   20  11  105  +11   45  +36   45   36  14  0  0 L3P F2
G11 FF 61041 042200  780 413 2535    +4899201   -149          -6    -15   21 102  122   +9   50  +14   50   14  15  0  0 L3P FF
G16 FF 61041 042200  780 166  412    -1788429    -57          -1    +21   34   3  279  +28   32  -12   32  -12  26  0  0 L3P EC
G20 FF 61041 042200  780 548 2921    -3618537    -22           2    -23   19  97   99   -7   31  +17   31   17  13  0  0 L3P E0
G21 FF 61041 042200  780 536 2952    -3703026   -105         -16    -15   18  28  100   -9   37  +13   37   13  12  0  0 L3P 08
G30 FF 61041 042200  780 458 1939     -733784   -115          -4     +7   22  90  113  -15   65  -23   65  -23  20  0  0 L3P 04
G04 FF 61041 043800  780 103  834     -353122    -47          -7    -22   49  55  440 +243   76  +22   76   22  39  0  0 L3P F9
G05 FF 61041 043800  780 302 3066    +2265019    +49          -1    +43   28   0  161  -34   37  -35   37  -35  19  0  0 L3P FF
G06 FF 61041 043800  780 165 2043    +5973256    +71          29    +23   42  11  281 +114   93   -6   93   -6  35  0  0 L3P 0F
G07 FF 61041 043800  780 718 1294    +1290777    +39          -6    -13   19  55   85   -1   47  +13   47   13  13  0  0 L3P F6
G09 FF 61041 043800  780 432  838    -7694620    -61          11    -52   19  11  118  +15   49  +51   49   51  15  0  0 L3P 08
G11 FF 61041 043800  780 370 2454    +4899070   -144          -8    -10   24 102  134  +15   59  +15   59   15  17  0  0 L3P 2D
G16 FF 61041 043800  780 144  349    -1788532   -110         -30    -33   40   3  320  +60   54   +6   54    6  28  0  0 L3P DD
G20 FF 61041 043800  780 602 2831    -3618548     -4         -10     -5   28  97   93   -5   49  +19   49   19  19  0  0 L3P F0
G21 FF 61041 043800  780 602 2899    -3703108    -82         -11     +8   15  28   93   -6   41   +2   41    2  11  0  0 L3P B9
G30 FF 61041 043800  780 535 1933     -733895   -161           2    -39   24  90  101  -10   52  +27   52   27  18  0  0 L3P FF
G05 FF 61041 045400  780 370 3052    +2265018    -12          -9    -19   31   0  134  -22   46  +34   46   34  21  0  0 L3P E0
G07 FF 61041 045400  780 721 1059    +1290826    +52          -7     +0   16  55   85   +1   47   -5   47   -5  12  0  0 L3P B9
G09 FF 61041 045400  780 365  878    -7694621    -27          18    -18   21  11  135  +22   51  +24   51   24  16  0  0 L3P 04
G11 FF 61041 045400  780 319 2387    +4898954   -172           4    -38   26 102  152  +24   59  +32   59   32  19  0  0 L3P 39
G13 FF 61041 045400  780 148 2647    -6908219    -25           6    -34   31  54  316 -129   92  +24   92   24  23  0  0 L3P 1E
G16 FF 61041 045400  780 112  292    -1788563    -37          13    +40   32   3  407 +130   24  -27   24  -27  25  0  0 L3P 00
G20 FF 61041 045400  780 639 2693    -3618528     -1           9     -2   22  97   90   -2   45   +4   45    4  14  0  0 L3P 9C
G21 FF 61041 045400  780 660 2798    -3703194    -72         -12    +17   26  28   88   -4   47   +4   47    4  17  0  0 L3P E8
G30 FF 61041 045400  780 611 1913     -734017   -117          -3     +5   24  90   92   -7   52   -7   52   -7  17  0  0 L3P B8
G05 FF 61041 051000  780 435 3022    +2265039     -1           6     -8   22   0  117  -14   38  +14   38   14  17  0  0 L3P AC
G07 FF 61041 051000  780 691  864    +1290889    +45           5     -7   16  55   86   +3   40  +11   40   11  11  0  0 L3P AF
G09 FF 61041 051000  780 300  918    -7694632     -7          16     +2   16  11  161  +32   62   +6   62    6  13  0  0 L3P A7
G11 FF 61041 051000  780 261 2332    +4898815   -154          -5    -20   27 102  183  +39   85  +40   85   40  21  0  0 L3P 25
G13 FF 61041 051000  780 209 2686    -6908201    +36          15    +27   37  54  226  -66   65  -37   65  -37  29  0  0 L3P 32
G20 FF 61041 051000  780 650 2519    -3618517    -32          19    -33   22  97   89   +0   44  +26   44   26  14  0  0 L3P EC
G21 FF 61041 051000  780 699 2625    -3703275    -90          -6     +0   18  28   86   -1   49  +10   49   10  12  0  0 L3P D2
G30 FF 61041 051000  780 685 1865     -734135   -107          -4    +15   21  90   87   -4   50   -8   50   -8  14  0  0 L3P CD
G05 FF 61041 052600  780 497 2968    +2265048     +8           8     +1   22   0  106  -10   41   -1   41   -1  15  0  0 L3P 9E
G07 FF 61041 052600  780 639  745    +1290929    +73          -5    +21   19  55   90   +5   44  -18   44  -18  12  0  0 L3P EF
G09 FF 61041 052600  780 237  958    -7694661    -95          -4    -86   23  11  199  +50   91  +75   91   75  17  0  0 L3P 29
G11 FF 61041 052600  780 201 2286    +4898714    +22          22   +156   34 102  233  +69   80 -117   80 -117  28  0  0 L3P 61
G13 FF 61041 052600  780 272 2726    -6908203     +4           4     -5   35  54  177  -40   55   +6   55    6  27  0  0 L3P BD
G14 FF 61041 052600  780 144 1609    -7258765    -94          39    -69   29  22  324 -146   82  +46   82   46  23  0  0 L3P 47
G20 FF 61041 052600  780 631 2347    -3618521    +46          14    +45   21  97   91   +3   47  -28   47  -28  15  0  0 L3P 00
G21 FF 61041 052600  780 706 2396    -3703353   -129           3    -39   18  28   86   +1   44  +35   44   35  13  0  0 L3P F4
G30 FF 61041 052600  780 752 1748     -734240   -112           7    +10   12  90   84   -2   42   -4   42   -4   8  0  0 L3P A1
G05 FF 61041 054200  780 550 2883    +2265051    +14           4     +7   20   0   99   -6   45   -1   45   -1  15  0  0 L3P 8D
G07 FF 61041 054200  780 578  683    +1290972    +83         -12    +31   16  55   95   +7   50  -22   50  -22  10  0  0 L3P F0
G09 FF 61041 054200  780 176  996    -7694669   -123          -4   -113   28  11  265  +90  111 +112  111  112  21  0  0 L3P 62
G11 FF 61041 054200  780 140 2245    +4898564   -115           1    +19   42 102  329 +141  108   +7  108    7  31  0  0 L3P 24
G13 FF 61041 054200  780 337 2765    -6908197    -54           1    -63   28  54  146  -26   52  +43   52   43  20  0  0 L3P 0B
G14 FF 61041 054200  780 210 1585    -7258790     -3          38    +22   34  22  225  -71   75  -47   75  -47  27  0  0 L3P 1A
G20 FF 61041 054200  780 587 2212    -3618523    -23          11    -24   27  97   95   +5   52  +20   52   20  20  0  0 L3P DB
G21 FF 61041 054200  780 676 2192    -3703450   -105          -8    -15   14  28   87   +3   50  +15   50   15  11  0  0 L3P E9
G30 FF 61041 054200  780 797 1464     -734360   -158           4    -36   13  90   82   -1   40  +26   40   26   9  0  0 L3P CB
G05 FF 61041 061000  780 599 2652    +2265063    +34           3    +27   17   1   93   -1   45  -15   45  -15  12  0  0 L3P C9
G07 FF 61041 061000  780 463  647    +1291084    +60          12     +8   17  55  111  +13   38  +10   38   10  12  0  0 L3P CE
G13 FF 61041 061000  780 456 2833    -6908179    +17           4     +8   15  59  113  -14   42  -14   42  -14  12  0  0 L3P F4
G14 FF 61041 061000  780 329 1534    -7258847    -81          24    -56   21  23  149  -28   70  +23   70   23  15  0  0 L3P 14
G15 FF 61041 061000  780 161 2918    -3725244    -59          23    -23   44  68  290 -114   27   +2   27    2  35  0  0 L3P FD
G18 FF 61041 061000  780 124 3300    +4624078   -236          29   -139   38  69  370  -64   51  +71   51   71  32  0  0 L3P 38
G20 FF 61041 061000  780 477 2071    -3618525    +22           6    +21   29  98  109  +12   66   -2   66   -2  25  0  0 L3P E1
G21 FF 61041 061000  780 571 1993    -3703583    -86          11     +4   25  29   96   +8   43  +13   43   13  19  0  0 L3P DF
G22 FF 61041 061000  780 191 1643     +636737    -86          -6    -45   27  90  247  -90  125  +29  125   29  22  0  0 L3P 2A
G30 FF 61041 061000  780 753  869     -734557   -143          11    -22   11  92   84   +2   35  +17   35   17   9  0  0 L3P CB
G05 FF 61041 062600  780 592 2497    +2265077    +20          10    +13   15   1   94   +2   46   -4   46   -4  11  0  0 L3P B4
G07 FF 61041 062600  780 397  649    +1291112    +46         -10     -7   20  55  126  +18   64  +15   64   15  17  0  0 L3P F7
G08 FF 61041 062600  780 105  501    -5090566    +15          -1    -24   52  15  433  -61  112  +12  112   12  38  0  0 L3P FC
G13 FF 61041 062600  780 527 2870    -6908170    +13           5     +4   19  59  102  -10   42   -6   42   -6  13  0  0 L3P CC
G14 FF 61041 062600  780 396 1494    -7258883    -30          12     -5   24  23  127  -19   72   -2   72   -2  20  0  0 L3P ED
G15 FF 61041 062600  780 226 2939    -3725277    -82          24    -47   27  68  210  -60   28  +32   28   32  19  0  0 L3P 25
G18 FF 61041 062600  780 140 3238    +4623966   -120          10    -22   35  69  328  -26   47   +6   47    6  24  0  0 L3P 06
G20 FF 61041 062600  780 406 2024    -3618527    -18           3    -19   22  98  124  +19   74  +30   74   30  17  0  0 L3P FC
G21 FF 61041 062600  780 498 1938    -3703675   -141           5    -51   25  29  106  +12   56  +55   56   55  18  0  0 L3P 24
G22 FF 61041 062600  780 263 1621     +636719    -66          16    -25   19  90  183  -48  101  +28  101   28  15  0  0 L3P 24
G30 FF 61041 062600  780 689  759     -734679   -105           6    +17   12  92   87   +4   41   -2   41   -2   9  0  0 L3P B4
G05 FF 61041 064200  780 559 2362    +2265070    -31          -4    -38   21   1   97   +5   62  +34   62   34  16  0  0 L3P CD
G07 FF 61041 064200  780 332  660    +1291174    +50           2     -2   29  55  147  +26   72  +34   72   34  23  0  0 L3P CD
G08 FF 61041 064200  780 114  435    -5090519    +91           9    +52   34  15  397  -17  104  -35  104  -35  25  0  0 L3P 1D
G13 FF 61041 064200  780 600 2904    -6908172     +3          -6     -6   19  59   93   -7   47   +4   47    4  12  0  0 L3P A8
G14 FF 61041 064200  780 461 1440    -7258916    -53           3    -28   20  23  112  -12   78  +31   78   31  14  0  0 L3P F5
G15 FF 61041 064200  780 293 2955    -3725311    -86          24    -51   35  68  165  -36   34  +39   34   39  28  0  0 L3P 2C
G18 FF 61041 064200  780 146 3172    +4623889   -112          27    -14   32  69  316   +0   30   +4   30    4  25  0  0 L3P E2
G20 FF 61041 064200  780 333 1991    -3618523    +43           5    +42   31  98  146  +29   87  -16   87  -16  22  0  0 L3P 19
G21 FF 61041 064200  780 423 1905    -3703772   -141          -6    -51   24  29  120  +18   76  +42   76   42  23  0  0 L3P 15
G22 FF 61041 064200  780 335 1593     +636674    -63          11    -22   27  90  147  -29   99  +30   99   30  20  0  0 L3P 0B
G30 FF 61041 064200  780 620  721     -734810    -61          -9    +61   20  92   91   +6   58  -33   58  -33  14  0  0 L3P CB
G05 FF 61041 065800  780 508 2259    +2265074    +20          -6    +14   17   1  104   +9   75   +4   75    4  13  0  0 L3P BA
G07 FF 61041 065800  780 269  679    +1291217    +53          -5     +0   22  55  178  +40  114  +59  114   59  18  0  0 L3P 19
G08 FF 61041 065800  780 114  370    -5090484    +11           7    -28   32  15  398  +20  109  +23  109   23  24  0  0 L3P 09
G13 FF 61041 065800  780 675 2932    -6908154    +30           3    +21   14  59   88   -5   44   -6   44   -6  11  0  0 L3P D0
G14 FF 61041 065800  780 520 1365    -7258936    -52           7    -27   21  23  103   -8   78  +26   78   26  16  0  0 L3P 02
G15 FF 61041 065800  780 363 2963    -3725344    -31          25     +4   22  68  137  -24   40   -1   40   -1  16  0  0 L3P E1
G18 FF 61041 065800  780 140 3105    +4623794    -60          27    +38   30  69  328  +26   27  -13   27  -13  20  0  0 L3P 1F
G20 FF 61041 065800  780 261 1966    -3618515     +9          12     +7   30  98  183  +48  105  +15  105   15  24  0  0 L3P 14
G21 FF 61041 065800  780 348 1883    -3703843   -103           9    -13   21  29  141  +27   82  +30   82   30  17  0  0 L3P 0F
G22 FF 61041 065800  780 407 1558     +636632    -72           7    -32   24  90  124  -19  103  +18  103   18  19  0  0 L3P 12
G30 FF 61041 065800  780 550  714     -734927   -141          -9    -20   13  92   98   +9   74  +36   74   36   9  0  0 L3P DE
G05 FF 61041 071400  780 446 2184    +2265091    -10           4    -17   26   1  115  +14   88  +44   88   44  20  0  0 L3P E3
G07 FF 61041 071400  780 206  702    +1291284   +127          12    +75   32  55  227  +66  159   +9  159    9  25  0  0 L3P 19
G08 FF 61041 071400  780 103  307    -5090448     +9           5    -30   36  15  439  +67  126  +66  126   66  25  0  0 L3P 06
G13 FF 61041 071400  780 752 2948    -6908131     -6          17    -15   14  59   84   -3   46  +25   46   25  10  0  0 L3P E6
G14 FF 61041 071400  780 567 1262    -7258968    -16           0     +9   18  23   97   -5   94   +1   94    1  13  0  0 L3P B8
G15 FF 61041 071400  780 434 2961    -3725386    -82          17    -47   23  68  118  -16   52  +48   52   48  18  0  0 L3P 2D
G18 FF 61041 071400  780 124 3039    +4623707   -118          33    -20   33  69  369  +62   25   +4   25    4  25  0  0 L3P FE
G20 FF 61041 071400  780 190 1945    -3618516     +7          10     +6   33  98  246  +88  143  +68  143   68  27  0  0 L3P 25
G21 FF 61041 071400  780 273 1867    -3703939   -110          -1    -20   30  29  175  +45  124  +59  124   59  22  0  0 L3P 41
G22 FF 61041 071400  780 478 1508     +636599    -46          14     -5   19  90  109  -12  102  +10  102   10  14  0  0 L3P 02
G30 FF 61041 071400  780 481  723     -735035   -102           0    +20   18  92  108  +12   85   +8   85    8  13  0  0 L3P BA
G05 FF 61041 073000  780 378 2131    +2265094     +9           1     +3   26   1  131  +21  118  +37  118   37  20  0  0 L3P D0
G07 FF 61041 073000  780 146  729    +1291331   +101           8    +48   46  55  317 +128  231  +54  231   54  35  0  0 L3P 2C
G13 FF 61041 073000  780 829 2912    -6908129    +11          11     +2   19  59   81   -1   62  +19   62   19  13  0  0 L3P DA
G14 FF 61041 073000  780 597 1130    -7258989    -44           3    -19   16  23   94   -2   96  +18   96   18  12  0  0 L3P F8
G15 FF 61041 073000  780 505 2942    -3725424    -46          13    -11   18  68  105  -11   60  +16   60   16  14  0  0 L3P 00
G20 FF 61041 073000  780 122 1927    -3618547    -49         -22    -50   45  98  377 +204  227 +108  227  108  34  0  0 L3P 83
G21 FF 61041 073000  780 201 1855    -3704026   -131          -2    -41   32  29  233  +81  168  +91  168   91  25  0  0 L3P 36
G22 FF 61041 073000  780 542 1436     +636545    -56          -1    -15   18  90  100   -8  115  +11  115   11  13  0  0 L3P EE
G23 FF 61041 073000  780 154 3252    -5935480     +1           1    +53   30  62  302 -104   52  -25   52  -25  21  0  0 L3P EC
G24 FF 61041 073000  780 112 2583    +1801583   -249           7   -103   35  23  411 -221  123 +104  123  104  26  0  0 L3P 5A
G30 FF 61041 073000  780 413  741     -735150   -106           2    +16   19  92  122  +17  112  +19  112   19  15  0  0 L3P F2
G05 FF 61041 074600  780 308 2092    +2265097    -27          -2    -34   26   1  157  +33  157  +75  157   75  22  0  0 L3P 26
G13 FF 61041 074600  780 880 1873    -6908096    -16          35    -25   15  59   81   +0   61  +38   61   38   9  0  0 L3P F8
G14 FF 61041 074600  780 602  981    -7259006    -22           9     +3   23  23   93   +1  102  +13  102   13  15  0  0 L3P C0
G15 FF 61041 074600  780 575 2898    -3725478    -61          -7    -26   16  68   96   -7   84  +33   84   33  10  0  0 L3P 16
G21 FF 61041 074600  780 131 1843    -3704124    -58         -13    +32   27  29  351 +180  233  +32  233   32  23  0  0 L3P 3E
G22 FF 61041 074600  780 596 1330     +636518    -43          11     -2   18  90   94   -5  108   -1  108   -1  13  0  0 L3P CD
G23 FF 61041 074600  780 205 3212    -5935533   -126          -3    -75   33  62  230  -53   76  +91   76   91  27  0  0 L3P 29
G24 FF 61041 074600  780 174 2618    +1801445   -150           9     -4   33  23  269  -96  128   -5  128   -5  26  0  0 L3P 1A
G30 FF 61041 074600  780 347  766     -735270   -156          -2    -34   22  92  142  +24  157  +64  157   64  17  0  0 L3P 2B
G05 FF 61041 080200  780 238 2061    +2265119    +24          13    +17   26   1  199  +56  187  +23  187   23  21  0  0 L3P 19
G13 FF 61041 080200  780 807 1432    -6908093     -5          25    -14   18  78   82   +2   82  +27   82   27  11  0  0 L3P E1
G14 FF 61041 080200  780 583  842    -7259040     -9           6    +16   20  24   95   +3  119   +2  119    2  14  0  0 L3P AE
G15 FF 61041 080200  780 638 2810    -3725512    -11         -10    +25   17  69   90   -5  100   +5  100    5  10  0  0 L3P D8
G17 FF 61041 080200  780 138 1215     +188343    +48          30    -71   47  21  337 -138  320  +27  320   27  34  0  0 L3P 2B
G22 FF 61041 080200  780 632 1185     +636472    -55           3    -14   18  91   91   -2  121  +19  121   19  12  0  0 L3P DE
G23 FF 61041 080200  780 249 3161    -5935587    -65         -14    -13   29  63  192  -30  107  +13  107   13  21  0  0 L3P 3E
G24 FF 61041 080200  780 238 2654    +1801288   -106          -9    +39   30  24  200  -53  146  -19  146  -19  23  0  0 L3P 4C
G30 FF 61041 080200  780 282  794     -735371   -112          16     +9   24   0  170  +36  184  +40  184   40  18  0  0 L3P F5
G05 FF 61041 081800  780 169 2035    +2265159    +19          47    +12   33   1  274 +108  208  +43  208   43  29  0  0 L3P 34
G13 FF 61041 081800  780 728 1415    -6908096    -45          13    -54   17  78   85   +4  106  +53  106   53  12  0  0 L3P 20
G14 FF 61041 081800  780 543  734    -7259070   -101          -1    -76   20  24   99   +6  139  +72  139   72  15  0  0 L3P 17
G15 FF 61041 081800  780 685 2657    -3725535     +1           1    +36   15  69   87   -2  108  -12  108  -12  10  0  0 L3P FD
G17 FF 61041 081800  780 194 1167     +188430    +90           2    -29   32  21  243  -68  301  -16  301  -16  23  0  0 L3P 15
G22 FF 61041 081800  780 640 1015     +636434    -64           5    -23   16  91   90   +0  128  +17  128   17  12  0  0 L3P DF
G23 FF 61041 081800  780 284 3098    -5935635    +26         -12    +77   30  63  170  -17  120  -37  120  -37  23  0  0 L3P 54
G24 FF 61041 081800  780 303 2689    +1801192   -163          35    -18   30  24  160  -33  114  +17  114   17  24  0  0 L3P 39
G30 FF 61041 081800  780 220  824     -735508    -66          -5    +56   30   0  214  +59  250  +14  250   14  23  0  0 L3P E8
G05 FF 61041 083400  780 103 2012    +2265128    -41           9    -48   39   1  442 +273  287  +88  287   88  31  0  0 L3P 32
G13 FF 61041 083400  780 648 1428    -6908108    -24          -8    -33   22  78   89   +6  134  +44  134   44  16  0  0 L3P 20
G14 FF 61041 083400  780 491  660    -7259096    -49          -2    -24   22  24  107  +10  151  +25  151   25  15  0  0 L3P 15
G15 FF 61041 083400  780 701 2437    -3725576    -26          -6     +9   16  69   86   +0  122   +4  122    4  11  0  0 L3P D4
G17 FF 61041 083400  780 247 1113     +188530   +119         -13     -1   21  21  193  -39  278   -3  278   -3  16  0  0 L3P 15
G19 FF 61041 083400  780 141 1329    -6834147    +18          11    +37   35  47  329 -136  360  -94  360  -94  23  0  0 L3P 67
G22 FF 61041 083400  780 621  856     +636396   -101           6    -60   18  91   91   +3  136  +52  136   52  12  0  0 L3P EB
G23 FF 61041 083400  780 307 3024    -5935668    -44           4     +7   31  63  158   -8  129  +15  129   15  21  0  0 L3P 08
G24 FF 61041 083400  780 371 2725    +1801018   -179           1    -34   24  24  134  -22  143  +32  143   32  16  0  0 L3P 1F
G30 FF 61041 083400  780 159  857     -735629   -118          -9     +4   31   0  292 +109  311  +72  311   72  21  0  0 L3P 0B
G10 FF 61041 085000  780 128 3316    +5790134    +54           3    +21   39  45  359 -118  173  +25  173   25  30  0  0 L3P 2F
G13 FF 61041 085000  780 568 1448    -6908109    -50         -18    -59   20  78   96   +9  165  +64  165   64  14  0  0 L3P 43
G14 FF 61041 085000  780 430  613    -7259094     +5          24    +30   20  24  118  +14  154  -11  154  -11  16  0  0 L3P 00
G15 FF 61041 085000  780 680 2220    -3725612    -25          -9    +10   15  69   87   +2  136  +17  136   17  11  0  0 L3P 03
G17 FF 61041 085000  780 295 1050     +188658   +144           1    +24   22  21  164  -23  250  -69  250  -69  16  0  0 L3P 2E
G19 FF 61041 085000  780 200 1289    -6834164    -26          13     -7   26  47  236  -68  326   +3  326    3  18  0  0 L3P 0D
G22 FF 61041 085000  780 580  737     +636337    +16         -14    +57   23  91   95   +5  156  -20  156  -20  15  0  0 L3P 07
G23 FF 61041 085000  780 316 2943    -5935714    +14           7    +65   29  63  154   -1  151  -25  151  -25  21  0  0 L3P 1C
G24 FF 61041 085000  780 441 2759    +1800876   -203          -1    -58   20  24  116  -15  150  +41  150   41  13  0  0 L3P 2B
G10 FF 61041 090600  780 167 3266    +5790161   +119          -1    +86   31  45  279  -57  214  -47  214  -47  22  0  0 L3P 5B
G12 FF 61041 090600  780 147 2163    +6059913   +137         -27   +132   36  86  317 -145  307 -113  307 -113  29  0  0 L3P AC
G13 FF 61041 090600  780 490 1470    -6908114    -21         -31    -30   19  78  107  +13  202  +75  202   75  14  0  0 L3P 34
G14 FF 61041 090600  780 366  587    -7259129    -40          12    -15   19  24  135  +21  203  +54  203   54  14  0  0 L3P 1E
G15 FF 61041 090600  780 629 2068    -3725642     +2          -4    +37   20  69   91   +5  150   +1  150    1  15  0  0 L3P CA
G17 FF 61041 090600  780 335  977     +188785   +175          13    +55   20  21  146  -14  221  -74  221  -74  15  0  0 L3P 39
G19 FF 61041 090600  780 258 1243    -6834184    -27          11     -7   25  47  185  -39  288  -37  288  -37  20  0  0 L3P 57
G22 FF 61041 090600  780 525  661     +636297    -40         -15     +1   15  91  102   +8  177  +18  177   18  10  0  0 L3P F7
G23 FF 61041 090600  780 311 2859    -5935760    +25           9    +76   25  63  156   +6  176  -16  176  -16  20  0  0 L3P 34
G24 FF 61041 090600  780 512 2791    +1800738   -183           0    -37   21  24  104  -11  152  +22  152   22  16  0  0 L3P 1A
G10 FF 61041 092200  780 197 3208    +5790205    +67          11    +34   25  45  239  -30  220  -11  220  -11  19  0  0 L3P 2A
G12 FF 61041 092200  780 216 2185    +6059915    -42         -30    -46   29  86  220  -69  309  +34  309   34  21  0  0 L3P 4B
G13 FF 61041 092200  780 413 1492    -6908075    +16          -1     +7   20  78  122  +19  214  +34  214   34  15  0  0 L3P 10
G14 FF 61041 092200  780 301  575    -7259156     +3          10    +28   28  24  160  +32  230  +11  230   11  21  0  0 L3P EB
G15 FF 61041 092200  780 563 1976    -3725674    -42          -2     -7   20  69   97   +8  168  +30  168   30  14  0  0 L3P 12
G17 FF 61041 092200  780 364  896     +188914   +135          28    +16   22  21  136   -8  206  -25  206  -25  17  0  0 L3P 26
G19 FF 61041 092200  780 313 1189    -6834205    -63           9    -44   18  47  155  -24  244  +10  244   10  15  0  0 L3P 24
G22 FF 61041 092200  780 463  615     +636272    -65          -1    -24   24  91  111  +12  185  +50  185   50  16  0  0 L3P FE
G23 FF 61041 092200  780 291 2778    -5935803    -17          24    +34   30  64  165  +14  196  +12  196   12  21  0  0 L3P 3B
G24 FF 61041 092200  780 586 2819    +1800604    -91           6    +54   14  24   95   -8  146  -39  146  -39   9  0  0 L3P 15
G10 FF 61041 093800  780 216 3142    +5790231    +40           5     +7   34  45  218  -13  232   +0  232    0  28  0  0 L3P D0
G12 FF 61041 093800  780 286 2210    +6059925    +14         -24     +9   31  86  169  -40  278  -51  278  -51  22  0  0 L3P 4E
G13 FF 61041 093800  780 338 1513    -6908071     +1          -5     -8   25  78  145  +29  254  +51  254   51  17  0  0 L3P 17
G14 FF 61041 093800  780 236  575    -7259169    +35          21    +60   25  24  200  +53  264   +5  264    5  19  0  0 L3P 06
G15 FF 61041 093800  780 491 1921    -3725711    -65          -5    -30   22  69  107  +12  182  +39  182   39  18  0  0 L3P 3E
G17 FF 61041 093800  780 379  807     +189002   +126           1     +6   19  21  131   -2  223  -14  223  -14  14  0  0 L3P E8
G19 FF 61041 093800  780 362 1123    -6834220     +9          12    +28   19  47  137  -15  230  -41  230  -41  13  0  0 L3P 24
G22 FF 61041 093800  780 399  592     +636249    -45          15     -4   20  91  126  +17  197  +30  197   30  15  0  0 L3P 11
G23 FF 61041 093800  780 259 2704    -5935857    -72          19    -21   25  64  184  +25  226  +42  226   42  20  0  0 L3P 47
G24 FF 61041 093800  780 662 2839    +1800458   -153           0     -7   16  24   88   -5  150  +11  150   11  11  0  0 L3P F6
G10 FF 61041 095400  780 223 3071    +5790232    +26         -26     -7   27  45  212   -1  251   +1  251    1  18  0  0 L3P E0
G12 FF 61041 095400  780 358 2238    +6059923    +30         -30    +25   16  86  138  -25  248  -35  248  -35  14  0  0 L3P 5E
G13 FF 61041 095400  780 265 1531    -6908055    +60           2    +51   29  78  180  +47  295  +16  295   16  22  0  0 L3P 32
G14 FF 61041 095400  780 172  583    -7259181    -61          33    -36   30  24  270  +98  313 +112  313  112  25  0  0 L3P 42
G15 FF 61041 095400  780 416 1888    -3725742     -3          -3    +32   21  69  121  +18  217  +11  217   11  17  0  0 L3P 19
G17 FF 61041 095400  780 379  718     +189110    +74          -6    -45   21  21  131   +2  202  +26  202   26  17  0  0 L3P EB
G19 FF 61041 095400  780 403 1044    -6834248     +6           3    +26   22  47  125   -9  207  -51  207  -51  17  0  0 L3P 0D
G22 FF 61041 095400  780 335  584     +636196     -5           2    +36   20  91  146  +26  216   +8  216    8  17  0  0 L3P D0
G23 FF 61041 095400  780 218 2637    -5935915    -39          10    +12   29  64  216  +43  258  +25  258   25  25  0  0 L3P 49
G24 FF 61041 095400  780 739 2841    +1800314   -152          -5     -7   14  24   84   -3  150   -1  150   -1   9  0  0 L3P D6
G10 FF 61041 101000  780 217 2998    +5790280    +89         -10    +56   25  47  217  +11  250  -20  250  -20  19  0  0 L3P 3F
G12 FF 61041 101000  780 431 2268    +6059931     +2         -31     -3   26  96  118  -17  214  -29  214  -29  19  0  0 L3P 24
G13 FF 61041 101000  780 194 1548    -6908056    +37          -8    +28   30  79  242  +86  346  +23  346   23  22  0  0 L3P 38
G15 FF 61041 101000  780 341 1866    -3725777    -65          -2    -30   25  70  144  +28  244  +57  244   57  22  0  0 L3P 33
G17 FF 61041 101000  780 363  634     +189223    +78         -14    -41   28  23  136   +7  212  +23  212   23  20  0  0 L3P EE
G19 FF 61041 101000  780 431  952    -6834263     -9           3    +11   23  48  118   -5  199  -19  199  -19  18  0  0 L3P 0E
G22 FF 61041 101000  780 271  587     +636170    -52          10    -11   29  92  177  +39  251  +69  251   69  21  0  0 L3P 0F
G23 FF 61041 101000  780 170 2578    -5935952    -15          23    +36   31  64  273  +79  292  +21  292   21  23  0  0 L3P 36
G24 FF 61041 101000  780 815 2775    +1800175   -118           1    +28   10  26   82   -2  152  -13  152  -13   7  0  0 L3P F1
G10 FF 61041 102600  780 200 2927    +5790321     -9           0    -42   30  47  234  +26  268  +57  268   57  22  0  0 L3P 0D
G12 FF 61041 102600  780 506 2301    +6059934     +6         -33     +1   20  96  105  -12  203  -16  203  -16  15  0  0 L3P 08
G13 FF 61041 102600  780 125 1562    -6908052     -6         -13    -15   34  79  368 +197  421 +115  421  115  23  0  0 L3P 62
G15 FF 61041 102600  780 268 1850    -3725820     -9         -11    +26   19  70  178  +45  294  +45  294   45  17  0  0 L3P 42
G17 FF 61041 102600  780 334  561     +189355    +85           4    -35   24  23  146  +14  218  +38  218   38  21  0  0 L3P FF
G19 FF 61041 102600  780 443  852    -6834277     -8           6    +11   24  48  116   -1  193  -25  193  -25  19  0  0 L3P 08
G22 FF 61041 102600  780 208  598     +636125    -76           4    -35   25  92  226  +66  310  +83  310   83  22  0  0 L3P FF
G23 FF 61041 102600  780 118 2526    -5936019    -87           5    -36   28  64  386 +170  380 +131  380  131  20  0  0 L3P 5E
G24 FF 61041 102600  780 869 2112    +1800050   -101          15    +45   13  26   81   +0  141  -26  141  -26   9  0  0 L3P FA
G25 FF 61041 102600  780 133 2401    -4526634     +3          39    -20   44  12  349 -165  353  -70  353  -70  36  0  0 L3P 3A
G32 FF 61041 102600  780 152 3195    +1825732   -231         -16    -65   23  94  308 -118  297  +33  297   33  15  0  0 L3P 70
G10 FF 61041 104200  780 172 2860    +5790353    -23           0    -56   50  47  271  +51  297  +71  297   71  38  0  0 L3P 29
G12 FF 61041 104200  780 583 2338    +6059953    +21         -18    +16   23  96   95   -8  176  -28  176  -28  15  0  0 L3P 44
G15 FF 61041 104200  780 197 1838    -3725849    +24          -6    +60   24  70  237  +82  368  +20  368   20  17  0  0 L3P 3E
G17 FF 61041 104200  780 294  502     +189469   +125           3     +5   23  23  164  +23  250  +23  250   23  19  0  0 L3P EA
G19 FF 61041 104200  780 437  752    -6834296    -35           6    -16   27  48  117   +3  195  +15  195   15  21  0  0 L3P 10
G22 FF 61041 104200  780 147  615     +636077    -66          -5    -25   38  92  315 +127  384  +84  384   84  29  0  0 L3P 37
G24 FF 61041 104200  780 813 1467    +1799912   -156          17    -10   15  26   82   +2  141  +16  141   16  10  0  0 L3P 13
G25 FF 61041 104200  780 197 2434    -4526645    -79           6   -102   36  12  239  -78  320  +63  320   63  28  0  0 L3P 40
G32 FF 61041 104200  780 209 3172    +1825595   -144           6    +22   40  94  226  -60  265  -32  265  -32  30  0  0 L3P 39
G10 FF 61041 105800  780 135 2797    +5790396    +58          12    +25   34  47  340 +100  320  +18  320   18  29  0  0 L3P 44
G12 FF 61041 105800  780 659 2379    +6059961    +15         -14    +10   14  96   89   -6  164   -5  164   -5  10  0  0 L3P 18
G15 FF 61041 105800  780 129 1827    -3725920    -88         -44    -53   38  70  356 +180  465 +120  465  120  25  0  0 L3P 89
G17 FF 61041 105800  780 247  456     +189598   +144          17    +25   21  23  192  +38  290  +34  290   34  16  0  0 L3P 30
G19 FF 61041 105800  780 414  661    -6834320    -13           1     +7   26  48  122   +8  222  +24  222   24  18  0  0 L3P DE
G24 FF 61041 105800  780 736 1400    +1799762   -221           7    -76   14  26   84   +4  156  +65  156   65   9  0  0 L3P 17
G25 FF 61041 105800  780 263 2470    -4526610    +33          19    +10   24  12  183  -44  276  -44  276  -44  20  0  0 L3P 3A
G32 FF 61041 105800  780 262 3137    +1825449   -180          19    -14   22  94  183  -34  239   +3  239    3  17  0  0 L3P 2C
G06 FF 61041 111400  780 146  913    +5974343    +32          -5    -15   38  37  317  -98  406  -73  406  -73  26  0  0 L3P 3D
G12 FF 61041 111400  780 737 2428    +6059973    +42          -7    +37   14  96   84   -3  160  -31  160  -31  11  0  0 L3P 16
G17 FF 61041 111400  780 194  423     +189705   +139          10    +20   30  23  241  +67  331  +22  331   22  24  0  0 L3P 00
G19 FF 61041 111400  780 376  586    -6834347    -46          -7    -26   22  48  132  +13  250  +62  250   62  17  0  0 L3P 27
G24 FF 61041 111400  780 657 1397    +1799631   -165          15    -19   18  26   89   +6  166  +30  166   30  13  0  0 L3P 37
G25 FF 61041 111400  780 330 2508    -4526601    +47           6    +24   22  12  149  -28  244  -52  244  -52  18  0  0 L3P 23
G32 FF 61041 111400  780 310 3088    +1825298   -169          28     -3   25  94  157  -21  226  -14  226  -14  18  0  0 L3P 47
G06 FF 61041 113000  780 189  853    +5974424    +18          32    -29   30  37  248  -51  351  -38  351  -38  23  0  0 L3P 3E
G12 FF 61041 113000  780 814 2502    +6059987    +21           3    +17   13  96   82   -2  156   -3  156   -3   9  0  0 L3P D3
G17 FF 61041 113000  780 138  400     +189819    +91           9    -29   29  23  334 +136  370  +69  370   69  21  0  0 L3P 1E
G19 FF 61041 113000  780 328  528    -6834367     -2          -9    +18   29  48  149  +22  274  -14  274  -14  20  0  0 L3P 27
G24 FF 61041 113000  780 579 1409    +1799483   -154           7     -9   20  26   95   +8  188  +39  188   39  14  0  0 L3P 28
G25 FF 61041 113000  780 398 2547    -4526554    +47          31    +24   30  12  126  -19  206  -37  206  -37  23  0  0 L3P 3F
G32 FF 61041 113000  780 350 3025    +1825134   -120          23    +46   22  94  141  -13  222  -38  222  -38  17  0  0 L3P 32
G06 FF 61041 114600  780 224  786    +5974434    +59          -3    +13   33  37  211  -28  345  -73  345  -73  25  0  0 L3P 3B
G12 FF 61041 114600  780 886 3036    +6059989    +14           1    +10   12  96   81   +0  161   -8  161   -8   8  0  0 L3P DC
G19 FF 61041 114600  780 272  486    -6834359     +8          18    +27   24  48  176  +35  285  +26  285   26  18  0  0 L3P 38
G24 FF 61041 114600  780 502 1427    +1799339   -160           2    -14   18  26  105  +12  218  +37  218   37  13  0  0 L3P 2E
G25 FF 61041 114600  780 468 2590    -4526546    +35          18    +12   19  12  111  -13  197  -36  197  -36  13  0  0 L3P 4C
G29 FF 61041 114600  780 100 1989    +4003271    +79          27   +143   30   4  461 -308  434 -272  434 -272  24  0  0 L3P 79
G32 FF 61041 114600  780 378 2948    +1824970   -197          18    -31   20  94  132   -7  216  +23  216   23  14  0  0 L3P 3E
G06 FF 61041 120200  780 249  713    +5974489    +57           7    +10   26  38  191  -14  308  -10  308  -10  21  0  0 L3P 1A
G11 FF 61041 120200  780 172 1150    +4895521   -114          18    +20   18 107  272  -85  389  -46  389  -46  15  0  0 L3P 6D
G12 FF 61041 120200  780 830  603    +6060008    +24          16    +20   12  97   81   +1  152  -20  152  -20   9  0  0 L3P CC
G19 FF 61041 120200  780 213  458    -6834368     +4          23    +23   31  53  221  +62  316   +0  316    0  22  0  0 L3P D1
G24 FF 61041 120200  780 426 1446    +1799195   -145           3     +0   16  27  119  +17  238  +36  238   36  12  0  0 L3P 24
G25 FF 61041 120200  780 540 2635    -4526522    +48          20    +26   19  15  100  -10  182  -19  182  -19  14  0  0 L3P 2D
G28 FF 61041 120200  780 137 3048    +6168888    -32           5    +15   30 135  340 -157  351  -32  351  -32  21  0  0 L3P 4C
G29 FF 61041 120200  780 169 1997    +4003222   -140          33    -76   35  49  277 -115  357  +30  357   30  25  0  0 L3P 60
G32 FF 61041 120200  780 392 2861    +1824805    -88          14    +78   24  96  128   -2  221  -42  221  -42  18  0  0 L3P 31
G06 FF 61041 121800  780 262  637    +5974533    +11           6    -36   29  38  182   -4  277  +31  277   31  21  0  0 L3P 09
G11 FF 61041 121800  780 225 1098    +4895389   -122          15    +12   29 107  211  -47  335  -66  335  -66  25  0  0 L3P 73
G12 FF 61041 121800  780 754  693    +6060002    +26           5    +21   13  97   83   +3  160   -3  160   -3  10  0  0 L3P B9
G19 FF 61041 121800  780 151  441    -6834399    -32          11    -12   45  53  307 +126  349  +34  349   34  35  0  0 L3P 3E
G24 FF 61041 121800  780 353 1465    +1799055   -203           3    -58   24  27  139  +26  265  +58  265   58  17  0  0 L3P 4E
G25 FF 61041 121800  780 612 2683    -4526499    +66          22    +43   23  15   92   -7  174  -42  174  -42  14  0  0 L3P 2A
G28 FF 61041 121800  780 200 3057    +6168846    -85           8    -39   31 135  236  -75  311   -2  311   -2  23  0  0 L3P 1F
G29 FF 61041 121800  780 241 2007    +4003147    -98          20    -34   31  49  198  -58  335   -5  335   -5  26  0  0 L3P 25
G32 FF 61041 121800  780 389 2769    +1824655   -127          24    +39   30  96  128   +3  220  -33  220  -33  24  0  0 L3P 47
G06 FF 61041 123400  780 262  560    +5974582    +66          10    +19   27  38  182   +5  268  -39  268  -39  18  0  0 L3P 3C
G11 FF 61041 123400  780 273 1037    +4895250   -161           5    -27   24 107  176  -28  279   +1  279    1  17  0  0 L3P 28
G12 FF 61041 123400  780 680  749    +6060001    +12           0     +8   18  97   87   +5  167   +1  167    1  11  0  0 L3P A8
G24 FF 61041 123400  780 281 1483    +1798911   -168          -2    -23   24  27  171  +40  310  +44  310   44  17  0  0 L3P 36
G25 FF 61041 123400  780 686 2739    -4526477    +33          22    +10   16  15   87   -5  166  -14  166  -14  11  0  0 L3P 26
G28 FF 61041 123400  780 265 3058    +6168802     -6           9    +41   18 135  181  -43  279  -67  279  -67  13  0  0 L3P 50
G29 FF 61041 123400  780 314 2019    +4003082   -100          15    -36   24  49  155  -34  281  -31  281  -31  17  0  0 L3P 3E
G32 FF 61041 123400  780 371 2679    +1824495   -151          23    +15   25  96  134   +8  238   -4  238   -4  19  0  0 L3P 2C
G06 FF 61041 125000  780 248  486    +5974623    +35           7    -11   23  38  191  +15  277  +19  277   19  18  0  0 L3P 27
G11 FF 61041 125000  780 313  967    +4895119   -124           3    +10   21 107  155  -17  254  -20  254  -20  15  0  0 L3P 2C
G12 FF 61041 125000  780 607  798    +6060004    -13          -2    -17   16  97   93   +7  177  +13  177   13  12  0  0 L3P F6
G24 FF 61041 125000  780 212 1500    +1798778   -110           5    +36   22  27  222  +70  332  +15  332   15  15  0  0 L3P 1A
G25 FF 61041 125000  780 760 2813    -4526466     -8          10    -31   13  15   83   -3  167  +14  167   14   8  0  0 L3P EA
G28 FF 61041 125000  780 331 3049    +6168757    -63           8    -16   24 135  148  -27  246  -18  246  -18  17  0  0 L3P 59
G29 FF 61041 125000  780 389 2031    +4003014    -84           9    -20   25  49  129  -22  258  -22  258  -22  19  0  0 L3P 2D
G32 FF 61041 125000  780 339 2597    +1824317   -145           4    +21   29  96  144  +15  269  +15  269   15  23  0  0 L3P 40
G06 FF 61041 130600  780 222  420    +5974665    +49           4     +3   29  38  212  +29  283  +10  283   10  21  0  0 L3P F3
G11 FF 61041 130600  780 344  888    +4894994   -102           7    +32   23 107  143   -9  234  -23  234  -23  16  0  0 L3P 35
G12 FF 61041 130600  780 536  843    +6060011    -39           1    -43   17  97  100   +9  187  +42  187   42  11  0  0 L3P F4
G24 FF 61041 130600  780 144 1514    +1798637   -138           4     +7   30  27  320 +144  394  +57  394   57  21  0  0 L3P 3F
G25 FF 61041 130600  780 833 2962    -4526456    +20          -1     -3   15  15   81   -1  167   -8  167   -8  11  0  0 L3P E2
G28 FF 61041 130600  780 396 3027    +6168710    -62           6    -16   25 135  127  -18  218  -23  218  -23  18  0  0 L3P 49
G29 FF 61041 130600  780 466 2044    +4002966    -81          22    -17   32  49  111  -15  218  -21  218  -21  26  0  0 L3P 37
G31 FF 61041 130600  780 101 3118    +1749589    +16          -5    +37   33  76  455 -284  390  -61  390  -61  22  0  0 L3P 59
G32 FF 61041 130600  780 296 2525    +1824149   -167          -4     -1   18  96  163  +24  299  +32  299   32  14  0  0 L3P 42
G06 FF 61041 132200  780 186  364    +5974702   +127          -4    +80   31  38  251  +54  294  -67  294  -67  25  0  0 L3P 51
G11 FF 61041 132200  780 361  802    +4894864   -168           5    -34   24 107  137   -3  230   +9  230    9  18  0  0 L3P FF
G12 FF 61041 132200  780 466  887    +6060026    +50          11    +46   14  97  111  +13  193  -27  193  -27  12  0  0 L3P 25
G25 FF 61041 132200  780 873  398    -4526421    +39          12    +17   16  15   81   +0  153  -15  153  -15  11  0  0 L3P FF
G28 FF 61041 132200  780 457 2986    +6168666    -29           7    +17   24 135  113  -12  196  -42  196  -42  16  0  0 L3P 5D
G29 FF 61041 132200  780 544 2054    +4002899    -57          16     +7   25  49   99  -10  193  -34  193  -34  19  0  0 L3P 35
G31 FF 61041 132200  780 166 3117    +1749550    +32         -24    +52   30  76  283 -110  348 -102  348 -102  23  0  0 L3P 70
G32 FF 61041 132200  780 246 2463    +1823989   -196          -5    -30   25  96  193  +40  326  +62  326   62  20  0  0 L3P 4C
G06 FF 61041 133800  780 142  317    +5974770   +141          20    +94   32  38  325 +107  286  -61  286  -61  25  0  0 L3P 5D
G11 FF 61041 133800  780 363  714    +4894742   -112          12    +22   26 107  136   +2  206  -33  206  -33  20  0  0 L3P 29
G12 FF 61041 133800  780 398  929    +6060022    +25           3    +20   21  97  126  +18  217  -16  217  -16  16  0  0 L3P 17
G25 FF 61041 133800  780 808  892    -4526399    +19          12     -3   14  15   82   +2  145   -2  145   -2  10  0  0 L3P D6
G28 FF 61041 133800  780 513 2919    +6168632    -54          18     -7   18 135  104   -8  171   -5  171   -5  14  0  0 L3P 19
G29 FF 61041 133800  780 623 2057    +4002836    -87          14    -24   24  49   91   -7  173   -1  173   -1  17  0  0 L3P 01
G31 FF 61041 133800  780 230 3107    +1749553     +6          -1    +26   32  76  207  -56  282  -52  282  -52  22  0  0 L3P 26
G32 FF 61041 133800  780 191 2411    +1823850   -218          15    -52   32  96  244  +70  352  +98  352   98  25  0  0 L3P 54
G11 FF 61041 135400  780 350  630    +4894618    -88          17    +46   25 107  140   +7  192  -41  192  -41  17  0  0 L3P 34
G12 FF 61041 135400  780 332  970    +6060032    -39           9    -43   27  97  147  +26  223  +51  223   51  22  0  0 L3P 08
G25 FF 61041 135400  780 734  997    -4526390     +1           0    -22   10  15   84   +3  149   +8  149    8   6  0  0 L3P AD
G28 FF 61041 135400  780 556 2822    +6168572    -42           3     +5   18 135   98   -4  169  -24  169  -24  11  0  0 L3P 22
G29 FF 61041 135400  780 702 2045    +4002788    -64          27     -1   18  49   86   -4  149   -7  149   -7  12  0  0 L3P FB
G31 FF 61041 135400  780 294 3085    +1749521     +3         -14    +24   26  76  165  -33  247  -66  247  -66  20  0  0 L3P 48
G32 FF 61041 135400  780 134 2364    +1823679   -166           4     +0   41  96  342 +144  419  +72  419   72  29  0  0 L3P 43
G11 FF 61041 141000  780 323  555    +4894477   -171           3    -37   17 108  151  +14  194  +28  194   28  11  0  0 L3P 37
G12 FF 61041 141000  780 268 1011    +6060039     -2          12     -7   21  58  178  +40  230  +26  230   26  15  0  0 L3P EC
G25 FF 61041 141000  780 659 1060    -4526357    +14           7     -9   12  16   88   +5  138   -4  138   -4   8  0  0 L3P CB
G26 FF 61041 141000  780 179 2886    +3042971    +24          17    -37   41  25  263  -93  315  -45  315  -45  31  0  0 L3P 4B
G28 FF 61041 141000  780 582 2693    +6168527    -51           2     -4   19 135   95   -2  156   -8  156   -8  15  0  0 L3P FC
G29 FF 61041 141000  780 779 1980    +4002712    -56          10     +8   19  50   83   -2  144  -22  144  -22  14  0  0 L3P 00
G31 FF 61041 141000  780 354 3049    +1749523    -44           5    -23   26   9  139  -21  202   +2  202    2  21  0  0 L3P D1
G11 FF 61041 142600  780 284  493    +4894365   -124          19    +10   23 108  169  +24  183   -6  183   -6  18  0  0 L3P 3C
G12 FF 61041 142600  780 205 1049    +6060036     -4           5     -9   25  58  229  +68  261  +17  261   17  19  0  0 L3P FF
G18 FF 61041 142600  780 122 1806    +4621162     +5          19   +103   26  73  381 -214  408 -177  408 -177  27  0  0 L3P 7C
G20 FF 61041 142600  780 163  717    -3618480    +10          12     +9   42  32  286  -49  243  -66  243  -66  33  0  0 L3P 22
G25 FF 61041 142600  780 585 1110    -4526353    +33         -11    +10   15  16   95   +8  147  -10  147  -10  11  0  0 L3P 0F
G26 FF 61041 142600  780 243 2908    +3043034    -21          21    -82   26  25  196  -51  245  +19  245   19  21  0  0 L3P 2E
G28 FF 61041 142600  780 583 2549    +6168481    -43           1     +4   16 135   95   +1  150   +0  150    0  11  0  0 L3P CC
G29 FF 61041 142600  780 843 1665    +4002660    -49          19    +15   16  50   81   -1  123  -19  123  -19  12  0  0 L3P 18
G31 FF 61041 142600  780 409 2994    +1749507    -35           9    -15   21   9  123  -13  175  -11  175  -11  15  0  0 L3P 21
G11 FF 61041 144200  780 237  444    +4894221   -109           4    +25   26 108  200  +41  194  -40  194  -40  18  0  0 L3P 32
G18 FF 61041 144200  780 192 1799    +4621085   -104          36     -6   31  73  246  -91  264  -51  264  -51  26  0  0 L3P 51
G20 FF 61041 144200  780 186  651    -3618476    +49          16    +48   32  32  251  -25  198  -74  198  -74  28  0  0 L3P 4F
G21 FF 61041 144200  780 115  671    -3706366    -96           2     -6   37  33  398 -103  211  -32  211  -32  27  0  0 L3P 17
G25 FF 61041 144200  780 513 1154    -4526324     +8          -4    -15   14  16  103  +11  143  +14  143   14  12  0  0 L3P F6
G26 FF 61041 144200  780 310 2925    +3043097   +119          25    +58   25  25  157  -32  202  -84  202  -84  18  0  0 L3P 50
G28 FF 61041 144200  780 559 2412    +6168441    -33           5    +13   25 135   97   +4  146   +3  146    3  17  0  0 L3P EC
G29 FF 61041 144200  780 830  927    +4002603    -96          23    -32   12  50   81   +1  115  +21  115   21   8  0  0 L3P D1
G31 FF 61041 144200  780 454 2919    +1749472    -18          -7     +3   28   9  113   -8  168  -15  168  -15  24  0  0 L3P 1A
G04 FF 61041 145800  780 110 3286     -354040     -5          -1    +20   57  60  411  -28  305   -5  305   -5  45  0  0 L3P DE
G05 FF 61041 145800  780 145  914    +2265263    +58          -3    +51   53  12  320  -98  220  -80  220  -80  33  0  0 L3P 20
G11 FF 61041 145800  780 183  407    +4894098   -108          10    +27   31 108  254  +75  175  -46  175  -46  26  0  0 L3P 67
G18 FF 61041 145800  780 264 1793    +4620990    -65          35    +33   20  73  182  -49  212  -75  212  -75  16  0  0 L3P 56
G20 FF 61041 145800  780 199  582    -3618457    +99          33    +98   34  32  235   -9  160 -114  160 -114  28  0  0 L3P 5B
G21 FF 61041 145800  780 141  608    -3706444    -72          10    +18   46  33  327  -50  177  -34  177  -34  36  0  0 L3P 37
G25 FF 61041 145800  780 441 1194    -4526312    +66         -14    +43   21  16  116  +15  163  -12  163  -12  18  0  0 L3P 3D
G26 FF 61041 145800  780 378 2934    +3043143    +99          12    +38   20  25  132  -21  185  -39  185  -39  16  0  0 L3P 52
G28 FF 61041 145800  780 516 2302    +6168396    -54          -1     -8   26 137  103   +7  145  +17  145   17  18  0  0 L3P 28
G29 FF 61041 145800  780 762  727    +4002531    -43          13    +21   16  50   83   +3  119  -14  119  -14  10  0  0 L3P F9
G31 FF 61041 145800  780 485 2822    +1749471     -5          12    +16   21   9  108   -4  143  -24  143  -24  15  0  0 L3P 07
G04 FF 61041 151400  780 112 3222     -354077    +24         -14    +49   38  60  403  +11  320  -19  320  -19  26  0  0 L3P 20
G05 FF 61041 151400  780 187  853    +2265302    -10          30    -17   29  12  251  -51  162  -13  162  -13  24  0  0 L3P 15
G11 FF 61041 151400  780 126  382    +4893965   -108           6    +27   28 108  363 +164  154  -55  154  -55  21  0  0 L3P 61
G16 FF 61041 151400  780 103 2939    -1791415   -137          25    -60   40  49  447 -270  335  -49  335  -49  29  0  0 L3P 80
G18 FF 61041 151400  780 339 1786    +4620885    -80          23    +18   19  73  145  -30  178  -46  178  -46  15  0  0 L3P 62
G20 FF 61041 151400  780 201  512    -3618477     +7          12     +6   37  32  233   +5  160  -30  160  -30  28  0  0 L3P DB
G21 FF 61041 151400  780 157  541    -3706521   -119          20    -29   32  33  294  -21  140   +8  140    8  27  0  0 L3P 01
G25 FF 61041 151400  780 371 1231    -4526293    +34         -16    +11   30  16  134  +22  180  +16  180   16  22  0  0 L3P 20
G26 FF 61041 151400  780 448 2934    +3043209    +81          19    +19   21  25  115  -15  166  -27  166  -27  15  0  0 L3P 45
G28 FF 61041 151400  780 460 2220    +6168350    -58          -2    -12   29 137  112  +12  158  +29  158   29  21  0  0 L3P 3B
G29 FF 61041 151400  780 689  689    +4002471    -46          13    +18   15  50   87   +4  118   -8  118   -8  12  0  0 L3P F7
G31 FF 61041 151400  780 497 2710    +1749433    -24          -7     -4   19   9  106   +0  158   +2  158    2  15  0  0 L3P D2
G04 FF 61041 153000  780 104 3158     -354088    -11          -2    +14   29  60  434  +55  332  +27  332   27  22  0  0 L3P 09
G05 FF 61041 153000  780 221  786    +2265276     +7          -3     +0   31  12  214  -28  165  -10  165  -10  26  0  0 L3P EC
G16 FF 61041 153000  780 167 2962    -1791486    -47          29    +30   39  49  280 -109  266  -57  266  -57  29  0  0 L3P 83
G18 FF 61041 153000  780 415 1774    +4620791   -144          23    -47   25  73  122  -19  158  +20  158   20  18  0  0 L3P 48
G20 FF 61041 153000  780 191  445    -3618483    -33           5    -34   35  32  245  +20  151  +34  151   34  26  0  0 L3P FE
G21 FF 61041 153000  780 163  474    -3706644    -90         -17     +0   33  33  284   +0  162   +2  162    2  25  0  0 L3P D0
G25 FF 61041 153000  780 302 1265    -4526274     -8         -19    -31   23  16  160  +33  192  +50  192   50  17  0  0 L3P 21
G26 FF 61041 153000  780 518 2917    +3043274    +82          25    +21   19  25  103  -10  146  -36  146  -36  13  0  0 L3P 34
G28 FF 61041 153000  780 396 2160    +6168319    -23          11    +24   20 137  127  +18  165   +0  165    0  16  0  0 L3P 12
G29 FF 61041 153000  780 615  691    +4002407    -42          11    +22   22  50   92   +7  117   -8  117   -8  13  0  0 L3P D3
G31 FF 61041 153000  780 489 2595    +1749423    -67           3    -46   18   9  107   +3  152  +44  152   44  14  0  0 L3P 09
G05 FF 61041 154600  780 245  713    +2265297     -7          11    -14   24  12  194  -14  149  +16  149   16  19  0  0 L3P 14
G16 FF 61041 154600  780 233 2980    -1791564    -78          25     -1   31  49  204  -58  235  -46  235  -46  22  0  0 L3P 45
G18 FF 61041 154600  780 492 1755    +4620684   -118          10    -20   22  73  107  -13  158   -2  158   -2  15  0  0 L3P 2E
G20 FF 61041 154600  780 169  382    -3618491    -52          -4    -53   33  32  274  +42  163  +53  163   53  23  0  0 L3P 20
G21 FF 61041 154600  780 157  407    -3706712    -88           1     +2   34  33  294  +20  147   +2  147    2  27  0  0 L3P D3
G25 FF 61041 154600  780 235 1296    -4526254    +37         -21    +15   26  16  201  +55  214  +15  214   15  20  0  0 L3P 2D
G26 FF 61041 154600  780 585 2877    +3043321    +51          13    -10   12  25   95   -7  142   -9  142   -9   8  0  0 L3P EB
G28 FF 61041 154600  780 328 2115    +6168275    -49          13     -3   27 137  149  +28  186  +33  186   33  20  0  0 L3P 47
G29 FF 61041 154600  780 543  710    +4002326    -98          -9    -34   21  50   99   +9  132  +32  132   32  14  0  0 L3P F4
G31 FF 61041 154600  780 462 2489    +1749393    -16          -7     +5   23   9  112   +7  169  +14  169   14  17  0  0 L3P 0C
G05 FF 61041 160200  780 257  636    +2265293    +29          -1    +22   25  13  185   -4  148  -45  148  -45  17  0  0 L3P 1B
G16 FF 61041 160200  780 302 2992    -1791648    -82          12     -5   34  63  161  -35  208  -26  208  -26  26  0  0 L3P 38
G18 FF 61041 160200  780 568 1720    +4620583    -96           7     +1   18  74   97   -9  149  -26  149  -26  12  0  0 L3P 15
G20 FF 61041 160200  780 138  327    -3618509     +9         -24     +7   41  33  333  +84  160  -41  160  -41  32  0  0 L3P 08
G21 FF 61041 160200  780 141  344    -3706829   -225         -30   -135   27  33  326  +50  158  +71  158   71  18  0  0 L3P 50
G25 FF 61041 160200  780 169 1324    -4526223    +45         -12    +23   35  33  274 +103  221   -5  221   -5  23  0  0 L3P 1D
G26 FF 61041 160200  780 647 2794    +3043377    +51           1    -10   16  31   89   -4  138   -9  138   -9  11  0  0 L3P EE
G28 FF 61041 160200  780 259 2080    +6168221    -58           3    -11   27 138  184  +46  229  +52  229   52  18  0  0 L3P 3E
G29 FF 61041 160200  780 472  736    +4002277    -39          -4    +25   23  53  110  +13  123  -17  123  -17  18  0  0 L3P 18
G31 FF 61041 160200  780 419 2401    +1749391    -23          10     -3   21   9  121  +12  173  +18  173   18  15  0  0 L3P F6
G05 FF 61041 161800  780 256  559    +2265295     +5          -6     -1   35  13  186   +5  137   -4  137   -4  25  0  0 L3P D7
G16 FF 61041 161800  780 372 2995    -1791727    -57           8    +20   24  63  134  -23  176  -45  176  -45  16  0  0 L3P 4E
G18 FF 61041 161800  780 641 1655    +4620493    -83          12    +15   18  74   90   -6  127  -29  127  -29  13  0  0 L3P 2D
G21 FF 61041 161800  780 114  287    -3706892   -154          -1    -64   47  35  398 +107  118  +31  118   31  38  0  0 L3P 4F
G25 FF 61041 161800  780 105 1350    -4526209    -29         -19    -52   32  33  432 +252  238  +51  238   51  24  0  0 L3P 4E
G26 FF 61041 161800  780 695 2646    +3043435    +82           0    +20   16  31   86   -2  127  -19  127  -19  11  0  0 L3P 0A
G28 FF 61041 161800  780 191 2051    +6168189    -37          16    +10   25 138  244  +84  255  +24  255   24  19  0  0 L3P 53
G29 FF 61041 161800  780 404  767    +4002209    -81         -11    -17   23  53  124  +18  126  +12  126   12  17  0  0 L3P 1D
G31 FF 61041 161800  780 367 2330    +1749374    -31          13    -11   26   9  135  +18  183  +21  183   21  18  0  0 L3P 1B
G05 FF 61041 163400  780 241  486    +2265306     -8          -1    -14   34  13  196  +16  123   +6  123    6  25  0  0 L3P D8
G16 FF 61041 163400  780 443 2986    -1791810   -107          -1    -30   18  63  116  -15  152  -12  152  -12  12  0  0 L3P 41
G18 FF 61041 163400  780 704 1532    +4620405   -122          17    -25   17  74   86   -3  107   +2  107    2  12  0  0 L3P EB
G23 FF 61041 163400  780 134 1465    -5937146    +42           2    +94   42  68  348 -168  221 -114  221 -114  31  0  0 L3P 66
G26 FF 61041 163400  780 714 2426    +3043502    +85           8    +23   18  31   85   +0  111  -29  111  -29  12  0  0 L3P F7
G27 FF 61041 163400  780 159 2683     +104915    +55          42    -14   37  80  295 -115  284  -63  284  -63  29  0  0 L3P 5B
G28 FF 61041 163400  780 125 2025    +6168132    -87           4    -41   44 138  367 +188  297  +70  297   70  30  0  0 L3P 5E
G29 FF 61041 163400  780 338  801    +4002173    -18          15    +46   25  53  145  +25  103  -42  103  -42  18  0  0 L3P 1C
G31 FF 61041 163400  780 309 2273    +1749347    -32           6    -11   27   9  157  +28  203  +19  203   19  19  0  0 L3P 15
G05 FF 61041 165000  780 215  419    +2265333    +57          19    +51   26  13  219  +32  105  -55  105  -55  20  0  0 L3P 1D
G16 FF 61041 165000  780 513 2958    -1791888    -75          -4     +2   14  63  104  -10  122  -33  122  -33  10  0  0 L3P 21
G18 FF 61041 165000  780 744 1307    +4620310    -64          16    +34   21  74   84   -1   91  -39   91  -39  14  0  0 L3P FA
G23 FF 61041 165000  780 199 1434    -5937184     -1          13    +50   31  68  237  -78  175  -74  175  -74  24  0  0 L3P 4B
G26 FF 61041 165000  780 696 2201    +3043564    +43          11    -18   20  31   86   +2  101   +0  101    0  15  0  0 L3P BF
G27 FF 61041 165000  780 221 2719     +104972    +74          33     +6   28  80  214  -61  220  -67  220  -67  22  0  0 L3P 16
G29 FF 61041 165000  780 274  836    +4002100   -102           3    -38   21  53  175  +38  107  +24  107   24  16  0  0 L3P 0B
G31 FF 61041 165000  780 247 2228    +1749315    +15          -6    +35   24   9  192  +46  231  -22  231  -22  18  0  0 L3P 1F
G05 FF 61041 170600  780 177  363    +2265339    -34          18    -41   29  13  262  +60   95  +13   95   13  23  0  0 L3P 01
G16 FF 61041 170600  780 579 2901    -1791956    -98           2    -20   15  63   95   -7   98   -5   98   -5  10  0  0 L3P ED
G18 FF 61041 170600  780 743 1018    +4620211    -90          11     +8   18  74   84   +1   84  -26   84  -26  12  0  0 L3P E3
G23 FF 61041 170600  780 265 1398    -5937227   -111          19    -60   34  68  181  -43  141  +21  141   21  25  0  0 L3P 46
G26 FF 61041 170600  780 648 2043    +3043615    +59           3     -3   22  31   89   +4  102  -16  102  -16  15  0  0 L3P E7
G27 FF 61041 170600  780 286 2755     +105027    +67          22     -1   25  80  169  -37  166  -70  166  -70  19  0  0 L3P 2D
G29 FF 61041 170600  780 211  873    +4002026   -121         -11    -57   29  53  222  +63  116  +37  116   37  23  0  0 L3P 2F
G31 FF 61041 170600  780 185 2190    +1749320     +3          18    +23   36   9  252  +83  225   -2  225   -2  29  0  0 L3P F1
G05 FF 61041 172200  780 132  316    +2265328    -26           1    -33   38  13  348 +125   91  -20   91  -20  32  0  0 L3P F6
G16 FF 61041 172200  780 636 2798    -1792036    -91          -4    -14   19  63   90   -4   85   -6   85   -6  13  0  0 L3P ED
G18 FF 61041 172200  780 702  807    +4620123    -39          17    +59   18  74   86   +3   69  -49   69  -49  14  0  0 L3P 08
G23 FF 61041 172200  780 330 1355    -5937269    -18          27    +33   29  68  148  -27  106  -51  106  -51  22  0  0 L3P 4C
G26 FF 61041 172200  780 585 1949    +3043680    +63           9     +1   26  31   95   +7   92   -5   92   -5  19  0  0 L3P C6
G27 FF 61041 172200  780 353 2790     +105092    +41          22    -27   22  80  140  -24  114  -20  114  -20  19  0  0 L3P 0D
G29 FF 61041 172200  780 150  910    +4001961    -31         -14    +32   47  53  307 +120  122  -21  122  -21  35  0  0 L3P 24
G31 FF 61041 172200  780 123 2156    +1749254     +2         -29    +23   37   9  371 +180  290  +19  290   19  32  0  0 L3P 2D
G10 FF 61041 173800  780 152 1643    +5791200    -44          33    -77   31  10  308 -140  153  +14  153   14  22  0  0 L3P 2D
G16 FF 61041 173800  780 673 2635    -1792112    -80          -6     -2   19  63   88   -2   78   -2   78   -2  11  0  0 L3P D2
G18 FF 61041 173800  780 641  698    +4620021   -126           9    -28   23  74   90   +5   65  +10   65   10  18  0  0 L3P E0
G23 FF 61041 173800  780 393 1300    -5937336    -17           8    +34   18  68  128  -17   94  -49   94  -49  13  0  0 L3P 31
G26 FF 61041 173800  780 514 1893    +3043737    +66           7     +4   23  31  103  +11   96   -4   96   -4  18  0  0 L3P DD
G27 FF 61041 173800  780 422 2823     +105136    +80           0    +12   27  80  120  -17  103  -30  103  -30  20  0  0 L3P EF
G07 FF 61041 175400  780 112 3304    +1293275    +76         -27    +23   43  96  407  -83  142  -12  142  -12  34  0  0 L3P 47
G08 FF 61041 175400  780 177 2849    -5088919   +140          31   +100   43  31  265  -94  158 -157  158 -157  32  0  0 L3P A8
G10 FF 61041 175400  780 222 1625    +5791229    -28          30    -61   25  10  214  -67  122  +27  122   27  21  0  0 L3P 22
G16 FF 61041 175400  780 679 2430    -1792183    -81          -3     -4   17  63   87   +1   71   +4   71    4  12  0  0 L3P B9
G18 FF 61041 175400  780 572  649    +4619925    -61           7    +37   19  74   96   +8   60  -29   60  -29  13  0  0 L3P FE
G23 FF 61041 175400  780 450 1229    -5937392    -65           1    -13   26  68  114  -11   83  -10   83  -10  19  0  0 L3P 0E
G26 FF 61041 175400  780 441 1860    +3043793    +79           4    +18   27  31  116  +16  100   -9  100   -9  22  0  0 L3P 02
G27 FF 61041 175400  780 493 2853     +105208    +84           7    +16   20  80  107  -12   84  -19   84  -19  14  0  0 L3P 01
G07 FF 61041 181000  780 130 3247    +1293336    +49         -22     -3   39  97  351  -37  139   +6  139    6  29  0  0 L3P 19
G08 FF 61041 181000  780 241 2876    -5088886    +21          33    -19   26  92  197  -52  121  -21  121  -21  22  0  0 L3P 44
G10 FF 61041 181000  780 294 1605    +5791244    +38          18     +5   26  11  165  -39  115  -39  115  -39  20  0  0 L3P 2E
G15 FF 61041 181000  780 125  629    -3726813    -90          -8    -54   46  18  368  -67   76  +28   76   28  37  0  0 L3P 23
G16 FF 61041 181000  780 651 2243    -1792255   -119          -3    -41   17  70   89   +3   68  +35   68   35  13  0  0 L3P 04
G18 FF 61041 181000  780 502  631    +4619841    -80          15    +18   21  75  105  +11   51  -24   51  -24  15  0  0 L3P F6
G23 FF 61041 181000  780 496 1138    -5937441    -89           1    -38   15  69  106   -6   74  +13   74   13  11  0  0 L3P FB
G26 FF 61041 181000  780 368 1839    +3043851    +42           3    -20   28  32  134  +24  107  +18  107   18  23  0  0 L3P 15
G27 FF 61041 181000  780 566 2878     +105265    +65          -4     -3   15  81   97   -9   74  -24   74  -24  11  0  0 L3P E2
G07 FF 61041 182600  780 139 3186    +1293403    +91          -5    +39   30  97  330   -9  110  -55  110  -55  23  0  0 L3P 29
G08 FF 61041 182600  780 308 2900    -5088852    +20          29    -20   25  92  158  -32   92  -12   92  -12  18  0  0 L3P 25
G10 FF 61041 182600  780 367 1579    +5791277    +58          20    +25   17  11  135  -24   92  -43   92  -43  15  0  0 L3P 2C
G15 FF 61041 182600  780 143  562    -3726852    -30         -14     +6   42  18  323  -29   61  -17   61  -17  35  0  0 L3P 09
G16 FF 61041 182600  780 599 2113    -1792329   -106          -3    -29   21  70   93   +6   68  +23   68   23  16  0  0 L3P 0C
G18 FF 61041 182600  780 431  631    +4619722   -128         -10    -30   23  75  118  +16   69  +18   69   18  17  0  0 L3P 29
G23 FF 61041 182600  780 526 1025    -5937488    -27           3    +24   14  69  102   -3   58  -18   58  -18  10  0  0 L3P 09
G26 FF 61041 182600  780 296 1825    +3043926    +71          19     +9   29  32  163  +37  102   -4  102   -4  22  0  0 L3P 09
G27 FF 61041 182600  780 641 2893     +105323    +71         -11     +2   13  81   90   -6   67  -14   67  -14   9  0  0 L3P D0
G07 FF 61041 184200  780 138 3123    +1293440    +36         -19    -16   42  97  333  +16  102   +8  102    8  29  0  0 L3P 16
G08 FF 61041 184200  780 376 2918    -5088826    -23          16    -63   22  92  133  -22   72  +31   72   31  16  0  0 L3P 1C
G10 FF 61041 184200  780 440 1544    +5791300    +53          11    +20   26  11  116  -16   83  -37   83  -37  19  0  0 L3P 0D
G15 FF 61041 184200  780 150  493    -3726878    -20          -6    +15   38  18  308   -4   48  -12   48  -12  27  0  0 L3P 02
G16 FF 61041 184200  780 534 2031    -1792413   -140         -12    -62   28  70  101   +9   77  +54   77   54  22  0  0 L3P 18
G18 FF 61041 184200  780 362  642    +4619632    -89          -6     +9   28  75  136  +23   59  -10   59  -10  21  0  0 L3P 06
G23 FF 61041 184200  780 536  899    -5937535    -34           5    +18   18  69  100   +0   49  -25   49  -25  12  0  0 L3P 01
G26 FF 61041 184200  780 226 1814    +3043980    +11          14    -50   26  32  209  +62  110  +45  110   45  21  0  0 L3P 15
G27 FF 61041 184200  780 717 2887     +105399    +89          -1    +21   16  81   85   -4   52  -24   52  -24  10  0  0 L3P EE
G02 FF 61041 185800  780 160 2512      -73338    -82         -15     +1   30  76  292 -114  149  -61  149  -61  23  0  0 L3P 2A
G07 FF 61041 185800  780 126 3060    +1293507    +86          -2    +33   30  97  362  +46   94  -21   94  -21  23  0  0 L3P 1D
G08 FF 61041 185800  780 446 2929    -5088794    +50          10    +10   25  92  115  -15   59  -22   59  -22  19  0  0 L3P 36
G10 FF 61041 185800  780 510 1492    +5791325    +26           4     -7   18  11  104  -10   73   -3   73   -3  13  0  0 L3P C6
G15 FF 61041 185800  780 146  425    -3726891    -78          15    -43   34  18  315  +20   29  +35   29   35  25  0  0 L3P 14
G16 FF 61041 185800  780 463 1979    -1792488    -78         -13     -1   27  70  112  +14   81   +8   81    8  23  0  0 L3P 06
G18 FF 61041 185800  780 295  662    +4619555    -95          11     +3   26  75  163  +34   45   +5   45    5  19  0  0 L3P E4
G23 FF 61041 185800  780 524  777    -5937591    -67          -1    -16   21  69  102   +3   46  +16   46   16  16  0  0 L3P FF
G26 FF 61041 185800  780 157 1804    +3044037     -6          12    -68   31  32  294 +123  116  +70  116   70  23  0  0 L3P 2D
G27 FF 61041 185800  780 792 2817     +105460    +78          -5    +10   15  81   82   -2   56   -4   56   -4  10  0  0 L3P C4
G02 FF 61041 191400  780 224 2550      -73412   -112          -9    -29   38  76  212  -59  112   +7  112    7  27  0  0 L3P F1
G07 FF 61041 191400  780 105 2998    +1293555    +42          -3    -11   40  97  430 +100   99  +27   99   27  30  0  0 L3P 29
G08 FF 61041 191400  780 517 2927    -5088756     +8          10    -31   15  92  103  -11   48  +11   48   11  10  0  0 L3P FA
G10 FF 61041 191400  780 574 1414    +5791339    +81         -13    +48   22  11   96   -7   73  -41   73  -41  17  0  0 L3P 0C
G15 FF 61041 191400  780 131  359    -3726929     +4          11    +39   38  18  350  +54   33  -35   33  -35  29  0  0 L3P 04
G16 FF 61041 191400  780 390 1946    -1792557    -72          -8     +6   19  70  128  +21   81   +9   81    9  16  0  0 L3P F0
G18 FF 61041 191400  780 230  686    +4619451   -103           1     -5   32  75  205  +55   58   +3   58    3  23  0  0 L3P C8
G23 FF 61041 191400  780 491  673    -5937630    -98           9    -47   20  69  107   +7   38  +30   38   30  13  0  0 L3P F2
G27 FF 61041 191400  780 851 2414     +105531    +80           0    +12   11  81   81   +0   53  -13   53  -13   8  0  0 L3P A2
G02 FF 61041 193000  780 288 2590      -73497    -38         -15    +45   31  76  168  -36   92  -47   92  -47  23  0  0 L3P 29
G08 FF 61041 193000  780 589 2907    -5088724    +25           4    -15   19  92   94   -7   48   +8   48    8  14  0  0 L3P E0
G10 FF 61041 193000  780 626 1296    +5791366    +51         -18    +18   26  11   91   -4   67  -19   67  -19  19  0  0 L3P 1D
G15 FF 61041 193000  780 105  299    -3726960    -34          14     +1   32  18  431 +122   39  +40   39   40  28  0  0 L3P F8
G16 FF 61041 193000  780 317 1923    -1792612    -67          11    +11   24  70  153  +32   75   +4   75    4  19  0  0 L3P E8
G18 FF 61041 193000  780 167  714    +4619370    -82          14    +16   30  75  277 +101   56   +0   56    0  24  0  0 L3P E7
G23 FF 61041 193000  780 444  595    -5937690    -31          -2    +20   19  69  115  +11   48   -3   48   -3  13  0  0 L3P E8
G27 FF 61041 193000  780 822 1697     +105599    +18           3    -50   15  81   82   +1   43  +29   43   29  10  0  0 L3P CC
G02 FF 61041 194600  780 352 2631      -73552    -80          10     +3   22  76  140  -23   58  -15   58  -15  16  0  0 L3P DF
G08 FF 61041 194600  780 657 2851    -5088693    +48          -4     +8   17  92   89   -5   50  -11   50  -11  12  0  0 L3P FB
G10 FF 61041 194600  780 657 1132    +5791417    +30           2     -3   18  11   89   -1   47   +2   47    2  12  0  0 L3P 9A
G16 FF 61041 194600  780 246 1905    -1792701    -93          -3    -15   35  70  193  +53  101  +30  101   30  26  0  0 L3P 23
G23 FF 61041 194600  780 388  542    -5937745    -61          -8    -10   27  69  129  +17   55   +9   55    9  19  0  0 L3P 02
G27 FF 61041 194600  780 748 1545     +105648    +53         -14    -15   13  81   84   +3   55   +1   55    1   9  0  0 L3P B8
G01 FF 61041 200200  780 104 2570    -3476256    -23          19    -53   53  21  440 -246  114  +19  114   19  38  0  0 L3P 36
G02 FF 61041 200200  780 418 2674      -73645   -127          -8    -44   27   1  121  -16   70  +16   70   16  19  0  0 L3P DD
G08 FF 61041 200200  780 717 2727    -5088660    +35          -7     -5   20  99   85   -3   50   +1   50    1  13  0  0 L3P AD
G10 FF 61041 200200  780 658  946    +5791437    +25         -10     -8   16  11   89   +1   54   +6   54    6  12  0  0 L3P AE
G16 FF 61041 200200  780 177 1891    -1792770    -74           3     +3   36  86  264 +100  108   +3  108    3  29  0  0 L3P FE
G23 FF 61041 200200  780 326  507    -5937797     +5         -16    +56   21  70  149  +27   51  -47   51  -47  15  0  0 L3P 11
G27 FF 61041 200200  780 670 1514     +105711    +88         -18    +20   15  82   88   +5   54   +3   54    3  10  0  0 L3P AE
G32 FF 61041 200200  780 149 1289    +1820005   -173          12     -6   32   0  313 -124  104  -18  104  -18  25  0  0 L3P 1E
G01 FF 61041 201800  780 164 2607    -3476242    +43           5    +13   31  21  285 -104   95  -38   95  -38  23  0  0 L3P 1B
G02 FF 61041 201800  780 485 2718      -73728    -80         -11     +3   18   1  108  -12   61   +4   61    4  13  0  0 L3P 9F
G08 FF 61041 201800  780 754 2489    -5088611    +33           4     -7   17  99   84   -1   43  +12   43   12  11  0  0 L3P CF
G10 FF 61041 201800  780 629  786    +5791484    +67           5    +34   21  11   91   +3   41  -17   41  -17  15  0  0 L3P D6
G16 FF 61041 201800  780 110 1877    -1792832   -214          16   -136   33  86  415 +240  107  +94  107   94  27  0  0 L3P 74
G23 FF 61041 201800  780 262  489    -5937833    -59          -3     -7   35  70  182  +43   33  +12   33   12  28  0  0 L3P F1
G27 FF 61041 201800  780 591 1513     +105785    +88         -10    +19   17  82   94   +8   56   -6   56   -6  12  0  0 L3P DE
G32 FF 61041 201800  780 207 1246    +1819843   -201          11    -34   28   0  228  -63   89   +6   89    6  23  0  0 L3P F0
G01 FF 61041 203400  780 225 2645    -3476203    +49          15    +19   31  21  211  -57   72  -18   72  -18  25  0  0 L3P 13
G02 FF 61041 203400  780 552 2763      -73804    -82          -8     +1   26   1   98   -8   55   -2   55   -2  19  0  0 L3P 8C
G08 FF 61041 203400  780 747 2190    -5088588    +12         -11    -28   16  99   84   +1   52  +33   52   33  11  0  0 L3P FF
G10 FF 61041 203400  780 580  676    +5791505    +68          -6    +35   20  11   95   +6   47  -26   47  -26  13  0  0 L3P E8
G14 FF 61041 203400  780 119 3273    -7260160    -54          42    -29   41  31  385 -135   37   -3   37   -3  31  0  0 L3P 03
G23 FF 61041 203400  780 197  481    -5937866     +5          13    +57   23  70  238  +77   25  -41   25  -41  18  0  0 L3P 0A
G27 FF 61041 203400  780 513 1522     +105860    +68           0     +0   19  82  103  +12   53   +6   53    6  15  0  0 L3P 98
G32 FF 61041 203400  780 264 1196    +1819665   -195          -7    -28   24   0  181  -37   91  +10   91   10  16  0  0 L3P 0D
G01 FF 61041 205000  780 288 2683    -3476165   +103          25    +74   41  21  168  -35   54  -70   54  -70  28  0  0 L3P 33
G02 FF 61041 205000  780 620 2811      -73886    -77         -10     +6   17   1   92   -6   55  -10   55  -10  11  0  0 L3P AA
G08 FF 61041 205000  780 700 1982    -5088548    +55          -9    +15   16  99   86   +3   56   -3   56   -3  11  0  0 L3P E3
G10 FF 61041 205000  780 519  611    +5791535    +52          -7    +20   23  11  102   +9   44  -18   44  -18  16  0  0 L3P DE
G14 FF 61041 205000  780 158 3225    -7260191    -36          35    -11   33  31  294  -65   32   +3   32    3  24  0  0 L3P D9
G23 FF 61041 205000  780 132  484    -5937941    +16         -13    +67   55  70  347 +165   40  -38   40  -38  41  0  0 L3P 30
G27 FF 61041 205000  780 436 1535     +105913    +44         -13    -24   23  82  117  +17   66  +24   66   24  16  0  0 L3P FE
G32 FF 61041 205000  780 317 1138    +1819519   -167           7     +0   20   0  154  -23   67   +1   67    1  13  0  0 L3P B4
G01 FF 61041 210600  780 352 2722    -3476150    -23          11    -53   28  21  140  -23   58  +23   58   23  20  0  0 L3P F3
G02 FF 61041 210600  780 689 2863      -73951    -49           4    +34   22   1   87   -4   44  -25   44  -25  15  0  0 L3P BB
G08 FF 61041 210600  780 635 1874    -5088514    +45         -13     +5   19  99   90   +6   59   +8   59    8  13  0  0 L3P E2
G10 FF 61041 210600  780 454  575    +5791550    -18         -24    -51   23  11  113  +13   54  +37   54   37  17  0  0 L3P 00
G14 FF 61041 210600  780 188 3168    -7260214    -29          36     -4   33  31  248  -34   30   -6   30   -6  25  0  0 L3P E2
G22 FF 61041 210600  780 113 3302     +634554    -91          -5    -50   62  11  405 -145   82   +6   82    6  41  0  0 L3P D2
G27 FF 61041 210600  780 361 1549     +105967    +65         -25     -3   23  82  137  +25   81  +11   81   11  18  0  0 L3P F3
G32 FF 61041 210600  780 364 1068    +1819341   -144         -10    +23   15   0  136  -14   72  -19   72  -19  12  0  0 L3P 16
G01 FF 61041 212200  780 417 2760    -3476130    +18           3    -12   28  21  121  -16   52   -3   52   -3  20  0  0 L3P C1
G02 FF 61041 212200  780 759 2924      -74030    -92           5     -9   17   1   83   -3   42   +9   42    9  12  0  0 L3P 6A
G03 FF 61041 212200  780 113 2241    -6094850    +93           4     -2   41 105  409 -236   98   +2   98    2  33  0  0 L3P E3
G08 FF 61041 212200  780 562 1819    -5088472    +42          -9     +2   19  99   97   +9   61   -1   61   -1  15  0  0 L3P CF
G10 FF 61041 212200  780 386  560    +5791572    +35         -33     +2   31  11  129  +20   59   -1   59   -1  23  0  0 L3P CF
G14 FF 61041 212200  780 209 3104    -7260276     -8          -2    +17   33  31  225  -16   56  +11   56   11  22  0  0 L3P DE
G22 FF 61041 212200  780 150 3253     +634534     +2          14    +43   33  11  309  -68   50  -37   50  -37  25  0  0 L3P E1
G27 FF 61041 212200  780 288 1563     +106031     +5         -26    -63   26  82  167  +39   95  +60   95   60  18  0  0 L3P 02
G32 FF 61041 212200  780 400  986    +1819185   -154          -5    +13   25   0  126   -8   60  -19   60  -19  18  0  0 L3P F0
G01 FF 61041 213800  780 485 2798    -3476102    -39           3    -68   23  21  108  -12   45  +34   45   34  17  0  0 L3P 06
G02 FF 61041 213800  780 829 3026      -74117    -81          -2     +2   18   1   81   -1   44   -8   44   -8  12  0  0 L3P 7C
G03 FF 61041 213800  780 180 2271    -6094732   +129          31    +34   48 105  261  -97   64  -25   64  -25  38  0  0 L3P 4B
G08 FF 61041 213800  780 487 1791    -5088440    +76         -16    +37   24  99  107  +13   74  -22   74  -22  18  0  0 L3P 43
G10 FF 61041 213800  780 319  558    +5791615    +28         -22     -5   27  11  152  +29   51  +11   51   11  21  0  0 L3P E7
G14 FF 61041 213800  780 218 3035    -7260296    +24           1    +49   26  31  216   -3   54  -28   54  -28  19  0  0 L3P FC
G22 FF 61041 213800  780 179 3197     +634505    -95          25    -55   46  11  261  -35   37  +19   37   19  33  0  0 L3P 12
G27 FF 61041 213800  780 217 1576     +106126    +31           3    -37   29  82  217  +68   80  +24   80   24  23  0  0 L3P E9
G32 FF 61041 213800  780 422  894    +1819007   -136         -23    +31   25   0  120   -4   64  -38   64  -38  19  0  0 L3P 03
G01 FF 61041 215400  780 554 2834    -3476081    +29          -5     -1   22  21   98   -9   45   -6   45   -6  15  0  0 L3P C5
G02 FF 61041 215400  780 885  318      -74186   -112           9    -29   16   1   81   +0   33  +19   33   19  10  0  0 L3P 9D
G03 FF 61041 215400  780 248 2304    -6094659    +26          14    -68   34 105  193  -52   71  +29   71   29  26  0  0 L3P 31
G08 FF 61041 215400  780 411 1775    -5088390    +70          -4    +30   21  99  123  +19   72  -13   72  -13  18  0  0 L3P 17
G10 FF 61041 215400  780 252  567    +5791650    +27         -19     -6   31  11  188  +47   57  +18   57   18  26  0  0 L3P 09
G14 FF 61041 215400  780 215 2963    -7260282    -60          40    -35   33  31  219   +9   30  +33   30   33  27  0  0 L3P EE
G17 FF 61041 215400  780 100 3171     +194298   +173           4    +54   28  68  458 -273   68  -38   68  -38  21  0  0 L3P 39
G22 FF 61041 215400  780 197 3135     +634465    -85          24    -44   43  11  238  -16   30  +38   30   38  32  0  0 L3P FC
G27 FF 61041 215400  780 148 1586     +106175    -13         -13    -81   27  82  311 +140  104  +73  104   73  21  0  0 L3P 2E
G32 FF 61041 215400  780 429  796    +1818841   -200         -29    -33   29   0  119   +0   58   -4   58   -4  21  0  0 L3P E7
G01 FF 61041 221000  780 625 2867    -3476065    +38         -19     +9   19  22   91   -6   49   -8   49   -8  13  0  0 L3P E7
G02 FF 61041 221000  780 825 1066      -74268   -105           5    -22   16  10   82   +1   38   +9   38    9  11  0  0 L3P 94
G03 FF 61041 221000  780 317 2340    -6094604    +89         -22     -6   21 118  154  -32   88   -4   88   -4  16  0  0 L3P 05
G08 FF 61041 221000  780 337 1767    -5088358    +46         -13     +6   30  32  145  +29   81   +9   81    9  25  0  0 L3P F3
G10 FF 61041 221000  780 188  582    +5791707    +88          11    +55   34  13  249  +83   27  -37   27  -37  27  0  0 L3P 1D
G14 FF 61041 221000  780 200 2892    -7260336    +28          11    +53   40  32  234  +23   60  -20   60  -20  32  0  0 L3P F1
G17 FF 61041 221000  780 161 3162     +194437    +90          27    -29   25  69  291 -108   29  -27   29  -27  16  0  0 L3P 2B
G22 FF 61041 221000  780 204 3068     +634416     -7          13    +34   29  33  230   -2   42  -27   42  -27  21  0  0 L3P CA
G32 FF 61041 221000  780 418  702    +1818705   -161          -6     +6   27  13  121   +5   43   +3   43    3  18  0  0 L3P A8
G01 FF 61041 222600  780 698 2895    -3476024    +33          -6     +3   15  22   86   -4   41   -7   41   -7  10  0  0 L3P BE
G02 FF 61041 222600  780 753 1160      -74342   -156          10    -73   15  10   84   +3   34  +50   34   50   9  0  0 L3P B1
G03 FF 61041 222600  780 387 2380    -6094505    +85         -14     -9   29 118  129  -21   77   +9   77    9  21  0  0 L3P 12
G08 FF 61041 222600  780 264 1762    -5088328    +88         -21    +48   33  32  181  +47   97  -29   97  -29  22  0  0 L3P 4D
G10 FF 61041 222600  780 124  604    +5791746    +21          19    -11   61  13  368 +180   27   +8   27    8  51  0  0 L3P E7
G14 FF 61041 222600  780 175 2825    -7260366    -54           5    -29   42  32  265  +44   73  +34   73   34  30  0  0 L3P 05
G17 FF 61041 222600  780 220 3144     +194510   +141         -15    +21   37  69  215  -56   53   +1   53    1  29  0  0 L3P E3
G22 FF 61041 222600  780 200 3000     +634392    -29          28    +12   33  33  234  +11   30   -1   30   -1  25  0  0 L3P B3
G32 FF 61041 222600  780 391  619    +1818530   -145         -21    +22   32  13  128   +9   57  -16   57  -16  23  0  0 L3P 13
G01 FF 61041 224200  780 772 2907    -3476004    +21         -14     -8   17  22   83   -3   45   -1   45   -1  12  0  0 L3P BC
G02 FF 61041 224200  780 681 1216      -74420    -69          12    +14   13  10   87   +5   37  -20   37  -20   8  0  0 L3P AD
G03 FF 61041 224200  780 459 2425    -6094420    +73         -19    -21   28 118  113  -14   66   +2   66    2  22  0  0 L3P 01
G08 FF 61041 224200  780 194 1758    -5088304    +21         -35    -19   34  32  242  +85  121  +30  121   30  25  0  0 L3P 31
G14 FF 61041 224200  780 142 2762    -7260381    -24          15     +1   29  32  324  +83   74   -6   74   -6  21  0  0 L3P DF
G17 FF 61041 224200  780 276 3115     +194644   +155           4    +35   28  69  174  -33   39  -24   39  -24  21  0  0 L3P 15
G22 FF 61041 224200  780 185 2932     +634332    -48           8     -7   42  33  252  +27   54  +13   54   13  32  0  0 L3P D1
G32 FF 61041 224200  780 352  550    +1818373   -181         -17    -14   25  13  140  +16   53  +18   53   18  19  0  0 L3P 11
G01 FF 61041 225800  780 846 2843    -3475973    +47         -11    +17   14  22   81   -1   43  -11   43  -11  10  0  0 L3P FA
G02 FF 61041 225800  780 609 1260      -74515    -53          -3    +30   18  10   92   +7   54  -10   54  -10  12  0  0 L3P B6
G03 FF 61041 225800  780 531 2476    -6094328    +59         -18    -35   19 118  101  -10   54   +9   54    9  15  0  0 L3P 17
G04 FF 61041 225800  780 107 1892     -354775    +78         -10   +103   39  64  434 -276  117  -77  117  -77  30  0  0 L3P 79
G08 FF 61041 225800  780 125 1753    -5088245    +49         -14     +9   44  32  366 +190  115  -23  115  -23  32  0  0 L3P 51
G14 FF 61041 225800  780 102 2704    -7260415    -10           5    +15   42  32  443 +178   89   -9   89   -9  32  0  0 L3P 01
G17 FF 61041 225800  780 328 3073     +194779   +155          25    +35   20  69  149  -20   28  -32   28  -32  16  0  0 L3P 2D
G19 FF 61041 225800  780 133 3207    -6835114    +61          27    +80   33   1  349 -153   39 -104   39 -104  23  0  0 L3P 40
G22 FF 61041 225800  780 160 2869     +634288    -18           3    +23   41  33  289  +52   67   -4   67   -4  28  0  0 L3P EB
G32 FF 61041 225800  780 304  498    +1818225   -142          -5    +25   29  13  159  +25   42  -25   42  -25  21  0  0 L3P 14
G01 FF 61041 231400  780 870 1571    -3475924    +46           9    +16   17  22   81   +0   28  -13   28  -13  11  0  0 L3P DC
G02 FF 61041 231400  780 537 1299      -74595    -16          -4    +67   22  10  100  +10   63  -36   63  -36  15  0  0 L3P EB
G03 FF 61041 231400  780 604 2535    -6094242    +63         -22    -32   16 118   93   -7   50  +15   50   15  12  0  0 L3P F7
G04 FF 61041 231400  780 177 1892     -354782    +95           7   +120   32  64  266 -107   94  -99   94  -99  23  0  0 L3P 45
G17 FF 61041 231400  780 373 3015     +194892   +167          23    +48   20  69  133  -13   32  -29   32  -29  15  0  0 L3P 1F
G19 FF 61041 231400  780 190 3182    -6835138    +55          22    +75   37   1  247  -72   29  -44   29  -44  27  0  0 L3P 1F
G22 FF 61041 231400  780 127 2809     +634252    -67           6    -26   41  33  360 +101   81   +3   81    3  29  0  0 L3P CD
G28 FF 61041 231400  780 174  867    +6167022    -47           6     +0   33 141  268  -59   66  -22   66  -22  25  0  0 L3P 06
G32 FF 61041 231400  780 249  461    +1818076   -178           6    -11   28  13  191  +42   31   +7   31    7  22  0  0 L3P D1
G01 FF 61041 233000  780 795 1375    -3475905    +62           0    +33   15  22   82   +2   35  -27   35  -27  10  0  0 L3P DB
G02 FF 61041 233000  780 466 1334      -74682    -71         -11    +12   25  10  111  +14   79   +1   79    1  18  0  0 L3P BD
G03 FF 61041 233000  780 676 2610    -6094146    +80         -17    -14   12 118   87   -5   40  +11   40   11  10  0  0 L3P EF
G04 FF 61041 233000  780 249 1894     -354805    -54           8    -29   26  64  192  -55   83  +12   83   12  19  0  0 L3P 00
G17 FF 61041 233000  780 407 2941     +195000   +121          17     +2   24  69  124   -7   37   +8   37    8  18  0  0 L3P BE
G19 FF 61041 233000  780 244 3145    -6835171    -54           7    -34   29   1  195  -40   38  +28   38   28  20  0  0 L3P F6
G28 FF 61041 233000  780 209  802    +6166984    -45          13     +2   25 141  226  -32   49   -9   49   -9  21  0  0 L3P F0
G31 FF 61041 233000  780 123 1117    +1748844    -23           6     -2   66  15  374 -157  110   +1  110    1  47  0  0 L3P E5
G32 FF 61041 233000  780 191  436    +1817909   -163           0     +4   29  13  245  +75   31   -8   31   -8  24  0  0 L3P CF
G01 FF 61041 234600  780 718 1371    -3475888    +56         -12    +26   15  22   85   +4   51   -7   51   -7  10  0  0 L3P E5
G02 FF 61041 234600  780 395 1366      -74747    -91           4     -8   22  10  127  +20   78  +20   78   20  16  0  0 L3P C9
G03 FF 61041 234600  780 747 2721    -6094060   +138         -22    +44   14 118   84   -3   43  -23   43  -23   9  0  0 L3P 14
G04 FF 61041 234600  780 324 1896     -354823    -35          14    -10   29  64  151  -33   68   +2   68    2  21  0  0 L3P DC
G17 FF 61041 234600  780 428 2854     +195101   +127           3     +7   22  69  119   -3   44  -16   44  -16  19  0  0 L3P EB
G19 FF 61041 234600  780 292 3095    -6835193    +47           4    +66   26   1  166  -24   45  -48   45  -48  19  0  0 L3P 1C
G28 FF 61041 234600  780 234  732    +6166923    -45          -4     +1   38 141  202  -17   56   -1   56   -1  29  0  0 L3P E1
G31 FF 61041 234600  780 174 1064    +1748826    -86           8    -66   35  15  268  -76  100  +41  100   41  27  0  0 L3P 2A
G32 FF 61041 234600  780 131  422    +1817751   -141           2    +26   37  13  352 +161   42   +9   42    9  33  0  0 L3P D9
