CGGTTS     GENERIC DATA FORMAT VERSION = 2E
REV DATE = 2026-01-01                    
RCVR = POLARX5-TR                    R2CGGTTS v8.8    
CH = 99 
IMS = POLARX5-TR                    
LAB = PTB                           
X = +3844059.67 m 
Y =  +709661.67 m 
Z = +5023129.80 m 
FRAME = ITRF
COMMENTS =           IGS RINEX,AUSPOS XYZ          
INT DLY =   31.0 ns (GPS P1),   28.5 ns (GPS P2)     CAL_ID = 1001-2022           
CAB DLY =  205.7 ns 
REF DLY =   56.2 ns
REF = UTC(PTB)                      
CKSUM = 5E

SAT CL  MJD  STTIME TRKL ELV AZTH   REFSV      SRSV     REFSYS    SRSYS  DSG IOE MDTR SMDT MDIO SMDI MSIO SMSI ISG FR HC FRC CK
             hhmmss  s  .1dg .1dg    .1ns     .1ps/s     .1ns    .1ps/s .1ns     .1ns.1ps/s.1ns.1ps/s.1ns.1ps/s.1ns
G01 FF 61045 000600  780 560 1410    -3467957     +2          -5    -29   20  61   97   +9   36  +23   36   23  15  0  0 L3P D0
G02 FF 61045 000600  780 254 1422      -96353   -105          -3    -22   30  13  188  +49   67  +23   67   23  27  0  0 L3P F0
G03 FF 61045 000600  780 844 3575    -6068834   +115         -50    +16   26  73   81   +0   40   -6   40   -6  17  0  0 L3P F0
G04 FF 61045 000600  780 478 1896     -361286    -40         -19    -15   29 104  109  -14   50   +4   50    4  22  0  0 L3P F5
G06 FF 61045 000600  780 171 3066    +5988394    +76         -19    +32   51   1  274 -103   39  -18   39  -18  35  0  0 L3P 3E
G09 FF 61045 000600  780 178 2098    -7697510    +63         -17    +71   40   1  265 -103   89  -56   89  -56  31  0  0 L3P 48
G17 FF 61045 000600  780 419 2658     +226154   +156           0    +36   29  76  121   +5   34  -29   34  -29  19  0  0 L3P 00
G19 FF 61045 000600  780 359 2953    -6840077    -49          17    -30   36  12  138   -7   18  +26   18   26  26  0  0 L3P 15
G28 FF 61045 000600  780 251  583    +6154664   -100         -14    -53   31 181  190   +3   30  +37   30   37  24  0  0 L3P 0A
G31 FF 61045 000600  780 263  938    +1743532    -21         -16     -1   26 185  182  -24   62  -14   62  -14  21  0  0 L3P 0B
G01 FF 61045 002200  780 483 1433    -3467924     -7          -3    -39   23  61  108  +13   38  +37   38   37  15  0  0 L3P FC
G02 FF 61045 002200  780 185 1445      -96420    -97          10    -14   30  13  252  +90   67  +24   67   24  22  0  0 L3P DE
G03 FF 61045 002200  780 801  493    -6068729    +68         -39    -31   15  73   82   +2   31  +19   31   19  11  0  0 L3P E7
G04 FF 61045 002200  780 557 1885     -361292    -17          -1     +8   25 104   98  -10   34  -12   34  -12  18  0  0 L3P EC
G06 FF 61045 002200  780 237 3074    +5988415    -27         -40    -71   42   1  201  -55   59  +43   59   43  27  0  0 L3P 13
G09 FF 61045 002200  780 248 2116    -7697517     -2         -16     +6   41   1  193  -54   77  -21   77  -21  35  0  0 L3P FE
G17 FF 61045 002200  780 391 2570     +226270   +104           2    -16   22  76  128  +10   38  +12   38   12  17  0  0 L3P E3
G19 FF 61045 002200  780 372 2865    -6840113    +24          -2    +42   28  12  133   -2   34  -30   34  -30  25  0  0 L3P ED
G28 FF 61045 002200  780 239  510    +6154615    -29         -17    +19   40 181  198  +14   23  -15   23  -15  28  0  0 L3P 26
G31 FF 61045 002200  780 294  862    +1743513    -34         -16    -14   36 185  164  -14   49   -8   49   -8  27  0  0 L3P 16
G01 FF 61045 003800  780 407 1456    -3467915    +23         -24     -9   28  61  123  +19   61  +19   61   19  22  0  0 L3P 0E
G02 FF 61045 003800  780 119 1465      -96497   -111          12    -28   58  13  386 +210   74  +12   74   12  45  0  0 L3P 13
G03 FF 61045 003800  780 735  680    -6068637   +130         -42    +31   17  73   84   +3   37  -14   37  -14  12  0  0 L3P 05
G04 FF 61045 003800  780 635 1857     -361338    -41         -23    -16   19 104   90   -6   42   +7   42    7  12  0  0 L3P D3
G06 FF 61045 003800  780 303 3073    +5988484    +39         -14     -5   26   1  160  -33   40   -7   40   -7  19  0  0 L3P E6
G09 FF 61045 003800  780 320 2137    -7697520    +21         -12    +29   30   1  153  -32   65  -26   65  -26  25  0  0 L3P 12
G17 FF 61045 003800  780 351 2494     +226389    +49           6    -70   20  76  140  +16   40  +64   40   64  15  0  0 L3P EE
G19 FF 61045 003800  780 369 2773    -6840120    -41           9    -23   28  12  134   +4   28  +21   28   21  22  0  0 L3P E7
G28 FF 61045 003800  780 216  444    +6154573    -87         -13    -40   40 181  218  +28   25  +29   25   29  30  0  0 L3P 23
G31 FF 61045 003800  780 314  780    +1743484    -57         -25    -37   23 185  155   -6   50  +23   50   23  19  0  0 L3P 0F
G01 FF 61045 005400  780 333 1478    -3467847     -6          13    -38   26  61  147  +30   39  +35   39   35  19  0  0 L3P 11
G03 FF 61045 005400  780 666  782    -6068548    +58         -48    -41   24  73   88   +5   43  +34   43   34  15  0  0 L3P 02
G04 FF 61045 005400  780 710 1789     -361375    -39         -36    -14   21 104   86   -4   48   +5   48    5  14  0  0 L3P DF
G06 FF 61045 005400  780 370 3060    +5988512    +99         -29    +55   23   1  134  -21   47  -42   47  -42  16  0  0 L3P 1F
G09 FF 61045 005400  780 394 2160    -7697529     -9         -13     -1   28   1  127  -21   58   -1   58   -1  22  0  0 L3P DA
G17 FF 61045 005400  780 302 2429     +226498   +122           1     +3   27  76  160  +26   51   +0   51    0  21  0  0 L3P AB
G19 FF 61045 005400  780 350 2684    -6840143    -13           4     +5   22  12  141   +9   36   +4   36    4  15  0  0 L3P A8
G28 FF 61045 005400  780 182  387    +6154558    -14          18    +33   45 181  255  +53    3  -18    3  -18  34  0  0 L3P 05
G31 FF 61045 005400  780 319  695    +1743475     +5         -15    +25   23 185  153   +1   40  -26   40  -26  18  0  0 L3P 01
G01 FF 61045 011000  780 260 1497    -3467817    +23          13     -8   32  61  183  +48   47   -8   47   -8  23  0  0 L3P EF
G03 FF 61045 011000  780 596  857    -6068451   +126         -46    +27   21  73   94   +7   40  -26   40  -26  14  0  0 L3P 0B
G04 FF 61045 011000  780 774 1615     -361371    -38          -8    -13   14 104   83   -2   26   +2   26    2   9  0  0 L3P A2
G06 FF 61045 011000  780 435 3031    +5988575    +29          -8    -16   29   1  118  -14   31  +18   31   18  20  0  0 L3P F4
G09 FF 61045 011000  780 470 2186    -7697532    -32          -8    -25   25   1  111  -14   43  +10   43   10  20  0  0 L3P E1
G17 FF 61045 011000  780 247 2374     +226616   +110           4    -10   31  76  192  +42   56  +13   56   13  26  0  0 L3P E8
G19 FF 61045 011000  780 317 2602    -6840162    -18           2     +0   21  12  153  +17   44  +13   44   13  15  0  0 L3P C8
G28 FF 61045 011000  780 140  339    +6154440   -105         -55    -58   57 181  328 +105   63  +57   63   57  39  0  0 L3P 4D
G31 FF 61045 011000  780 309  613    +1743446    +20         -24    +41   33 185  157   +8   43  -36   43  -36  22  0  0 L3P 07
G01 FF 61045 012600  780 189 1514    -3467793    +70           6    +38   41  61  247  +89   53  -10   53  -10  30  0  0 L3P 0E
G03 FF 61045 012600  780 527  918    -6068352    +57         -41    -42   23  73  101  +10   42  +28   42   28  15  0  0 L3P 02
G04 FF 61045 012600  780 802 1230     -361419    -29         -32     -4   18 104   82   +0   43   +4   43    4  13  0  0 L3P A6
G06 FF 61045 012600  780 496 2981    +5988604   +110         -22    +65   25   1  106  -10   42  -46   42  -46  17  0  0 L3P 2D
G09 FF 61045 012600  780 546 2212    -7697558     +6         -27    +14   24   1   99  -10   48  -17   48  -17  18  0  0 L3P 0E
G11 FF 61045 012600  780 103 3158    +4854393   -157         -31    -24   56 152  448 -266   66   +7   66    7  40  0  0 L3P 41
G17 FF 61045 012600  780 190 2328     +226739   +146          12    +26   39  76  246  +74   62  -19   62  -19  30  0  0 L3P 2B
G19 FF 61045 012600  780 274 2531    -6840180    -26           2     -7   29  12  174  +28   56  +19   56   19  23  0  0 L3P F8
G31 FF 61045 012600  780 286  538    +1743424    -17         -27     +4   36 185  168  +17   41  -12   41  -12  26  0  0 L3P 17
G01 FF 61045 014200  780 120 1529    -3467764   +148           5   +116   54  61  381 +210   57 -119   57 -119  40  0  0 L3P 65
G03 FF 61045 014200  780 459  973    -6068258    +73         -43    -26   18  73  112  +13   48  +16   48   16  12  0  0 L3P 18
G04 FF 61045 014200  780 769  871     -361426    -12         -15    +14   17 104   83   +2   35   +4   35    4  11  0  0 L3P B2
G06 FF 61045 014200  780 548 2900    +5988650    +84         -18    +40   24   1   99   -6   35  -20   35  -20  16  0  0 L3P FB
G09 FF 61045 014200  780 624 2240    -7697562     +0         -23     +8   18   1   91   -7   40   -4   40   -4  13  0  0 L3P A2
G11 FF 61045 014200  780 165 3152    +4854305   -288           8   -155   35 152  284 -106   19 +105   19  105  26  0  0 L3P 6D
G17 FF 61045 014200  780 131 2287     +226861    +90          20    -30   41  76  350 +154   63  +49   63   49  32  0  0 L3P 0D
G19 FF 61045 014200  780 224 2469    -6840200    -70          -1    -52   37  12  210  +48   67  +44   67   44  31  0  0 L3P 06
G31 FF 61045 014200  780 250  474    +1743416    -41         -15    -21   32 185  190  +29   33  +11   33   11  23  0  0 L3P FF
G03 FF 61045 015800  780 392 1023    -6068167   +154         -46    +55   21  73  127  +19   60  -30   60  -30  16  0  0 L3P 35
G04 FF 61045 015800  780 706  722     -361451    -36         -16    -11   18 104   86   +4   39   +0   39    0  12  0  0 L3P B6
G06 FF 61045 015800  780 586 2783    +5988713    +62           2    +18   15   1   95   -3   25  -16   25  -16  11  0  0 L3P E6
G07 FF 61045 015800  780 127 1781    +1308515   +172          15   +120   42  74  367 -197   66 -100   66 -100  36  0  0 L3P 78
G09 FF 61045 015800  780 702 2267    -7697567     -2         -21     +6   18   1   86   -4   39   +4   39    4  14  0  0 L3P B7
G11 FF 61045 015800  780 226 3136    +4854163    -68          -5    +65   34 152  210  -55   32  -49   32  -49  23  0  0 L3P 31
G19 FF 61045 015800  780 170 2416    -6840213    +10           3    +29   41  12  274  +88   71   +3   71    3  35  0  0 L3P D1
G31 FF 61045 015800  780 206  422    +1743394    -39         -18    -19   46 185  228  +52   34  +15   34   15  37  0  0 L3P 28
G03 FF 61045 021400  780 326 1070    -6068065    +78         -35    -20   23  75  149  +27   59  +25   59   25  16  0  0 L3P 27
G04 FF 61045 021400  780 635  670     -361487    +20         -31    +45   28 105   90   +6   40  -39   40  -39  19  0  0 L3P F1
G06 FF 61045 021400  780 602 2637    +5988749    +68          -6    +24   19   6   93   +0   33  -13   33  -13  13  0  0 L3P EB
G07 FF 61045 021400  780 196 1771    +1308567    +58           1     +6   37  31  241  -86   70   -3   70   -3  25  0  0 L3P D7
G09 FF 61045 021400  780 781 2289    -7697567    -17         -14     -9   16   2   83   -2   32  +16   32   16  11  0  0 L3P E7
G11 FF 61045 021400  780 285 3109    +4854023   -147         -17    -14   32 153  169  -33   34  +14   34   14  22  0  0 L3P 33
G20 FF 61045 021400  780 101 2967    -3618092   -141          10   -143   56 113  457 -270   20  +97   20   97  39  0  0 L3P 58
G26 FF 61045 021400  780 117  545    +3061698    +20          24    -42   51  60  391  -48   25  +12   25   12  41  0  0 L3P EF
G31 FF 61045 021400  780 154  382    +1743390    -14          -5     +7   35 187  299 +102   21   -1   21   -1  28  0  0 L3P E5
G03 FF 61045 023000  780 261 1113    -6067960   +192         -25    +93   28  75  182  +43   59  -70   59  -70  21  0  0 L3P 43
G04 FF 61045 023000  780 563  657     -361492    +33         -12    +58   22 105   97   +8   33  -35   33  -35  16  0  0 L3P F3
G06 FF 61045 023000  780 591 2485    +5988791    +21          -7    -24   27   6   94   +2   37  +23   37   23  20  0  0 L3P E1
G07 FF 61045 023000  780 267 1761    +1308598   +126         -18    +73   36  31  180  -47   76  -64   76  -64  29  0  0 L3P 58
G09 FF 61045 023000  780 858 2266    -7697576    -32         -16    -24   17   2   81   -1   36  +21   36   21  13  0  0 L3P F1
G11 FF 61045 023000  780 340 3067    +4853912   -106           0    +27   38 153  144  -20   23  -18   23  -18  28  0  0 L3P 1E
G20 FF 61045 023000  780 162 2988    -3618121     -8         -20     -9   33 113  289 -111   37  +19   37   19  26  0  0 L3P 22
G21 FF 61045 023000  780 139 2915    -3733095   -149          15    -61   34  79  335 -147   27  +45   27   45  28  0  0 L3P 4B
G26 FF 61045 023000  780 126  479    +3061746   +116          13    +54   44  60  363  -12   31  -40   31  -40  32  0  0 L3P 05
G03 FF 61045 024600  780 198 1154    -6067864   +143         -25    +44   26  75  237  +74   75  -15   75  -15  20  0  0 L3P 4F
G04 FF 61045 024600  780 491  664     -361514    -33         -10     -8   24 105  107  +12   35   +4   35    4  17  0  0 L3P C3
G06 FF 61045 024600  780 555 2355    +5988825    +15         -16    -30   23   6   98   +5   48  +21   48   21  17  0  0 L3P FB
G07 FF 61045 024600  780 340 1749    +1308651    +34         -15    -18   26  31  145  -29   62   +2   62    2  18  0  0 L3P F4
G09 FF 61045 024600  780 863  692    -7697575     +3          -7    +11    9   2   81   +1   34   +7   34    7   7  0  0 L3P 80
G11 FF 61045 024600  780 388 3009    +4853784   -133           0     +0   22 153  129  -13   25   -3   25   -3  16  0  0 L3P EE
G20 FF 61045 024600  780 225 3004    -3618106    +74          -6    +73   29 113  211  -59   28  -51   28  -51  19  0  0 L3P 26
G21 FF 61045 024600  780 201 2940    -3733178    -31          15    +56   43  79  235  -73   29  -44   29  -44  36  0  0 L3P 2D
G26 FF 61045 024600  780 125  414    +3061799    +76           7    +15   48  60  365  +18   33   +8   33    8  33  0  0 L3P D5
G03 FF 61045 030200  780 135 1191    -6067772    +29         -28    -70   47  75  340 +153   83  +72   83   72  40  0  0 L3P 38
G04 FF 61045 030200  780 422  681     -361535    -45          -7    -20   21 105  120  +16   36  +21   36   21  16  0  0 L3P D6
G06 FF 61045 030200  780 503 2257    +5988865    +71         -18    +27   21   6  105   +9   50  -21   50  -21  16  0  0 L3P 01
G07 FF 61045 030200  780 414 1732    +1308713    +55          -4     +3   30  31  122  -19   46   +1   46    1  22  0  0 L3P B1
G09 FF 61045 030200  780 787  663    -7697575    -46           0    -38   13   2   82   +2   30  +32   30   32   9  0  0 L3P AF
G11 FF 61045 030200  780 426 2932    +4853638   -197         -18    -64   27 153  119   -7   39  +56   39   56  22  0  0 L3P 4D
G16 FF 61045 030200  780 141  689    -1814648   -162          -2    -85   43  10  327  -64   35  +67   35   67  33  0  0 L3P 1C
G20 FF 61045 030200  780 290 3013    -3618095    +52           4    +51   44 113  167  -36   22  -32   22  -32  32  0  0 L3P 00
G21 FF 61045 030200  780 265 2960    -3733271    -17           7    +71   31  79  181  -43   33  -62   33  -62  25  0  0 L3P 0C
G26 FF 61045 030200  780 113  350    +3061860   +130           9    +68   46  60  401  +58   31  -58   31  -58  32  0  0 L3P FD
G30 FF 61045 030200  780 166 1934     -775355   -125          27     -2   41  78  282 -117   37  -19   37  -19  38  0  0 L3P 34
G04 FF 61045 031800  780 354  705     -361564    +28         -12    +53   33 105  139  +24   39  -46   39  -46  23  0  0 L3P 1C
G06 FF 61045 031800  780 440 2186    +5988910    +13         -16    -31   22   6  116  +14   52  +41   52   41  17  0  0 L3P 00
G07 FF 61045 031800  780 487 1707    +1308753    +71         -13    +19   24  31  108  -13   55  -25   55  -25  17  0  0 L3P 2D
G09 FF 61045 031800  780 712  689    -7697582    -12           2     -4   17   2   85   +4   31   -8   31   -8  12  0  0 L3P 9E
G11 FF 61045 031800  780 450 2838    +4853514    -91         -14    +42   20 153  114   -3   35  -22   35  -22  17  0  0 L3P 1B
G16 FF 61045 031800  780 164  621    -1814714    -42           6    +35   34  10  283  -31   20  -38   20  -38  27  0  0 L3P EE
G20 FF 61045 031800  780 356 3014    -3618096     +0           2     -1   30 113  139  -23   20   +3   20    3  21  0  0 L3P 9D
G21 FF 61045 031800  780 331 2975    -3733347    -63          14    +24   28  79  148  -28   28  -23   28  -23  19  0  0 L3P 35
G30 FF 61045 031800  780 236 1936     -775509    -85          -9    +38   28  78  202  -59   67  -36   67  -36  22  0  0 L3P 34
G04 FF 61045 033400  780 288  734     -361594    -60         -18    -35   38 105  167  +35   41  +34   41   34  27  0  0 L3P 14
G05 FF 61045 033400  780 107 3049    +2267292    +44          -5    +37   40   5  433 -254   42  -20   42  -20  29  0  0 L3P 0B
G06 FF 61045 033400  780 372 2135    +5988966    +50          -2     +6   21   6  133  +22   50   +2   50    2  16  0  0 L3P B5
G07 FF 61045 033400  780 559 1666    +1308800    +51         -16     -1   21  31   98   -8   51   -8   51   -8  15  0  0 L3P D3
G09 FF 61045 033400  780 638  723    -7697599    -23          -8    -15   22   2   90   +6   38   +0   38    0  16  0  0 L3P B4
G11 FF 61045 033400  780 455 2734    +4853390   -160         -11    -27   33 153  113   +1   29  +17   29   17  22  0  0 L3P 24
G16 FF 61045 033400  780 176  550    -1814788   -106           6    -29   41  10  264  -10   20   +7   20    7  31  0  0 L3P CF
G20 FF 61045 033400  780 422 3003    -3618110    -43         -13    -45   28 113  120  -16   30  +30   30   30  19  0  0 L3P FE
G21 FF 61045 033400  780 399 2981    -3733440   -128           6    -40   26  79  126  -19   25  +30   25   30  20  0  0 L3P 14
G30 FF 61045 033400  780 309 1939     -775610   -157           7    -34   25  78  158  -35   43  +30   43   30  18  0  0 L3P 0D
G04 FF 61045 035000  780 225  765     -361604    -34          -4     -9   32 105  210  +57   35   +9   35    9  24  0  0 L3P BC
G05 FF 61045 035000  780 171 3062    +2267327    +42          24    +35   31   5  275 -104   19  -23   19  -23  21  0  0 L3P 08
G06 FF 61045 035000  780 302 2097    +5989004    +44          -7     +0   32   6  160  +35   60   -3   60   -3  22  0  0 L3P BB
G07 FF 61045 035000  780 626 1597    +1308828    +68         -38    +16   25  31   91   -5   60  -14   60  -14  18  0  0 L3P 10
G09 FF 61045 035000  780 567  761    -7697595     -4           3     +4   19   2   97   +8   25   +0   25    0  13  0  0 L3P 7E
G11 FF 61045 035000  780 442 2630    +4853245   -111         -28    +22   27 153  116   +5   43   -7   43   -7  20  0  0 L3P 02
G16 FF 61045 035000  780 177  478    -1814877   -112          -8    -34   38  10  263   +8   26  +31   26   31  29  0  0 L3P 05
G20 FF 61045 035000  780 488 2974    -3618122    -40         -26    -41   21 113  107  -11   34  +21   34   21  14  0  0 L3P 14
G21 FF 61045 035000  780 468 2976    -3733535    -91          -5     -3   23  79  111  -13   31   +3   31    3  16  0  0 L3P D2
G30 FF 61045 035000  780 383 1941     -775747   -157         -11    -34   38  78  131  -22   58  +17   58   17  29  0  0 L3P 38
G04 FF 61045 040600  780 163  799     -361628     -5          -8    +20   47 106  284 +104   44   -3   44   -3  37  0  0 L3P E7
G05 FF 61045 040600  780 237 3069    +2267301    -21          -7    -28   43  28  201  -55   37  +27   37   27  30  0  0 L3P 08
G06 FF 61045 040600  780 232 2067    +5989052    +76          -2    +31   32   6  204  +59   67   -8   67   -8  23  0  0 L3P F1
G07 FF 61045 040600  780 683 1478    +1308886    +18         -32    -34   18  34   87   -3   47  +17   47   17  13  0  0 L3P 12
G09 FF 61045 040600  780 497  799    -7697606    -38           0    -30   21   2  106  +11   23  +25   23   25  14  0  0 L3P E0
G11 FF 61045 040600  780 413 2536    +4853128   -159         -11    -25   28 154  122   +9   42  +14   42   14  18  0  0 L3P 25
G16 FF 61045 040600  780 165  410    -1814928   -120          15    -42   42  10  280  +29   10  +49   10   49  31  0  0 L3P FC
G20 FF 61045 040600  780 550 2919    -3618106    -38         -13    -39   25 114   99   -7   21  +19   21   19  17  0  0 L3P 14
G21 FF 61045 040600  780 537 2952    -3733617    -56          -5    +32   21  80  100   -9   25  -38   25  -38  15  0  0 L3P 0A
G30 FF 61045 040600  780 458 1941     -775863   -119         -13     +3   20  79  113  -15   56  -20   56  -20  17  0  0 L3P 1C
G04 FF 61045 042200  780 103  834     -361646   -110          -2    -85   46 106  439 +241   43  +87   43   87  35  0  0 L3P 21
G05 FF 61045 042200  780 304 3066    +2267302    +46         -12    +39   32  28  160  -33   39  -37   39  -37  22  0  0 L3P 24
G06 FF 61045 042200  780 163 2042    +5989088    +77          -8    +33   41   6  284 +116   80  -19   80  -19  36  0  0 L3P 2D
G07 FF 61045 042200  780 718 1286    +1308928    +25         -40    -27   19  34   85   -1   43  +16   43   16  13  0  0 L3P FB
G09 FF 61045 042200  780 428  839    -7697616    -14          -3     -6   22   2  119  +15   27  +16   27   16  18  0  0 L3P E6
G11 FF 61045 042200  780 370 2455    +4853000   -131         -12     +2   22 154  134  +15   44   +7   44    7  15  0  0 L3P E9
G16 FF 61045 042200  780 143  346    -1815060   -116         -43    -39   68  10  322  +62   65  +43   65   43  45  0  0 L3P 1A
G20 FF 61045 042200  780 603 2828    -3618121     +5         -29     +4   20 114   93   -4   32   +0   32    0  13  0  0 L3P A0
G21 FF 61045 042200  780 602 2899    -3733712    -88         -16     +0   24  80   93   -6   32   -3   32   -3  16  0  0 L3P D1
G30 FF 61045 042200  780 535 1935     -775978   -178         -11    -55   17  79  101  -10   43  +27   43   27  13  0  0 L3P 2D
G05 FF 61045 043800  780 371 3052    +2267315    -17          -6    -23   33  28  134  -22   32  +11   32   11  23  0  0 L3P F0
G07 FF 61045 043800  780 721 1051    +1308990   +115         -28    +63   23  34   85   +1   34  -40   34  -40  17  0  0 L3P 0B
G09 FF 61045 043800  780 362  879    -7697627     -1          -6     +7   19   2  136  +22   32   +7   32    7  15  0  0 L3P B6
G11 FF 61045 043800  780 318 2388    +4852880   -111          -3    +22   33 154  153  +24   42  -21   42  -21  26  0  0 L3P 2E
G13 FF 61045 043800  780 149 2648    -6904889     +5         -17     -5   39  56  313 -127   66  +15   66   15  30  0  0 L3P 2D
G16 FF 61045 043800  780 110  290    -1815098    -92          -6    -15   41  10  412 +134   63  +41   63   41  33  0  0 L3P FC
G20 FF 61045 043800  780 639 2689    -3618107    -11         -16    -12   17 114   90   -2   21  +10   21   10  11  0  0 L3P F2
G21 FF 61045 043800  780 660 2797    -3733795    -88         -15     -1   20  80   88   -4   32   +9   32    9  13  0  0 L3P DE
G30 FF 61045 043800  780 611 1915     -776093   -105          -8    +18   21  79   92   -7   29  -34   29  -34  15  0  0 L3P 0A
G05 FF 61045 045400  780 437 3021    +2267329     -8           1    -15   25  28  117  -14   23   +8   23    8  19  0  0 L3P C5
G07 FF 61045 045400  780 689  858    +1309061   +100          -7    +48   17  34   87   +3   25  -24   25  -24  12  0  0 L3P FA
G09 FF 61045 045400  780 298  919    -7697625    -42           4    -34   22   2  162  +32   38  +30   38   30  17  0  0 L3P ED
G11 FF 61045 045400  780 261 2333    +4852746   -129         -10     +4   30 154  183  +40   57  +21   57   21  25  0  0 L3P 21
G13 FF 61045 045400  780 210 2687    -6904851    -49          11    -59   22  56  225  -66   32  +25   32   25  20  0  0 L3P 17
G20 FF 61045 045400  780 650 2514    -3618105    -17         -15    -18   18 114   89   +0   23  +26   23   26  12  0  0 L3P FD
G21 FF 61045 045400  780 699 2624    -3733880    -83         -15     +4   23  80   86   -1   33   +3   33    3  16  0  0 L3P CB
G30 FF 61045 045400  780 685 1868     -776213   -157         -10    -34   30  79   87   -4   27  +26   27   26  21  0  0 L3P 11
G05 FF 61045 051000  780 498 2967    +2267324    -21         -10    -28   27  28  106   -9   29  +10   29   10  18  0  0 L3P 0F
G07 FF 61045 051000  780 637  742    +1309098    +70         -21    +17   27  34   90   +5   38  -18   38  -18  18  0  0 L3P FD
G09 FF 61045 051000  780 235  958    -7697630    -69           7    -61   35   2  202  +52   47  +63   47   63  28  0  0 L3P F7
G11 FF 61045 051000  780 200 2286    +4852612   -121         -17    +12   28 154  234  +69   68   -9   68   -9  21  0  0 L3P 2A
G13 FF 61045 051000  780 274 2727    -6904864    -15         -12    -25   41  56  176  -39   34   +0   34    0  31  0  0 L3P F7
G14 FF 61045 051000  780 146 1608    -7267497    -53          19    -28   35  74  319 -142   47  +19   47   19  29  0  0 L3P 47
G20 FF 61045 051000  780 630 2342    -3618111    +33         -23    +31   18 114   91   +3   30  -25   30  -25  13  0  0 L3P EA
G21 FF 61045 051000  780 706 2395    -3733955    -88          -7     +0   15  80   86   +1   29   +7   29    7   9  0  0 L3P B6
G30 FF 61045 051000  780 752 1751     -776320    -89           1    +33   14  79   84   -2   21  -18   21  -18   9  0  0 L3P C7
G05 FF 61045 052600  780 551 2881    +2267330    +13         -10     +7   23  28   99   -6   25   -3   25   -3  16  0  0 L3P CB
G07 FF 61045 052600  780 576  681    +1309160    +35          -8    -17   23  34   96   +7   33  +10   33   10  15  0  0 L3P CE
G09 FF 61045 052600  780 173  997    -7697641   -100           3    -92   36   2  269  +93   70 +103   70  103  28  0  0 L3P 27
G11 FF 61045 052600  780 139 2246    +4852508   -115           7    +18   42 154  330 +142   49   -6   49   -6  32  0  0 L3P 22
G13 FF 61045 052600  780 339 2766    -6904848     -1          -6    -11   22  56  145  -26   23   +6   23    6  18  0  0 L3P E2
G14 FF 61045 052600  780 212 1584    -7267539     -3           1    +22   28  74  223  -69   61  -34   61  -34  21  0  0 L3P FF
G20 FF 61045 052600  780 585 2209    -3618109    +42         -21    +41   37 114   95   +6   30  -20   30  -20  27  0  0 L3P 05
G21 FF 61045 052600  780 675 2191    -3734029    -98           3    -10   20  80   87   +3   23  +15   23   15  14  0  0 L3P D5
G30 FF 61045 052600  780 798 1467     -776451   -144         -12    -21   19  79   82   -1   28  +14   28   14  13  0  0 L3P 0B
G05 FF 61045 055400  780 599 2648    +2267346    +12          -6     +5   24  28   93   -1   29   -7   29   -7  15  0  0 L3P D7
G07 FF 61045 055400  780 461  646    +1309258    +52           1     +0   20  34  112  +13   28  +23   28   23  13  0  0 L3P BF
G13 FF 61045 055400  780 458 2834    -6904837     +3         -12     -7   20  56  113  -14   26   -3   26   -3  14  0  0 L3P E2
G14 FF 61045 055400  780 331 1533    -7267572    -48          10    -23   22  74  148  -28   44   +0   44    0  16  0  0 L3P E9
G15 FF 61045 055400  780 162 2919    -3737444    +27          11    +62   44  45  288 -113   27  -41   27  -41  36  0  0 L3P 3D
G18 FF 61045 055400  780 125 3298    +4590407   -109          16    -11   35 119  368  -63   92   -9   92   -9  26  0  0 L3P 3F
G20 FF 61045 055400  780 475 2069    -3618106     +2         -21     +1   28 114  109  +13   42  +11   42   11  21  0  0 L3P E8
G21 FF 61045 055400  780 570 1993    -3734163    -88          16     +0   19  80   96   +8   21   +7   21    7  15  0  0 L3P C4
G22 FF 61045 055400  780 194 1642     +622683    -33           7     +8   28  60  244  -88   63  -23   63  -23  21  0  0 L3P F1
G30 FF 61045 055400  780 754  869     -776645   -162           0    -39   14  79   83   +2   25  +32   25   32   9  0  0 L3P D1
G05 FF 61045 061000  780 591 2494    +2267352    +23          -6    +17   27  28   94   +2   33   +1   33    1  19  0  0 L3P BB
G07 FF 61045 061000  780 395  648    +1309290    +79         -17    +26   27  34  127  +18   47  -12   47  -12  21  0  0 L3P 1F
G08 FF 61045 061000  780 105  499    -5076877    +38          13     -2   41  72  432  -60   84  +19   84   19  29  0  0 L3P 06
G13 FF 61045 061000  780 529 2871    -6904834    -27         -15    -37   23  62  101  -10   26  +27   26   27  18  0  0 L3P 20
G14 FF 61045 061000  780 398 1492    -7267606    +41           1    +66   21  75  126  -18   50  -51   50  -51  16  0  0 L3P 0D
G15 FF 61045 061000  780 227 2940    -3737463    -75          23    -40   33  46  209  -59   17  +25   17   25  23  0  0 L3P 19
G18 FF 61045 061000  780 141 3236    +4590315    -50          17    +48   27 120  327  -25   81  -48   81  -48  20  0  0 L3P 2E
G20 FF 61045 061000  780 404 2023    -3618110     -9         -26    -10   27 115  124  +19   55  +27   55   27  19  0  0 L3P 0A
G21 FF 61045 061000  780 497 1939    -3734242   -111          27    -24   23  81  106  +12   22  +33   22   33  19  0  0 L3P 13
G22 FF 61045 061000  780 265 1619     +622638    -76           0    -35   25  61  181  -47   67  +25   67   25  18  0  0 L3P FB
G30 FF 61045 061000  780 690  759     -776769    -90         -10    +33   19 122   87   +4   30   -4   30   -4  14  0  0 L3P D5
G05 FF 61045 062600  780 558 2359    +2267353     +3         -12     -3   20  28   98   +5   43  +10   43   10  13  0  0 L3P CA
G07 FF 61045 062600  780 330  660    +1309376    +80          19    +27   27  34  148  +26   38  +13   38   13  22  0  0 L3P FE
G08 FF 61045 062600  780 114  433    -5076847     +3           5    -37   41  72  397  -16   94  +31   94   31  29  0  0 L3P F0
G13 FF 61045 062600  780 602 2904    -6904820    +54         -11    +44   17  62   93   -7   30  -22   30  -22  12  0  0 L3P F5
G14 FF 61045 062600  780 463 1437    -7267640    -56          -8    -31   26  75  112  -12   59  +27   59   27  18  0  0 L3P 25
G15 FF 61045 062600  780 295 2955    -3737506   -109          14    -74   30  46  164  -36   25  +49   25   49  22  0  0 L3P 3F
G18 FF 61045 062600  780 146 3170    +4590180    -90         -24     +8   38 120  316   +1   87  -24   87  -24  28  0  0 L3P 22
G20 FF 61045 062600  780 332 1990    -3618108    +37         -25    +35   35 115  147  +29   74   -2   74   -2  28  0  0 L3P 1F
G21 FF 61045 062600  780 422 1906    -3734323    -74          29    +12   31  81  120  +18   37   +1   37    1  24  0  0 L3P DC
G22 FF 61045 062600  780 337 1592     +622601    -27           2    +14   27  61  146  -29   68  -16   68  -16  20  0  0 L3P FE
G30 FF 61045 062600  780 621  721     -776900    -78         -23    +45   21 122   91   +6   47  -24   47  -24  14  0  0 L3P F5
G05 FF 61045 064200  780 507 2257    +2267360    +38         -12    +31   25  28  104   +9   53   -5   53   -5  18  0  0 L3P EF
G07 FF 61045 064200  780 266  679    +1309404    +56          -4     +4   31  34  179  +40   96  +55   96   55  24  0  0 L3P FC
G08 FF 61045 064200  780 114  368    -5076828    +20         -14    -20   37  72  399  +21  120  +24  120   24  27  0  0 L3P 27
G13 FF 61045 064200  780 677 2933    -6904799    +47           0    +37   16  62   87   -5   30  -16   30  -16  10  0  0 L3P F9
G14 FF 61045 064200  780 521 1362    -7267665    -53         -10    -28   25  75  102   -8   68  +33   68   33  18  0  0 L3P 1B
G15 FF 61045 064200  780 364 2963    -3737545     +4           9    +39   26  46  136  -24   29  -22   29  -22  19  0  0 L3P 13
G18 FF 61045 064200  780 140 3103    +4590097   -167         -13    -70   30 120  328  +26   72  +39   72   39  24  0  0 L3P 40
G20 FF 61045 064200  780 259 1965    -3618107    +50         -25    +48   37 115  184  +49   98   -1   98   -1  28  0  0 L3P 34
G21 FF 61045 064200  780 347 1884    -3734400    -34          35    +52   20  81  141  +28   63   +2   63    2  14  0  0 L3P DF
G22 FF 61045 064200  780 410 1555     +622535    -21         -24    +20   21  61  123  -18   89  -11   89  -11  16  0  0 L3P 05
G30 FF 61045 064200  780 551  714     -777002   -170          -7    -48   22 122   98   +9   51  +58   51   58  15  0  0 L3P F2
G05 FF 61045 065800  780 445 2183    +2267374     +2          -4     -5   26  28  115  +14   68  +37   68   37  20  0  0 L3P F4
G07 FF 61045 065800  780 204  702    +1309469   +129          11    +77   39  34  230  +67  149  +16  149   16  33  0  0 L3P 42
G08 FF 61045 065800  780 102  305    -5076784    -11          -8    -51   38  72  441  +69  131  +56  131   56  26  0  0 L3P 2A
G13 FF 61045 065800  780 753 2948    -6904772    -49          18    -60   18  62   84   -3   31  +57   31   57  14  0  0 L3P 11
G14 FF 61045 065800  780 568 1258    -7267681    +22          -2    +47   15  75   97   -5   75  -16   75  -16  12  0  0 L3P 19
G15 FF 61045 065800  780 435 2961    -3737568    -77          20    -42   20  46  117  -16   31  +50   31   50  16  0  0 L3P 19
G18 FF 61045 065800  780 123 3038    +4590038    -94          21     +4   30 120  370  +63   38  -23   38  -23  20  0  0 L3P 15
G20 FF 61045 065800  780 188 1945    -3618090    +26         -10    +25   44 115  248  +90  138  +57  138   57  38  0  0 L3P 6C
G21 FF 61045 065800  780 273 1868    -3734499    -66          19    +20   29  81  175  +45  116  +37  116   37  24  0  0 L3P 58
G22 FF 61045 065800  780 480 1505     +622502    -65         -17    -24   20  61  109  -12   90  +22   90   22  14  0  0 L3P F8
G23 FF 61045 065800  780 100 3280    -5952917   +118           2   +169   57 113  458 -255  101 -145  101 -145  43  0  0 L3P A0
G30 FF 61045 065800  780 481  723     -777129   -130         -17     -7   21 122  108  +12   75  +25   75   25  15  0  0 L3P 0E
G05 FF 61045 071400  780 377 2130    +2267378     +2          -7     -5   21  28  132  +21  105  +56  105   56  16  0  0 L3P FF
G07 FF 61045 071400  780 143  729    +1309499    -27          -9    -79   67  34  321 +132  252 +159  252  159  46  0  0 L3P 75
G13 FF 61045 071400  780 830 2910    -6904774    +20           6    +10   18  62   81   -1   54  +17   54   17  14  0  0 L3P D3
G14 FF 61045 071400  780 597 1125    -7267713    -70         -10    -45   23  75   94   -2   92  +47   92   47  16  0  0 L3P 11
G15 FF 61045 071400  780 507 2941    -3737614    -86           8    -51   21  46  105  -11   51  +48   51   48  15  0  0 L3P 08
G20 FF 61045 071400  780 120 1926    -3618111   -106         -31   -107   40 115  382 +210  227 +182  227  182  30  0  0 L3P 90
G21 FF 61045 071400  780 200 1855    -3734570    -76          31    +10   44  81  234  +81  169  +74  169   74  36  0  0 L3P 41
G22 FF 61045 071400  780 544 1432     +622451    -16         -30    +25   18  61   99   -8  107   -1  107   -1  13  0  0 L3P E4
G23 FF 61045 071400  780 155 3251    -5952990    -15         -22    +36   28 113  301 -103   84  -64   84  -64  23  0  0 L3P 53
G24 FF 61045 071400  780 114 2584    +1751083   -254          -9   -107   31  13  404 -214   71  +73   71   73  25  0  0 L3P 3D
G30 FF 61045 071400  780 413  742     -777253   -101         -23    +21   25 122  122  +17  111  +24  111   24  19  0  0 L3P 1B
G05 FF 61045 073000  780 307 2091    +2267392    -36           1    -43   32  28  158  +34  144  +86  144   86  25  0  0 L3P 2A
G13 FF 61045 073000  780 879 1836    -6904745    +21          25    +11   11  62   81   +0   58  +13   58   13   8  0  0 L3P DE
G14 FF 61045 073000  780 602  976    -7267728    -16          -1     +9   18  75   93   +1  101   +6  101    6  12  0  0 L3P C3
G15 FF 61045 073000  780 576 2896    -3737669    -58         -13    -23   16  46   96   -7   79  +32   79   32  11  0  0 L3P 2A
G21 FF 61045 073000  780 130 1844    -3734662   -120          21    -34   33  81  353 +182  264 +107  264  107  26  0  0 L3P 71
G22 FF 61045 073000  780 597 1325     +622429    -94         -12    -53   22  61   94   -5  102  +47  102   47  16  0  0 L3P 0A
G23 FF 61045 073000  780 205 3212    -5953020   -124          -3    -73   27 113  229  -52   60  +73   60   73  20  0  0 L3P 1B
G24 FF 61045 073000  780 176 2619    +1750973   -168          22    -22   37  13  267  -94   54  +40   54   40  30  0  0 L3P 2C
G30 FF 61045 073000  780 347  766     -777366   -156         -17    -33   20 122  141  +24  148  +64  148   64  14  0  0 L3P 4D
G05 FF 61045 074600  780 237 2060    +2267395    +74          -3    +67   31  28  200  +57  206  +36  206   36  26  0  0 L3P 32
G13 FF 61045 074600  780 806 1430    -6904754     +0           6    -10   14  62   82   +2   89  +22   89   22   9  0  0 L3P BD
G14 FF 61045 074600  780 582  838    -7267744    -49           7    -24   20  75   95   +3  111  +33  111   33  14  0  0 L3P FB
G15 FF 61045 074600  780 639 2808    -3737697    -50          -8    -15   15  46   90   -5   93  +26   93   26  11  0  0 L3P 0D
G17 FF 61045 074600  780 140 1212     +229427   +304         -17   +185   55   4  332 -134  399 -206  399 -206  39  0  0 L3P 95
G22 FF 61045 074600  780 632 1179     +622381     -9         -21    +32   20  61   91   -2  121   -9  121   -9  14  0  0 L3P D5
G23 FF 61045 074600  780 249 3160    -5953060    -86           7    -35   40 113  191  -30   72  +46   72   46  30  0  0 L3P 18
G24 FF 61045 074600  780 240 2655    +1750804   -170          -6    -24   33  13  199  -52  103  +38  103   38  25  0  0 L3P 40
G30 FF 61045 074600  780 283  794     -777486   -107         -20    +15   32 122  170  +36  203  +66  203   66  25  0  0 L3P 49
G05 FF 61045 080200  780 168 2035    +2267416    +37          17    +30   34  40  277 +110  268  +66  268   66  26  0  0 L3P 4E
G13 FF 61045 080200  780 726 1415    -6904741    -72           8    -82   15  67   85   +4  106  +86  106   86  10  0  0 L3P 0F
G14 FF 61045 080200  780 542  731    -7267778    -46          -6    -21   22  76  100   +6  137  +22  137   22  17  0  0 L3P 0D
G15 FF 61045 080200  780 685 2652    -3737730     -7          -5    +29   20  47   87   -2  110  +11  110   11  13  0  0 L3P EC
G17 FF 61045 080200  780 196 1164     +229562   +118           3     -2   33   4  241  -67  333  -31  333  -31  26  0  0 L3P 02
G22 FF 61045 080200  780 640 1008     +622351    -92          -8    -51   21  62   90   +1  123  +52  123   52  15  0  0 L3P DB
G23 FF 61045 080200  780 284 3097    -5953105    -16          10    +35   30 114  169  -17   98   -7   98   -7  23  0  0 L3P 1F
G24 FF 61045 080200  780 305 2690    +1750670   -155           6     -8   34  14  159  -33  117  +30  117   30  26  0  0 L3P 1B
G30 FF 61045 080200  780 220  825     -777606   -157         -19    -34   33  25  214  +58  284 +113  284  113  25  0  0 L3P 58
G05 FF 61045 081800  780 101 2011    +2267419     +5          13     -2   48  40  448 +280  366  +83  366   83  41  0  0 L3P 23
G13 FF 61045 081800  780 646 1428    -6904748    +15          -8     +5   23  67   89   +6  137  +24  137   24  15  0  0 L3P 15
G14 FF 61045 081800  780 489  658    -7267800    -30          -4     -5   24  76  107  +10  157  +21  157   21  17  0  0 L3P 17
G15 FF 61045 081800  780 701 2432    -3737754    +12           6    +47   16  47   86   +0  121  -12  121  -12  11  0  0 L3P FB
G17 FF 61045 081800  780 248 1109     +229672   +154          -1    +34   31   4  192  -38  295  -51  295  -51  24  0  0 L3P 37
G19 FF 61045 081800  780 142 1328    -6840624    -58          18    -40   40  26  327 -134  420  -13  420  -13  38  0  0 L3P 56
G22 FF 61045 081800  780 619  851     +622305    -57         -15    -16   17  62   92   +3  142  +32  142   32  12  0  0 L3P F0
G23 FF 61045 081800  780 307 3023    -5953163    -28           1    +23   31 114  158   -8  124  +12  124   12  20  0  0 L3P 0C
G24 FF 61045 081800  780 373 2725    +1750516   -155          -6     -8   25  14  133  -22  142  +10  142   10  18  0  0 L3P 21
G30 FF 61045 081800  780 159  857     -777724   -166         -19    -44   39  25  291 +108  376 +150  376  150  27  0  0 L3P 90
G10 FF 61045 083400  780 129 3315    +5801185   +131          -3   +100   46  64  356 -115  160  -41  160  -41  35  0  0 L3P 5C
G13 FF 61045 083400  780 567 1449    -6904748     +9         -18     -1   23  67   97   +9  166  +22  166   22  17  0  0 L3P 1E
G14 FF 61045 083400  780 428  612    -7267814     -4           6    +21   26  76  119  +14  183  +15  183   15  19  0  0 L3P 0A
G15 FF 61045 083400  780 679 2215    -3737783    -56          11    -21   17  47   87   +2  132  +24  132   24  11  0  0 L3P 17
G17 FF 61045 083400  780 296 1046     +229774    +88         -14    -31   24   4  163  -23  266  -15  266  -15  20  0  0 L3P 36
G19 FF 61045 083400  780 201 1289    -6840639    -11          21     +8   33  26  234  -67  344  -34  344  -34  23  0  0 L3P 3B
G22 FF 61045 083400  780 577  734     +622250    +12         -31    +53   24  62   95   +5  169  -13  169  -13  17  0  0 L3P 09
G23 FF 61045 083400  780 316 2942    -5953182    -28          31    +23   42 114  154   -1  123   -3  123   -3  32  0  0 L3P 0E
G24 FF 61045 083400  780 443 2760    +1750387   -177           5    -30   23  14  116  -15  139  +38  139   38  17  0  0 L3P 43
G10 FF 61045 085000  780 168 3265    +5801216    +69          -2    +37   34  64  278  -56  182  -22  182  -22  26  0  0 L3P 48
G12 FF 61045 085000  780 151 2163    +6061612    -30         -28    -35   34  81  310 -139  379  -31  379  -31  33  0  0 L3P 5D
G13 FF 61045 085000  780 489 1471    -6904763    +26         -43    +16   13  67  107  +13  206  +18  206   18  10  0  0 L3P 43
G14 FF 61045 085000  780 364  586    -7267844    -40           0    -15   23  76  136  +21  223  +65  223   65  21  0  0 L3P 16
G15 FF 61045 085000  780 628 2065    -3737818    -32           9     +4   18  47   91   +5  150  +19  150   19  13  0  0 L3P FA
G17 FF 61045 085000  780 335  973     +229894   +143          -9    +23   21   4  146  -14  247   +0  247    0  17  0  0 L3P EB
G19 FF 61045 085000  780 259 1243    -6840666    -64          11    -46   28  26  185  -39  281   +5  281    5  21  0  0 L3P 2A
G22 FF 61045 085000  780 522  659     +622218     -2         -23    +39   27  62  102   +8  182   -3  182   -3  19  0  0 L3P DE
G23 FF 61045 085000  780 310 2858    -5953263    +39           0    +90   24 114  156   +6  175  -15  175  -15  19  0  0 L3P 3A
G24 FF 61045 085000  780 515 2791    +1750235   -177          -6    -30   20  14  103  -11  155  +37  155   37  15  0  0 L3P 38
G10 FF 61045 090600  780 197 3206    +5801239     +4         -10    -28   40  64  238  -29  203  +34  203   34  27  0  0 L3P 27
G12 FF 61045 090600  780 219 2185    +6061614    -17         -31    -22   45  81  216  -67  307  -62  307  -62  38  0  0 L3P 57
G13 FF 61045 090600  780 412 1492    -6904742     -1         -32    -12   18  67  122  +19  219  +43  219   43  13  0  0 L3P 2D
G14 FF 61045 090600  780 299  575    -7267878    -25         -10     +0   25  76  161  +33  277  +43  277   43  19  0  0 L3P 41
G15 FF 61045 090600  780 562 1974    -3737850     -2          11    +34   25  47   97   +8  168  +15  168   15  20  0  0 L3P 15
G17 FF 61045 090600  780 364  891     +230006   +107         -11    -13   23   4  136   -7  247   -2  247   -2  21  0  0 L3P E2
G19 FF 61045 090600  780 314 1188    -6840687    -52           8    -34   25  26  155  -24  262  +24  262   24  20  0  0 L3P 32
G22 FF 61045 090600  780 461  614     +622175    -69         -27    -28   20  62  112  +12  218  +71  218   71  13  0  0 L3P 16
G23 FF 61045 090600  780 290 2777    -5953322    -20         -11    +31   30 114  166  +14  215  +16  215   16  23  0  0 L3P 42
G24 FF 61045 090600  780 589 2819    +1750111   -171          11    -25   20  14   94   -8  155  +24  155   24  13  0  0 L3P 21
G10 FF 61045 092200  780 216 3140    +5801277    +37          -2     +5   33  64  218  -13  227  +29  227   29  25  0  0 L3P 17
G12 FF 61045 092200  780 290 2210    +6061610    +62         -39    +58   23  81  167  -39  278  -51  278  -51  21  0  0 L3P 54
G13 FF 61045 092200  780 337 1513    -6904723    +74         -22    +64   24  67  145  +29  258   +2  258    2  16  0  0 L3P 28
G14 FF 61045 092200  780 234  575    -7267886    -15           6    +10   39  76  202  +54  332  +67  332   67  30  0  0 L3P 24
G15 FF 61045 092200  780 489 1921    -3737890    -16           5    +20   31  47  107  +12  204  +30  204   30  25  0  0 L3P 17
G17 FF 61045 092200  780 378  803     +230101    +82         -30    -38   32   4  132   -2  274  +40  274   40  22  0  0 L3P E1
G19 FF 61045 092200  780 363 1122    -6840711    +10           1    +28   23  26  136  -15  267  -10  267  -10  17  0  0 L3P 20
G22 FF 61045 092200  780 397  592     +622163    +18           0    +59   27  62  126  +18  234   +3  234    3  19  0  0 L3P DC
G23 FF 61045 092200  780 259 2703    -5953342    -98          18    -46   44 114  184  +25  241  +90  241   90  34  0  0 L3P 58
G24 FF 61045 092200  780 664 2840    +1749967   -138           7     +9   18  14   88   -5  170  +16  170   16  13  0  0 L3P 19
G10 FF 61045 093800  780 223 3069    +5801282    +85         -28    +53   27  64  212   -1  291   +6  291    6  21  0  0 L3P 0E
G12 FF 61045 093800  780 362 2238    +6061616     +6         -37     +2   24  81  137  -25  276   +5  276    5  18  0  0 L3P 06
G13 FF 61045 093800  780 263 1532    -6904716    -13         -26    -23   32  67  181  +47  318 +103  318  103  27  0  0 L3P 6B
G14 FF 61045 093800  780 170  583    -7267866    +67          50    +92   46  76  274 +100  387  +68  387   68  38  0  0 L3P 72
G15 FF 61045 093800  780 414 1887    -3737922    -22           7    +14   20  47  122  +19  252  +44  252   44  16  0  0 L3P 2D
G17 FF 61045 093800  780 377  714     +230218   +122         -28     +2   24   4  132   +3  288  +36  288   36  17  0  0 L3P 00
G19 FF 61045 093800  780 404 1043    -6840738     -8          -8    +11   28  26  125   -9  278   -4  278   -4  19  0  0 L3P 15
G22 FF 61045 093800  780 332  584     +622109    -84         -14    -43   31  62  147  +26  301 +106  301  106  24  0  0 L3P 32
G23 FF 61045 093800  780 217 2636    -5953406    -84           3    -33   37 114  217  +44  313  +84  313   84  29  0  0 L3P 4A
G24 FF 61045 093800  780 741 2841    +1749828   -163           9    -16   15  14   84   -3  181  +25  181   25  11  0  0 L3P 22
G10 FF 61045 095400  780 217 2996    +5801335    +50          -5    +19   33  64  217  +12  311  +18  311   18  25  0  0 L3P 29
G12 FF 61045 095400  780 435 2268    +6061632     -8         -26    -13   20  81  117  -17  269   +5  269    5  15  0  0 L3P 18
G13 FF 61045 095400  780 192 1548    -6904688    +20          -7     +9   45  67  243  +87  387  +72  387   72  32  0  0 L3P 4F
G15 FF 61045 095400  780 340 1865    -3737944    -13          19    +23   33  47  144  +28  308  +52  308   52  29  0  0 L3P 4A
G17 FF 61045 095400  780 361  631     +230342   +127         -19     +8   20   4  137   +8  311  +17  311   17  15  0  0 L3P E6
G19 FF 61045 095400  780 431  951    -6840760    -31         -13    -13   30  26  118   -5  294  +15  294   15  21  0  0 L3P 22
G22 FF 61045 095400  780 268  587     +622065    -36         -19     +5   35  62  178  +40  383  +74  383   74  25  0  0 L3P 2B
G23 FF 61045 095400  780 169 2577    -5953436    +12          18    +64   35 115  274  +80  383  +52  383   52  27  0  0 L3P 66
G24 FF 61045 095400  780 817 2772    +1749674   -133          -4    +13   13  14   82   -2  203   -1  203   -1  10  0  0 L3P F9
G10 FF 61045 101000  780 199 2925    +5801355     +8         -17    -22   32  68  235  +27  340  +49  340   49  24  0  0 L3P 32
G12 FF 61045 101000  780 510 2302    +6061626     +0         -41     -4   23  83  104  -12  270  -15  270  -15  16  0  0 L3P FB
G13 FF 61045 101000  780 123 1562    -6904670   +120           4   +110   38  69  372 +201  457   +6  457    6  29  0  0 L3P 2D
G15 FF 61045 101000  780 267 1850    -3737992     -9           2    +26   28  60  179  +46  391  +59  391   59  21  0  0 L3P 30
G17 FF 61045 101000  780 332  558     +230458    +72         -15    -47   26  39  147  +14  327  +58  327   58  20  0  0 L3P 24
G19 FF 61045 101000  780 443  851    -6840764     +8           4    +26   23  74  116   -1  286  -40  286  -40  18  0  0 L3P 01
G22 FF 61045 101000  780 205  598     +622033    -81          -8    -40   34  63  228  +67  462 +124  462  124  27  0  0 L3P 29
G23 FF 61045 101000  780 117 2525    -5953493    -90          11    -39   39 115  389 +173  480 +126  480  126  30  0  0 L3P 88
G24 FF 61045 101000  780 869 2067    +1749540    -96           4    +50   13  15   81   +0  209  -26  209  -26   9  0  0 L3P FF
G25 FF 61045 101000  780 134 2402    -4518732    +96          18    +73   42  90  348 -164  482 -138  482 -138  34  0  0 L3P 88
G32 FF 61045 101000  780 152 3195    +1768163   -151         -29    +16   28  38  306 -117  351  -39  351  -39  19  0  0 L3P 7D
G10 FF 61045 102600  780 171 2858    +5801405    -14           4    -44   47  68  272  +51  352  +48  352   48  35  0  0 L3P 2C
G12 FF 61045 102600  780 587 2338    +6061644    +36         -27    +32   27  83   95   -8  233  -48  233  -48  19  0  0 L3P 44
G15 FF 61045 102600  780 196 1838    -3738021    +30           7    +65   22  60  239  +83  484  +87  484   87  17  0  0 L3P 43
G17 FF 61045 102600  780 292  499     +230556    +98         -30    -20   35  39  165  +24  363  +34  363   34  27  0  0 L3P 2B
G19 FF 61045 102600  780 437  751    -6840785    -20           1     -2   26  74  117   +3  274   +8  274    8  19  0  0 L3P DA
G22 FF 61045 102600  780 144  615     +621984    -24         -19    +17   43  63  319 +131  563  +68  563   68  34  0  0 L3P 40
G24 FF 61045 102600  780 811 1461    +1749411   -144          15     +3   18  15   82   +2  198   -6  198   -6  12  0  0 L3P F9
G25 FF 61045 102600  780 198 2435    -4518711    +50          17    +28   33  90  239  -77  411 -125  411 -125  25  0  0 L3P 6B
G32 FF 61045 102600  780 209 3172    +1768025    -55          -6   +112   37  38  226  -59  319  -97  319  -97  27  0  0 L3P 6F
G10 FF 61045 104200  780 134 2796    +5801413    -53         -19    -84   44  68  342 +101  392  +88  392   88  32  0  0 L3P 67
G12 FF 61045 104200  780 664 2379    +6061654     +6         -22     +2   16  83   88   -5  208  -23  208  -23  11  0  0 L3P 04
G15 FF 61045 104200  780 128 1826    -3738067    -50          -5    -15   29  60  359 +184  613 +133  613  133  24  0  0 L3P 6D
G17 FF 61045 104200  780 244  454     +230690    +80         -10    -39   36  39  194  +39  381  +64  381   64  28  0  0 L3P 2B
G19 FF 61045 104200  780 413  660    -6840821    -13         -18     +6   28  74  122   +8  293  -12  293  -12  23  0  0 L3P 16
G24 FF 61045 104200  780 733 1399    +1749253   -230          -2    -83   16  15   84   +4  210  +58  210   58  10  0  0 L3P 18
G25 FF 61045 104200  780 263 2471    -4518700    -41           7    -64   36  90  182  -44  334  -31  334  -31  26  0  0 L3P 2E
G32 FF 61045 104200  780 263 3136    +1767887   -162          16     +5   27  38  182  -34  282  -22  282  -22  19  0  0 L3P 50
G06 FF 61045 105800  780 148  911    +5990162    +47           0     +3   49  78  314  -96  549 -100  549 -100  35  0  0 L3P 44
G12 FF 61045 105800  780 741 2428    +6061670    +12         -10     +8   17  83   84   -3  186  -13  186  -13  12  0  0 L3P 14
G17 FF 61045 105800  780 191  421     +230798   +159         -15    +41   43  39  245  +69  387  -11  387  -11  31  0  0 L3P 4C
G19 FF 61045 105800  780 376  585    -6840837     -1         -16    +17   26  74  132  +13  291   -4  291   -4  22  0  0 L3P 17
G24 FF 61045 105800  780 655 1396    +1749111   -125          -3    +22   20  15   89   +6  212   -9  212   -9  15  0  0 L3P 05
G25 FF 61045 105800  780 330 2509    -4518700    +30         -15     +7   25  90  148  -28  291  -41  291  -41  19  0  0 L3P 3F
G32 FF 61045 105800  780 311 3088    +1767743   -199          32    -32   25  38  156  -21  255   +0  255    0  18  0  0 L3P 2B
G06 FF 61045 111400  780 190  851    +5990196     -1          -9    -45   38  78  247  -50  443   -2  443   -2  29  0  0 L3P 0A
G12 FF 61045 111400  780 819 2504    +6061695     -7          11    -11   15  83   82   -2  167   +7  167    7  11  0  0 L3P DA
G17 FF 61045 111400  780 135  399     +230920    +62          -7    -57   45  39  341 +142  419 +100  419  100  35  0  0 L3P 39
G19 FF 61045 111400  780 327  527    -6840857    -10         -18     +8   34  74  149  +22  307  +10  307   10  25  0  0 L3P 1D
G24 FF 61045 111400  780 576 1409    +1748977   -130           4    +16   21  15   96   +8  214   -1  214   -1  14  0  0 L3P F5
G25 FF 61045 111400  780 399 2548    -4518654    +47           9    +24   30  90  126  -19  233  -54  233  -54  23  0  0 L3P 42
G32 FF 61045 111400  780 350 3025    +1767575   -116          25    +51   26  38  141  -12  245  -52  245  -52  19  0  0 L3P 4E
G06 FF 61045 113000  780 225  784    +5990231    +46         -16     +2   30  78  211  -28  385  -71  385  -71  24  0  0 L3P 33
G11 FF 61045 113000  780 118 1197    +4849614   -204          32    -71   44 158  391 -182  529  -10  529  -10  39  0  0 L3P 83
G12 FF 61045 113000  780 888 3205    +6061687     +8          -1     +4   16  83   81   +0  173   -2  173   -2  10  0  0 L3P C3
G19 FF 61045 113000  780 272  485    -6840874    +16         -19    +34   29  74  176  +36  334   +9  334    9  22  0  0 L3P 26
G24 FF 61045 113000  780 499 1427    +1748841   -152           9     -5   18  15  105  +12  226  +20  226   20  14  0  0 L3P 17
G25 FF 61045 113000  780 469 2590    -4518643    +42          -2    +19   20  90  111  -13  214  -41  214  -41  15  0  0 L3P 28
G29 FF 61045 113000  780 100 1990    +3981401    +37          14   +100   41  19  463 -311  471 -279  471 -279  36  0  0 L3P 8D
G32 FF 61045 113000  780 378 2948    +1767411   -183          22    -16   25  38  132   -7  242   +9  242    9  18  0  0 L3P 1D
G06 FF 61045 114600  780 249  711    +5990281    +55          -8    +11   37  78  191  -14  346  -30  346  -30  28  0  0 L3P 39
G11 FF 61045 114600  780 173 1151    +4849482   -114          28    +19   27 158  271  -84  418 -104  418 -104  20  0  0 L3P 90
G12 FF 61045 114600  780 826  613    +6061704    +30          11    +25   16  83   81   +1  164  -26  164  -26  12  0  0 L3P F9
G19 FF 61045 114600  780 212  457    -6840880     -5          -7    +13   37  74  222  +62  347  +32  347   32  26  0  0 L3P 17
G24 FF 61045 114600  780 424 1446    +1748687   -126          -5    +21   21  15  120  +18  253  +13  253   13  17  0  0 L3P 35
G25 FF 61045 114600  780 540 2635    -4518616    +11           3    -12   21  90  100  -10  198   +7  198    7  14  0  0 L3P F6
G28 FF 61045 114600  780 137 3049    +6152657    -90          -4    -42   42 186  340 -156  363  +27  363   27  34  0  0 L3P 68
G29 FF 61045 114600  780 169 1998    +3981345    -78          19    -14   36  19  278 -115  367  -25  367  -25  26  0  0 L3P 8F
G32 FF 61045 114600  780 391 2860    +1767247   -127          18    +40   24  38  128   -2  239  -38  239  -38  18  0  0 L3P 5B
G06 FF 61045 120200  780 262  634    +5990329     +4          -5    -40   37  79  182   -4  313   -1  313   -1  29  0  0 L3P E0
G11 FF 61045 120200  780 225 1098    +4849339   -112          14    +21   28 159  210  -46  368  -83  368  -83  23  0  0 L3P 74
G12 FF 61045 120200  780 750  697    +6061694    +19          -3    +14   15  84   84   +3  178   +6  178    6  11  0  0 L3P E0
G19 FF 61045 120200  780 150  441    -6840900   -110          -5    -92   41  75  308 +127  370  +53  370   53  33  0  0 L3P 36
G24 FF 61045 120200  780 350 1465    +1748544   -115          -1    +31   36  41  140  +26  281   -6  281   -6  26  0  0 L3P 1B
G25 FF 61045 120200  780 613 2684    -4518593    +54           1    +32   26  91   92   -7  187  -28  187  -28  18  0  0 L3P 28
G28 FF 61045 120200  780 201 3058    +6152638   -110          23    -62   46 186  235  -75  313   -7  313   -7  36  0  0 L3P 41
G29 FF 61045 120200  780 240 2008    +3981277     +2          11    +66   41  32  199  -58  320 -115  320 -115  32  0  0 L3P 45
G32 FF 61045 120200  780 389 2768    +1767087    -39          22   +128   31  39  128   +3  232  -82  232  -82  22  0  0 L3P 51
G06 FF 61045 121800  780 261  557    +5990365    +51         -11     +6   34  79  183   +5  288  -16  288  -16  23  0  0 L3P 32
G11 FF 61045 121800  780 273 1038    +4849205   -134           8     -1   24 159  176  -28  308  -82  308  -82  19  0  0 L3P 55
G12 FF 61045 121800  780 676  752    +6061699    -23          -2    -27   22  84   87   +5  185  +29  185   29  15  0  0 L3P 1A
G24 FF 61045 121800  780 279 1484    +1748391   -149         -13     -3   25  41  172  +41  323  +31  323   31  20  0  0 L3P 39
G25 FF 61045 121800  780 686 2740    -4518573    +41          -1    +19   21  91   87   -5  177  -23  177  -23  14  0  0 L3P 2B
G28 FF 61045 121800  780 266 3059    +6152567    +11          -2    +59   35 186  181  -43  283  -89  283  -89  24  0  0 L3P 77
G29 FF 61045 121800  780 313 2020    +3981215    -93          10    -29   28  32  156  -34  272  -11  272  -11  20  0  0 L3P 32
G32 FF 61045 121800  780 371 2678    +1766938   -114          33    +54   26  39  134   +8  239  -30  239  -30  19  0  0 L3P 59
G06 FF 61045 123400  780 247  484    +5990408    +43         -11     -1   32  79  192  +15  281   +2  281    2  24  0  0 L3P F8
G11 FF 61045 123400  780 314  968    +4849064    -98          -6    +35   34 159  155  -17  275  -63  275  -63  25  0  0 L3P 63
G12 FF 61045 123400  780 603  800    +6061694    -23         -12    -28   21  84   93   +7  198  +31  198   31  14  0  0 L3P 0C
G24 FF 61045 123400  780 209 1500    +1748273    -70          10    +77   21  41  224  +71  353  -27  353  -27  19  0  0 L3P 3A
G25 FF 61045 123400  780 761 2814    -4518543     +0           7    -23   19  91   83   -3  162   +2  162    2  13  0  0 L3P C2
G28 FF 61045 123400  780 331 3050    +6152528    -99           5    -52   40 186  148  -27  233   +4  233    4  26  0  0 L3P 15
G29 FF 61045 123400  780 389 2033    +3981131    -88         -12    -24   29  32  129  -22  261  -24  261  -24  21  0  0 L3P 4F
G32 FF 61045 123400  780 338 2596    +1766756   -210          11    -43   34  39  145  +15  261  +44  261   44  25  0  0 L3P 4D
G06 FF 61045 125000  780 221  418    +5990442    +53         -20     +9   27  79  213  +30  293   -9  293   -9  20  0  0 L3P 0A
G11 FF 61045 125000  780 344  889    +4848942   -129           1     +4   29 159  143   -9  244  -63  244  -63  23  0  0 L3P 37
G12 FF 61045 125000  780 532  845    +6061709    +28          -1    +24   21  84  101  +10  188  -23  188  -23  14  0  0 L3P 1B
G24 FF 61045 125000  780 142 1515    +1748145   -179          22    -33   46  41  324 +148  388  +69  388   69  35  0  0 L3P 77
G25 FF 61045 125000  780 834 2963    -4518536    +40          -8    +18   17  91   81   -1  157  -25  157  -25  13  0  0 L3P 27
G28 FF 61045 125000  780 396 3027    +6152486    +21           9    +69   35 186  127  -18  202  -83  202  -83  24  0  0 L3P 52
G29 FF 61045 125000  780 466 2045    +3981084   -111           2    -47   30  32  111  -15  217   +6  217    6  23  0  0 L3P 03
G31 FF 61045 125000  780 101 3119    +1742641    -39          27    -18   39   1  454 -283  365  -29  365  -29  26  0  0 L3P 51
G32 FF 61045 125000  780 296 2524    +1766590   -106           5    +61   24  39  163  +24  276  -32  276  -32  19  0  0 L3P 4D
G06 FF 61045 130600  780 185  362    +5990504     +6          -1    -38   42  79  252  +55  273  +24  273   24  30  0  0 L3P 12
G11 FF 61045 130600  780 362  803    +4848799   -192         -15    -59   23 159  137   -3  212   -3  212   -3  17  0  0 L3P 37
G12 FF 61045 130600  780 462  888    +6061727    +26          12    +21   27  84  112  +13  172  -14  172  -14  19  0  0 L3P 28
G25 FF 61045 130600  780 873  409    -4518500    +11           7    -11   17  91   81   +0  141   +2  141    2  11  0  0 L3P AB
G28 FF 61045 130600  780 457 2986    +6152434    -50           2     -2   32 186  113  -12  180  -23  180  -23  22  0  0 L3P 28
G29 FF 61045 130600  780 544 2055    +3981027    -56           6     +8   36  32  100  -10  180  -39  180  -39  29  0  0 L3P 25
G31 FF 61045 130600  780 166 3117    +1742641    +59          46    +79   37   1  282 -110  306 -123  306 -123  28  0  0 L3P 62
G32 FF 61045 130600  780 245 2463    +1766427   -234           4    -67   25  39  193  +40  298  +89  298   89  19  0  0 L3P 66
G06 FF 61045 132200  780 140  316    +5990565   +162          18   +118   41  79  328 +110  273  -55  273  -55  33  0  0 L3P 6D
G11 FF 61045 132200  780 364  714    +4848680   -114          -7    +19   28 159  136   +2  189  -18  189  -18  21  0  0 L3P 54
G12 FF 61045 132200  780 395  930    +6061716    +29          -3    +24   32  84  127  +19  199   +5  199    5  23  0  0 L3P 06
G25 FF 61045 132200  780 807  894    -4518475    +30          10     +7   15  91   82   +2  131  -15  131  -15  10  0  0 L3P EC
G28 FF 61045 132200  780 513 2919    +6152387    -40           1     +8   24 186  104   -8  156  -21  156  -21  16  0  0 L3P 1F
G29 FF 61045 132200  780 623 2060    +3980962   -102           2    -39   27  32   91   -7  162   +6  162    6  20  0  0 L3P E9
G31 FF 61045 132200  780 230 3107    +1742574   -127          -1   -107   47   1  206  -56  284  +43  284   43  34  0  0 L3P 38
G32 FF 61045 132200  780 191 2410    +1766270   -266           7    -99   30  39  245  +71  316 +102  316  102  24  0  0 L3P 51
G11 FF 61045 133800  780 351  630    +4848548   -145         -11    -12   28 159  140   +7  189  +14  189   14  22  0  0 L3P 4B
G12 FF 61045 133800  780 329  972    +6061727    -47           4    -51   30  84  148  +27  218  +56  218   56  25  0  0 L3P 28
G25 FF 61045 133800  780 733  998    -4518463     +3           0    -20   19  91   84   +3  137  +12  137   12  12  0  0 L3P DF
G28 FF 61045 133800  780 556 2822    +6152331    -63          -9    -15   23 186   98   -4  155   -5  155   -5  15  0  0 L3P 1D
G29 FF 61045 133800  780 702 2047    +3980903    -69           5     -5   21  32   86   -4  143   -8  143   -8  14  0  0 L3P E5
G31 FF 61045 133800  780 294 3085    +1742549    +22          -7    +43   31   1  165  -33  245  -71  245  -71  24  0  0 L3P 2D
G32 FF 61045 133800  780 133 2364    +1766109    -46           6   +121   60  39  344 +146  363  -28  363  -28  43  0  0 L3P 60
G11 FF 61045 135400  780 323  555    +4848441   -140          10     -7   31 159  150  +14  184  +17  184   17  21  0  0 L3P 2B
G12 FF 61045 135400  780 264 1012    +6061727    +28           0    +23   26  84  181  +41  240  +14  240   14  21  0  0 L3P 00
G25 FF 61045 135400  780 659 1061    -4518442    +24          -1     +1   19  91   88   +5  139   -1  139   -1  12  0  0 L3P E2
G26 FF 61045 135400  780 180 2887    +3064267    -12           2    -74   33   4  261  -91  316   -7  316   -7  29  0  0 L3P 0A
G28 FF 61045 135400  780 581 2693    +6152270    -75         -21    -27   17 188   95   -2  159  +18  159   18  12  0  0 L3P 4F
G29 FF 61045 135400  780 779 1984    +3980822    -56         -16     +8   18  32   83   -2  141  -12  141  -12  11  0  0 L3P 26
G31 FF 61045 135400  780 354 3049    +1742531    -60          -5    -40   32   1  139  -21  213   +8  213    8  24  0  0 L3P E6
G11 FF 61045 141000  780 285  493    +4848283   -170         -19    -37   34 160  169  +24  226  +51  226   51  25  0  0 L3P 5C
G12 FF 61045 141000  780 201 1050    +6061705    -11         -26    -16   26   1  233  +70  269  +39  269   39  20  0  0 L3P 19
G18 FF 61045 141000  780 124 1805    +4587473    -25         -13    +73   40 124  376 -208  422 -243  422 -243  30  0  0 L3P 91
G20 FF 61045 141000  780 163  715    -3618044     -6          21     -7   35   8  284  -48  255  -18  255  -18  29  0  0 L3P 07
G25 FF 61045 141000  780 585 1111    -4518431     +1         -16    -22   20  92   95   +8  149  +29  149   29  15  0  0 L3P 0D
G26 FF 61045 141000  780 245 2908    +3064320    -26          -3    -87   32   4  195  -51  262  +21  262   21  25  0  0 L3P 12
G28 FF 61045 141000  780 583 2548    +6152233    -76         -12    -28   23 189   95   +1  157  +24  157   24  16  0  0 L3P 3F
G29 FF 61045 141000  780 843 1676    +3980799    -44          21    +20   13  81   81   -1  115   -4  115   -4  10  0  0 L3P F7
G31 FF 61045 141000  780 409 2994    +1742511    -18          15     +2   27  26  123  -13  184  -23  184  -23  19  0  0 L3P 29
G11 FF 61045 142600  780 237  444    +4848162   -104         -12    +29   37 160  200  +41  243   -6  243   -6  27  0  0 L3P 30
G12 FF 61045 142600  780 140 1087    +6061711   -102         -25   -106   74   1  329 +140  300  +99  300   99  50  0  0 L3P 53
G18 FF 61045 142600  780 194 1799    +4587411    -45          20    +53   40 124  244  -89  270 -102  270 -102  29  0  0 L3P 83
G20 FF 61045 142600  780 187  649    -3618049    +12          15    +11   38   8  250  -24  251  -20  251  -20  28  0  0 L3P 15
G21 FF 61045 142600  780 115  671    -3736843    -24          -9    +63   47  85  396 -102  288  -53  288  -53  39  0  0 L3P 66
G25 FF 61045 142600  780 512 1155    -4518413    +29         -19     +6   20  92  103  +11  166  +16  166   16  15  0  0 L3P 25
G26 FF 61045 142600  780 312 2925    +3064397    +93          15    +32   29   4  156  -32  211  -56  211  -56  22  0  0 L3P 2F
G28 FF 61045 142600  780 559 2412    +6152186    -27         -12    +21   29 189   98   +4  156   -2  156   -2  22  0  0 L3P 27
G29 FF 61045 142600  780 831  931    +3980738    -95          21    -31   13  81   81   +1  113  +19  113   19   9  0  0 L3P F6
G31 FF 61045 142600  780 454 2919    +1742481    -45           5    -24   26  26  113   -8  173   -1  173   -1  22  0  0 L3P F8
G04 FF 61045 144200  780 110 3287     -362540    -12          19    +13   52 111  412  -28  343  -28  343  -28  37  0  0 L3P 34
G05 FF 61045 144200  780 146  913    +2267561     -5           1    -12   55  48  318  -96  284  -28  284  -28  41  0  0 L3P 21
G11 FF 61045 144200  780 184  408    +4848050    -94           4    +39   47 160  254  +75  237  -30  237  -30  38  0  0 L3P 3B
G18 FF 61045 144200  780 266 1793    +4587310    -87          12    +11   23 124  180  -48  234  -37  234  -37  18  0  0 L3P 61
G20 FF 61045 144200  780 199  580    -3618041    +44          21    +43   47   8  235   -9  230  -53  230  -53  33  0  0 L3P 07
G21 FF 61045 144200  780 141  607    -3736909   -116           7    -30   44  85  326  -49  259  -11  259  -11  32  0  0 L3P 3D
G25 FF 61045 144200  780 441 1195    -4518378    +32          -7     +9   21  92  116  +15  183  +26  183   26  17  0  0 L3P 27
G26 FF 61045 144200  780 380 2934    +3064460    +73          18    +12   24   4  131  -21  181  -32  181  -32  19  0  0 L3P 20
G28 FF 61045 144200  780 515 2302    +6152147    -27          -6    +21   27 189  103   +8  154   -9  154   -9  21  0  0 L3P 19
G29 FF 61045 144200  780 764  727    +3980640    -93         -16    -30   22  81   83   +3  138  +24  138   24  15  0  0 L3P 19
G31 FF 61045 144200  780 485 2822    +1742471     -2          15    +18   18  26  108   -4  151  -27  151  -27  13  0  0 L3P 16
G04 FF 61045 145800  780 112 3222     -362576    -59           8    -34   47 111  404  +11  340  +18  340   18  33  0  0 L3P 19
G05 FF 61045 145800  780 187  852    +2267574     -9           8    -16   38  48  250  -50  251  -37  251  -37  30  0  0 L3P 26
G11 FF 61045 145800  780 127  383    +4847917   -161          -2    -28   53 160  362 +163  242  +12  242   12  40  0  0 L3P 4F
G16 FF 61045 145800  780 106 2939    -1817957    +37         -11   +115   54  25  437 -257  358 -136  358 -136  37  0  0 L3P C2
G18 FF 61045 145800  780 341 1785    +4587204    -54           0    +44   37 124  144  -29  216  -77  216  -77  28  0  0 L3P 5F
G20 FF 61045 145800  780 201  510    -3618045    +31          16    +30   37   8  233   +5  229  -23  229  -23  29  0  0 L3P FD
G21 FF 61045 145800  780 158  541    -3737001   -166          -1    -80   37  85  294  -21  238  +59  238   59  32  0  0 L3P 49
G25 FF 61045 145800  780 370 1232    -4518360     -1         -10    -23   22  92  134  +22  203  +47  203   47  17  0  0 L3P 1B
G26 FF 61045 145800  780 450 2933    +3064504    +66           3     +4   22   4  114  -15  169  -22  169  -22  16  0  0 L3P 09
G28 FF 61045 145800  780 459 2220    +6152097    -75         -10    -27   29 189  112  +12  165  +30  165   30  22  0  0 L3P 57
G29 FF 61045 145800  780 690  689    +3980586    -67          -9     -3   20  81   87   +4  129  +16  129   16  14  0  0 L3P 15
G31 FF 61045 145800  780 497 2710    +1742434    -65          -3    -45   25  26  106   +0  162  +27  162   27  17  0  0 L3P 1F
G04 FF 61045 151400  780 104 3158     -362620   -123         -13    -98   43 111  435  +56  355  +76  355   76  29  0  0 L3P 5E
G05 FF 61045 151400  780 221  785    +2267564    -12          -9    -19   33  48  213  -28  233   -3  233   -3  26  0  0 L3P 09
G16 FF 61045 151400  780 170 2962    -1818010    +24          11   +101   42  25  276 -106  276 -134  276 -134  33  0  0 L3P 7C
G18 FF 61045 151400  780 417 1773    +4587113   -151           3    -53   41 124  122  -19  179   +7  179    7  29  0  0 L3P 35
G20 FF 61045 151400  780 190  443    -3618061     +0           0     -1   34   8  245  +20  232  -10  232  -10  27  0  0 L3P BC
G21 FF 61045 151400  780 163  473    -3737087    -40          -4    +46   48  85  284   +0  235  -56  235  -56  34  0  0 L3P 2B
G25 FF 61045 151400  780 302 1265    -4518334    +19          -6     -4   26  92  160  +34  225  +44  225   44  20  0  0 L3P 13
G26 FF 61045 151400  780 519 2917    +3064564    +56           4     -5   25   4  103  -10  152   -9  152   -9  17  0  0 L3P EA
G28 FF 61045 151400  780 395 2160    +6152052    -12          -9    +36   27 189  127  +18  185   -5  185   -5  20  0  0 L3P 35
G29 FF 61045 151400  780 616  692    +3980518     -4         -16    +60   26  81   92   +7  136  -29  136  -29  17  0  0 L3P 22
G31 FF 61045 151400  780 489 2594    +1742409    -83          -9    -63   23  26  107   +3  164  +65  164   65  17  0  0 L3P 35
G05 FF 61045 153000  780 245  712    +2267589    +18          10    +11   27  48  194  -14  194  -34  194  -34  22  0  0 L3P 35
G16 FF 61045 153000  780 236 2980    -1818074     +7          21    +84   23  25  202  -56  226 -112  226 -112  17  0  0 L3P 4B
G18 FF 61045 153000  780 494 1754    +4587021   -133           5    -35   19 124  107  -13  160   +1  160    1  13  0  0 L3P 12
G20 FF 61045 153000  780 169  380    -3618055    +13           4    +12   24   8  275  +43  212  -26  212  -26  19  0  0 L3P FD
G21 FF 61045 153000  780 158  407    -3737153    -75          12    +11   38  85  293  +21  194  -40  194  -40  30  0  0 L3P 2E
G25 FF 61045 153000  780 234 1297    -4518308    +48          -2    +25   33  92  202  +55  249  +12  249   12  26  0  0 L3P 30
G26 FF 61045 153000  780 587 2875    +3064619    +29           1    -33   20   4   95   -7  143  +12  143   12  14  0  0 L3P EC
G28 FF 61045 153000  780 327 2115    +6152004    -23         -11    +25   31 189  149  +28  205   +1  205    1  23  0  0 L3P 12
G29 FF 61045 153000  780 544  710    +3980449    -72         -24     -8   26  81   99   +9  145   +8  145    8  19  0  0 L3P F8
G31 FF 61045 153000  780 461 2489    +1742391    +22          -7    +42   24  26  112   +7  169  -22  169  -22  17  0  0 L3P 28
G05 FF 61045 154600  780 257  635    +2267590    -36           4    -43   32  48  185   -4  173   +8  173    8  24  0  0 L3P F1
G16 FF 61045 154600  780 305 2992    -1818176   -104          -7    -27   26  25  159  -34  207  -20  207  -20  18  0  0 L3P 5A
G18 FF 61045 154600  780 570 1719    +4586924    -76           2    +22   19 124   96   -9  142  -40  142  -40  13  0  0 L3P 2E
G20 FF 61045 154600  780 137  325    -3618049    +24           9    +23   29   8  335  +86  187  -47  187  -47  23  0  0 L3P 2A
G21 FF 61045 154600  780 141  344    -3737278   -112         -30    -26   50  85  326  +50  204   -5  204   -5  35  0  0 L3P 22
G25 FF 61045 154600  780 169 1325    -4518289    +54          -4    +31   34  92  275 +104  268   -5  268   -5  27  0  0 L3P 46
G26 FF 61045 154600  780 649 2791    +3064673    +25          -4    -37   17   4   89   -4  136  +17  136   17  12  0  0 L3P 11
G28 FF 61045 154600  780 259 2080    +6151975    -34           5    +14   42 189  184  +47  216  +13  216   13  33  0  0 L3P 41
G29 FF 61045 154600  780 473  737    +3980399    -59         -12     +5   23  81  110  +13  135   -4  135   -4  17  0  0 L3P 15
G31 FF 61045 154600  780 419 2401    +1742376    +29          -2    +49   24  26  121  +12  171  -31  171  -31  18  0  0 L3P 2D
G05 FF 61045 160200  780 256  558    +2267588    -17          -1    -24   26  49  186   +6  170   +7  170    7  20  0  0 L3P F5
G16 FF 61045 160200  780 375 2995    -1818241    -70           0     +8   20  26  133  -22  170  -26  170  -26  14  0  0 L3P 17
G18 FF 61045 160200  780 643 1653    +4586829    -89           0     +9   22 125   90   -5  131  -17  131  -17  16  0  0 L3P 18
G21 FF 61045 160200  780 114  287    -3737321   -107          10    -21   43  85  399 +108  149  -23  149  -23  36  0  0 L3P 57
G25 FF 61045 160200  780 105 1351    -4518272    -60         -10    -83   51  93  434 +254  286  +64  286   64  42  0  0 L3P 5C
G26 FF 61045 160200  780 696 2641    +3064733    +72          -4    +11   17   5   86   -2  128   -7  128   -7  12  0  0 L3P E6
G28 FF 61045 160200  780 191 2051    +6151905   -105         -14    -57   34 190  245  +85  258  +70  258   70  27  0  0 L3P 6F
G29 FF 61045 160200  780 405  768    +3980322    -65         -26     -2   30  84  124  +18  147   +1  147    1  22  0  0 L3P F8
G31 FF 61045 160200  780 366 2330    +1742355    -20          -4     +0   19  26  135  +18  187  +15  187   15  14  0  0 L3P 11
G05 FF 61045 161800  780 241  484    +2267591    +49          -5    +42   29  49  197  +17  155  -44  155  -44  21  0  0 L3P 42
G16 FF 61045 161800  780 446 2985    -1818329    -73         -14     +5   25  26  115  -15  155  -32  155  -32  16  0  0 L3P 4E
G18 FF 61045 161800  780 705 1527    +4586739    -94           4     +4   22 125   86   -3  117  -23  117  -23  14  0  0 L3P 1C
G23 FF 61045 161800  780 135 1465    -5954632    +49         -11   +100   54 119  345 -165  276 -137  276 -137  41  0  0 L3P BD
G26 FF 61045 161800  780 714 2420    +3064801    +37           6    -24   19   5   85   +0  116   +7  116    7  13  0  0 L3P C0
G27 FF 61045 161800  780 160 2683     +128822    +80           8     +9   37 113  292 -113  249  -51  249  -51  29  0  0 L3P 42
G28 FF 61045 161800  780 124 2026    +6151868    -22          -5    +26   52 190  369 +190  279   +4  279    4  47  0  0 L3P 4A
G29 FF 61045 161800  780 339  802    +3980273    -65         -14     -1   21  84  144  +25  139   -1  139   -1  17  0  0 L3P 10
G31 FF 61045 161800  780 308 2274    +1742340    -29           1     -8   30  26  157  +29  196   +8  196    8  23  0  0 L3P FB
G05 FF 61045 163400  780 214  418    +2267608    +43           5    +36   37  49  220  +33  135  -47  135  -47  28  0  0 L3P 25
G16 FF 61045 163400  780 516 2956    -1818391    -65          -2    +12   20  26  103  -10  119  -36  119  -36  15  0  0 L3P 3D
G18 FF 61045 163400  780 745 1299    +4586657    -71          15    +27   24 125   84   -1   86  -42   86  -42  16  0  0 L3P 31
G23 FF 61045 163400  780 200 1434    -5954673    -10          -3    +42   34 119  236  -77  222 -104  222 -104  26  0  0 L3P 65
G26 FF 61045 163400  780 695 2196    +3064850    +51          -5    -10   20   5   86   +2  113  -14  113  -14  14  0  0 L3P F8
G27 FF 61045 163400  780 223 2720     +128876    +54          -5    -17   46 113  213  -60  215  -43  215  -43  35  0  0 L3P 38
G29 FF 61045 163400  780 275  837    +3980208    -91         -18    -27   27  84  174  +38  140  +18  140   18  20  0  0 L3P 46
G31 FF 61045 163400  780 246 2228    +1742320     -5           1    +16   25  26  193  +47  210   -1  210   -1  20  0  0 L3P D6
G05 FF 61045 165000  780 176  362    +2267615    -21           5    -28   50  49  264  +61  107   -1  107   -1  37  0  0 L3P F5
G16 FF 61045 165000  780 582 2897    -1818464   -101          -1    -24   18  26   95   -7   98   -4   98   -4  12  0  0 L3P 04
G18 FF 61045 165000  780 742 1011    +4586551   -116           4    -18   18 125   84   +1   76   -8   76   -8  13  0  0 L3P F3
G23 FF 61045 165000  780 266 1398    -5954720    -70           0    -18   32 119  180  -43  163  -32  163  -32  23  0  0 L3P 46
G26 FF 61045 165000  780 647 2040    +3064910    +24          -4    -38   26   5   89   +4  101  +11  101   11  18  0  0 L3P E1
G27 FF 61045 165000  780 288 2756     +128957    +60           8    -10   30 113  168  -36  165  -28  165  -28  22  0  0 L3P 45
G29 FF 61045 165000  780 212  874    +3980151    -83         -14    -19   31  84  221  +63  128   +3  128    3  24  0  0 L3P 0D
G31 FF 61045 165000  780 184 2190    +1742315    +23          16    +43   32  26  253  +84  216  -33  216  -33  27  0  0 L3P 34
G05 FF 61045 170600  780 131  315    +2267649    -29          33    -36   40  49  350 +128   67  +18   67   18  31  0  0 L3P 1F
G16 FF 61045 170600  780 638 2793    -1818544    -89          -6    -11   20  26   90   -4   80  -15   80  -15  14  0  0 L3P 07
G18 FF 61045 170600  780 700  803    +4586443    -39         -10    +59   20 125   86   +3   71  -51   71  -51  13  0  0 L3P 07
G23 FF 61045 170600  780 332 1355    -5954756    +30          12    +81   32 119  148  -26  107  -91  107  -91  22  0  0 L3P 59
G26 FF 61045 170600  780 583 1947    +3064983    +28          10    -33   27   5   95   +7   82  +17   82   17  20  0  0 L3P F0
G27 FF 61045 170600  780 354 2791     +129032    +72          15     +1   24 113  139  -24  117  -45  117  -45  20  0  0 L3P 24
G29 FF 61045 170600  780 151  911    +3980068    -98         -36    -35   46  84  305 +119  139  +20  139   20  36  0  0 L3P 58
G31 FF 61045 170600  780 123 2157    +1742272    -49          -8    -29   38  26  373 +181  235  +37  235   37  33  0  0 L3P 51
G10 FF 61045 172200  780 154 1642    +5802194     +4          23    -27   42  30  305 -137  155  -67  155  -67  32  0  0 L3P 3F
G16 FF 61045 172200  780 674 2627    -1818614    -96          -3    -18   18  26   88   -1   65   -3   65   -3  12  0  0 L3P EA
G18 FF 61045 172200  780 639  696    +4586348   -115         -12    -17   21 125   90   +5   63   -3   63   -3  15  0  0 L3P 03
G23 FF 61045 172200  780 394 1300    -5954819    -30          -1    +21   26 119  127  -17   92  -36   92  -36  20  0  0 L3P 2E
G26 FF 61045 172200  780 513 1892    +3065021    +86         -11    +25   22   5  103  +11   92  -17   92  -17  17  0  0 L3P 0A
G27 FF 61045 172200  780 424 2824     +129099    +84          15    +14   25 113  120  -17   83  -48   83  -48  18  0  0 L3P 2B
G07 FF 61045 173800  780 113 3302    +1311490    +84           7    +31   48  59  404  -81  102  -32  102  -32  37  0  0 L3P 1F
G08 FF 61045 173800  780 179 2849    -5075191    +87          37    +46   40  80  263  -92  133 -107  133 -107  30  0  0 L3P 80
G10 FF 61045 173800  780 224 1624    +5802208    -15           7    -46   38  30  212  -66  127  -17  127  -17  28  0  0 L3P 33
G16 FF 61045 173800  780 679 2421    -1818688    -74          -2     +4   15  26   87   +1   55   -7   55   -7  11  0  0 L3P DC
G18 FF 61045 173800  780 570  648    +4586268    -89           2     +9   23 125   96   +8   49   -5   49   -5  15  0  0 L3P E4
G23 FF 61045 173800  780 451 1228    -5954871    -49          -3     +3   26 119  114  -11   70  -17   70  -17  21  0  0 L3P 1F
G26 FF 61045 173800  780 440 1859    +3065085    +75          -5    +14   27   5  116  +16   89  -11   89  -11  22  0  0 L3P 16
G27 FF 61045 173800  780 495 2853     +129165    +87          13    +17   22 113  106  -12   58  -31   58  -31  17  0  0 L3P 29
G07 FF 61045 175400  780 131 3245    +1311562    +57          29     +4   34  59  349  -36   76  -26   76  -26  25  0  0 L3P 21
G08 FF 61045 175400  780 243 2877    -5075163    +63          27    +22   44  80  196  -51   89  -59   89  -59  34  0  0 L3P 51
G10 FF 61045 175400  780 296 1604    +5802244    +12          14    -19   31  30  164  -38   88  -23   88  -23  24  0  0 L3P 21
G15 FF 61045 175400  780 125  628    -3738965    -53          13    -18   51  81  366  -66   64   +0   64    0  38  0  0 L3P F6
G16 FF 61045 175400  780 650 2236    -1818775    -85         -15     -8   21  26   89   +3   59   +0   59    0  14  0  0 L3P DB
G18 FF 61045 175400  780 500  630    +4586169    -85          -3    +13   31 125  105  +11   45  -11   45  -11  23  0  0 L3P 08
G23 FF 61045 175400  780 497 1136    -5954917    -40          -1    +11   21 119  106   -6   60  -23   60  -23  16  0  0 L3P 16
G26 FF 61045 175400  780 366 1839    +3065143    +56          -6     -6   33   5  135  +24   97  +14   97   14  27  0  0 L3P FE
G27 FF 61045 175400  780 568 2878     +129217    +34          -2    -37   24 113   97   -9   54   +4   54    4  17  0  0 L3P DE
G07 FF 61045 181000  780 140 3184    +1311591   +118           3    +65   37  62  329   -8   86  -40   86  -40  28  0  0 L3P 12
G08 FF 61045 181000  780 309 2900    -5075122   +103          34    +62   36  81  157  -32   61  -56   61  -56  23  0  0 L3P 2A
G10 FF 61045 181000  780 369 1578    +5802286    +12          24    -19   31  38  135  -24   57  -12   57  -12  21  0  0 L3P 1E
G15 FF 61045 181000  780 143  561    -3739008    -33           2     +2   42  82  322  -29   55  -13   55  -13  32  0  0 L3P DC
G16 FF 61045 181000  780 597 2108    -1818846    -78         -14     -1   26  27   94   +6   50   -5   50   -5  20  0  0 L3P DE
G18 FF 61045 181000  780 429  631    +4586062   -123         -17    -25   22 126  118  +16   52   +7   52    7  17  0  0 L3P 0B
G23 FF 61045 181000  780 527 1023    -5954963    -45           4     +5   20 120  102   -3   46  -11   46  -11  13  0  0 L3P E2
G26 FF 61045 181000  780 294 1825    +3065216    +92           3    +31   24  29  164  +37   84  -15   84  -15  18  0  0 L3P 14
G27 FF 61045 181000  780 643 2893     +129287    +79          -5     +9   17 114   90   -6   46  -16   46  -16  12  0  0 L3P F9
G02 FF 61045 182600  780 100 2477     -101808    -73           3    +10   42  66  459 -281  155  -85  155  -85  32  0  0 L3P 39
G07 FF 61045 182600  780 138 3121    +1311628    +29         -11    -23   40  62  333  +16   88  +24   88   24  29  0  0 L3P 1D
G08 FF 61045 182600  780 378 2918    -5075079    +23          38    -18   25  81  132  -21   38  +10   38   10  17  0  0 L3P 20
G10 FF 61045 182600  780 442 1542    +5802308    +58          17    +27   21  38  116  -16   49  -42   49  -42  15  0  0 L3P 22
G15 FF 61045 182600  780 150  492    -3739039    -72           4    -37   45  82  307   -3   48  +29   48   29  35  0  0 L3P FB
G16 FF 61045 182600  780 532 2028    -1818914   -144          -8    -67   23  27  101   +9   45  +54   45   54  20  0  0 L3P 16
G18 FF 61045 182600  780 360  643    +4585964    -53         -21    +44   27 126  137  +23   51  -34   51  -34  22  0  0 L3P 32
G23 FF 61045 182600  780 536  897    -5955001    -65          15    -15   18 120  100   +0   30   +1   30    1  13  0  0 L3P C3
G26 FF 61045 182600  780 224 1814    +3065274    +54           2     -7   40  29  211  +63   89   -2   89   -2  32  0  0 L3P DC
G27 FF 61045 182600  780 719 2886     +129375    +65          15     -5   15 114   85   -4   26   -9   26   -9  10  0  0 L3P DF
G02 FF 61045 184200  780 163 2513     -101895    -60          -4    +23   37  66  288 -111  104  -57  104  -57  27  0  0 L3P 3D
G07 FF 61045 184200  780 126 3057    +1311707    +76          18    +24   34  62  363  +47   64  -20   64  -20  26  0  0 L3P 1B
G08 FF 61045 184200  780 448 2929    -5075061    +42          16     +1   22  81  115  -15   39   -9   39   -9  17  0  0 L3P FA
G10 FF 61045 184200  780 512 1490    +5802326    +48           5    +17   19  38  104  -10   48  -15   48  -15  14  0  0 L3P 06
G15 FF 61045 184200  780 146  423    -3739065    -84          12    -49   33  82  316  +21   36  +25   36   25  24  0  0 L3P 07
G16 FF 61045 184200  780 460 1977    -1818997   -104         -16    -27   26  27  112  +14   56  +31   56   31  22  0  0 L3P 3F
G18 FF 61045 184200  780 293  662    +4585896    -54           5    +43   32 126  164  +35   31  -33   31  -33  24  0  0 L3P 1A
G23 FF 61045 184200  780 524  775    -5955057    -74           6    -24   24 120  102   +3   28  +15   28   15  18  0  0 L3P F3
G26 FF 61045 184200  780 156 1804    +3065322    +17          -9    -45   26  29  297 +125  104  +76  104   76  19  0  0 L3P 51
G27 FF 61045 184200  780 793 2813     +129421    +82          -6    +12   14 114   82   -2   38   -6   38   -6  10  0  0 L3P CF
G02 FF 61045 185800  780 226 2551     -101988   -124         -18    -41   38  66  210  -58   92  +43   92   43  28  0  0 L3P 31
G07 FF 61045 185800  780 104 2996    +1311755    +52          16     +0   36  62  432 +102   54   -7   54   -7  28  0  0 L3P FF
G08 FF 61045 185800  780 519 2927    -5075030    +13           8    -28   20  81  103  -10   34   +1   34    1  14  0  0 L3P CE
G10 FF 61045 185800  780 576 1411    +5802355    +57           4    +26   22  38   96   -7   44  -21   44  -21  16  0  0 L3P EF
G15 FF 61045 185800  780 130  358    -3739099     +8          11    +43   51  82  351  +55   25  -48   25  -48  38  0  0 L3P 16
G16 FF 61045 185800  780 388 1944    -1819071    -77         -16     +0   32  27  129  +21   58   +7   58    7  25  0  0 L3P 07
G18 FF 61045 185800  780 229  687    +4585803   -135           6    -37   41 126  207  +56   31  +33   31   33  32  0  0 L3P 22
G23 FF 61045 185800  780 491  672    -5955095    -36          16    +14   20 120  107   +7   21   -7   21   -7  14  0  0 L3P EB
G27 FF 61045 185800  780 851 2392     +129487    +84          -8    +13   13 114   81   +0   36  -14   36  -14   9  0  0 L3P F0
G02 FF 61045 191400  780 290 2591     -102053    -67          -3    +16   29  66  167  -35   55  -39   55  -39  22  0  0 L3P 16
G08 FF 61045 191400  780 591 2906    -5074994    +40           5     -1   19  81   94   -7   31   -4   31   -4  13  0  0 L3P BF
G10 FF 61045 191400  780 627 1292    +5802371    +84          -9    +53   18  38   91   -4   49  -39   49  -39  13  0  0 L3P 12
G15 FF 61045 191400  780 104  298    -3739157    -15         -12    +21   40  82  434 +124   43  -10   43  -10  29  0  0 L3P 1F
G16 FF 61045 191400  780 315 1921    -1819128   -136           1    -59   28  27  154  +33   52  +49   52   49  22  0  0 L3P 20
G18 FF 61045 191400  780 166  715    +4585703   -113          -1    -15   38 126  280 +103   46  +30   46   30  29  0  0 L3P 2E
G23 FF 61045 191400  780 444  594    -5955169    -61          -9    -11   23 120  115  +11   38  +18   38   18  16  0  0 L3P 17
G27 FF 61045 191400  780 820 1690     +129571    +15           8    -56   13 114   82   +1   19  +40   19   40  11  0  0 L3P D1
G02 FF 61045 193000  780 355 2633     -102129   -151           1    -68   27  66  139  -23   33  +40   33   40  19  0  0 L3P F4
G08 FF 61045 193000  780 659 2848    -5074961    +30          -1    -11   17  81   89   -5   31   +3   31    3  11  0  0 L3P C7
G10 FF 61045 193000  780 657 1127    +5802413    +42           4    +11   17  38   89   -1   33  -15   33  -15  11  0  0 L3P D6
G16 FF 61045 193000  780 243 1904    -1819226   -136         -23    -58   31  27  195  +54   83  +47   83   47  24  0  0 L3P 46
G23 FF 61045 193000  780 387  541    -5955206    -75           2    -25   37 120  129  +17   30  +11   30   11  26  0  0 L3P F4
G27 FF 61045 193000  780 746 1544     +129616    +51         -14    -20   13 114   84   +3   36  +18   36   18   9  0  0 L3P E8
G01 FF 61045 194600  780 106 2571    -3465716    -75           0   -107   56  71  433 -238   75  +94   75   94  42  0  0 L3P 41
G02 FF 61045 194600  780 421 2675     -102226   -118         -16    -35   22  66  121  -16   44  +29   44   29  17  0  0 L3P 1D
G08 FF 61045 194600  780 719 2722    -5074913    +36           7     -5   17  81   85   -3   27   +2   27    2  12  0  0 L3P B4
G10 FF 61045 194600  780 657  941    +5802435    +20          -3    -11   18  38   89   +1   36   +4   36    4  13  0  0 L3P B2
G16 FF 61045 194600  780 174 1890    -1819299    -10         -21    +67   43  27  267 +102   88  -47   88  -47  37  0  0 L3P 6B
G23 FF 61045 194600  780 325  507    -5955253     -5           3    +45   27 120  150  +27   32  -30   32  -30  20  0  0 L3P EA
G27 FF 61045 194600  780 668 1514     +129687   +101         -11    +30   13 114   88   +5   38   -6   38   -6   9  0  0 L3P F2
G32 FF 61045 194600  780 150 1289    +1762408   -181           1    -13   38   2  312 -123   85   -2   85   -2  28  0  0 L3P FC
G01 FF 61045 200200  780 166 2608    -3465658    +84          29    +52   27  72  281 -102   50  -53   50  -53  20  0  0 L3P 2C
G02 FF 61045 200200  780 487 2719     -102293   -106          -9    -24   24  69  108  -12   40  +19   40   19  17  0  0 L3P 05
G08 FF 61045 200200  780 754 2482    -5074875    +19          12    -22   16  84   84   -1   28  +16   28   16  11  0  0 L3P F3
G10 FF 61045 200200  780 628  782    +5802463    +38          -5     +7   16  38   91   +3   31   -1   31   -1  11  0  0 L3P 98
G16 FF 61045 200200  780 108 1876    -1819380    -30         -36    +47   33  28  423 +249  106  -50  106  -50  26  0  0 L3P 5F
G23 FF 61045 200200  780 261  489    -5955273    -92          34    -42   29 121  183  +43   10  +24   10   24  24  0  0 L3P 07
G27 FF 61045 200200  780 589 1513     +129754    +73         -12     +3   17 115   94   +8   45   +5   45    5  13  0  0 L3P C2
G32 FF 61045 200200  780 208 1246    +1762253   -229           7    -62   46   2  227  -62   68  +22   68   22  37  0  0 L3P 01
G01 FF 61045 201800  780 227 2646    -3465622    +43          34    +11   30  72  209  -56   24  -18   24  -18  23  0  0 L3P 15
G02 FF 61045 201800  780 555 2765     -102369   -121          -5    -38   20  69   98   -8   34  +25   34   25  14  0  0 L3P F1
G08 FF 61045 201800  780 746 2183    -5074855    +39          -7     -2   18  84   84   +1   34  +19   34   19  10  0  0 L3P E7
G10 FF 61045 201800  780 578  674    +5802488    +41         -10    +11   19  38   95   +6   34  -12   34  -12  14  0  0 L3P F2
G14 FF 61045 201800  780 121 3271    -7268853     -7          24    +18   41  83  380 -131   20  -19   20  -19  30  0  0 L3P 16
G23 FF 61045 201800  780 196  482    -5955346    +62           8   +112   34 121  239  +77   29  -78   29  -78  28  0  0 L3P 45
G27 FF 61045 201800  780 511 1522     +129815    +41         -18    -29   19 115  104  +12   47  +30   47   30  14  0  0 L3P 09
G32 FF 61045 201800  780 265 1196    +1762075   -175         -10     -8   36   2  181  -36   71   +1   71    1  25  0  0 L3P E2
G01 FF 61045 203400  780 290 2684    -3465603    +49          23    +18   26  72  167  -34   25  -39   25  -39  20  0  0 L3P 28
G02 FF 61045 203400  780 623 2813     -102453    -78          -9     +5   24  69   91   -6   35  -16   35  -16  17  0  0 L3P D5
G08 FF 61045 203400  780 699 1979    -5074811    +34          -2     -7   11  84   86   +3   40  +15   40   15   7  0  0 L3P D0
G10 FF 61045 203400  780 518  609    +5802518    +44          -9    +13   19  38  103   +9   31   -5   31   -5  15  0  0 L3P C7
G14 FF 61045 203400  780 159 3223    -7268880     +4          20    +29   37  83  292  -63   15  -37   15  -37  26  0  0 L3P 1D
G23 FF 61045 203400  780 131  484    -5955407    -51          -4     -1   48 121  350 +168   39   -2   39   -2  38  0  0 L3P F9
G27 FF 61045 203400  780 434 1535     +129894    +41          -7    -29   21 115  117  +17   45  +34   45   34  16  0  0 L3P 0C
G32 FF 61045 203400  780 318 1137    +1761914   -168         -11     +0   26   2  153  -22   67   +1   67    1  21  0  0 L3P D3
G01 FF 61045 205000  780 354 2723    -3465592   +108           4    +77   25  72  140  -23   29  -61   29  -61  17  0  0 L3P 20
G02 FF 61045 205000  780 692 2864     -102518    -70           6    +13   18  69   86   -4   25   -7   25   -7  13  0  0 L3P B7
G08 FF 61045 205000  780 633 1872    -5074768    +23           1    -18   16  84   90   +6   44  +21   44   21  12  0  0 L3P D8
G10 FF 61045 205000  780 452  574    +5802539    -15         -18    -46   28  38  114  +14   39  +40   39   40  21  0  0 L3P 08
G14 FF 61045 205000  780 189 3166    -7268928    -38          -4    -13   42  83  247  -33   32  +22   32   22  30  0  0 L3P 11
G22 FF 61045 205000  780 114 3300     +620470   -133           9    -92   51  73  400 -140   24  +56   24   56  37  0  0 L3P F8
G27 FF 61045 205000  780 359 1550     +129965    +70          -4     +0   26 115  137  +25   51  +14   51   14  21  0  0 L3P E6
G32 FF 61045 205000  780 364 1067    +1761751   -144         -14    +24   25   2  136  -14   60  -36   60  -36  20  0  0 L3P 17
G01 FF 61045 210600  780 420 2761    -3465577     +4         -12    -27   25  72  121  -16   29   +7   29    7  21  0  0 L3P E2
G02 FF 61045 210600  780 762 2927     -102607   -107          -4    -24   18  69   83   -3   30  +15   30   15  14  0  0 L3P DA
G03 FF 61045 210600  780 115 2242    -6061397    +51          -4    -48   56  81  403 -230   67  +27   67   27  43  0  0 L3P 21
G08 FF 61045 210600  780 560 1818    -5074726    +33           4     -8   23  84   97   +9   38   -5   38   -5  18  0  0 L3P CD
G10 FF 61045 210600  780 384  560    +5802578    +44          -8    +14   29  38  130  +20   39   -5   39   -5  22  0  0 L3P E2
G14 FF 61045 210600  780 209 3101    -7268943    -72           6    -47   35  83  225  -15   25  +46   25   46  25  0  0 L3P 0A
G22 FF 61045 210600  780 151 3251     +620411    -15         -11    +26   28  73  306  -66   34  -30   34  -30  21  0  0 L3P F5
G27 FF 61045 210600  780 286 1563     +130025    +45         -11    -25   32 115  168  +40   65  +23   65   23  24  0  0 L3P 0A
G32 FF 61045 210600  780 400  985    +1761597   -182          -8    -15   28   2  126   -8   44   +8   44    8  21  0  0 L3P D0
G01 FF 61045 212200  780 487 2799    -3465543    -47          -9    -79   16  72  108  -12   19  +52   19   52  12  0  0 L3P 26
G02 FF 61045 212200  780 832 3033     -102679    -41           3    +42   13  69   81   -1   25  -31   25  -31  10  0  0 L3P B7
G03 FF 61045 212200  780 182 2271    -6061304    +50          -6    -49   49  81  259  -95   52  +34   52   34  37  0  0 L3P 12
G08 FF 61045 212200  780 485 1790    -5074706    +66         -15    +25   34  84  108  +13   55  -12   55  -12  24  0  0 L3P 2D
G10 FF 61045 212200  780 317  558    +5802612    +32          -3     +1   29  38  153  +30   41  +11   41   11  21  0  0 L3P BE
G14 FF 61045 212200  780 218 3032    -7268981     -4          -9    +21   26  83  216   -3   36  -10   36  -10  19  0  0 L3P EF
G22 FF 61045 212200  780 180 3195     +620400    -93          18    -52   32  73  260  -34    3  +31    3   31  24  0  0 L3P BE
G27 FF 61045 212200  780 215 1576     +130107    +86           3    +16   24 115  218  +69   67   +0   67    0  18  0  0 L3P D1
G32 FF 61045 212200  780 423  893    +1761422   -160         -22     +7   29   2  120   -4   47  -19   47  -19  21  0  0 L3P EB
G01 FF 61045 213800  780 556 2835    -3465518    +23         -15     -9   15  72   98   -9   24   -3   24   -3   9  0  0 L3P D3
G02 FF 61045 213800  780 884  417     -102749    -61          14    +22   15  69   81   +0   20  -15   20  -15   9  0  0 L3P B9
G03 FF 61045 213800  780 249 2304    -6061226   +152         -23    +53   30  81  192  -51   55  -42   55  -42  22  0  0 L3P 2F
G08 FF 61045 213800  780 409 1775    -5074646    +68           5    +27   25  84  123  +19   46   -6   46   -6  19  0  0 L3P 09
G10 FF 61045 213800  780 251  567    +5802625    +65         -20    +34   35  38  190  +48   56   -8   56   -8  29  0  0 L3P 07
G14 FF 61045 213800  780 214 2960    -7268976     -4          21    +21   38  83  219   +9   14  -16   14  -16  26  0  0 L3P 08
G17 FF 61045 213800  780 104 3170     +235375    +62           3    -56   27  46  445 -258   25  +35   25   35  20  0  0 L3P 00
G22 FF 61045 213800  780 198 3132     +620320   -109         -22    -68   40  73  237  -15   32  +39   32   39  33  0  0 L3P 19
G27 FF 61045 213800  780 147 1587     +130152   +111         -20    +41   34 115  315 +142  100  -17  100  -17  29  0  0 L3P 4D
G32 FF 61045 213800  780 429  795    +1761261   -175         -23     -8   23   2  119   +1   42   -3   42   -3  16  0  0 L3P CD
G01 FF 61045 215400  780 627 2868    -3465485    +71         -12    +40   20  72   91   -6   22  -35   22  -35  14  0  0 L3P 06
G02 FF 61045 215400  780 822 1069     -102827   -165          15    -82   19  69   82   +1   19  +52   19   52  13  0  0 L3P F2
G03 FF 61045 215400  780 319 2341    -6061143    +29         -35    -70   35  81  153  -31   64  +59   64   59  25  0  0 L3P 25
G08 FF 61045 215400  780 335 1767    -5074632   +110         -20    +69   35  84  146  +29   69  -28   69  -28  26  0  0 L3P 5C
G10 FF 61045 215400  780 186  583    +5802699    +97          25    +66   44  38  251  +85   12  -51   12  -51  35  0  0 L3P 1F
G14 FF 61045 215400  780 199 2890    -7269015    +22           6    +47   44  83  235  +23   22  -26   22  -26  35  0  0 L3P 15
G17 FF 61045 215400  780 164 3161     +235496   +122          10     +3   35  46  285 -104   20  -23   20  -23  24  0  0 L3P 03
G22 FF 61045 215400  780 205 3065     +620274    -54         -29    -13   28  73  229   -2   42  +17   42   17  21  0  0 L3P EF
G32 FF 61045 215400  780 418  701    +1761082   -174         -42     -7   21   2  121   +5   43   -3   43   -3  16  0  0 L3P B9
G01 FF 61045 221000  780 700 2895    -3465447    +39          -3     +8   13  73   86   -4   14  -15   14  -15   8  0  0 L3P D3
G02 FF 61045 221000  780 750 1161     -102906   -170          16    -87   19  69   84   +3   17  +59   17   59  12  0  0 L3P F1
G03 FF 61045 221000  780 389 2381    -6061042   +103         -25     +4   21  82  129  -21   57  -30   57  -30  16  0  0 L3P 15
G08 FF 61045 221000  780 262 1761    -5074595     +7         -27    -33   28   7  182  +47   90  +43   90   43  23  0  0 L3P 04
G10 FF 61045 221000  780 123  604    +5802725    +85          12    +54   61  85  373 +184   28  -51   28  -51  46  0  0 L3P 1B
G14 FF 61045 221000  780 174 2822    -7269054    -62          -8    -37   39  84  266  +45   33  +24   33   24  30  0  0 L3P 14
G17 FF 61045 221000  780 223 3143     +235584   +147         -16    +29   30  49  213  -54   39  -33   39  -33  21  0  0 L3P 24
G22 FF 61045 221000  780 200 2997     +620253    -60          -5    -19   41  76  234  +12   26  +12   26   12  31  0  0 L3P DE
G32 FF 61045 221000  780 391  618    +1760937   -176         -23     -9   30  19  128   +9   43   +9   43    9  23  0  0 L3P E2
G01 FF 61045 222600  780 774 2907    -3465432    +44         -19    +12   15  73   83   -3   25  -14   25  -14  10  0  0 L3P 00
G02 FF 61045 222600  780 678 1216     -102992    -26           9    +57   17  69   87   +5   28  -41   28  -41  12  0  0 L3P E8
G03 FF 61045 222600  780 461 2426    -6060956    +64         -34    -35   27  82  112  -14   46  +19   46   19  23  0  0 L3P 25
G08 FF 61045 222600  780 192 1757    -5074506   +105          23    +64   43   7  244  +86   65  -59   65  -59  34  0  0 L3P 3C
G14 FF 61045 222600  780 141 2760    -7269089     -5         -19    +20   46  84  327  +85   41  -30   41  -30  37  0  0 L3P 21
G17 FF 61045 222600  780 279 3113     +235721   +134           7    +16   23  49  172  -32   16  -17   16  -17  18  0  0 L3P 09
G22 FF 61045 222600  780 184 2930     +620219    -76           0    -35   33  76  253  +28   24  +21   24   21  26  0  0 L3P E1
G32 FF 61045 222600  780 352  550    +1760782   -225         -18    -57   27  19  140  +16   43  +42   43   42  21  0  0 L3P 17
G01 FF 61045 224200  780 849 2838    -3465400    +58         -18    +26   11  73   81   -1   27  -17   27  -17   8  0  0 L3P 01
G02 FF 61045 224200  780 606 1261     -103088    -74          -7     +9   18  69   93   +7   48  +11   48   11  13  0  0 L3P C5
G03 FF 61045 224200  780 533 2477    -6060858    +93         -31     -6   27  82  101  -10   38   -9   38   -9  19  0  0 L3P 05
G04 FF 61045 224200  780 107 1893     -363246     +5          22    +29   56 116  433 -275   74  -20   74  -20  44  0  0 L3P 1F
G08 FF 61045 224200  780 124 1753    -5074510   +175         -20   +134   35   7  370 +195  102 -121  102 -121  24  0  0 L3P 78
G14 FF 61045 224200  780 101 2702    -7269096    +12          -2    +37   45  84  448 +182   33  -31   33  -31  37  0  0 L3P 26
G17 FF 61045 224200  780 331 3070     +235829   +107           2    -11   17  49  148  -20   15   +4   15    4  12  0  0 L3P C3
G19 FF 61045 224200  780 134 3206    -6841587   +103          27   +121   32   6  347 -151   10  -89   10  -89  24  0  0 L3P 44
G22 FF 61045 224200  780 159 2866     +620180    -91           0    -50   35  76  290  +53   29  +24   29   24  28  0  0 L3P F3
G32 FF 61045 224200  780 303  498    +1760628   -173         -11     -6   29  19  159  +25   38   +9   38    9  22  0  0 L3P FB
G01 FF 61045 225800  780 868 1545    -3465348    +74           4    +43   13  73   81   +1   14  -22   14  -22   9  0  0 L3P DA
G02 FF 61045 225800  780 534 1300     -103168   -111          -7    -28   25  69  100  +10   53  +24   53   24  18  0  0 L3P F2
G03 FF 61045 225800  780 606 2537    -6060764    +96         -32     -3   21  82   93   -7   30  -13   30  -13  15  0  0 L3P F3
G04 FF 61045 225800  780 177 1893     -363282     -8           9    +16   43 116  266 -107   73  -13   73  -13  33  0  0 L3P 1D
G17 FF 61045 225800  780 375 3012     +235929   +126         -12     +8   22  49  133  -12   25  -11   25  -11  16  0  0 L3P 0A
G19 FF 61045 225800  780 191 3181    -6841603     -9          28     +9   35   6  247  -71    8  +10    8   10  25  0  0 L3P C5
G22 FF 61045 225800  780 126 2807     +620130    -63         -10    -22   62  76  362 +103   31  +19   31   19  47  0  0 L3P 0D
G28 FF 61045 225800  780 175  867    +6150747    -24          27    +24   31 193  267  -58   43  -30   43  -30  22  0  0 L3P 30
G32 FF 61045 225800  780 249  461    +1760477   -220          -1    -53   34  19  191  +42   30  +43   30   43  22  0  0 L3P 00
G01 FF 61045 231400  780 793 1373    -3465325    +60          -3    +28   14  73   82   +2   25  -25   25  -25   9  0  0 L3P E1
G02 FF 61045 231400  780 463 1335     -103246    -84          -6     -1   21  69  112  +14   59  +25   59   25  17  0  0 L3P E0
G03 FF 61045 231400  780 678 2612    -6060668    +75         -31    -24   17  82   87   -5   27  +18   27   18  12  0  0 L3P 0B
G04 FF 61045 231400  780 249 1895     -363299    -74          15    -50   30 116  192  -55   56  +14   56   14  22  0  0 L3P 1F
G17 FF 61045 231400  780 409 2937     +236049    +90          -5    -28   28  49  123   -7   19  +23   19   23  20  0  0 L3P F1
G19 FF 61045 231400  780 244 3145    -6841635    -16          13     +2   38   6  195  -40   13   -2   13   -2  28  0  0 L3P D0
G28 FF 61045 231400  780 209  802    +6150672    -97          -2    -49   35 193  225  -32   58  +23   58   23  27  0  0 L3P 1E
G31 FF 61045 231400  780 124 1117    +1741846    -25          15     -5   48  49  372 -156   92   -9   92   -9  36  0  0 L3P 0F
G32 FF 61045 231400  780 190  436    +1760318    -98           0    +70   29  19  246  +75   18  -64   18  -64  24  0  0 L3P 0A
G01 FF 61045 233000  780 715 1371    -3465300    +34          -9     +3   16  73   85   +4   39   +3   39    3  11  0  0 L3P A3
G02 FF 61045 233000  780 392 1367     -103313   -124           7    -41   29  69  127  +20   66  +53   66   53  22  0  0 L3P F7
G03 FF 61045 233000  780 749 2724    -6060573    +72         -31    -27   14  82   84   -3   23  +14   23   14   9  0  0 L3P E5
G04 FF 61045 233000  780 324 1897     -363334    -16           3     +7   36 116  151  -33   54   -6   54   -6  26  0  0 L3P D6
G17 FF 61045 233000  780 429 2849     +236145   +145         -23    +26   22  49  119   -3   29  -25   29  -25  17  0  0 L3P 23
G19 FF 61045 233000  780 292 3095    -6841647     +8          19    +26   32   6  165  -24   11  -25   11  -25  24  0  0 L3P FE
G28 FF 61045 233000  780 235  732    +6150620    -52          -8     -4   41 193  202  -17   48  -11   48  -11  33  0  0 L3P F9
G31 FF 61045 233000  780 175 1065    +1741803    -46          -8    -26   36  49  267  -75   88  +14   88   14  29  0  0 L3P 28
G32 FF 61045 233000  780 130  422    +1760142   -229         -16    -62   44  19  353 +162   27  +38   27   38  38  0  0 L3P 2C
G01 FF 61045 234600  780 637 1388    -3465262     +4          -2    -28   16  73   90   +6   33  +21   33   21  12  0  0 L3P CE
G02 FF 61045 234600  780 322 1396     -103403    -35          -4    +48   24  69  151  +30   77  -35   77  -35  21  0  0 L3P 04
G03 FF 61045 234600  780 814 2952    -6060486    +98         -38     -1   12  82   82   -1   30   +5   30    5   9  0  0 L3P B8
G04 FF 61045 234600  780 400 1898     -363369     -1          -9    +23   27 116  126  -21   51  -37   51  -37  20  0  0 L3P 07
G06 FF 61045 234600  780 108 3052    +5992215    +69           7    +25   44  85  426 -245   28  -34   28  -34  32  0  0 L3P 32
G09 FF 61045 234600  780 110 2082    -7698124     -4          26     +4   55  84  421 -257   64   -3   64   -3  46  0  0 L3P F7
G17 FF 61045 234600  780 432 2753     +236266   +108         -15    -10   26  49  118   +1   30   +7   30    7  19  0  0 L3P DF
G19 FF 61045 234600  780 332 3030    -6841677    -33           7    -14   30   6  148  -14   11  +10   11   10  25  0  0 L3P D8
G28 FF 61045 234600  780 249  658    +6150567    -85         -15    -37   32 193  191   -6   42  +20   42   20  24  0  0 L3P 1A
G31 FF 61045 234600  780 222 1005    +1741793    -49           2    -29   32  49  213  -42   76  +30   76   30  26  0  0 L3P FD
