CGGTTS     GENERIC DATA FORMAT VERSION = 2E
REV DATE = 2026-01-01                    
RCVR = POLARX5-TR                    R2CGGTTS v8.8    
CH = 99 
IMS = POLARX5-TR                    
LAB = PTB                           
X = +3844059.67 m 
Y =  +709661.67 m 
Z = +5023129.80 m 
FRAME = ITRF
COMMENTS =           IGS RINEX,AUSPOS XYZ          
INT DLY =   31.0 ns (GPS P1),   28.5 ns (GPS P2)     CAL_ID = 1001-2022           
CAB DLY =  205.7 ns 
REF DLY =   56.2 ns
REF = UTC(PTB)                      
CKSUM = 5E

SAT CL  MJD  STTIME TRKL ELV AZTH   REFSV      SRSV     REFSYS    SRSYS  DSG IOE MDTR SMDT MDIO SMDI MSIO SMSI ISG FR HC FRC CK
             hhmmss  s  .1dg .1dg    .1ns     .1ps/s     .1ns    .1ps/s .1ns     .1ns.1ps/s.1ns.1ps/s.1ns.1ps/s.1ns
G01 FF 61050 000200  780 480 1434    -3453892    +26         -22     -8   19 125  109  +13   52  +17   52   17  15  0  0 L3P 0A
G02 FF 61050 000200  780 182 1445     -132084    -92         -13     -9   39  30  256  +93   68  +11   68   11  31  0  0 L3P EA
G03 FF 61050 000200  780 799  502    -6026551   +117         -34    +18   10  98   82   +2   33  -15   33  -15   8  0  0 L3P E7
G04 FF 61050 000200  780 557 1887     -371787    +18         -27    +42   22 169   98  -10   58  -45   58  -45  18  0  0 L3P 37
G06 FF 61050 000200  780 240 3074    +6007109    +30         -47    -12   38  17  199  -53   43  +15   43   15  24  0  0 L3P 07
G09 FF 61050 000200  780 252 2116    -7700518    -48         -18    -42   41  52  190  -52   76  +11   76   11  33  0  0 L3P 0F
G17 FF 61050 000200  780 390 2564     +277147   +124         -44     +7   23  99  128  +10   44  -11   44  -11  21  0  0 L3P 03
G19 FF 61050 000200  780 372 2863    -6848106     +8         -26    +26   25   1  133   -2   28  -18   28  -18  21  0  0 L3P F2
G28 FF 61050 000200  780 240  510    +6133568   -106          -4    -56   34   6  198  +14    9  +41    9   41  25  0  0 L3P CA
G31 FF 61050 000200  780 295  862    +1734759    -63         -22    -42   32  70  164  -14   39  +13   39   13  29  0  0 L3P 0B
G01 FF 61050 001800  780 404 1456    -3453849    +53         -12    +19   25 125  124  +20   49   -8   49   -8  19  0  0 L3P 19
G02 FF 61050 001800  780 116 1466     -132204   -236         -53   -153   77  30  395 +221  101 +145  101  145  58  0  0 L3P 6F
G03 FF 61050 001800  780 733  684    -6026467   +115         -45    +16   22  98   84   +3   38   -5   38   -5  16  0  0 L3P EE
G04 FF 61050 001800  780 636 1859     -371821    -34         -39    -10   16 169   90   -6   57  -12   57  -12  11  0  0 L3P 0B
G06 FF 61050 001800  780 306 3072    +6007184    -12         -12    -54   25  17  159  -32   23  +31   23   31  18  0  0 L3P 02
G09 FF 61050 001800  780 324 2137    -7700544    +29         -38    +35   18  52  151  -32   87  -39   87  -39  13  0  0 L3P 3B
G17 FF 61050 001800  780 349 2488     +277275    +56         -28    -61   30  99  141  +17   44  +62   44   62  24  0  0 L3P 1D
G19 FF 61050 001800  780 368 2772    -6848116     +1         -18    +19   25   1  135   +4   20  -17   20  -17  20  0  0 L3P E9
G28 FF 61050 001800  780 216  444    +6133479     -4         -45    +46   33   6  217  +28   40  -28   40  -28  25  0  0 L3P F5
G31 FF 61050 001800  780 314  780    +1734722    -18         -39     +3   29  70  155   -6   41  -10   41  -10  22  0  0 L3P DD
G01 FF 61050 003400  780 330 1478    -3453838    +54         -33    +20   21 125  148  +30   71   -3   71   -3  16  0  0 L3P FF
G03 FF 61050 003400  780 664  785    -6026368    +51         -41    -48   20  98   88   +5   36  +48   36   48  13  0  0 L3P FF
G04 FF 61050 003400  780 711 1791     -371853     -1         -48    +23   17 169   85   -4   55  -25   55  -25  12  0  0 L3P F7
G06 FF 61050 003400  780 373 3059    +6007213    +64         -24    +22   24  17  133  -21   31  -21   31  -21  19  0  0 L3P 04
G09 FF 61050 003400  780 399 2160    -7700540    -54         -29    -48   28  52  126  -21   66  +30   66   30  24  0  0 L3P 1F
G17 FF 61050 003400  780 299 2424     +277385    +81         -30    -36   28  99  161  +26   66  +55   66   55  21  0  0 L3P 22
G19 FF 61050 003400  780 349 2682    -6848150    -18         -34     +0   33   1  141  +10   40   -9   40   -9  24  0  0 L3P D5
G28 FF 61050 003400  780 183  387    +6133433   -149         -43    -99   41   6  255  +53   30  +65   30   65  30  0  0 L3P 10
G31 FF 61050 003400  780 319  695    +1734713    -20         -29     +1   30  70  152   +1   28   +6   28    6  23  0  0 L3P AF
G01 FF 61050 005000  780 257 1497    -3453780    +71          -9    +37   34 125  185  +49   54  -45   54  -45  28  0  0 L3P 3C
G03 FF 61050 005000  780 594  859    -6026283   +108         -50     +9   17  98   94   +7   43   -8   43   -8  13  0  0 L3P E3
G04 FF 61050 005000  780 775 1617     -371865    -26         -37     -2   11 169   83   -2   43   -7   43   -7   8  0  0 L3P C8
G06 FF 61050 005000  780 438 3029    +6007257    +52         -20    +10   29  17  117  -14   27   -6   27   -6  21  0  0 L3P F1
G09 FF 61050 005000  780 474 2186    -7700547    -13         -30     -7   19  52  110  -14   55   +0   55    0  16  0  0 L3P D6
G17 FF 61050 005000  780 245 2370     +277484   +126         -44     +9   25  99  194  +43  106  +12  106   12  19  0  0 L3P 2B
G19 FF 61050 005000  780 316 2601    -6848148     -2         -15    +16   20   1  153  +17   31  -11   31  -11  18  0  0 L3P E5
G28 FF 61050 005000  780 140  339    +6133397    -63         -31    -13   45   6  328 +104   26   +5   26    5  37  0  0 L3P DE
G31 FF 61050 005000  780 310  613    +1734671    -45         -50    -24   27  70  156   +8   42   +2   42    2  19  0  0 L3P BB
G01 FF 61050 010600  780 187 1514    -3453775    +33         -36     -1   36 125  250  +92   75  +22   75   22  27  0  0 L3P 16
G03 FF 61050 010600  780 525  920    -6026172    +81         -34    -18   25  98  102  +10   38  +15   38   15  17  0  0 L3P FD
G04 FF 61050 010600  780 803 1230     -371907    -67         -56    -43   17 169   82   +0   52  +24   52   24  12  0  0 L3P EC
G06 FF 61050 010600  780 499 2977    +6007282    +57         -35    +15   23  17  106   -9   36  -19   36  -19  15  0  0 L3P 2A
G09 FF 61050 010600  780 551 2212    -7700549     +7         -27    +12   33  52   99  -10   48  -16   48  -16  25  0  0 L3P 06
G11 FF 61050 010600  780 102 3159    +4796917   -103         -51    +30   37 216  450 -268   53  -32   53  -32  26  0  0 L3P 58
G17 FF 61050 010600  780 187 2324     +277611   +175         -29    +58   33  99  250  +77  107  -44  107  -44  30  0  0 L3P 57
G19 FF 61050 010600  780 273 2530    -6848182     -9         -31    +10   27   1  175  +29   57   +6   57    6  23  0  0 L3P DA
G31 FF 61050 010600  780 286  538    +1734662     +2         -40    +23   23  70  168  +17   32  -20   32  -20  18  0  0 L3P ED
G01 FF 61050 012200  780 118 1529    -3453749    -70         -43   -104   34 125  389 +219   82  +83   82   83  26  0  0 L3P 5F
G03 FF 61050 012200  780 457  975    -6026075   +101         -33     +3   22  98  113  +13   40   +2   40    2  15  0  0 L3P C5
G04 FF 61050 012200  780 770  871     -371924    -32         -49     -9   16 169   83   +2   44   +8   44    8  10  0  0 L3P B8
G06 FF 61050 012200  780 551 2895    +6007328    +60         -30    +18   22  17   99   -6   28   -7   28   -7  15  0  0 L3P E8
G09 FF 61050 012200  780 629 2240    -7700564    -21         -36    -15   15  52   91   -7   49   +4   49    4  11  0  0 L3P D1
G11 FF 61050 012200  780 164 3153    +4796803   -235         -36   -102   42 216  285 -107   35  +85   35   85  28  0  0 L3P 6A
G17 FF 61050 012200  780 128 2284     +277715   +105         -38    -12   25  99  358 +161  119  +12  119   12  18  0  0 L3P 52
G19 FF 61050 012200  780 223 2468    -6848186    -31         -18    -12   32   1  211  +49   76  +63   76   63  28  0  0 L3P 17
G31 FF 61050 012200  780 250  474    +1734653    +34         -29    +54   26  70  190  +29   29  -33   29  -33  21  0  0 L3P 10
G03 FF 61050 013800  780 390 1024    -6025990   +156         -43    +57   17  98  128  +19   50  -46   50  -46  12  0  0 L3P 41
G04 FF 61050 013800  780 706  722     -371949   -100         -52    -76   20 169   86   +4   38  +43   38   43  13  0  0 L3P 01
G06 FF 61050 013800  780 588 2777    +6007367    +66         -31    +24   21  17   94   -3   31   -7   31   -7  14  0  0 L3P E9
G07 FF 61050 013800  780 129 1781    +1331247    -41         -18    -93   40   4  360 -190   74  +73   74   73  30  0  0 L3P 1E
G09 FF 61050 013800  780 707 2266    -7700570    -48         -36    -42   22  52   86   -4   43  +25   43   25  17  0  0 L3P 02
G11 FF 61050 013800  780 225 3137    +4796693    -80         -19    +53   30 216  211  -55   23  -36   23  -36  22  0  0 L3P 39
G19 FF 61050 013800  780 168 2415    -6848214    -10         -28     +9   31   1  276  +90  110   +6  110    6  24  0  0 L3P EE
G31 FF 61050 013800  780 206  422    +1734617    -12         -46     +8   37  70  228  +52   40  -20   40  -20  29  0  0 L3P EF
G03 FF 61050 015400  780 324 1071    -6025894   +148         -41    +49   22  98  150  +28   51  -38   51  -38  18  0  0 L3P 42
G04 FF 61050 015400  780 635  670     -371964     +7         -44    +31   24 169   90   +6   27  -30   27  -30  17  0  0 L3P E1
G06 FF 61050 015400  780 602 2629    +6007413    +50         -26     +8   17  17   93   +0   32   -4   32   -4  12  0  0 L3P B6
G07 FF 61050 015400  780 198 1771    +1331278   +131         -37    +78   32   4  238  -84   82  -47   82  -47  21  0  0 L3P 3B
G09 FF 61050 015400  780 785 2286    -7700571    -36         -32    -30   13  52   83   -2   37  +21   37   21  10  0  0 L3P F1
G11 FF 61050 015400  780 284 3109    +4796559   -133         -25     +0   28 216  170  -33   23   +1   23    1  20  0  0 L3P F6
G26 FF 61050 015400  780 117  543    +3088106    +19         -23    -42   60 118  389  -47   42   +7   42    7  46  0  0 L3P FE
G31 FF 61050 015400  780 155  382    +1734602     +4         -41    +24   35  70  299 +102   28  -35   28  -35  27  0  0 L3P 0F
G03 FF 61050 021000  780 259 1114    -6025800   +170         -43    +71   25 103  184  +43   61  -37   61  -37  19  0  0 L3P 36
G04 FF 61050 021000  780 563  657     -371987    -12         -43    +12   22 170   97   +8   25  -12   25  -12  16  0  0 L3P EA
G06 FF 61050 021000  780 590 2478    +6007444     +1         -30    -42   13  18   94   +3   43  +34   43   34  10  0  0 L3P CC
G07 FF 61050 021000  780 270 1760    +1331361    +47          -5     -5   33   5  178  -46   53   +5   53    5  27  0  0 L3P B5
G09 FF 61050 021000  780 863 2249    -7700584    -16         -39    -10   13  53   81   -1   36   +1   36    1   8  0  0 L3P BC
G11 FF 61050 021000  780 340 3068    +4796448   -130          -7     +3   30 217  145  -20   18   -7   18   -7  22  0  0 L3P F6
G21 FF 61050 021000  780 139 2916    -3769699    -53           9    +30   34 144  334 -146    4   -9    4   -9  27  0  0 L3P FB
G26 FF 61050 021000  780 126  477    +3088166   +111         -22    +49   42 119  362  -11   36  -40   36  -40  33  0  0 L3P 2A
G03 FF 61050 022600  780 196 1155    -6025698    +92         -36     -7   35 103  239  +75   74  +43   74   43  26  0  0 L3P 2F
G04 FF 61050 022600  780 491  664     -372001     -7         -35    +17   16 170  107  +12   20  -15   20  -15  11  0  0 L3P E0
G06 FF 61050 022600  780 554 2349    +6007476    +17         -38    -25   27  18   98   +6   50  +22   50   22  19  0  0 L3P 00
G07 FF 61050 022600  780 343 1748    +1331405    +58         -11     +5   32   5  144  -28   57   -3   57   -3  26  0  0 L3P D9
G09 FF 61050 022600  780 858  688    -7700597     +8         -46    +14   14  53   81   +1   39   -6   39   -6  12  0  0 L3P D8
G11 FF 61050 022600  780 388 3009    +4796318   -159         -10    -26   32 217  129  -13   22  +23   22   23  23  0  0 L3P 36
G16 FF 61050 022600  780 110  750    -1847608   -188         -10   -112   81  21  414 -131   46  +58   46   58  53  0  0 L3P 40
G21 FF 61050 022600  780 201 2941    -3769800   -215         -12   -132   42 144  235  -73   18  +94   18   94  35  0  0 L3P 52
G26 FF 61050 022600  780 125  412    +3088219    +43         -28    -19   39 119  366  +19   32  +11   32   11  25  0  0 L3P 13
G03 FF 61050 024200  780 133 1192    -6025598    +68         -31    -31   39 103  345 +157   87  +29   87   29  35  0  0 L3P 52
G04 FF 61050 024200  780 422  682     -372017    -27         -28     -3   28 170  120  +16   15   -6   15   -6  19  0  0 L3P D2
G06 FF 61050 024200  780 501 2252    +6007530    +57         -24    +15   30  18  105   +9   47   +2   47    2  24  0  0 L3P C8
G07 FF 61050 024200  780 416 1731    +1331448    +53         -18     +0   28   5  122  -18   54   -4   54   -4  22  0  0 L3P CC
G09 FF 61050 024200  780 782  665    -7700585    -63         -29    -57   13  53   83   +2   25  +35   25   35  11  0  0 L3P F3
G11 FF 61050 024200  780 426 2932    +4796170   -147         -29    -14   21 217  119   -7   35   +8   35    8  15  0  0 L3P 10
G16 FF 61050 024200  780 142  686    -1847697   -170         -25    -94   37  21  325  -63   47  +57   47   57  25  0  0 L3P 3E
G21 FF 61050 024200  780 265 2961    -3769892   -101         -24    -18   32 144  181  -43   35   -4   35   -4  24  0  0 L3P 2C
G26 FF 61050 024200  780 113  349    +3088296    +60         -10     -2   38 119  402  +59   11  -15   11  -15  27  0  0 L3P 07
G30 FF 61050 024200  780 166 1935     -828183   -216         -21    -93   24  88  283 -118   67  +55   67   55  18  0  0 L3P 4D
G04 FF 61050 025800  780 354  706     -372060     -3         -48    +21   27 170  139  +23   32   -7   32   -7  19  0  0 L3P D9
G06 FF 61050 025800  780 438 2182    +6007574    +24         -22    -18   21  18  117  +15   54  +29   54   29  16  0  0 L3P 1E
G07 FF 61050 025800  780 490 1705    +1331472    +38         -44    -14   27   5  107  -12   65   -5   65   -5  21  0  0 L3P ED
G09 FF 61050 025800  780 707  691    -7700597    -69         -35    -63   13  53   86   +4   31  +45   31   45   8  0  0 L3P F0
G11 FF 61050 025800  780 449 2839    +4796049   -139         -23     -6   24 217  114   -3   27  +16   27   16  18  0  0 L3P 30
G16 FF 61050 025800  780 164  618    -1847775   -121         -31    -45   34  21  282  -30   42  +41   42   41  29  0  0 L3P 1B
G21 FF 61050 025800  780 331 2975    -3769950    -58          -3    +25   23 144  148  -28   15  -29   15  -29  19  0  0 L3P 45
G30 FF 61050 025800  780 236 1937     -828316   -146         -37    -23   32  88  202  -59   73  +10   73   10  25  0  0 L3P 24
G04 FF 61050 031400  780 288  734     -372076    -41         -41    -17   33 170  167  +35   33  +26   33   26  23  0  0 L3P 03
G05 FF 61050 031400  780 108 3049    +2270167     +0           1     -7   37  23  426 -247   17  +13   17   13  29  0  0 L3P DA
G06 FF 61050 031400  780 370 2132    +6007596    +52         -39    +10   27  18  134  +22   77   +4   77    4  20  0  0 L3P EA
G07 FF 61050 031400  780 561 1664    +1331534    +76         -32    +24   23   5   97   -8   38  -31   38  -31  17  0  0 L3P F2
G09 FF 61050 031400  780 634  725    -7700603     -6         -36     +0   16  53   90   +6   33   +1   33    1  11  0  0 L3P 85
G11 FF 61050 031400  780 454 2735    +4795913    -89         -31    +44   26 217  113   +1   32  -44   32  -44  20  0  0 L3P 21
G16 FF 61050 031400  780 176  546    -1847823    -58          -5    +19   36  21  264   -9   16  -16   16  -16  30  0  0 L3P FF
G21 FF 61050 031400  780 399 2982    -3770046    -92         -19     -9   22 144  126  -19   18   +8   18    8  17  0  0 L3P 11
G30 FF 61050 031400  780 309 1940     -828431    -91         -34    +31   29  88  158  -35   66  -30   66  -30  22  0  0 L3P 1D
G04 FF 61050 033000  780 225  766     -372105    -36         -47    -12   33 170  210  +57   48  +27   48   27  27  0  0 L3P 06
G05 FF 61050 033000  780 173 3062    +2270177    -82           3    -89   30  23  272 -102   11  +60   11   60  25  0  0 L3P F0
G06 FF 61050 033000  780 299 2095    +6007662    +34         -13     -8   29  18  161  +35   62  +11   62   11  23  0  0 L3P FE
G07 FF 61050 033000  780 628 1593    +1331574    +97         -43    +45   18   5   91   -5   41  -32   41  -32  12  0  0 L3P ED
G09 FF 61050 033000  780 562  762    -7700597    +22         -25    +27   15  53   97   +8   28  -13   28  -13  10  0  0 L3P F7
G11 FF 61050 033000  780 441 2631    +4795782   -155         -34    -22   23 217  116   +5   35  +24   35   24  18  0  0 L3P 23
G16 FF 61050 033000  780 176  475    -1847887    -92           3    -16   44  21  264   +9   -1   +2   -1    2  38  0  0 L3P B0
G21 FF 61050 033000  780 468 2976    -3770126   -111         -19    -28   20 144  111  -13   16  +24   16   24  16  0  0 L3P 30
G30 FF 61050 033000  780 383 1943     -828547    -98         -32    +25   27  88  131  -23   57  -27   57  -27  22  0  0 L3P 2E
G04 FF 61050 034600  780 163  800     -372127    -41         -46    -17   32 170  284 +104   57  +26   57   26  26  0  0 L3P 17
G05 FF 61050 034600  780 239 3069    +2270146    -35         -33    -42   29  23  200  -54   38  +30   38   30  22  0  0 L3P 0E
G06 FF 61050 034600  780 229 2065    +6007667    +61         -49    +18   21  18  206  +61   84  -10   84  -10  19  0  0 L3P 29
G07 FF 61050 034600  780 684 1471    +1331612    +60         -56     +8   19   5   87   -3   47   -6   47   -6  13  0  0 L3P C6
G09 FF 61050 034600  780 492  801    -7700603    +21         -25    +26   18  53  106  +11   31  -13   31  -13  13  0  0 L3P F7
G11 FF 61050 034600  780 412 2537    +4795648   -185         -41    -52   31 217  122   +9   40  +38   40   38  23  0  0 L3P 30
G16 FF 61050 034600  780 164  406    -1847985   -167         -22    -91   32  21  282  +30   18  +74   18   74  25  0  0 L3P 2C
G21 FF 61050 034600  780 537 2952    -3770220    -78         -34     +5   23 144  100   -9   25   -4   25   -4  16  0  0 L3P EC
G30 FF 61050 034600  780 458 1943     -828672   -118         -39     +5   25  88  113  -15   56  -21   56  -21  21  0  0 L3P 25
G04 FF 61050 040200  780 104  835     -372150    -40         -45    -17   45 171  438 +241   67  +17   67   17  37  0  0 L3P 19
G05 FF 61050 040200  780 306 3066    +2270178     -9          -6    -16   29  24  159  -33   21   +7   21    7  21  0  0 L3P C8
G06 FF 61050 040200  780 160 2040    +6007699    -47         -58    -89   46  18  289 +120   99  +74   99   74  38  0  0 L3P 5A
G07 FF 61050 040200  780 719 1277    +1331674    +27         -43    -25    9   5   85   -1   40  +17   40   17   7  0  0 L3P BF
G09 FF 61050 040200  780 424  841    -7700602     +2         -19     +8   21  53  119  +16   34  +10   34   10  16  0  0 L3P C7
G11 FF 61050 040200  780 369 2456    +4795522   -136         -38     -3   18 218  134  +15   42   +6   42    6  13  0  0 L3P 08
G16 FF 61050 040200  780 141  343    -1848063    -23         -26    +54   25  21  326  +64   16  -48   16  -48  20  0  0 L3P 0C
G21 FF 61050 040200  780 603 2898    -3770305   -107         -40    -24   21 145   93   -6   29  +16   29   16  13  0  0 L3P 18
G30 FF 61050 040200  780 534 1937     -828783   -131         -31     -8   29  91  101  -10   37  -18   37  -18  23  0  0 L3P 19
G05 FF 61050 041800  780 373 3051    +2270171    +86         -19    +79   24  24  133  -21   29  -63   29  -63  20  0  0 L3P 26
G07 FF 61050 041800  780 720 1042    +1331728    +73         -40    +21   14   5   85   +1   39  -15   39  -15  10  0  0 L3P DB
G09 FF 61050 041800  780 358  880    -7700601    +37         -12    +43   19  53  138  +22   35  -26   35  -26  17  0  0 L3P 1B
G11 FF 61050 041800  780 317 2389    +4795406   -145         -26    -12   24 218  153  +24   48  +30   48   30  19  0  0 L3P 45
G13 FF 61050 041800  780 150 2649    -6900630    -32         -34    -42   40  86  310 -125   57  +11   57   11  35  0  0 L3P 21
G16 FF 61050 041800  780 108  287    -1848139   -135         -29    -59   40  21  419 +140   19  +57   19   57  29  0  0 L3P 4A
G21 FF 61050 041800  780 660 2795    -3770387   -102         -43    -19   15 145   88   -4   32  +20   32   20  11  0  0 L3P 17
G30 FF 61050 041800  780 611 1918     -828904   -125         -35     -2   16  91   92   -7   31   +3   31    3  12  0  0 L3P B9
G05 FF 61050 043400  780 439 3020    +2270191    +15          -6     +8   25  24  117  -14   22  -12   22  -12  21  0  0 L3P DD
G07 FF 61050 043400  780 687  852    +1331783   +100         -35    +48   16   5   87   +3   35  -32   35  -32  11  0  0 L3P EF
G09 FF 61050 043400  780 294  920    -7700616     +0         -22     +5   31  53  164  +33   53   +0   53    0  24  0  0 L3P A8
G11 FF 61050 043400  780 260 2334    +4795280   -218         -24    -85   38 218  183  +40   60  +91   60   91  26  0  0 L3P 45
G13 FF 61050 043400  780 212 2688    -6900613    -55         -27    -66   23  86  223  -65   37  +42   37   42  19  0  0 L3P 2C
G21 FF 61050 043400  780 699 2622    -3770476    -74         -53     +9   19 145   86   -1   40   -6   40   -6  14  0  0 L3P F2
G30 FF 61050 043400  780 685 1871     -829032   -140         -45    -17   15  91   87   -5   32  +12   32   12  10  0  0 L3P EE
G05 FF 61050 045000  780 500 2965    +2270184    +30         -20    +23   25  24  106   -9   30  -22   30  -22  17  0  0 L3P F0
G07 FF 61050 045000  780 635  739    +1331825    +51         -43     -2   15   5   90   +5   40   +0   40    0  11  0  0 L3P 7D
G09 FF 61050 045000  780 231  960    -7700615    -40         -15    -34   25  53  205  +53   53  +37   53   37  20  0  0 L3P FD
G11 FF 61050 045000  780 200 2287    +4795146   -154         -30    -21   25 218  234  +70   71   -1   71   -1  20  0  0 L3P 0E
G13 FF 61050 045000  780 275 2728    -6900614     +5         -38     -5   28  86  175  -39   31   +1   31    1  22  0  0 L3P D3
G14 FF 61050 045000  780 149 1607    -7278214    -26         -32     -2   32 139  314 -138   80  +20   80   20  25  0  0 L3P 22
G21 FF 61050 045000  780 705 2393    -3770553    -80         -50     +3   15 145   86   +1   41   +4   41    4  11  0  0 L3P BF
G30 FF 61050 045000  780 752 1756     -829128   -134         -22    -12   16  91   84   -2   18  +12   18   12  11  0  0 L3P EC
G05 FF 61050 050600  780 552 2878    +2270188    +31         -22    +24   20  24   98   -6   29  -21   29  -21  15  0  0 L3P 02
G07 FF 61050 050600  780 573  679    +1331880    +39         -38    -13   18   5   96   +7   33   +1   33    1  13  0  0 L3P B3
G09 FF 61050 050600  780 169  998    -7700636    -19         -31    -14   30  53  274  +97   81  +40   81   40  23  0  0 L3P 1C
G11 FF 61050 050600  780 139 2247    +4795033   -208         -16    -75   38 218  332 +143   63  +66   63   66  27  0  0 L3P 63
G13 FF 61050 050600  780 341 2767    -6900600    -42         -34    -52   33  86  144  -26   25  +31   25   31  24  0  0 L3P 10
G14 FF 61050 050600  780 215 1583    -7278248   -106         -44    -82   38 139  221  -68   92  +52   92   52  29  0  0 L3P 5B
G21 FF 61050 050600  780 675 2191    -3770611   -136         -28    -53   20 145   87   +3   27  +41   27   41  13  0  0 L3P 17
G30 FF 61050 050600  780 798 1473     -829253   -144         -30    -21   14  91   82   -1   26  +17   26   17  10  0  0 L3P F5
G05 FF 61050 053400  780 599 2644    +2270201    +19         -21    +12   13  24   93   -1   27  -14   27  -14   9  0  0 L3P E4
G07 FF 61050 053400  780 458  646    +1331975    +53         -31     +0   20   5  112  +13   30   +1   30    1  15  0  0 L3P 9B
G13 FF 61050 053400  780 460 2835    -6900584    +16         -36     +6   25  86  112  -14   23  -11   23  -11  20  0  0 L3P 04
G14 FF 61050 053400  780 333 1531    -7278270    -28         -25     -4   28 139  147  -28   62  -10   62  -10  22  0  0 L3P 25
G15 FF 61050 053400  780 164 2920    -3752620    -26          -8     +9   30  37  285 -110   16  -11   16  -11  26  0  0 L3P 0A
G18 FF 61050 053400  780 125 3296    +4548352   -110         -38    -12   38 183  365  -61   44  +22   44   22  27  0  0 L3P 44
G21 FF 61050 053400  780 569 1994    -3770740    -74         -18     +9   22 145   96   +8   27   -4   27   -4  16  0  0 L3P FD
G22 FF 61050 053400  780 196 1641     +604711    +28         -27    +70   29  66  240  -86   68  -65   68  -65  22  0  0 L3P 2C
G30 FF 61050 053400  780 755  870     -829456   -147         -26    -25   14  91   83   +2   27  +22   27   22  10  0  0 L3P EA
G05 FF 61050 055000  780 590 2490    +2270202     -1         -26     -8   18  24   94   +2   33  +16   33   16  13  0  0 L3P BD
G07 FF 61050 055000  780 393  649    +1332035    +68         -21    +16   23   5  127  +18   31   +5   31    5  20  0  0 L3P BE
G08 FF 61050 055000  780 105  497    -5059257     -5         -25    -47   49  55  431  -58   52  +37   52   37  33  0  0 L3P 11
G13 FF 61050 055000  780 531 2871    -6900578     -8         -39    -18   18  86  101  -10   25  +22   25   22  13  0  0 L3P 06
G14 FF 61050 055000  780 401 1490    -7278287    -11         -20    +13   21 139  126  -18   50  -11   50  -11  17  0  0 L3P 21
G15 FF 61050 055000  780 229 2940    -3752673     +6         -27    +41   27  37  207  -59   32  -15   32  -15  19  0  0 L3P 1F
G18 FF 61050 055000  780 141 3234    +4548282    -39         -13    +59   32 183  326  -24   23  -52   23  -52  24  0  0 L3P 38
G21 FF 61050 055000  780 496 1940    -3770819    -70         -17    +13   21 145  106  +12   25  -13   25  -13  20  0  0 L3P 27
G22 FF 61050 055000  780 268 1618     +604654    -31         -43    +11   34  66  180  -46   75  -12   75  -12  25  0  0 L3P 13
G30 FF 61050 055000  780 691  759     -829586   -131         -38     -8   13  91   86   +4   32  +13   32   13  10  0  0 L3P DA
G05 FF 61050 060600  780 557 2356    +2270202    +20         -32    +13   26  24   98   +5   38   -2   38   -2  20  0  0 L3P CC
G07 FF 61050 060600  780 328  661    +1332096    +88         -16    +36   24  11  149  +27   31   -5   31   -5  18  0  0 L3P EF
G08 FF 61050 060600  780 114  431    -5059223    +31         -31    -11   52  56  397  -15   49   -2   49   -2  39  0  0 L3P F1
G13 FF 61050 060600  780 604 2905    -6900558    +52         -30    +42   17  87   93   -7   21  -27   21  -27  11  0  0 L3P 03
G14 FF 61050 060600  780 465 1434    -7278315    -31         -20     -7   18 140  111  -12   45   -7   45   -7  14  0  0 L3P FB
G15 FF 61050 060600  780 297 2956    -3752706    -36         -29     +0   31  38  163  -36   34  +12   34   12  26  0  0 L3P 11
G18 FF 61050 060600  780 146 3168    +4548165    -46         -38    +51   31 184  315   +1   38  -40   38  -40  20  0  0 L3P 2B
G21 FF 61050 060600  780 421 1906    -3770894    -82         -14     +1   25 146  120  +18   39  +13   39   13  23  0  0 L3P 14
G22 FF 61050 060600  780 340 1590     +604608    +19         -44    +61   27  79  145  -28   71  -53   71  -53  20  0  0 L3P 18
G30 FF 61050 060600  780 622  721     -829706    -94         -40    +29   16  99   91   +6   39  -14   39  -14  11  0  0 L3P F0
G05 FF 61050 062200  780 505 2254    +2270216    -11         -25    -18   27  24  105   +9   32  +12   32   12  21  0  0 L3P E2
G07 FF 61050 062200  780 264  679    +1332141    +73         -21    +20   35  11  181  +41   53  +10   53   10  28  0  0 L3P E7
G08 FF 61050 062200  780 113  366    -5059185    +64         -34    +22   38  56  400  +22   47  -29   47  -29  28  0  0 L3P 22
G13 FF 61050 062200  780 679 2933    -6900537     +9         -19     -2   19  87   87   -5   15   +1   15    1  12  0  0 L3P BD
G14 FF 61050 062200  780 523 1358    -7278348    -51         -29    -27   23 140  102   -8   47  +17   47   17  18  0  0 L3P 28
G15 FF 61050 062200  780 366 2963    -3752729    -46         -18    -10   29  38  135  -23   24  +11   24   11  21  0  0 L3P 1A
G18 FF 61050 062200  780 140 3101    +4548084    -94         -25     +4   37 184  329  +27   26   -1   26   -1  30  0  0 L3P FB
G21 FF 61050 062200  780 346 1884    -3770982    -82         -22     +1   24 146  142  +28   59  +16   59   16  19  0  0 L3P 2D
G22 FF 61050 062200  780 412 1553     +604569    -33         -43     +9   19  79  123  -18   65   -9   65   -9  15  0  0 L3P F2
G30 FF 61050 062200  780 552  715     -829818   -134         -34    -11   15  99   98   +9   40  +25   40   25  11  0  0 L3P EC
G05 FF 61050 063800  780 443 2181    +2270215    +26         -33    +19   17  24  115  +14   46   +7   46    7  15  0  0 L3P EB
G07 FF 61050 063800  780 202  703    +1332190    +88         -22    +36   41  11  232  +69   86   +6   86    6  34  0  0 L3P E3
G08 FF 61050 063800  780 101  303    -5059166    +21         -56    -21   39  56  444  +71   63  +25   63   25  27  0  0 L3P 0B
G13 FF 61050 063800  780 755 2948    -6900514    -36          -6    -46   18  87   84   -3   11  +38   11   38  13  0  0 L3P FD
G14 FF 61050 063800  780 569 1253    -7278357    -25         -16     -2   24 140   96   -4   42   +8   42    8  19  0  0 L3P E9
G15 FF 61050 063800  780 438 2960    -3752770    -71         -25    -36   17  38  117  -16   30  +18   30   18  13  0  0 L3P 26
G18 FF 61050 063800  780 123 3035    +4547993   -119         -22    -21   43 184  372  +65   22   +7   22    7  32  0  0 L3P 21
G21 FF 61050 063800  780 272 1869    -3771045    -47          -5    +36   35 146  176  +45   61  -10   61  -10  29  0  0 L3P 34
G22 FF 61050 063800  780 482 1502     +604537    -23         -35    +19   20  79  108  -12   59  -22   59  -22  15  0  0 L3P 17
G23 FF 61050 063800  780 101 3280    -5974687    -22         -22    +28   40 177  453 -249   42  -36   42  -36  31  0  0 L3P 5B
G30 FF 61050 063800  780 482  724     -829929   -133         -28    -10   21  99  108  +12   46  +17   46   17  15  0  0 L3P 1A
G05 FF 61050 065400  780 375 2129    +2270213     -8         -41    -15   23  24  132  +22   72  +28   72   28  19  0  0 L3P FF
G07 FF 61050 065400  780 141  730    +1332218    +71         -44    +19   48  11  326 +136  153  +44  153   44  34  0  0 L3P 31
G13 FF 61050 065400  780 833 2906    -6900497    +20           1    +10   17  87   81   -1   13   +3   13    3  11  0  0 L3P A2
G14 FF 61050 065400  780 597 1118    -7278385    -15         -21     +9   25 140   94   -2   53   +2   53    2  18  0  0 L3P DD
G15 FF 61050 065400  780 509 2941    -3752814    -42         -35     -7   21  38  104  -11   36  +11   36   11  15  0  0 L3P 00
G21 FF 61050 065400  780 199 1856    -3771134    -95         -15    -12   31 146  235  +82   93  +36   93   36  23  0  0 L3P 43
G22 FF 61050 065400  780 546 1427     +604498     -4         -33    +38   22  79   99   -8   59  -22   59  -22  15  0  0 L3P 00
G23 FF 61050 065400  780 156 3251    -5974728    -33         -15    +17   42 177  299 -101   25  -18   25  -18  30  0  0 L3P 5D
G24 FF 61050 065400  780 116 2585    +1687363   -189         -59    -40   44  30  397 -207   79  +12   79   12  35  0  0 L3P 63
G30 FF 61050 065400  780 414  742     -830041    -89         -21    +34   20  99  122  +17   53   -7   53   -7  16  0  0 L3P DD
G05 FF 61050 071000  780 305 2090    +2270231    +69         -30    +62   24  24  159  +34   84  -37   84  -37  20  0  0 L3P 1B
G13 FF 61050 071000  780 877 1793    -6900487    +22           1    +11   15  87   81   +0   24  +12   24   12   9  0  0 L3P BE
G14 FF 61050 071000  780 601  969    -7278399     +4         -12    +28   22 140   93   +1   57   -9   57   -9  15  0  0 L3P E2
G15 FF 61050 071000  780 578 2894    -3752855    -81         -43    -46   18  38   96   -7   50  +49   50   49  13  0  0 L3P 21
G21 FF 61050 071000  780 129 1844    -3771216    -50         -17    +33   43 146  355 +184  135  +19  135   19  37  0  0 L3P 67
G22 FF 61050 071000  780 599 1319     +604453    -48         -38     -6   20  79   93   -4   67  +10   67   10  15  0  0 L3P DF
G23 FF 61050 071000  780 206 3211    -5974773    -91         -12    -41   36 177  228  -52   25  +35   25   35  28  0  0 L3P 34
G24 FF 61050 071000  780 178 2620    +1687268   -130         -11    +19   45  30  263  -92   30   -8   30   -8  34  0  0 L3P 11
G30 FF 61050 071000  780 348  767     -830165   -109         -28    +14   21  99  141  +24   81  +14   81   14  17  0  0 L3P 08
G05 FF 61050 072600  780 235 2060    +2270245    +33         -22    +26   31  24  201  +58  106  +11  106   11  24  0  0 L3P 11
G13 FF 61050 072600  780 804 1429    -6900484    -42          -5    -52   28  87   82   +2   41  +48   41   48  18  0  0 L3P F7
G14 FF 61050 072600  780 580  833    -7278403     -5           7    +19   22 140   95   +3   54   -8   54   -8  16  0  0 L3P BE
G15 FF 61050 072600  780 640 2804    -3752887    -49         -41    -13   14  38   90   -4   56  +13   56   13  10  0  0 L3P 00
G17 FF 61050 072600  780 142 1208     +280299   +111         -21     -6   49  18  326 -129  202  -29  202  -29  38  0  0 L3P 4D
G22 FF 61050 072600  780 633 1171     +604425    -31         -26    +11   21  79   91   -2   66  -10   66  -10  15  0  0 L3P DF
G23 FF 61050 072600  780 250 3159    -5974801    -61           8    -11   26 177  191  -29   26  +24   26   24  23  0  0 L3P 1A
G24 FF 61050 072600  780 242 2656    +1687097   -188         -39    -39   29  30  197  -51   62  +42   62   42  26  0  0 L3P 4F
G30 FF 61050 072600  780 284  795     -830282   -116         -26     +7   30  99  169  +36  113  +42  113   42  24  0  0 L3P 22
G05 FF 61050 074200  780 166 2034    +2270252    +53         -22    +47   37  24  280 +112  138  +14  138   14  27  0  0 L3P 3D
G13 FF 61050 074200  780 724 1415    -6900473    -46          -4    -56   14  87   85   +4   52  +61   52   61  11  0  0 L3P E9
G14 FF 61050 074200  780 539  727    -7278445    -25         -13     -1   19 140  100   +6   77   +3   77    3  11  0  0 L3P D5
G15 FF 61050 074200  780 686 2647    -3752923    -36         -43     +0   17  38   87   -2   66  +17   66   17  13  0  0 L3P 00
G17 FF 61050 074200  780 198 1160     +280398   +114         -35     -3   36  18  238  -65  184  -12  184  -12  28  0  0 L3P 46
G22 FF 61050 074200  780 639 1001     +604394    -65         -16    -22   20  79   90   +1   66  +32   66   32  13  0  0 L3P DC
G23 FF 61050 074200  780 285 3096    -5974864    -34          -7    +16   31 177  169  -16   55   +3   55    3  24  0  0 L3P 14
G24 FF 61050 074200  780 308 2691    +1686976   -169         -17    -20   25  30  158  -32   55  +30   55   30  21  0  0 L3P 36
G30 FF 61050 074200  780 221  826     -830401    -81         -27    +42   29  99  213  +58  156  +25  156   25  20  0  0 L3P 1A
G13 FF 61050 075800  780 644 1429    -6900481    +20         -22    +10   23  87   90   +6   82  +20   82   20  17  0  0 L3P EF
G14 FF 61050 075800  780 486  655    -7278466    +14         -10    +38   24 140  108  +10   86  -23   86  -23  17  0  0 L3P 39
G15 FF 61050 075800  780 701 2425    -3752955    -20         -40    +15   16  38   86   +0   75   +2   75    2  12  0  0 L3P D3
G17 FF 61050 075800  780 251 1105     +280529   +157         -17    +40   28  18  190  -37  162  -30  162  -30  21  0  0 L3P 42
G19 FF 61050 075800  780 144 1328    -6848615    -87         -12    -68   39  48  324 -132  221  +18  221   18  31  0  0 L3P 6B
G22 FF 61050 075800  780 618  845     +604336    -22         -34    +20   20  79   92   +3   90   -3   90   -3  15  0  0 L3P BB
G23 FF 61050 075800  780 307 3021    -5974918    -88         -13    -38   33 177  158   -8   73  +52   73   52  28  0  0 L3P 43
G24 FF 61050 075800  780 375 2727    +1686821   -156         -29     -7   21  30  133  -22   80  +30   80   30  17  0  0 L3P 1F
G30 FF 61050 075800  780 160  858     -830517   -112         -26    +11   35  99  289 +107  199  +49  199   49  30  0  0 L3P 66
G10 FF 61050 081400  780 131 3313    +5814237    +41         -10    +11   43  73  352 -112   70  +13   70   13  32  0  0 L3P 00
G13 FF 61050 081400  780 565 1449    -6900475    +26         -26    +16   19  88   97   +9  105  +13  105   13  14  0  0 L3P 28
G14 FF 61050 081400  780 425  610    -7278477    -20           2     +4   23 141  119  +15   98  +10   98   10  18  0  0 L3P E7
G15 FF 61050 081400  780 678 2210    -3752981    -40         -30     -5   21  40   87   +3   81   +7   81    7  16  0  0 L3P C3
G17 FF 61050 081400  780 298 1041     +280629   +150         -32    +33   32  67  163  -22  167  -33  167  -33  26  0  0 L3P 4C
G19 FF 61050 081400  780 203 1288    -6848622     +2          -3    +20   33  60  233  -66  203  -46  203  -46  28  0  0 L3P 26
G22 FF 61050 081400  780 575  730     +604296    -54         -33    -12   15  86   96   +6   96  +15   96   15  11  0  0 L3P E3
G23 FF 61050 081400  780 316 2940    -5974957    -46          -6     +5   28 178  154   -1   71   +2   71    2  21  0  0 L3P E1
G24 FF 61050 081400  780 445 2761    +1686671   -169         -36    -20   26  30  115  -15   91  +25   91   25  19  0  0 L3P 39
G10 FF 61050 083000  780 169 3263    +5814246    +41         -30    +12   26  73  276  -55   97   -9   97   -9  23  0  0 L3P 17
G12 FF 61050 083000  780 155 2163    +6063621    -15         -48    -20   40  94  301 -131  185  +35  185   35  34  0  0 L3P 45
G13 FF 61050 083000  780 486 1471    -6900464     +0         -25    -10   17  88  107  +13  124  +30  124   30  13  0  0 L3P 14
G14 FF 61050 083000  780 361  585    -7278512    -43         -10    -19   23 141  137  +22  111  +34  111   34  18  0  0 L3P 2C
G15 FF 61050 083000  780 626 2062    -3753021    -23         -36    +12   25  40   91   +5  102   -4  102   -4  17  0  0 L3P E3
G17 FF 61050 083000  780 337  967     +280755   +146         -17    +29   25  67  146  -13  146  -42  146  -42  18  0  0 L3P 4F
G19 FF 61050 083000  780 260 1242    -6848660    -45         -24    -27   35  60  184  -39  200  +12  200   12  27  0  0 L3P 37
G22 FF 61050 083000  780 520  656     +604253    -47         -36     -5   20  86  102   +9  107   +6  107    6  16  0  0 L3P C8
G23 FF 61050 083000  780 310 2857    -5975032    -27         -33    +23   29 178  156   +6  109  +11  109   11  25  0  0 L3P 3E
G24 FF 61050 083000  780 517 2792    +1686538   -174         -26    -25   20  30  103  -11   83  +28   83   28  15  0  0 L3P 34
G10 FF 61050 084600  780 198 3204    +5814275     +2         -30    -28   33  73  237  -28  110  +27  110   27  26  0  0 L3P 26
G12 FF 61050 084600  780 224 2185    +6063642    +25         -32    +21   35  94  212  -65  180  -26  180  -26  28  0  0 L3P 4A
G13 FF 61050 084600  780 410 1493    -6900456    +31         -27    +21   23  88  123  +19  155  +10  155   10  17  0  0 L3P 32
G14 FF 61050 084600  780 296  575    -7278536    -12         -11    +12   35 141  163  +34  136  +18  136   18  26  0  0 L3P 49
G15 FF 61050 084600  780 560 1973    -3753050    -39         -32     -4   24  40   97   +8  108  +30  108   30  17  0  0 L3P 0C
G17 FF 61050 084600  780 364  885     +280857   +105         -28    -12   20  67  136   -7  141  -19  141  -19  16  0  0 L3P 38
G19 FF 61050 084600  780 315 1187    -6848670    +24         -16    +42   30  60  155  -24  175  -40  175  -40  24  0  0 L3P 56
G22 FF 61050 084600  780 458  613     +604224    -50         -25     -8   28  86  112  +12  109  +24  109   24  20  0  0 L3P FD
G23 FF 61050 084600  780 290 2776    -5975065    -67         -18    -17   24 178  166  +14  107  +28  107   28  21  0  0 L3P 71
G24 FF 61050 084600  780 591 2820    +1686393   -133         -28    +16   21  30   94   -8   88   -7   88   -7  16  0  0 L3P 13
G10 FF 61050 090200  780 217 3138    +5814317    +71         -16    +41   30  73  217  -12  108  -18  108  -18  23  0  0 L3P 3B
G12 FF 61050 090200  780 294 2210    +6063619    +66         -59    +61   32  94  165  -38  179  -70  179  -70  27  0  0 L3P 66
G13 FF 61050 090200  780 335 1514    -6900442    +75         -22    +64   19  88  146  +29  170  -27  170  -27  15  0  0 L3P 52
G14 FF 61050 090200  780 231  575    -7278580    -79         -32    -56   35 141  204  +55  176  +59  176   59  26  0  0 L3P 61
G15 FF 61050 090200  780 487 1919    -3753096    +43         -44    +78   27  40  107  +13  132  -56  132  -56  22  0  0 L3P 58
G17 FF 61050 090200  780 378  797     +280950   +107         -48    -10   22  67  132   -2  136  -17  136  -17  18  0  0 L3P 33
G19 FF 61050 090200  780 364 1121    -6848694    -19         -22     -1   16  60  136  -15  151  -36  151  -36  14  0  0 L3P 3D
G22 FF 61050 090200  780 394  591     +604183    -25         -25    +17   26  86  127  +18  112  -14  112  -14  20  0  0 L3P 19
G23 FF 61050 090200  780 258 2701    -5975115    -92         -19    -42   34 178  185  +26  117  +40  117   40  26  0  0 L3P 5B
G24 FF 61050 090200  780 667 2840    +1686260   -138         -19    +11   14  30   88   -5   79  -12   79  -12   9  0  0 L3P 17
G10 FF 61050 091800  780 223 3067    +5814319    +43         -42    +14   34  73  212   +0  136   +4  136    4  23  0  0 L3P F3
G12 FF 61050 091800  780 366 2238    +6063645     +2         -37     -2   26  94  136  -24  132  -36  132  -36  17  0  0 L3P 2E
G13 FF 61050 091800  780 261 1532    -6900440    +40         -30    +30   32  88  182  +48  200  +19  200   19  25  0  0 L3P 29
G14 FF 61050 091800  780 167  583    -7278556    -30          15     -6   50 141  278 +103  168  +66  168   66  39  0  0 L3P 58
G15 FF 61050 091800  780 412 1886    -3753110    -28         -25     +7   22  40  122  +19  135  +10  135   10  19  0  0 L3P 1C
G17 FF 61050 091800  780 376  708     +281067    +80         -43    -37   25  67  132   +3  122  +39  122   39  19  0  0 L3P 16
G19 FF 61050 091800  780 404 1042    -6848717     -8         -28    +10   26  60  125   -9  128   -8  128   -8  22  0  0 L3P 16
G22 FF 61050 091800  780 329  584     +604138    -87         -30    -45   30  86  148  +27  128  +62  128   62  23  0  0 L3P 2D
G23 FF 61050 091800  780 216 2635    -5975160    -52         -16     -2   43 178  218  +44  130   +6  130    6  33  0  0 L3P 1C
G24 FF 61050 091800  780 744 2840    +1686125   -170         -10    -21   16  30   84   -3   71  +13   71   13  12  0  0 L3P F9
G10 FF 61050 093400  780 217 2994    +5814355    +59         -35    +29   37  73  217  +12  142   +4  142    4  30  0  0 L3P 1E
G12 FF 61050 093400  780 440 2269    +6063648     -4         -39     -8   19  94  116  -16  108   +3  108    3  14  0  0 L3P 01
G13 FF 61050 093400  780 190 1549    -6900425     +8         -25     -2   31  88  246  +89  223  +46  223   46  23  0  0 L3P 29
G15 FF 61050 093400  780 337 1865    -3753155    -40         -35     -5   27  40  145  +29  155   -6  155   -6  23  0  0 L3P 24
G17 FF 61050 093400  780 359  625     +281169   +143         -53    +26   31  67  137   +8  142   -6  142   -6  21  0  0 L3P 0A
G19 FF 61050 093400  780 432  950    -6848735    -24         -28     -6   16  60  118   -5  122  +15  122   15  13  0  0 L3P 0F
G22 FF 61050 093400  780 265  587     +604109    -77         -18    -35   35  86  180  +41  148  +51  148   51  28  0  0 L3P 31
G23 FF 61050 093400  780 168 2576    -5975216    -49         -25     +1   39 178  276  +81  162  +34  162   34  32  0  0 L3P 5E
G24 FF 61050 093400  780 820 2766    +1685972   -164         -20    -15   11  30   82   -2   82  +18   82   18   7  0  0 L3P 03
G10 FF 61050 095000  780 199 2923    +5814388    -14         -30    -44   33  73  236  +27  160  +56  160   56  28  0  0 L3P 4E
G12 FF 61050 095000  780 515 2302    +6063647    -11         -44    -15   23  94  103  -11  111  +12  111   12  18  0  0 L3P 17
G13 FF 61050 095000  780 121 1562    -6900401   +121         -11   +111   51  88  378 +207  263  -19  263  -19  40  0  0 L3P 72
G15 FF 61050 095000  780 264 1850    -3753179     +8         -26    +43   30  40  180  +47  160  -11  160  -11  23  0  0 L3P 2C
G17 FF 61050 095000  780 329  554     +281303   +148         -32    +31   29  67  148  +15  141   +8  141    8  22  0  0 L3P 05
G19 FF 61050 095000  780 443  849    -6848757    -29         -33    -10   23  60  116   -1  125  +12  125   12  18  0  0 L3P 23
G22 FF 61050 095000  780 202  599     +604058    -65         -29    -22   35  86  231  +69  198  +89  198   89  29  0  0 L3P 4F
G23 FF 61050 095000  780 116 2524    -5975282    -79         -43    -29   48 178  393 +177  216  +54  216   54  37  0  0 L3P 8F
G24 FF 61050 095000  780 869 2016    +1685821   -114         -28    +35   15  30   81   +0   97  -15   97  -15  10  0  0 L3P 1C
G25 FF 61050 095000  780 134 2403    -4508755     -8          -4    -31   56  39  347 -164  190  +41  190   41  37  0  0 L3P 39
G32 FF 61050 095000  780 153 3195    +1695727    -68         -30   +101   43  64  305 -115  189  -69  189  -69  33  0  0 L3P 92
G10 FF 61050 100600  780 170 2855    +5814417    -37         -26    -67   36  74  273  +53  187  +73  187   73  26  0  0 L3P 5A
G12 FF 61050 100600  780 592 2338    +6063647    +69         -48    +65   17  95   94   -8  115  -46  115  -46  13  0  0 L3P 43
G15 FF 61050 100600  780 194 1837    -3753220   -117         -35    -82   41  41  242  +85  198 +108  198  108  32  0  0 L3P 80
G17 FF 61050 100600  780 288  496     +281397   +114         -55     -3   27  70  167  +24  177  +40  177   40  20  0  0 L3P 24
G19 FF 61050 100600  780 436  749    -6848765     +0         -20    +18   21  64  117   +3  129   -1  129   -1  17  0  0 L3P F6
G22 FF 61050 100600  780 141  616     +604019   -112         -28    -70   71  87  326 +136  247  +92  247   92  56  0  0 L3P 43
G24 FF 61050 100600  780 808 1455    +1685689   -226         -19    -77   14  31   82   +2  100  +59  100   59  10  0  0 L3P 32
G25 FF 61050 100600  780 198 2436    -4508740    -10          -7    -34   41  40  238  -77  181   -5  181   -5  33  0  0 L3P 1A
G32 FF 61050 100600  780 210 3171    +1695575   -143         -19    +26   25  66  225  -59  173  -30  173  -30  17  0  0 L3P 5D
G10 FF 61050 102200  780 133 2794    +5814430     -6         -42    -36   33  74  345 +104  230  +63  230   63  23  0  0 L3P 29
G12 FF 61050 102200  780 669 2379    +6063661    +33         -39    +29   24  95   88   -5  116  -12  116  -12  17  0  0 L3P 34
G15 FF 61050 102200  780 126 1826    -3753249    -32         -30     +3   43  41  365 +189  233  +38  233   38  33  0  0 L3P 3E
G17 FF 61050 102200  780 240  451     +281534    +63         -30    -54   35  70  197  +40  191  +76  191   76  27  0  0 L3P 19
G19 FF 61050 102200  780 413  659    -6848790    -54         -27    -36   20  64  122   +8  144  +24  144   24  17  0  0 L3P 26
G24 FF 61050 102200  780 731 1397    +1685565   -190           0    -41   17  31   84   +4  100  +41  100   41  11  0  0 L3P EF
G25 FF 61050 102200  780 263 2472    -4508739    +43         -29    +19   26  40  182  -44  170  -33  170  -33  20  0  0 L3P 47
G32 FF 61050 102200  780 264 3136    +1695439   -217           8    -48   42  66  182  -34  146  +31  146   31  31  0  0 L3P 36
G06 FF 61050 103800  780 149  908    +6008715    +54         -30    +12   44  39  311  -93  271  -23  271  -23  32  0  0 L3P 35
G12 FF 61050 103800  780 746 2429    +6063691     +9         -13     +4   19  95   84   -3   98  +10   98   10  11  0  0 L3P E1
G17 FF 61050 103800  780 187  419     +281654   +121         -22     +4   31  70  249  +72  221  +51  221   51  24  0  0 L3P 08
G19 FF 61050 103800  780 375  584    -6848801    +11         -20    +29   26  64  132  +14  151  -15  151  -15  22  0  0 L3P 35
G24 FF 61050 103800  780 652 1396    +1685408   -121         -14    +28   24  31   89   +6  118   -4  118   -4  17  0  0 L3P 1C
G25 FF 61050 103800  780 330 2510    -4508698    -18         -12    -42   32  40  148  -28  153  +23  153   23  26  0  0 L3P 38
G32 FF 61050 103800  780 311 3087    +1695254   -118         -14    +52   32  66  156  -21  156  -43  156  -43  24  0  0 L3P 5E
G06 FF 61050 105400  780 191  847    +6008763    +33         -23     -9   29  39  246  -49  255  -20  255  -20  21  0  0 L3P 33
G12 FF 61050 105400  780 824 2508    +6063686     +1         -23     -3   17  95   82   -2  109   +8  109    8  12  0  0 L3P D4
G17 FF 61050 105400  780 131  397     +281752    +50         -37    -67   54  70  351 +151  271  +89  271   89  40  0  0 L3P 3C
G19 FF 61050 105400  780 326  526    -6848824     +9         -26    +28   27  64  149  +22  181  +22  181   22  21  0  0 L3P 26
G24 FF 61050 105400  780 574 1409    +1685265   -149         -14     +0   24  31   96   +9  136  +18  136   18  18  0  0 L3P 26
G25 FF 61050 105400  780 399 2550    -4508700    -21         -36    -45   28  40  126  -19  164  +23  164   23  21  0  0 L3P 3C
G32 FF 61050 105400  780 351 3024    +1695093   -170         -13     +0   25  66  141  -12  156   -1  156   -1  18  0  0 L3P 11
G06 FF 61050 111000  780 225  780    +6008808    +52         -18    +10   37  39  210  -27  225  -26  225  -26  25  0  0 L3P 2D
G11 FF 61050 111000  780 119 1198    +4792115   -143         -24    -10   46 222  389 -180  294   +0  294    0  32  0  0 L3P 46
G12 FF 61050 111000  780 889 3469    +6063691    -42         -23    -47   15  95   81   +0  112  +32  112   32  11  0  0 L3P 10
G19 FF 61050 111000  780 271  485    -6848851    +25         -36    +43   30  64  177  +36  218  -12  218  -12  23  0  0 L3P 3F
G24 FF 61050 111000  780 497 1427    +1685130   -123          -6    +26   23  31  106  +12  150   -6  150   -6  17  0  0 L3P 0C
G25 FF 61050 111000  780 469 2592    -4508660    +48         -19    +24   23  40  111  -13  143  -36  143  -36  15  0  0 L3P 44
G32 FF 61050 111000  780 378 2946    +1694930   -160         -13     +9   29  66  132   -6  150  -22  150  -22  24  0  0 L3P 34
G06 FF 61050 112600  780 250  707    +6008847    +12         -20    -30   34  39  191  -14  224  -15  224  -15  26  0  0 L3P 29
G11 FF 61050 112600  780 174 1152    +4791987   -116         -24    +17   37 222  270  -84  268  -40  268  -40  29  0  0 L3P 80
G12 FF 61050 112600  780 820  622    +6063707    +38         -11    +34   13  95   82   +2  107  -22  107  -22  10  0  0 L3P F9
G19 FF 61050 112600  780 211  457    -6848844    +79         -11    +98   38  64  223  +63  217  -43  217  -43  28  0  0 L3P 58
G24 FF 61050 112600  780 421 1446    +1684987   -114          -6    +35   24  31  120  +18  166   -2  166   -2  20  0  0 L3P 1D
G25 FF 61050 112600  780 540 2637    -4508627    +55          -9    +31   27  40  100   -9  126  -35  126  -35  20  0  0 L3P 22
G28 FF 61050 112600  780 137 3049    +6131490    -35         -28    +15   27  11  341 -157  232  -29  232  -29  20  0  0 L3P 59
G29 FF 61050 112600  780 168 1999    +3953846    -53         -15    +11   42 110  279 -116  247  -66  247  -66  35  0  0 L3P 96
G32 FF 61050 112600  780 391 2858    +1694776   -200          -4    -31   23  66  128   -2  145  +38  145   38  17  0  0 L3P 3C
G06 FF 61050 114200  780 262  630    +6008877    -42         -30    -84   40  39  182   -4  214  +53  214   53  28  0  0 L3P 18
G11 FF 61050 114200  780 226 1099    +4791849   -109         -34    +24   33 222  210  -46  243  -51  243  -51  24  0  0 L3P 69
G12 FF 61050 114200  780 745  701    +6063697    +70         -25    +65   16  95   84   +3  123  -39  123  -39  11  0  0 L3P 1B
G19 FF 61050 114200  780 149  441    -6848840    -69          10    -51   42  64  311 +129  222  +61  222   61  35  0  0 L3P 32
G24 FF 61050 114200  780 348 1466    +1684841    -85          -8    +64   30  31  141  +26  195  -13  195  -13  22  0  0 L3P 3E
G25 FF 61050 114200  780 613 2686    -4508610     +8         -15    -16   23  40   92   -7  124   +5  124    5  17  0  0 L3P DE
G28 FF 61050 114200  780 200 3058    +6131437   -115         -33    -65   40  11  236  -75  215  +30  215   30  30  0  0 L3P 32
G29 FF 61050 114200  780 240 2009    +3953794    +11          -7    +74   40 110  199  -59  223 -121  223 -121  33  0  0 L3P 65
G32 FF 61050 114200  780 388 2766    +1694621   -147           3    +22   29  66  129   +3  147  -19  147  -19  25  0  0 L3P 43
G06 FF 61050 115800  780 261  554    +6008921   +116         -26    +74   29  39  183   +5  202  -59  202  -59  21  0  0 L3P 40
G11 FF 61050 115800  780 274 1039    +4791734   -179         -22    -46   25 222  175  -27  215  +15  215   15  20  0  0 L3P 65
G12 FF 61050 115800  780 671  754    +6063706     +9         -20     +5   17  95   88   +5  126  +13  126   13  12  0  0 L3P E5
G24 FF 61050 115800  780 276 1484    +1684706    -90          -1    +59   30  31  173  +42  229  -20  229  -20  23  0  0 L3P 3A
G25 FF 61050 115800  780 687 2742    -4508601    +55         -29    +31   18  40   87   -5  129  -19  129  -19  12  0  0 L3P 3F
G28 FF 61050 115800  780 265 3059    +6131389   -105         -33    -55   39  11  181  -43  197   +3  197    3  25  0  0 L3P 41
G29 FF 61050 115800  780 313 2021    +3953721    -32         -18    +32   28 110  156  -35  208  -49  208  -49  21  0  0 L3P 5C
G32 FF 61050 115800  780 370 2677    +1694448   -129          -7    +40   22  66  134   +8  160  -23  160  -23  18  0  0 L3P 42
G06 FF 61050 121400  780 246  481    +6008968    +81         -20    +39   29  39  193  +16  198  -42  198  -42  22  0  0 L3P 52
G11 FF 61050 121400  780 315  969    +4791594   -148         -35    -15   27 222  155  -17  208  -21  208  -21  22  0  0 L3P 63
G12 FF 61050 121400  780 598  801    +6063713    -20         -17    -24   20  95   93   +7  131  +20  131   20  12  0  0 L3P ED
G24 FF 61050 121400  780 207 1500    +1684550    -87         -17    +62   28  32  227  +73  273  -17  273  -17  22  0  0 L3P 4B
G25 FF 61050 121400  780 761 2815    -4508568    +16         -18     -8   16  40   83   -3  118   -4  118   -4  10  0  0 L3P F5
G28 FF 61050 121400  780 331 3050    +6131338    -24         -33    +26   28  12  148  -27  179  -36  179  -36  18  0  0 L3P 52
G29 FF 61050 121400  780 388 2034    +3953658     -2         -20    +61   31 110  129  -22  183  -65  183  -65  23  0  0 L3P 4E
G32 FF 61050 121400  780 337 2595    +1694288   -181          -4    -11   30  66  145  +15  177  +24  177   24  24  0  0 L3P 49
G06 FF 61050 123000  780 219  415    +6008960    +67         -68    +25   36  39  215  +30  230  -21  230  -21  25  0  0 L3P 28
G11 FF 61050 123000  780 345  890    +4791486   -130         -14     +3   31 222  142   -9  169  -28  169  -28  24  0  0 L3P 40
G12 FF 61050 123000  780 527  846    +6063707    +10         -28     +6   22  95  101  +10  144   +3  144    3  16  0  0 L3P DC
G24 FF 61050 123000  780 140 1515    +1684418   -266          -7   -117   34  32  329 +153  308 +138  308  138  29  0  0 L3P 8C
G25 FF 61050 123000  780 834 2965    -4508543    +26         -16     +2   12  40   81   -1  114   -7  114   -7   8  0  0 L3P D7
G28 FF 61050 123000  780 395 3027    +6131290    -72         -33    -22   25  12  127  -18  166  +15  166   15  21  0  0 L3P 33
G29 FF 61050 123000  780 465 2047    +3953587    -69         -30     -6   31 110  112  -15  177  -10  177  -10  24  0  0 L3P 49
G31 FF 61050 123000  780 101 3119    +1733829    -48         -39    -27   33  93  455 -284  298   -9  298   -9  26  0  0 L3P 60
G32 FF 61050 123000  780 294 2524    +1694108   -126         -22    +43   29  66  164  +24  211  -14  211  -14  23  0  0 L3P 49
G06 FF 61050 124600  780 182  359    +6009022    -19         -46    -61   42  39  255  +56  210  +27  210   27  32  0  0 L3P 28
G11 FF 61050 124600  780 363  803    +4791335   -146         -38    -13   26 222  136   -3  170   +1  170    1  21  0  0 L3P 07
G12 FF 61050 124600  780 458  890    +6063719    +27         -21    +22   13  95  113  +14  145  -17  145  -17  10  0  0 L3P 33
G25 FF 61050 124600  780 873  416    -4508533    -15         -30    -39   18  40   81   +0  125  +32  125   32  13  0  0 L3P FD
G28 FF 61050 124600  780 457 2986    +6131243    -38         -32    +12   23  12  113  -12  148  -23  148  -23  16  0  0 L3P 46
G29 FF 61050 124600  780 543 2058    +3953538    -47         -18    +17   28 110  100  -10  145  -37  145  -37  20  0  0 L3P 5F
G31 FF 61050 124600  780 166 3118    +1733810     +7         -38    +28   45  93  283 -110  257  -53  257  -53  36  0  0 L3P 59
G32 FF 61050 124600  780 244 2462    +1693947   -209         -21    -39   27  66  194  +41  239  +86  239   86  21  0  0 L3P 73
G06 FF 61050 130200  780 138  314    +6009074    +99         -35    +56   50  39  334 +114  198  -35  198  -35  33  0  0 L3P 5A
G11 FF 61050 130200  780 365  715    +4791203   -138         -42     -5   22 222  136   +2  160   -3  160   -3  16  0  0 L3P F9
G12 FF 61050 130200  780 390  932    +6063714    +88         -29    +83   20  95  128  +19  164  -39  164  -39  15  0  0 L3P 4D
G25 FF 61050 130200  780 807  896    -4508490    +13         -10    -10   23  40   82   +2  111   -4  111   -4  17  0  0 L3P D6
G28 FF 61050 130200  780 512 2919    +6131197    -92         -30    -42   31  12  104   -8  135  +15  135   15  22  0  0 L3P 1A
G29 FF 61050 130200  780 622 2062    +3953453    -31         -42    +33   27 110   91   -7  151  -42  151  -42  19  0  0 L3P 29
G31 FF 61050 130200  780 230 3107    +1733777    +95         -51   +116   31  93  207  -56  231 -101  231 -101  23  0  0 L3P 64
G32 FF 61050 130200  780 189 2410    +1693781   -149         -24    +20   35  66  247  +72  284  +40  284   40  25  0  0 L3P 55
G11 FF 61050 131800  780 351  631    +4791076   -164         -41    -31   27 222  140   +7  157  +17  157   17  21  0  0 L3P 35
G12 FF 61050 131800  780 324  973    +6063714    -12         -34    -16   27  95  150  +28  188  +36  188   36  22  0  0 L3P 3C
G25 FF 61050 131800  780 733 1000    -4508474    -37         -16    -61   19  40   84   +3  115  +38  115   38  12  0  0 L3P 15
G28 FF 61050 131800  780 556 2822    +6131149     -2         -30    +48   21  12   98   -4  127  -41  127  -41  14  0  0 L3P 11
G29 FF 61050 131800  780 701 2051    +3953410    -34         -24    +30   18 110   86   -4  123  -35  123  -35  13  0  0 L3P 22
G31 FF 61050 131800  780 294 3085    +1733789     -5         -20    +15   38  93  165  -33  176  -35  176  -35  29  0  0 L3P 57
G32 FF 61050 131800  780 132 2364    +1693605   -208         -38    -38   55  66  347 +149  340  +61  340   61  43  0  0 L3P 6F
G11 FF 61050 133400  780 324  556    +4790968   -104         -22    +29   29 222  150  +14  139  -29  139  -29  21  0  0 L3P 66
G12 FF 61050 133400  780 260 1013    +6063718    -51         -35    -56   18  95  183  +43  210  +77  210   77  15  0  0 L3P 3A
G25 FF 61050 133400  780 658 1063    -4508445    +65         -11    +41   18  40   88   +5  108  -35  108  -35  11  0  0 L3P 27
G26 FF 61050 133400  780 182 2888    +3090675   +185         -17   +124   34   2  258  -90  257 -150  257 -150  27  0  0 L3P 97
G28 FF 61050 133400  780 581 2693    +6131094    -46         -37     +4   26  12   95   -2  127   -9  127   -9  19  0  0 L3P 06
G29 FF 61050 133400  780 778 1989    +3953332     +4         -40    +67   16 110   83   -2  121  -55  121  -55  11  0  0 L3P 2E
G31 FF 61050 133400  780 354 3049    +1733737    -44         -52    -23   29  93  139  -21  169   -2  169   -2  22  0  0 L3P 33
G11 FF 61050 135000  780 285  493    +4790815   -145         -47    -12   32 222  168  +24  163  +22  163   22  21  0  0 L3P 48
G12 FF 61050 135000  780 197 1051    +6063736    +61         -20    +57   26  95  238  +73  237   +2  237    2  20  0  0 L3P 14
G18 FF 61050 135000  780 126 1805    +4545491   -104           4     -6   61 187  369 -201  319 -123  319 -123  46  0  0 L3P 7D
G25 FF 61050 135000  780 585 1113    -4508447     -3         -36    -27   23  40   95   +8  124  +17  124   17  17  0  0 L3P 09
G26 FF 61050 135000  780 247 2909    +3090736    +41         -15    -20   45   2  194  -50  204  -22  204  -22  32  0  0 L3P 26
G28 FF 61050 135000  780 582 2549    +6131035   -105         -48    -55   19  12   95   +1  133  +48  133   48  13  0  0 L3P 30
G29 FF 61050 135000  780 843 1687    +3953312    -92           0    -29   15 110   81   -1   86  +22   86   22  10  0  0 L3P EA
G31 FF 61050 135000  780 409 2994    +1733726    -18         -44     +3   18  93  124  -13  148  -16  148  -16  14  0  0 L3P 44
G11 FF 61050 140600  780 238  444    +4790698   -179         -34    -46   35 224  199  +41  159  +35  159   35  26  0  0 L3P 76
G18 FF 61050 140600  780 196 1798    +4545407   -162          12    -64   53 189  241  -87  249  -60  249  -60  37  0  0 L3P 8D
G21 FF 61050 140600  780 116  670    -3773271    -92         -17    -10   45 150  393 -100  189   -7  189   -7  33  0  0 L3P 44
G25 FF 61050 140600  780 512 1156    -4508417    +48         -20    +24   18  61  104  +11  128   -3  128   -3  14  0  0 L3P 12
G26 FF 61050 140600  780 313 2925    +3090796    +49         -14    -12   29   2  155  -31  168  -22  168  -22  22  0  0 L3P 3D
G28 FF 61050 140600  780 558 2413    +6130994    -52         -38     -2   29  13   98   +4  131  +18  131   18  21  0  0 L3P 0D
G29 FF 61050 140600  780 832  933    +3953257    -55          12     +8   10 112   81   +1   77   -8   77   -8   8  0  0 L3P C1
G31 FF 61050 140600  780 454 2919    +1733710    -47         -17    -27   23   1  114   -8  135  +25  135   25  17  0  0 L3P 16
G04 FF 61050 142200  780 110 3287     -373046    -23         -32     +1   41 176  412  -27  240   -8  240   -8  32  0  0 L3P FF
G05 FF 61050 142200  780 147  911    +2270413    -13         -21    -20   38  83  315  -95  215  -21  215  -21  32  0  0 L3P 1F
G11 FF 61050 142200  780 184  408    +4790562   -178         -42    -45   41 224  253  +75  154   -5  154   -5  30  0  0 L3P 3C
G18 FF 61050 142200  780 269 1792    +4545274   -162         -27    -64   30 189  179  -47  216   -3  216   -3  25  0  0 L3P 67
G21 FF 61050 142200  780 142  607    -3773355   -110         -22    -29   43 150  325  -48  156  -25  156  -25  32  0  0 L3P 58
G25 FF 61050 142200  780 440 1196    -4508399    +25         -24     +1   23  61  116  +15  141  +25  141   25  19  0  0 L3P 1E
G26 FF 61050 142200  780 382 2934    +3090839    +42         -30    -19   24   2  131  -21  155   -5  155   -5  18  0  0 L3P 10
G28 FF 61050 142200  780 515 2303    +6130955    -34         -29    +16   26  13  103   +8  135   +0  135    0  20  0  0 L3P EB
G29 FF 61050 142200  780 764  727    +3953156    -91         -28    -28   14 112   83   +3  101  +30  101   30  10  0  0 L3P 0A
G31 FF 61050 142200  780 484 2822    +1733687    -12         -21     +8   25   1  108   -4  131  -18  131  -18  17  0  0 L3P 09
G04 FF 61050 143800  780 112 3223     -373063   -104         -27    -80   56 176  405  +12  221  +43  221   43  42  0  0 L3P 38
G05 FF 61050 143800  780 189  850    +2270413    +10         -27     +3   30  83  249  -50  176  -58  176  -58  25  0  0 L3P 35
G11 FF 61050 143800  780 127  383    +4790460    -93         -16    +40   48 224  361 +163   96  -91   96  -91  32  0  0 L3P 50
G16 FF 61050 143800  780 109 2940    -1850976   -141         -18    -65   46  75  425 -244  304   -8  304   -8  34  0  0 L3P 66
G18 FF 61050 143800  780 343 1784    +4545193    -99         -14     -1   33 189  143  -29  179  -27  179  -27  25  0  0 L3P 7A
G21 FF 61050 143800  780 158  541    -3773435   -124         -23    -42   46 150  293  -20  122  +23  122   23  36  0  0 L3P 43
G25 FF 61050 143800  780 370 1233    -4508372    +11         -20    -13   22  61  134  +22  161  +27  161   27  17  0  0 L3P 25
G26 FF 61050 143800  780 451 2933    +3090905    +22         -23    -39   23   2  114  -14  131   +5  131    5  17  0  0 L3P F5
G28 FF 61050 143800  780 458 2221    +6130902    -74         -34    -24   27  13  112  +12  147  +34  147   34  19  0  0 L3P 38
G29 FF 61050 143800  780 691  689    +3953090    -72         -33     -8   18 112   86   +4  101   -3  101   -3  13  0  0 L3P F7
G31 FF 61050 143800  780 496 2710    +1733658    -15         -31     +5   24   1  106   +0  138   -3  138   -3  16  0  0 L3P E6
G04 FF 61050 145400  780 103 3158     -373111    -54         -52    -30   42 176  437  +57  216  +25  216   25  33  0  0 L3P 35
G05 FF 61050 145400  780 222  783    +2270416    -19         -31    -26   31  83  213  -27  145  -14  145  -14  24  0  0 L3P 2F
G16 FF 61050 145400  780 173 2963    -1851035    -82          -4     -5   40  75  271 -102  225  -80  225  -80  31  0  0 L3P 39
G18 FF 61050 145400  780 420 1773    +4545094    -77         -18    +21   32 189  121  -19  155  -32  155  -32  27  0  0 L3P 6A
G21 FF 61050 145400  780 164  473    -3773506    -81         -16     +0   40 150  283   +0   94  -31   94  -31  29  0  0 L3P 01
G25 FF 61050 145400  780 301 1267    -4508348    -12         -19    -36   30  61  160  +34  173  +45  173   45  21  0  0 L3P 39
G26 FF 61050 145400  780 521 2916    +3090949    +43         -37    -19   18   2  102  -10  121   -7  121   -7  13  0  0 L3P 0A
G28 FF 61050 145400  780 394 2161    +6130854    -78         -34    -27   30  13  127  +18  161  +34  161   34  24  0  0 L3P 3F
G29 FF 61050 145400  780 617  692    +3953025    -28         -37    +36   24 112   92   +7   97  -34   97  -34  16  0  0 L3P 23
G31 FF 61050 145400  780 488 2595    +1733634    -29         -35     -9   17   1  107   +3  136  +10  136   10  13  0  0 L3P 05
G05 FF 61050 151000  780 246  710    +2270425     -6         -29    -13   25  83  193  -14  107  -23  107  -23  21  0  0 L3P 12
G16 FF 61050 151000  780 240 2980    -1851089     -1          15    +75   36  75  199  -55  154 -106  154 -106  31  0  0 L3P 5B
G18 FF 61050 151000  780 496 1753    +4545002   -105         -17     -7   23 189  106  -13  134  -24  134  -24  18  0  0 L3P 59
G21 FF 61050 151000  780 158  406    -3773585   -124         -16    -42   33 150  293  +21   67   +5   67    5  27  0  0 L3P 0D
G25 FF 61050 151000  780 234 1298    -4508320    +38         -14    +14   38  61  202  +55  183   -4  183   -4  30  0  0 L3P 1B
G26 FF 61050 151000  780 589 2874    +3091030    +42         -15    -20   16   2   94   -7   97   +9   97    9  11  0  0 L3P CE
G28 FF 61050 151000  780 327 2116    +6130815    -52         -25     -2   30  13  149  +29  172  +22  172   22  21  0  0 L3P 13
G29 FF 61050 151000  780 545  711    +3952955    -53         -46    +11   19 112   99   +9   94  -12   94  -12  14  0  0 L3P 13
G31 FF 61050 151000  780 460 2490    +1733621    -69         -28    -49   19   1  112   +7  128  +30  128   30  15  0  0 L3P 0E
G05 FF 61050 152600  780 258  633    +2270425    -81         -36    -87   31  83  185   -4   85  +35   85   35  23  0  0 L3P 0C
G16 FF 61050 152600  780 308 2992    -1851191    -53         -14    +23   33  75  158  -33  129  -65  129  -65  26  0  0 L3P 64
G18 FF 61050 152600  780 572 1716    +4544912    -47         -13    +51   25 189   96   -8  101  -70  101  -70  19  0  0 L3P 46
G21 FF 61050 152600  780 141  343    -3773668    -49         -20    +32   36 150  326  +51   33  -55   33  -55  29  0  0 L3P 2C
G25 FF 61050 152600  780 168 1326    -4508299    +31         -16     +7   28  61  276 +104  186  -15  186  -15  23  0  0 L3P 5D
G26 FF 61050 152600  780 650 2788    +3091067    +12         -38    -49   17   2   89   -4   98  +15   98   15  12  0  0 L3P 04
G28 FF 61050 152600  780 258 2081    +6130766    -65         -26    -15   30  13  185  +47  193  +34  193   34  24  0  0 L3P 4B
G29 FF 61050 152600  780 474  737    +3952901    -52         -39    +12   23 112  109  +13   85  -16   85  -16  19  0  0 L3P 37
G31 FF 61050 152600  780 418 2402    +1733600     -3         -29    +17   26   1  121  +12  130  -13  130  -13  19  0  0 L3P FD
G05 FF 61050 154200  780 256  555    +2270413    +49         -54    +43   28  83  186   +6   77  -50   77  -50  20  0  0 L3P 0F
G16 FF 61050 154200  780 378 2994    -1851262    -78         -11     -2   25  75  132  -22   98  -24   98  -24  20  0  0 L3P 2E
G18 FF 61050 154200  780 645 1649    +4544811    -84         -20    +14   17 189   90   -5   88  -31   88  -31  11  0  0 L3P 2C
G21 FF 61050 154200  780 114  286    -3773763   -166         -37    -84   46 150  400 +108   34  +66   34   66  35  0  0 L3P 4E
G25 FF 61050 154200  780 104 1352    -4508266    +40          -6    +16   58  61  436 +256  169  -18  169  -18  43  0  0 L3P 5C
G26 FF 61050 154200  780 697 2636    +3091123    +35         -41    -26   21   2   86   -2   88   +4   88    4  14  0  0 L3P CA
G27 FF 61050 154200  780 101 2648     +159808    -10           1    -83   40  57  455 -268  262  -13  262  -13  29  0  0 L3P 35
G28 FF 61050 154200  780 190 2052    +6130716    -51         -27     -1   53  13  246  +85  216  +30  216   30  44  0  0 L3P 1B
G29 FF 61050 154200  780 406  769    +3952832     -6         -46    +57   18 112  124  +18   85  -56   85  -56  13  0  0 L3P 36
G31 FF 61050 154200  780 366 2331    +1733566    +59         -44    +80   22   1  135  +18  141  -55  141  -55  15  0  0 L3P 32
G05 FF 61050 155800  780 240  482    +2270433    +45         -40    +38   27  83  197  +17   53  -43   53  -43  21  0  0 L3P 17
G16 FF 61050 155800  780 449 2984    -1851335    -50         -12    +27   22  75  115  -15   79  -34   79  -34  17  0  0 L3P 46
G18 FF 61050 155800  780 707 1521    +4544721   -100         -17     -2   27 189   86   -3   74  -12   74  -12  19  0  0 L3P 21
G23 FF 61050 155800  780 136 1464    -5976364    -70         -15    -20   64 181  341 -162  170  -59  170  -59  54  0  0 L3P 8A
G26 FF 61050 155800  780 714 2413    +3091181     +0         -41    -61   18   2   85   +0   75  +30   75   30  13  0  0 L3P C1
G27 FF 61050 155800  780 162 2684     +159848   +116         -30    +42   34  57  289 -110  198  -97  198  -97  26  0  0 L3P 93
G28 FF 61050 155800  780 124 2027    +6130656    -57         -40     -7   41  13  370 +191  245   +4  245    4  32  0  0 L3P 17
G29 FF 61050 155800  780 340  802    +3952768   -100         -49    -36   29 112  144  +25   79  +31   79   31  21  0  0 L3P 3D
G31 FF 61050 155800  780 307 2275    +1733554     -7         -36    +13   27   1  158  +29  144   +1  144    1  22  0  0 L3P EF
G05 FF 61050 161400  780 213  416    +2270424    +67         -53    +60   29  85  221  +33   59  -43   59  -43  21  0  0 L3P 12
G16 FF 61050 161400  780 519 2954    -1851422    -67         -25     +9   19  76  103  -10   81  -17   81  -17  14  0  0 L3P 23
G18 FF 61050 161400  780 745 1289    +4544642    -84          -7    +13   17 190   84   -1   50  -22   50  -22  10  0  0 L3P 03
G23 FF 61050 161400  780 202 1433    -5976415    -60         -20    -10   40 182  234  -76  133  -14  133  -14  32  0  0 L3P 48
G26 FF 61050 161400  780 694 2191    +3091244    +75         -37    +13   15  30   86   +2   81  -15   81  -15  10  0  0 L3P FD
G27 FF 61050 161400  780 225 2721     +159931    -11         -12    -85   45  58  211  -59  141  +18  141   18  34  0  0 L3P 2C
G29 FF 61050 161400  780 275  838    +3952724   -124         -25    -60   23 113  174  +38   69  +43   69   43  17  0  0 L3P 46
G31 FF 61050 161400  780 246 2229    +1733544    +11         -25    +32   32  12  193  +47  150   +8  150    8  26  0  0 L3P 09
G05 FF 61050 163000  780 175  360    +2270427    +20         -57    +14   38  85  265  +62   42  -19   42  -19  27  0  0 L3P 16
G16 FF 61050 163000  780 585 2894    -1851492    -66         -21    +10   16  76   95   -7   72   -9   72   -9  12  0  0 L3P FE
G18 FF 61050 163000  780 741 1002    +4544539   -113         -16    -15   13 190   84   +1   49   +4   49    4   9  0  0 L3P E1
G23 FF 61050 163000  780 268 1397    -5976483    -82         -40    -32   31 182  179  -42  122   +2  122    2  23  0  0 L3P 32
G26 FF 61050 163000  780 645 2037    +3091307    +41         -33    -20   17  30   89   +4   75  +13   75   13  12  0  0 L3P E7
G27 FF 61050 163000  780 290 2757     +160009    +49          -5    -25   36  58  167  -36  106  -17  106  -17  26  0  0 L3P 33
G29 FF 61050 163000  780 213  875    +3952660    -81         -28    -17   26 113  221  +62   81  +20   81   20  23  0  0 L3P 13
G31 FF 61050 163000  780 183 2191    +1733524    +21         -25    +42   40  12  254  +84  169   -7  169   -7  33  0  0 L3P 22
G05 FF 61050 164600  780 130  314    +2270460    +36         -30    +29   46  85  354 +131   23   +3   23    3  35  0  0 L3P DF
G16 FF 61050 164600  780 641 2787    -1851567    -86         -23    -10   22  76   90   -4   60   -7   60   -7  14  0  0 L3P F5
G18 FF 61050 164600  780 698  798    +4544423    -40         -38    +57   17 190   86   +3   54  -55   54  -55  12  0  0 L3P 2C
G23 FF 61050 164600  780 333 1354    -5976507     -5         -16    +45   31 182  147  -26   86  -62   86  -62  24  0  0 L3P 43
G26 FF 61050 164600  780 581 1945    +3091375    +64         -24     +3   19  30   95   +7   65   +1   65    1  14  0  0 L3P C9
G27 FF 61050 164600  780 357 2792     +160077    +80          -8     +6   33  58  139  -24   74  -41   74  -41  27  0  0 L3P 09
G29 FF 61050 164600  780 152  912    +3952582    -74         -44    -11   54 113  304 +118   95  +13   95   13  41  0  0 L3P 34
G31 FF 61050 164600  780 122 2158    +1733485    -72         -45    -51   40  12  375 +183  202  +65  202   65  36  0  0 L3P 4F
G08 FF 61050 170200  780 119 2820    -5057586   -162         -40   -204  118  69  390 -199  134  +88  134   88  86  0  0 L3P AF
G10 FF 61050 170200  780 156 1641    +5815150    -10         -27    -40   30  16  300 -133  139  -14  139  -14  23  0  0 L3P 3D
G16 FF 61050 170200  780 676 2618    -1851643   -123         -26    -47   21  76   87   -1   52  +25   52   25  14  0  0 L3P 14
G18 FF 61050 170200  780 637  694    +4544338    -97         -29     +0   19 190   90   +5   42  -14   42  -14  13  0  0 L3P FE
G23 FF 61050 170200  780 396 1299    -5976565    -39         -26    +11   27 182  127  -17   77  -29   77  -29  20  0  0 L3P 67
G26 FF 61050 170200  780 511 1891    +3091417    +47         -41    -15   23  30  104  +11   76   +6   76    6  19  0  0 L3P ED
G27 FF 61050 170200  780 426 2824     +160121    +85         -35    +11   19  58  119  -17   69  -36   69  -36  15  0  0 L3P 23
G07 FF 61050 171800  780 114 3300    +1334214    +34         -19    -18   39  40  400  -79   33   +5   33    5  32  0  0 L3P E4
G08 FF 61050 171800  780 181 2850    -5057503     +4           3    -38   38  69  260  -90   76   -3   76   -3  27  0  0 L3P EA
G10 FF 61050 171800  780 226 1623    +5815162     +2         -43    -27   34  16  210  -65  113   +7  113    7  27  0  0 L3P F8
G16 FF 61050 171800  780 679 2411    -1851717    -78         -27     -1   20  76   87   +1   46   +3   46    3  17  0  0 L3P D5
G18 FF 61050 171800  780 568  647    +4544254   -122         -20    -24   18 190   96   +8   30  +11   30   11  11  0  0 L3P 02
G23 FF 61050 171800  780 452 1227    -5976617    -64         -30    -14   26 182  114  -11   65   +5   65    5  19  0  0 L3P 16
G26 FF 61050 171800  780 438 1859    +3091469    +62         -48     +1   21  30  117  +16   86   +3   86    3  19  0  0 L3P F7
G27 FF 61050 171800  780 497 2854     +160202    +79         -25     +5   20  58  106  -12   44  -10   44  -10  14  0  0 L3P FA
G07 FF 61050 173400  780 132 3243    +1334248    +40         -35    -12   41  40  348  -35   39   -5   39   -5  31  0  0 L3P FA
G08 FF 61050 173400  780 245 2877    -5057460     +5           6    -37   41  69  195  -50   48   -6   48   -6  33  0  0 L3P F5
G10 FF 61050 173400  780 298 1603    +5815211    +20         -22    -10   25  16  163  -37   85  -15   85  -15  20  0  0 L3P 19
G15 FF 61050 173400  780 126  626    -3754155    -82         -30    -47   46  49  364  -64   40  +31   40   31  40  0  0 L3P 0D
G16 FF 61050 173400  780 648 2228    -1851786    -79         -23     -2   22  76   89   +3   45   +4   45    4  15  0  0 L3P DD
G18 FF 61050 173400  780 497  630    +4544149    -64         -31    +34   22 190  106  +11   31  -28   31  -28  16  0  0 L3P 25
G23 FF 61050 173400  780 498 1134    -5976657    -31         -21    +19   20 182  106   -6   44  -38   44  -38  16  0  0 L3P 3D
G26 FF 61050 173400  780 364 1838    +3091534    +66         -43     +5   39  30  136  +24   87   +3   87    3  31  0  0 L3P F1
G27 FF 61050 173400  780 570 2878     +160261    +58         -36    -16   18  58   96   -8   42  +12   42   12  13  0  0 L3P F2
G07 FF 61050 175000  780 140 3181    +1334289   +131         -45    +79   28  40  328   -7   47  -61   47  -61  22  0  0 L3P 2E
G08 FF 61050 175000  780 312 2901    -5057437    +53         -12    +11   26  69  156  -32   41  -25   41  -25  21  0  0 L3P 1A
G10 FF 61050 175000  780 372 1577    +5815241    +30         -20     +0   17  16  134  -23   72   -5   72   -5  13  0  0 L3P DB
G15 FF 61050 175000  780 143  559    -3754183    -33         -24     +2   38  49  321  -28   33   +0   33    0  33  0  0 L3P CC
G16 FF 61050 175000  780 595 2102    -1851874    -44         -37    +32   19  76   94   +6   54  -14   54  -14  15  0  0 L3P 15
G18 FF 61050 175000  780 427  631    +4544049   -130         -37    -32   23 190  119  +16   32  +17   32   17  18  0  0 L3P 27
G23 FF 61050 175000  780 528 1021    -5976707    -51         -24     -1   14 182  101   -3   38   -8   38   -8  10  0  0 L3P EF
G26 FF 61050 175000  780 292 1824    +3091623    +83         -12    +21   26  30  165  +38   82   +8   82    8  19  0  0 L3P FB
G27 FF 61050 175000  780 645 2892     +160345    +48         -24    -26   18  58   90   -6   29  +19   29   19  12  0  0 L3P FE
G02 FF 61050 180600  780 103 2478     -137487    -13         -39    +70   50   2  447 -266  139  -84  139  -84  42  0  0 L3P 51
G07 FF 61050 180600  780 138 3118    +1334358    +32         -26    -20   39  41  333  +17   29  +23   29   23  29  0  0 L3P 19
G08 FF 61050 180600  780 380 2919    -5057386    +30           3    -12   24  77  131  -21   22   +2   22    2  18  0  0 L3P CD
G10 FF 61050 180600  780 444 1540    +5815256    +62         -33    +32   18  16  116  -15   68  -42   68  -42  13  0  0 L3P 25
G15 FF 61050 180600  780 150  490    -3754224    -65         -33    -29   45   1  307   -3   43  +22   43   22  33  0  0 L3P DB
G16 FF 61050 180600  780 529 2024    -1851941   -108         -26    -32   29  77  101  +10   50  +28   50   28  22  0  0 L3P 26
G18 FF 61050 180600  780 358  643    +4543956    -47         -37    +50   33 191  138  +23   37  -30   37  -30  27  0  0 L3P 3A
G23 FF 61050 180600  780 537  895    -5976748    -65         -14    -15   23 183  100   +0   25   +6   25    6  17  0  0 L3P F8
G26 FF 61050 180600  780 222 1814    +3091651    +76         -38    +14   27  32  212  +64  108  -15  108  -15  20  0  0 L3P 3E
G27 FF 61050 180600  780 721 2884     +160407    +23         -32    -51   13  62   85   -4   32  +29   32   29   8  0  0 L3P D4
G02 FF 61050 182200  780 166 2514     -137572    -85         -45     -2   44   2  283 -107  113  -43  113  -43  35  0  0 L3P 20
G07 FF 61050 182200  780 125 3055    +1334397    +48         -37     -4   28  41  364  +48   36   -1   36   -1  19  0  0 L3P F9
G08 FF 61050 182200  780 450 2929    -5057367    +17         -18    -25   23  77  114  -15   32  +10   32   10  18  0  0 L3P 18
G10 FF 61050 182200  780 514 1487    +5815297    +77         -21    +48   20  16  103  -10   47  -47   47  -47  15  0  0 L3P 30
G15 FF 61050 182200  780 145  421    -3754261    -16         -36    +19   26   1  316  +22   51   -4   51   -4  18  0  0 L3P D2
G16 FF 61050 182200  780 457 1974    -1852024    -86         -36    -10   33  77  113  +14   65  +38   65   38  29  0  0 L3P 33
G18 FF 61050 182200  780 291  663    +4543883    -80         -16    +18   34 191  165  +35   25  -14   25  -14  25  0  0 L3P 33
G23 FF 61050 182200  780 523  773    -5976797    -92         -15    -42   23 183  102   +3   22  +27   22   27  17  0  0 L3P 16
G26 FF 61050 182200  780 154 1804    +3091733    +26         -15    -36   33  32  301 +128   97  +67   97   67  24  0  0 L3P 3A
G27 FF 61050 182200  780 796 2807     +160467    +59         -42    -15   12  62   82   -2   38  +14   38   14   8  0  0 L3P E3
G02 FF 61050 183800  780 229 2553     -137663   -140         -56    -57   31   2  208  -57  103  +30  103   30  25  0  0 L3P 22
G07 FF 61050 183800  780 104 2994    +1334467    -30         -18    -82   41  41  434 +105   13  +43   13   43  35  0  0 L3P 28
G08 FF 61050 183800  780 522 2926    -5057334    +47         -25     +5   25  77  102  -10   32   -9   32   -9  16  0  0 L3P FA
G10 FF 61050 183800  780 578 1407    +5815310     +9         -36    -21   20  16   96   -6   47   +6   47    6  15  0  0 L3P CC
G15 FF 61050 183800  780 129  356    -3754277    -69         -18    -34   45   1  353  +57   41  +37   41   37  32  0  0 L3P 11
G16 FF 61050 183800  780 384 1942    -1852089    -47         -28    +30   32  77  130  +21   73   -9   73   -9  26  0  0 L3P 1F
G18 FF 61050 183800  780 226  687    +4543782   -102         -23     -5   38 191  208  +57   33   +2   33    2  32  0  0 L3P 00
G23 FF 61050 183800  780 490  670    -5976862    -89         -31    -39   21 183  107   +7   31  +27   31   27  16  0  0 L3P 25
G27 FF 61050 183800  780 852 2362     +160531    +85         -50    +11   12  62   81   +0   46   -7   46   -7   8  0  0 L3P BB
G02 FF 61050 185400  780 293 2592     -137709    -56         -23    +27   33   2  165  -34   53  -42   53  -42  26  0  0 L3P 0D
G08 FF 61050 185400  780 593 2904    -5057293    +46         -24     +4   23  77   94   -7   31   -7   31   -7  15  0  0 L3P E4
G10 FF 61050 185400  780 629 1286    +5815340    +39         -35     +9   18  16   91   -4   41  -11   41  -11  12  0  0 L3P ED
G15 FF 61050 185400  780 103  297    -3754333    -46         -40    -11   50   1  437 +127   81  +41   81   41  32  0  0 L3P 00
G16 FF 61050 185400  780 312 1920    -1852168    -84         -34     -7   31  77  155  +33   88  +16   88   16  23  0  0 L3P 21
G18 FF 61050 185400  780 163  716    +4543695   -105         -17     -8   37 191  284 +105   41  +20   41   20  27  0  0 L3P 32
G23 FF 61050 185400  780 443  593    -5976939    -96         -60    -46   28 183  116  +11   50  +37   50   37  20  0  0 L3P 39
G27 FF 61050 185400  780 818 1680     +160625    +48         -26    -26   17  62   82   +1   29  +15   29   15  13  0  0 L3P EF
G02 FF 61050 191000  780 358 2634     -137802   -138         -36    -55   36   2  138  -23   53  +26   53   26  27  0  0 L3P 0E
G08 FF 61050 191000  780 661 2845    -5057253    +39         -25     -3   19  77   88   -5   30   +4   30    4  12  0  0 L3P C9
G10 FF 61050 191000  780 658 1120    +5815368    +20         -35     -9   15  16   89   -1   38   -6   38   -6  11  0  0 L3P D1
G16 FF 61050 191000  780 240 1903    -1852251   -108         -43    -32   37  77  197  +56  103  +21  103   21  35  0  0 L3P 43
G23 FF 61050 191000  780 386  540    -5976950   -107         -24    -57   37 183  129  +17   23  +43   23   43  28  0  0 L3P 40
G27 FF 61050 191000  780 744 1542     +160687   +103         -36    +29   15  62   84   +3   38  -16   38  -16  10  0  0 L3P 05
G01 FF 61050 192600  780 109 2572    -3451526    -87         -54   -121   42 134  423 -228  110  +55  110   55  31  0  0 L3P 6B
G02 FF 61050 192600  780 424 2676     -137895    -98         -49    -15   28   2  120  -16   53   +4   53    4  20  0  0 L3P E1
G08 FF 61050 192600  780 720 2716    -5057230    +20         -42    -22   15  77   85   -3   39   +9   39    9  11  0  0 L3P DC
G10 FF 61050 192600  780 656  934    +5815392    +33         -40     +3   20  16   89   +1   39   -4   39   -4  13  0  0 L3P C1
G16 FF 61050 192600  780 171 1888    -1852307   -160         -26    -84   51  77  271 +106  109  +63  109   63  43  0  0 L3P 79
G23 FF 61050 192600  780 324  507    -5977004    -52         -30     -2   19 183  150  +27   36   +4   36    4  12  0  0 L3P E1
G27 FF 61050 192600  780 665 1514     +160751    +94         -42    +20   13  62   88   +5   45   -6   45   -6   9  0  0 L3P C8
G32 FF 61050 192600  780 151 1288    +1689888   -161         -29     +8   37  43  309 -121   99  -13   99  -13  28  0  0 L3P 67
G01 FF 61050 194200  780 169 2609    -3451457   +165         -18   +131   37 134  278  -99   70 -118   70 -118  29  0  0 L3P 9F
G02 FF 61050 194200  780 491 2721     -137969   -113         -43    -30   25   2  107  -11   46  +20   46   20  19  0  0 L3P FC
G08 FF 61050 194200  780 755 2471    -5057192    +45         -45     +3   14  77   84   -1   42   -8   42   -8  11  0  0 L3P DB
G10 FF 61050 194200  780 626  778    +5815407    +27         -53     -2   21  16   91   +4   43   -4   43   -4  14  0  0 L3P BB
G16 FF 61050 194200  780 105 1875    -1852381    -74         -27     +3   58  77  434 +262  111  -13  111  -13  49  0  0 L3P 54
G23 FF 61050 194200  780 260  488    -5977041    -44         -19     +6   32 183  183  +44   30  -10   30  -10  23  0  0 L3P 10
G27 FF 61050 194200  780 587 1513     +160824    +69         -40     -4   21  62   95   +8   49  +13   49   13  16  0  0 L3P E0
G32 FF 61050 194200  780 210 1245    +1689745   -197          -9    -27   34  43  225  -62   72  +12   72   12  30  0  0 L3P 20
G01 FF 61050 195800  780 230 2647    -3451413   +121          -7    +86   38 134  207  -54   41  -76   41  -76  28  0  0 L3P 45
G02 FF 61050 195800  780 558 2766     -138055    -47         -50    +36   20   2   98   -8   50  -22   50  -22  14  0  0 L3P E9
G08 FF 61050 195800  780 745 2174    -5057155     +1         -49    -41   20  77   84   +1   41  +29   41   29  12  0  0 L3P F1
G10 FF 61050 195800  780 576  671    +5815429    +38         -59     +9   22  16   96   +6   41  -26   41  -26  17  0  0 L3P FE
G14 FF 61050 195800  780 123 3269    -7279512   -103          -8    -79   42 147  375 -127   50  +52   50   52  32  0  0 L3P 54
G23 FF 61050 195800  780 195  482    -5977101    -18         -31    +32   33 183  240  +78   40  -27   40  -27  25  0  0 L3P 35
G27 FF 61050 195800  780 509 1523     +160896   +102         -40    +28   18  62  104  +12   56   -2   56   -2  13  0  0 L3P FF
G32 FF 61050 195800  780 267 1195    +1689564   -143         -27    +27   34  43  180  -36   72  -32   72  -32  24  0  0 L3P 52
G01 FF 61050 201400  780 292 2686    -3451391    +90         -19    +55   34 135  165  -34   41  -61   41  -61  25  0  0 L3P 38
G02 FF 61050 201400  780 626 2814     -138114    -17         -30    +66   16   3   91   -6   36  -49   36  -49  13  0  0 L3P DF
G08 FF 61050 201400  780 697 1973    -5057127    +48         -60     +6   17  79   86   +3   53   -3   53   -3  11  0  0 L3P DF
G10 FF 61050 201400  780 515  608    +5815468    -17         -42    -47   23  19  103   +9   39  +33   39   33  16  0  0 L3P FB
G14 FF 61050 201400  780 161 3221    -7279540    -23         -13     +1   31 148  289  -61   45  -19   45  -19  24  0  0 L3P 25
G23 FF 61050 201400  780 130  484    -5977142    -38         -20    +12   43 184  353 +170   67  +38   67   38  34  0  0 L3P 36
G27 FF 61050 201400  780 432 1536     +160959    +73         -46     -1   23  67  118  +17   72   +9   72    9  18  0  0 L3P DF
G32 FF 61050 201400  780 319 1136    +1689386   -145         -47    +25   20  96  153  -22   70  -33   70  -33  17  0  0 L3P 3D
G01 FF 61050 203000  780 357 2724    -3451360    +59         -20    +24   37 135  139  -23   36  -22   36  -22  27  0  0 L3P 2C
G02 FF 61050 203000  780 696 2867     -138191    -84         -27     -1   10   3   86   -4   34   +4   34    4   7  0  0 L3P 8C
G08 FF 61050 203000  780 631 1870    -5057090    +51         -64     +9   19  79   91   +6   57   +0   57    0  13  0  0 L3P C3
G10 FF 61050 203000  780 449  573    +5815495     +2         -43    -28   21  19  114  +14   45  +30   45   30  16  0  0 L3P E8
G14 FF 61050 203000  780 190 3163    -7279570    -45         -20    -21   36 148  246  -32   51  +15   51   15  28  0  0 L3P 26
G22 FF 61050 203000  780 116 3298     +602406    -20         -62    +22   50   3  394 -135   96  -48   96  -48  36  0  0 L3P 1B
G27 FF 61050 203000  780 357 1550     +161030    +76         -46     +2   20  67  138  +26   83   +3   83    3  15  0  0 L3P C2
G32 FF 61050 203000  780 365 1066    +1689227   -183         -43    -14   24  96  136  -14   63   +1   63    1  19  0  0 L3P 09
G01 FF 61050 204600  780 422 2763    -3451336    +94         -29    +60   34 135  120  -16   41  -51   41  -51  27  0  0 L3P 2B
G02 FF 61050 204600  780 765 2930     -138269    -52         -26    +31   21   3   83   -3   33  -27   33  -27  14  0  0 L3P DB
G03 FF 61050 204600  780 117 2243    -6019165    +62          -1    -36   49  20  396 -222  100  +14  100   14  39  0  0 L3P 27
G08 FF 61050 204600  780 557 1817    -5057038     +8         -52    -34   21  79   98   +9   52  +25   52   25  15  0  0 L3P FC
G10 FF 61050 204600  780 382  559    +5815532    -27         -34    -57   28  19  130  +20   43  +45   43   45  22  0  0 L3P 09
G14 FF 61050 204600  780 210 3099    -7279586    -37         -14    -13   47 148  224  -15   35  +20   35   20  36  0  0 L3P 34
G22 FF 61050 204600  780 153 3249     +602388    -10         -39    +32   32   3  303  -64   62  -27   62  -27  25  0  0 L3P FD
G27 FF 61050 204600  780 284 1564     +161097     +8         -49    -66   30  67  169  +40   92  +54   92   54  23  0  0 L3P 10
G32 FF 61050 204600  780 401  984    +1689066   -139         -41    +31   22  96  125   -8   53  -33   53  -33  17  0  0 L3P 20
G01 FF 61050 210200  780 490 2800    -3451294     -6         -20    -40   23 135  107  -12   29  +32   29   32  14  0  0 L3P FC
G02 FF 61050 210200  780 835 3043     -138352    -84         -29     -1   14   3   81   -1   32   -2   32   -2   9  0  0 L3P 80
G03 FF 61050 210200  780 184 2272    -6019068    +39           1    -60   50  20  256  -93   81  +41   81   41  36  0  0 L3P F2
G08 FF 61050 210200  780 482 1789    -5057009    +49         -64     +7   25  79  108  +13   64  +10   64   10  18  0  0 L3P 12
G10 FF 61050 210200  780 315  558    +5815547    +26         -48     -4   36  19  154  +30   55  +19   55   19  27  0  0 L3P 00
G14 FF 61050 210200  780 218 3029    -7279624    -67         -29    -43   34 148  216   -2   41  +25   41   25  26  0  0 L3P 1F
G22 FF 61050 210200  780 181 3192     +602346    -59         -41    -17   32   3  258  -33   59  +10   59   10  27  0  0 L3P ED
G27 FF 61050 210200  780 213 1576     +161176    +64         -41    -10   37  67  221  +70   94   +3   94    3  29  0  0 L3P DE
G32 FF 61050 210200  780 423  891    +1688900   -156         -45    +13   18  96  120   -3   44  -21   44  -21  13  0  0 L3P 0A
G01 FF 61050 211800  780 559 2836    -3451274     -5         -32    -39   17 135   98   -8   36  +31   36   31  13  0  0 L3P 04
G02 FF 61050 211800  780 882  527     -138428   -132         -26    -49   20   3   81   +0   33  +40   33   40  16  0  0 L3P C3
G03 FF 61050 211800  780 252 2305    -6018974   +158           0    +59   39  20  190  -50   78  -39   78  -39  32  0  0 L3P 30
G08 FF 61050 211800  780 407 1774    -5056959    +28         -54    -14   25  79  124  +19   63  +16   63   16  19  0  0 L3P 38
G10 FF 61050 211800  780 248  567    +5815578     -9         -45    -39   39  19  191  +48   77  +69   77   69  32  0  0 L3P 33
G14 FF 61050 211800  780 214 2957    -7279653    +18         -34    +42   28 148  219  +10   43  -36   43  -36  22  0  0 L3P 46
G17 FF 61050 211800  780 108 3169     +286152   +174         -29    +57   30  75  429 -239   71  -72   71  -72  24  0  0 L3P 51
G22 FF 61050 211800  780 198 3129     +602298    -46         -48     -4   39   3  236  -15   60  -12   60  -12  29  0  0 L3P F9
G27 FF 61050 211800  780 144 1587     +161261    +44         -28    -30   34  67  319 +147   84  +32   84   32  28  0  0 L3P 25
G32 FF 61050 211800  780 429  794    +1688734   -185         -48    -15   20  96  119   +1   45  +10   45   10  16  0  0 L3P 16
G01 FF 61050 213400  780 630 2869    -3451226    +14         -17    -20   15 135   91   -6   24   +3   24    3  12  0  0 L3P CE
G02 FF 61050 213400  780 818 1074     -138480    -97           2    -14   20   3   82   +1   14  +12   14   12  13  0  0 L3P 96
G03 FF 61050 213400  780 321 2342    -6018884    +55          -5    -44   30  20  152  -31   69   +3   69    3  22  0  0 L3P D8
G08 FF 61050 213400  780 332 1766    -5056928    +81         -63    +39   34  79  147  +30   71  -21   71  -21  27  0  0 L3P 36
G10 FF 61050 213400  780 184  583    +5815619    +68         -33    +38   44  19  254  +87   85  -13   85  -13  34  0  0 L3P 2F
G14 FF 61050 213400  780 199 2887    -7279668    -72         -27    -48   40 148  235  +24   33  +42   33   42  32  0  0 L3P 4B
G17 FF 61050 213400  780 168 3160     +286282   +102         -11    -15   29  75  279  -99   48   +8   48    8  21  0  0 L3P 0D
G22 FF 61050 213400  780 205 3062     +602247    -52         -59    -10   39   3  229   -1   61   +7   61    7  27  0  0 L3P B4
G32 FF 61050 213400  780 418  700    +1688573   -161         -47     +8   19  96  121   +5   42   -7   42   -7  15  0  0 L3P E8
G01 FF 61050 215000  780 703 2896    -3451194    +32         -18     -2   18 135   86   -4   22   -7   22   -7  13  0  0 L3P DB
G02 FF 61050 215000  780 747 1162     -138578    -76         -16     +7   18   3   84   +3   23   -1   23   -1  12  0  0 L3P 9F
G03 FF 61050 215000  780 392 2382    -6018796   +131         -11    +32   31  20  128  -20   55  -40   55  -40  24  0  0 L3P 22
G08 FF 61050 215000  780 260 1761    -5056879    +11         -55    -31   35  79  183  +48   72  +25   72   25  28  0  0 L3P 2E
G10 FF 61050 215000  780 121  605    +5815664    +55         -16    +25   47  19  379 +191   84  -12   84  -12  41  0  0 L3P 29
G14 FF 61050 215000  780 173 2820    -7279691    -24         -26     +0   30 148  268  +46   46  +13   46   13  21  0  0 L3P 19
G17 FF 61050 215000  780 227 3141     +286392   +174         -14    +57   36  75  209  -52   51  -42   51  -42  24  0  0 L3P 26
G22 FF 61050 215000  780 200 2994     +602223    -37         -43     +5   25   3  234  +12   60  +13   60   13  19  0  0 L3P C2
G32 FF 61050 215000  780 391  617    +1688416   -192         -41    -22   25  96  128  +10   46  +35   46   35  19  0  0 L3P 24
G01 FF 61050 220600  780 777 2907    -3451177    +33         -39     -1   17 136   83   -2   34   -6   34   -6  10  0  0 L3P E1
G02 FF 61050 220600  780 675 1217     -138665    -54         -24    +29   19   3   87   +5   34  -19   34  -19  14  0  0 L3P EC
G03 FF 61050 220600  780 463 2428    -6018697    +55          -8    -44   26  31  112  -14   40  +27   40   27  19  0  0 L3P 09
G08 FF 61050 220600  780 190 1757    -5056814    +70         -21    +28   31   2  247  +88   70  -39   70  -39  25  0  0 L3P 23
G14 FF 61050 220600  780 139 2757    -7279708    -17         -16     +6   25 149  329  +87   46  -10   46  -10  20  0  0 L3P 3C
G17 FF 61050 220600  780 283 3110     +286481    +98         -36    -19   26  77  170  -31   68   +0   68    0  19  0  0 L3P F2
G22 FF 61050 220600  780 184 2927     +602186    -80         -36    -38   41  13  253  +28   61  +41   61   41  34  0  0 L3P 03
G32 FF 61050 220600  780 351  549    +1688254   -160         -40    +10   38  96  140  +16   64  +21   64   21  29  0  0 L3P 16
G01 FF 61050 222200  780 852 2829    -3451149    +51         -44    +17   13 136   81   -1   33  -15   33  -15   9  0  0 L3P FB
G02 FF 61050 222200  780 603 1262     -138751    -56         -30    +27   16   3   93   +7   41  -11   41  -11  11  0  0 L3P BF
G03 FF 61050 222200  780 535 2479    -6018607   +120         -13    +21   23  31  101  -10   40  -32   40  -32  16  0  0 L3P 0D
G04 FF 61050 222200  780 107 1894     -373741   -154         -39   -130   38 180  431 -273   86  +88   86   88  30  0  0 L3P 6D
G08 FF 61050 222200  780 122 1753    -5056791    +55         -39    +13   53   2  377 +202   93  -18   93  -18  40  0  0 L3P 2F
G17 FF 61050 222200  780 334 3067     +286607    +82         -24    -35   30  77  147  -19   51  +31   51   31  23  0  0 L3P 04
G19 FF 61050 222200  780 135 3206    -6849581    +32         -40    +51   22   2  345 -149  141  -79  141  -79  17  0  0 L3P 56
G22 FF 61050 222200  780 158 2863     +602148    -55         -33    -13   49  13  292  +54   63   -3   63   -3  40  0  0 L3P ED
G32 FF 61050 222200  780 302  497    +1688102   -172         -30     -3   26  96  160  +26   75  +28   75   28  19  0  0 L3P 11
G01 FF 61050 223800  780 865 1518    -3451104    +53         -32    +19   15 136   81   +1   24   -6   24   -6  10  0  0 L3P E0
G02 FF 61050 223800  780 531 1300     -138816    -38         -15    +45   27   3  101  +10   36  -28   36  -28  21  0  0 L3P EF
G03 FF 61050 223800  780 608 2539    -6018508   +124          -9    +25   19  31   93   -7   28  -38   28  -38  13  0  0 L3P 19
G04 FF 61050 223800  780 177 1894     -373753    -87         -28    -63   35 180  265 -106   80  +27   80   27  29  0  0 L3P 51
G17 FF 61050 223800  780 378 3007     +286701    +52         -42    -65   24  77  132  -12   66  +48   66   48  19  0  0 L3P 1F
G19 FF 61050 223800  780 192 3181    -6849592    -44         -34    -26   36   2  245  -71  109   -6  109   -6  26  0  0 L3P 32
G22 FF 61050 223800  780 125 2804     +602103    -28         -38    +14   59  13  366 +106   43  -41   43  -41  42  0  0 L3P 17
G28 FF 61050 223800  780 176  867    +6129488    -88           1    -38   35  17  266  -58   13   +3   13    3  27  0  0 L3P EA
G32 FF 61050 223800  780 248  460    +1687948   -192         -22    -23   42  96  192  +42   93  +49   93   49  30  0  0 L3P 3D
G01 FF 61050 225400  780 790 1370    -3451077    +49         -38    +15   14 136   82   +2   22  -14   22  -14   9  0  0 L3P FA
G02 FF 61050 225400  780 460 1335     -138900   -145         -20    -62   23   3  112  +14   48  +57   48   57  16  0  0 L3P FD
G03 FF 61050 225400  780 681 2615    -6018430    +73         -26    -25   22  31   87   -5   34  +20   34   20  16  0  0 L3P E8
G04 FF 61050 225400  780 250 1896     -373779    -79         -31    -55   36 180  192  -55   63  +22   63   22  28  0  0 L3P 37
G17 FF 61050 225400  780 411 2932     +286805   +140         -50    +23   31  77  123   -7   68  -26   68  -26  26  0  0 L3P 1C
G19 FF 61050 225400  780 245 3144    -6849605    -16         -29     +2   32   2  194  -39   88   -5   88   -5  23  0  0 L3P FE
G28 FF 61050 225400  780 210  803    +6129424    -47         -16     +3   33  17  224  -32   33  +30   33   30  26  0  0 L3P E0
G31 FF 61050 225400  780 125 1118    +1733030    -47         -47    -27   54  44  370 -154   85   -2   85   -2  42  0  0 L3P 13
G32 FF 61050 225400  780 189  436    +1687800   -122          -6    +48   44  96  247  +76  114   +1  114    1  33  0  0 L3P 0E
G01 FF 61050 231000  780 712 1370    -3451046    +10         -40    -24   15 136   85   +4   26  +29   26   29   9  0  0 L3P E3
G02 FF 61050 231000  780 389 1367     -138981    -49         -22    +34   24   3  128  +20   57  -18   57  -18  17  0  0 L3P 0F
G03 FF 61050 231000  780 751 2729    -6018330    +86         -21    -13   14  31   84   -3   32   +6   32    6  10  0  0 L3P BA
G04 FF 61050 231000  780 324 1899     -373782    +16         -11    +40   27 180  151  -33   44  -34   44  -34  19  0  0 L3P 24
G17 FF 61050 231000  780 430 2843     +286918   +102         -50    -15   30  77  118   -3   61   -5   61   -5  22  0  0 L3P E4
G19 FF 61050 231000  780 293 3094    -6849614    -12         -20     +6   28   2  165  -23   81  -23   81  -23  22  0  0 L3P 02
G28 FF 61050 231000  780 235  732    +6129370    -54         -21     -4   40  17  201  -17   65  +22   65   22  31  0  0 L3P E2
G31 FF 61050 231000  780 176 1065    +1733014    -77         -44    -56   38  44  266  -74   78  +28   78   28  30  0  0 L3P 30
G32 FF 61050 231000  780 129  423    +1687618   -204         -26    -34   44  96  356 +165  147  +13  147   13  36  0  0 L3P 59
G01 FF 61050 232600  780 634 1388    -3451009    +33         -36     -1   24 136   90   +6   25   +4   25    4  15  0  0 L3P C5
G02 FF 61050 232600  780 319 1396     -139058    -85         -19     -2   22   3  152  +31   64   -1   64   -1  18  0  0 L3P CA
G03 FF 61050 232600  780 816 2964    -6018237   +127         -23    +28   12  31   82   -1   34  -19   34  -19   8  0  0 L3P 08
G04 FF 61050 232600  780 401 1900     -373804    -26         -10     -2   28 180  126  -21   37  -10   37  -10  23  0  0 L3P F6
G06 FF 61050 232600  780 112 3052    +6010660    +95           3    +54   36  56  414 -232  120  -59  120  -59  26  0  0 L3P 31
G09 FF 61050 232600  780 114 2082    -7701018    +25         -37    +31   40  72  407 -241   86  -42   86  -42  36  0  0 L3P 39
G17 FF 61050 232600  780 433 2746     +287031   +127         -49    +10   25  77  118   +1   48  -31   48  -31  18  0  0 L3P 18
G19 FF 61050 232600  780 332 3029    -6849632     +0         -21    +18   32   2  147  -14   71  -22   71  -22  26  0  0 L3P FB
G28 FF 61050 232600  780 250  658    +6129323    -57         -20     -7   28  17  191   -6   81  +11   81   11  23  0  0 L3P E5
G31 FF 61050 232600  780 223 1006    +1733003    -14         -35     +6   29  44  212  -41   57  -21   57  -21  25  0  0 L3P F9
G01 FF 61050 234200  780 556 1411    -3450991    +51         -50    +17   17 136   98   +9   44   +4   44    4  13  0  0 L3P E0
G02 FF 61050 234200  780 250 1422     -139134    -62         -14    +21   37   3  190  +50   74   +0   74    0  30  0  0 L3P AC
G03 FF 61050 234200  780 843    6    -6018147   +104         -28     +5   17  31   81   +0   38   -1   38   -1  11  0  0 L3P 93
G04 FF 61050 234200  780 479 1897     -373853    -56         -36    -32   27 180  109  -14   47  +16   47   16  23  0  0 L3P 35
G06 FF 61050 234200  780 175 3066    +6010677    +34         -18     -7   51  56  268  -98  124   -6  124   -6  37  0  0 L3P 29
G09 FF 61050 234200  780 182 2097    -7701031    -31         -45    -26   56  72  258  -98   82   +2   82    2  45  0  0 L3P 07
G17 FF 61050 234200  780 419 2651     +287154   +164         -39    +47   21  77  121   +5   34  -37   34  -37  16  0  0 L3P 1F
G19 FF 61050 234200  780 359 2951    -6849655    -44         -27    -25   26   2  138   -7   71   -4   71   -4  20  0  0 L3P F9
G28 FF 61050 234200  780 251  583    +6129267   -115         -29    -64   38  17  189   +3   91  +62   91   62  30  0  0 L3P 1E
G31 FF 61050 234200  780 264  938    +1732975    -14         -44     +7   28  44  181  -24   40  -27   40  -27  21  0  0 L3P 08
G01 FF 61050 235800  780 479 1434    -3450939    +63         -31    +29   24 136  109  +13   42   +1   42    1  17  0  0 L3P 03
G02 FF 61050 235800  780 182 1446     -139198   -160           1    -77   40   3  257  +93   71  +66   71   66  33  0  0 L3P FC
G03 FF 61050 235800  780 798  503    -6018052   +129         -28    +30   13  31   82   +2   37  -22   37  -22  10  0  0 L3P F7
G04 FF 61050 235800  780 558 1887     -373881    +24         -42    +48   26 180   98  -10   48  -45   48  -45  20  0  0 L3P 39
G06 FF 61050 235800  780 241 3074    +6010689    +43         -46     +2   45  56  198  -53  116  -37  116  -37  30  0  0 L3P 45
G09 FF 61050 235800  780 253 2116    -7701025    +27         -33    +33   42  72  189  -52   59  -43   59  -43  33  0  0 L3P 36
G17 FF 61050 235800  780 390 2563     +287253   +102         -52    -15   29  77  128  +10   50   +5   50    5  23  0  0 L3P F2
G19 FF 61050 235800  780 372 2863    -6849679    +34         -34    +52   24   2  133   -2   59  -58   59  -58  18  0  0 L3P 35
G28 FF 61050 235800  780 240  510    +6129228   -102         -20    -52   31  17  198  +14   91  +42   91   42  22  0  0 L3P 0E
G31 FF 61050 235800  780 295  863    +1732964    -47         -35    -27   35  44  164  -14   24  +30   24   30  30  0  0 L3P 0F
