CGGTTS     GENERIC DATA FORMAT VERSION = 2E
REV DATE = 2026-01-01                    
RCVR = POLARX5-TR                    R2CGGTTS v8.8    
CH = 99 
IMS = POLARX5-TR                    
LAB = PTB                           
X = +3844059.67 m 
Y =  +709661.67 m 
Z = +5023129.80 m 
FRAME = ITRF
COMMENTS =           IGS RINEX,AUSPOS XYZ          
INT DLY =   31.0 ns (GPS P1),   28.5 ns (GPS P2)     CAL_ID = 1001-2022           
CAB DLY =  205.7 ns 
REF DLY =   56.2 ns
REF = UTC(PTB)                      
CKSUM = 5E

SAT CL  MJD  STTIME TRKL ELV AZTH   REFSV      SRSV     REFSYS    SRSYS  DSG IOE MDTR SMDT MDIO SMDI MSIO SMSI ISG FR HC FRC CK
             hhmmss  s  .1dg .1dg    .1ns     .1ps/s     .1ns    .1ps/s .1ns     .1ns.1ps/s.1ns.1ps/s.1ns.1ps/s.1ns
G01 FF 61054 000200  780 402 1457    -3441791    +69         -28    +33   18 176  125  +20   36  -13   36  -13  15  0  0 L3P 2D
G02 FF 61054 000200  780 113 1466     -160627    -57         -27    +26   86  65  404 +230   69   -3   69   -3  60  0  0 L3P 05
G03 FF 61054 000200  780 731  687    -5992221   +113         -33    +12   23  26   84   +3   27   +2   27    2  15  0  0 L3P C0
G04 FF 61054 000200  780 636 1860     -380057     +5         -32    +28   24 220   90   -6   31  -27   31  -27  15  0  0 L3P E0
G06 FF 61054 000200  780 309 3072    +6021131    +70         -50    +32   27   7  157  -32   32  -22   32  -22  21  0  0 L3P EC
G09 FF 61054 000200  780 328 2137    -7702334     -8         -42     -4   24   6  149  -31   52  -12   52  -12  17  0  0 L3P E7
G17 FF 61054 000200  780 347 2484     +317536   +169         -54    +54   22  81  141  +17   35  -37   35  -37  16  0  0 L3P 2F
G19 FF 61054 000200  780 368 2770    -6854395     +5         -47    +23   29  27  135   +4   31  -11   31  -11  22  0  0 L3P 01
G28 FF 61054 000200  780 217  444    +6115995    -25         -24    +28   33  57  217  +28    9   -9    9   -9  28  0  0 L3P E7
G31 FF 61054 000200  780 315  780    +1727617    +18         -25    +39   24  50  154   -6   28  -25   28  -25  20  0  0 L3P FE
G01 FF 61054 001800  780 328 1478    -3441745    -16         -16    -53   28 176  149  +30   32  +60   32   60  21  0  0 L3P 2A
G03 FF 61054 001800  780 662  787    -5992119    +66         -28    -35   19  26   88   +5   23  +30   23   30  12  0  0 L3P F5
G04 FF 61054 001800  780 711 1792     -380087    -60         -39    -36   19 220   85   -4   33  +20   33   20  12  0  0 L3P ED
G06 FF 61054 001800  780 376 3058    +6021176    +44         -42     +6   28   7  133  -21   23   -4   23   -4  20  0  0 L3P CF
G09 FF 61054 001800  780 402 2160    -7702334     +7         -38    +11   31   6  125  -20   42   -8   42   -8  25  0  0 L3P CE
G17 FF 61054 001800  780 298 2420     +317648    +94         -53    -22   25  81  162  +27   44  +29   44   29  19  0  0 L3P 1B
G19 FF 61054 001800  780 348 2681    -6854426    -49         -61    -31   21  27  141  +10   41  +24   41   24  15  0  0 L3P 18
G28 FF 61054 001800  780 183  387    +6115942    -30         -26    +22   42  57  255  +53    8  -24    8  -24  31  0  0 L3P F8
G31 FF 61054 001800  780 320  695    +1727610    +48         -12    +68   28  50  152   +1   18  -58   18  -58  21  0  0 L3P 06
G01 FF 61054 003400  780 255 1497    -3441712    +78         -19    +41   21 176  187  +50   43  -28   43  -28  18  0  0 L3P 44
G03 FF 61054 003400  780 592  860    -5992027   +156         -33    +55   15  26   94   +7   29  -44   29  -44  12  0  0 L3P 17
G04 FF 61054 003400  780 775 1618     -380099    -14         -28    +10   16 220   83   -2   24   -9   24   -9  12  0  0 L3P DE
G06 FF 61054 003400  780 441 3028    +6021226    -17         -29    -55   29   7  116  -14   12  +41   12   41  23  0  0 L3P F2
G09 FF 61054 003400  780 478 2185    -7702338     -2         -38     +2   30   6  109  -14   35   -2   35   -2  21  0  0 L3P C9
G17 FF 61054 003400  780 243 2367     +317764   +169         -48    +53   34  81  195  +44   47  -19   47  -19  26  0  0 L3P 47
G19 FF 61054 003400  780 315 2600    -6854431    +24         -48    +42   32  27  154  +17   39  -26   39  -26  22  0  0 L3P 2B
G28 FF 61054 003400  780 140  339    +6115866    -53         -52     -1   42  57  328 +105   26   +2   26    2  34  0  0 L3P DF
G01 FF 61054 005000  780 184 1514    -3441686    +64         -27    +27   30 176  253  +94   58  +11   58   11  21  0  0 L3P 2A
G03 FF 61054 005000  780 523  921    -5991922   +104         -25     +3   21  26  102  +10   30   +1   30    1  15  0  0 L3P B6
G04 FF 61054 005000  780 803 1229     -380144     +0         -50    +24   20 220   82   +0   39  -19   39  -19  14  0  0 L3P D8
G06 FF 61054 005000  780 501 2975    +6021242    +52         -50    +13   20   7  105   -9   31   -6   31   -6  14  0  0 L3P C0
G09 FF 61054 005000  780 555 2212    -7702351    +15         -47    +20   27   6   98  -10   38  -18   38  -18  20  0  0 L3P 03
G11 FF 61054 005000  780 102 3159    +4751066   -242         -36   -109   39  28  451 -270   26  +60   26   60  27  0  0 L3P 4D
G17 FF 61054 005000  780 185 2321     +317872   +122         -52     +7   40  81  252  +79   58  -19   58  -19  30  0  0 L3P 1D
G19 FF 61054 005000  780 272 2529    -6854430    -22         -30     -4   23  27  176  +29   37   +9   37    9  19  0  0 L3P F7
G31 FF 61054 005000  780 286  538    +1727553    -37         -31    -16   30  50  168  +17   27   -1   27   -1  24  0  0 L3P ED
G01 FF 61054 010600  780 116 1529    -3441634   +169         -10   +133   42 176  396 +227   44 -131   44 -131  30  0  0 L3P 86
G03 FF 61054 010600  780 455  976    -5991822    +92         -23     -9   23  26  113  +14   31   +9   31    9  17  0  0 L3P DD
G04 FF 61054 010600  780 770  869     -380150    -12         -33    +11   15 220   83   +2   25   -8   25   -8  10  0  0 L3P BA
G06 FF 61054 010600  780 553 2891    +6021290    +30         -39     -8   21   7   98   -6   26  +15   26   15  15  0  0 L3P D5
G09 FF 61054 010600  780 632 2239    -7702345    +27         -36    +32   16   6   91   -6   29  -19   29  -19  11  0  0 L3P FF
G11 FF 61054 010600  780 164 3153    +4750954    +20         -20   +153   39  28  286 -107    5 -107    5 -107  26  0  0 L3P 45
G17 FF 61054 010600  780 126 2281     +318016   +104         -19    -12   51  81  364 +167   37  +44   37   44  38  0  0 L3P 2A
G19 FF 61054 010600  780 222 2468    -6854473     +6         -55    +24   35  27  212  +49   67  -10   67  -10  26  0  0 L3P 23
G31 FF 61054 010600  780 250  474    +1727550    -10         -13    +11   28  50  190  +29   12   -3   12   -3  21  0  0 L3P CC
G03 FF 61054 012200  780 388 1025    -5991726   +127         -24    +26   20  26  129  +19   38   -2   38   -2  16  0  0 L3P 19
G04 FF 61054 012200  780 706  721     -380182    -45         -42    -21   17 220   86   +4   33  +11   33   11  12  0  0 L3P C4
G06 FF 61054 012200  780 589 2772    +6021334    +35         -33     -4   22   7   94   -3   23   +0   23    0  15  0  0 L3P 9C
G07 FF 61054 012200  780 131 1780    +1349345    -46          -7    -98   35   8  355 -184   44  +64   44   64  26  0  0 L3P 21
G09 FF 61054 012200  780 711 2265    -7702346    -50         -33    -45   17   6   85   -4   25  +31   25   31  14  0  0 L3P DE
G11 FF 61054 012200  780 225 3137    +4750818   -215         -29    -82   33  28  211  -56   17  +68   17   68  20  0  0 L3P 34
G19 FF 61054 012200  780 167 2415    -6854458    +26         -23    +44   35  27  277  +91   45  -11   45  -11  26  0  0 L3P 35
G31 FF 61054 012200  780 206  422    +1727531    -51         -13    -31   34  50  228  +52   12  +25   12   25  29  0  0 L3P E8
G03 FF 61054 013800  780 322 1072    -5991629   +103         -24     +2   16  26  151  +28   47  +10   47   10  14  0  0 L3P 09
G04 FF 61054 013800  780 635  670     -380195     -8         -33    +16   28 220   90   +6   24  -15   24  -15  18  0  0 L3P E0
G06 FF 61054 013800  780 603 2623    +6021364    +37         -40     -1   18   7   93   +0   30   +4   30    4  13  0  0 L3P 92
G07 FF 61054 013800  780 201 1770    +1349382   +143         -20    +90   30   8  236  -82   50  -68   50  -68  25  0  0 L3P 29
G09 FF 61054 013800  780 789 2284    -7702347     +4         -29     +9   12   6   82   -2   20   -4   20   -4   8  0  0 L3P A4
G11 FF 61054 013800  780 284 3110    +4750664   -132         -54     +1   34  28  170  -33   33  +10   33   10  25  0  0 L3P FE
G26 FF 61054 013800  780 117  542    +3109098    -25          -7    -85   63  63  388  -46   17  +46   17   46  49  0  0 L3P 1C
G31 FF 61054 013800  780 155  382    +1727515     -1          -9    +20   38  50  299 +102    9  -19    9  -19  31  0  0 L3P E7
G03 FF 61054 015400  780 258 1115    -5991504   +167           4    +66   26  26  185  +44   39  -30   39  -30  18  0  0 L3P 29
G04 FF 61054 015400  780 563  657     -380217    -48         -31    -24   27 220   97   +8   22  +15   22   15  21  0  0 L3P E0
G06 FF 61054 015400  780 590 2472    +6021407    +69         -34    +30   27   7   94   +3   26  -14   26  -14  18  0  0 L3P F1
G07 FF 61054 015400  780 272 1760    +1349421    +86         -31    +34   24   8  177  -45   53  -48   53  -48  17  0  0 L3P 27
G09 FF 61054 015400  780 867 2233    -7702346    +15         -24    +20   12   6   81   -1   18  -17   18  -17   8  0  0 L3P E2
G11 FF 61054 015400  780 339 3068    +4750557   -131         -33     +2   31  28  145  -20   20  -16   20  -16  22  0  0 L3P 12
G21 FF 61054 015400  780 139 2916    -3797710    -27         -15    +53   35 195  334 -146   14  -25   14  -25  33  0  0 L3P 59
G26 FF 61054 015400  780 126  476    +3109151    +75         -12    +15   43  63  362  -11   18   -3   18   -3  33  0  0 L3P E6
G03 FF 61054 021000  780 194 1155    -5991407    +77           7    -25   35  28  241  +77   48  +32   48   32  27  0  0 L3P 0D
G04 FF 61054 021000  780 491  664     -380242     -5         -33    +19   25 221  107  +12   22  -15   22  -15  18  0  0 L3P E9
G06 FF 61054 021000  780 553 2344    +6021424    +16         -54    -23   18   7   98   +6   43  +19   43   19  13  0  0 L3P DF
G07 FF 61054 021000  780 345 1747    +1349478     +5         -25    -47   34   9  143  -28   41  +34   41   34  24  0  0 L3P FD
G09 FF 61054 021000  780 855  684    -7702344     +4         -18     +9   14  13   81   +1   17   -7   17   -7  11  0  0 L3P AA
G11 FF 61054 021000  780 387 3009    +4750430   -132         -32     +1   29  29  129  -13   13   +4   13    4  23  0  0 L3P DA
G21 FF 61054 021000  780 201 2941    -3797787    -99         -15    -20   32 196  234  -73   17   +6   17    6  26  0  0 L3P 1C
G26 FF 61054 021000  780 125  411    +3109213    +23         -12    -37   46  64  366  +20   16  +28   16   28  30  0  0 L3P EF
G03 FF 61054 022600  780 132 1193    -5991313   +121           3    +20   47  28  349 +161   64   -7   64   -7  39  0  0 L3P 0D
G04 FF 61054 022600  780 422  682     -380262    -32         -31     -8   21 221  120  +16   22  +10   22   10  16  0  0 L3P CA
G06 FF 61054 022600  780 499 2248    +6021480    +48         -35     +9   24   7  105  +10   34   -2   34   -2  16  0  0 L3P D9
G07 FF 61054 022600  780 418 1730    +1349529    +72         -24    +19   24   9  121  -18   39  -21   39  -21  17  0  0 L3P 1B
G09 FF 61054 022600  780 779  666    -7702372    -57         -41    -53   17  13   83   +2   30  +38   30   38  11  0  0 L3P F3
G11 FF 61054 022600  780 425 2932    +4750294    -83         -40    +50   25  29  120   -7   24  -49   24  -49  20  0  0 L3P 16
G16 FF 61054 022600  780 143  683    -1874023   -105         -22    -29   35  29  324  -61   22  +21   22   21  25  0  0 L3P 0D
G21 FF 61054 022600  780 266 2962    -3797868    -21         -20    +58   36 196  181  -43   23  -53   23  -53  27  0  0 L3P 57
G26 FF 61054 022600  780 112  348    +3109267    +64         -16     +3   40  64  403  +60   17   -9   17   -9  26  0  0 L3P DE
G30 FF 61054 022600  780 166 1936     -870605   -110         -24    +14   48  69  283 -118   49   +3   49    3  37  0  0 L3P 1B
G04 FF 61054 024200  780 354  706     -380291    -20         -37     +4   27 221  139  +23   30   +4   30    4  22  0  0 L3P B7
G06 FF 61054 024200  780 436 2180    +6021509    +38         -43     +0   30   7  117  +15   47   +9   47    9  21  0  0 L3P C8
G07 FF 61054 024200  780 492 1704    +1349571    +53         -33     +1   28   9  107  -12   37   -2   37   -2  21  0  0 L3P D6
G09 FF 61054 024200  780 704  692    -7702368    -18         -33    -13   20  13   86   +4   26   +7   26    7  14  0  0 L3P C7
G11 FF 61054 024200  780 448 2839    +4750166   -183         -40    -50   29  29  115   -3   26  +42   26   42  21  0  0 L3P 1C
G16 FF 61054 024200  780 165  615    -1874093    -69         -19     +7   37  29  282  -29   13   +5   13    5  30  0  0 L3P E3
G21 FF 61054 024200  780 332 2976    -3797946    -82         -22     -2   29 196  148  -27   21   +4   21    4  22  0  0 L3P 08
G30 FF 61054 024200  780 236 1938     -870734   -115         -34     +9   31  69  202  -59   49   -4   49   -4  23  0  0 L3P 05
G04 FF 61054 025800  780 288  735     -380301    -49         -23    -25   42 221  167  +35   25  +33   25   33  30  0  0 L3P 05
G05 FF 61054 025800  780 110 3049    +2272391    +57          -5    +50   39  51  422 -241   14  -37   14  -37  28  0  0 L3P 25
G06 FF 61054 025800  780 367 2130    +6021552    +63         -37    +24   25   7  135  +23   49  -10   49  -10  18  0  0 L3P 0E
G07 FF 61054 025800  780 563 1661    +1349632     +9         -22    -43   20   9   97   -8   25  +33   25   33  15  0  0 L3P DE
G09 FF 61054 025800  780 630  726    -7702384    -13         -44     -8   20  13   91   +6   36   +8   36    8  14  0  0 L3P BB
G11 FF 61054 025800  780 454 2735    +4750048   -128         -31     +5   21  29  113   +1   20   -5   20   -5  15  0  0 L3P DD
G16 FF 61054 025800  780 176  544    -1874155    -92          -8    -16   46  29  264   -9    3   +8    3    8  31  0  0 L3P BB
G21 FF 61054 025800  780 400 2982    -3798014   -119         -13    -39   24 196  126  -19   10  +28   10   28  17  0  0 L3P 4A
G30 FF 61054 025800  780 309 1942     -870844   -134         -26    -10   25  69  158  -35   38   +3   38    3  18  0  0 L3P 0C
G04 FF 61054 031400  780 225  767     -380321     +4         -20    +28   40 221  210  +57   24  -22   24  -22  29  0  0 L3P E7
G05 FF 61054 031400  780 174 3063    +2272411    +51           9    +44   31  51  270 -101   11  -30   11  -30  22  0  0 L3P EB
G06 FF 61054 031400  780 297 2093    +6021608     +0         -19    -39   36   7  162  +36   46  +43   46   43  25  0  0 L3P FD
G07 FF 61054 031400  780 630 1589    +1349664    +70         -40    +18   20   9   91   -5   38   -8   38   -8  14  0  0 L3P DF
G09 FF 61054 031400  780 559  763    -7702367     +9         -23    +13   19  13   97   +8   21   +0   21    0  16  0  0 L3P B0
G11 FF 61054 031400  780 441 2632    +4749931   -109         -20    +24   21  29  116   +5   10  -17   10  -17  15  0  0 L3P 10
G16 FF 61054 031400  780 176  472    -1874235    -92         -15    -16   37  29  264   +9    5   +3    5    3  28  0  0 L3P BF
G21 FF 61054 031400  780 469 2976    -3798110   -101         -33    -21   22 196  111  -13   24  +12   24   12  15  0  0 L3P 2E
G30 FF 61054 031400  780 383 1944     -870974   -169         -36    -45   21  69  131  -23   37  +18   37   18  16  0  0 L3P 36
G04 FF 61054 033000  780 163  800     -380351     +9         -28    +33   48 221  284 +103   34  -18   34  -18  36  0  0 L3P 0B
G05 FF 61054 033000  780 240 3069    +2272386    -44         -22    -51   48  51  199  -54   26  +43   26   43  34  0  0 L3P 21
G06 FF 61054 033000  780 227 2064    +6021642    +27         -22    -11   22   7  208  +62   54  +10   54   10  18  0  0 L3P E8
G07 FF 61054 033000  780 685 1465    +1349721    +70         -33    +17   18   9   87   -3   25   -3   25   -3  12  0  0 L3P D1
G09 FF 61054 033000  780 489  802    -7702374    -14         -26     -9   23  13  107  +12   25  +10   25   10  17  0  0 L3P E9
G11 FF 61054 033000  780 411 2537    +4749793   -122         -30    +11   31  29  123   +9   19   -7   19   -7  23  0  0 L3P FF
G16 FF 61054 033000  780 164  404    -1874297    -49          -4    +27   35  29  283  +31   -9   +1   -9    1  28  0  0 L3P D5
G21 FF 61054 033000  780 537 2952    -3798193    -62         -39    +17   23 196  100   -9   22  -21   22  -21  15  0  0 L3P 2B
G30 FF 61054 033000  780 458 1944     -871092   -104         -36    +20   29  69  113  -15   34  -22   34  -22  24  0  0 L3P 22
G05 FF 61054 034600  780 307 3066    +2272383    +37         -32    +30   25  51  158  -33   31  -30   31  -30  17  0  0 L3P 15
G06 FF 61054 034600  780 158 2039    +6021691   +109         -10    +71   47   7  293 +124   51  -48   51  -48  40  0  0 L3P 3E
G07 FF 61054 034600  780 719 1269    +1349761    +22         -43    -30   17   9   85   -1   34  +22   34   22  12  0  0 L3P E5
G09 FF 61054 034600  780 421  842    -7702375    -22         -23    -18   26  13  120  +16   29  +19   29   19  20  0  0 L3P 09
G11 FF 61054 034600  780 368 2457    +4749650   -107         -46    +26   34  29  134  +15   36  -13   36  -13  25  0  0 L3P 46
G16 FF 61054 034600  780 140  341    -1874408   -119         -41    -43   48  29  328  +66   24  +25   24   25  32  0  0 L3P 22
G21 FF 61054 034600  780 603 2898    -3798279    -80         -50     +0   22 196   93   -6   33   -2   33   -2  15  0  0 L3P F4
G30 FF 61054 034600  780 534 1938     -871220   -107         -44    +17   22  69  101  -10   40   -9   40   -9  16  0  0 L3P FE
G05 FF 61054 040200  780 374 3051    +2272385    -46         -36    -53   26  51  133  -21   28  +34   28   34  17  0  0 L3P 17
G07 FF 61054 040200  780 719 1034    +1349824    +86         -31    +34   16   9   85   +1   25  -22   25  -22  11  0  0 L3P E8
G09 FF 61054 040200  780 355  881    -7702380     -9         -23     -4   23  13  139  +23   31   +3   31    3  18  0  0 L3P B7
G11 FF 61054 040200  780 317 2390    +4749536   -172         -30    -39   37  30  153  +25   31  +29   31   29  26  0  0 L3P 2C
G13 FF 61054 040200  780 152 2650    -6897194    -22         -39    -32   31 103  307 -123   35  +25   35   25  24  0  0 L3P 39
G16 FF 61054 040200  780 107  286    -1874466   -105         -26    -29   41  29  424 +144   16  +33   16   33  30  0  0 L3P 2D
G21 FF 61054 040200  780 660 2795    -3798353    -79         -47     +1   18 197   88   -4   32   +7   32    7  12  0  0 L3P F2
G30 FF 61054 040200  780 611 1920     -871334   -101         -42    +23   19  80   92   -7   35  -17   35  -17  14  0  0 L3P F7
G05 FF 61054 041800  780 440 3019    +2272403    +12         -25     +6   27  51  116  -14   19   -8   19   -8  22  0  0 L3P E5
G07 FF 61054 041800  780 686  848    +1349883    +61         -22     +8   16   9   87   +3   19   +3   19    3  12  0  0 L3P B7
G09 FF 61054 041800  780 290  921    -7702379    -17         -18    -12   23  13  166  +34   34  +18   34   18  17  0  0 L3P 14
G11 FF 61054 041800  780 259 2335    +4749407   -119         -32    +14   44  30  184  +40   41   +0   41    0  34  0  0 L3P F8
G13 FF 61054 041800  780 214 2689    -6897173     +0         -29    -10   32 103  222  -64   20  +13   20   13  25  0  0 L3P 0D
G21 FF 61054 041800  780 699 2621    -3798418    -73         -35     +6   18 197   86   -1   24   +5   24    5  13  0  0 L3P F1
G30 FF 61054 041800  780 685 1874     -871449   -111         -38    +12   18  80   87   -5   31   -7   31   -7  13  0  0 L3P F2
G05 FF 61054 043400  780 501 2963    +2272392     -6         -43    -13   29  51  105   -9   34   +2   34    2  19  0  0 L3P CD
G07 FF 61054 043400  780 633  736    +1349928   +113         -27    +61   23   9   90   +5   20  -40   20  -40  16  0  0 L3P EA
G09 FF 61054 043400  780 228  961    -7702383    -27         -17    -22   24  13  207  +55   36  +20   36   20  17  0  0 L3P 09
G11 FF 61054 043400  780 199 2288    +4749290   -113         -21    +20   40  30  235  +70   35  -21   35  -21  34  0  0 L3P 2C
G13 FF 61054 043400  780 277 2729    -6897188    -15         -53    -25   35 103  174  -39   36  +32   36   32  26  0  0 L3P 4C
G14 FF 61054 043400  780 150 1606    -7286476    -10          22    +13   40 191  311 -135   31  -12   31  -12  30  0  0 L3P 1F
G21 FF 61054 043400  780 705 2393    -3798507    -55         -48    +24   27 197   86   +1   38  -14   38  -14  17  0  0 L3P 37
G30 FF 61054 043400  780 752 1759     -871549    -87         -20    +37   18  80   84   -2   16  -26   16  -26  13  0  0 L3P 0A
G05 FF 61054 045000  780 553 2876    +2272403    +50         -38    +43   23  51   98   -6   33  -27   33  -27  17  0  0 L3P 0B
G07 FF 61054 045000  780 571  678    +1349976    +65         -29    +12   20   9   96   +7   21   -4   21   -4  13  0  0 L3P C9
G09 FF 61054 045000  780 166  999    -7702381    -68         -11    -64   42  13  279 +100   45  +60   45   60  29  0  0 L3P 31
G11 FF 61054 045000  780 138 2248    +4749164   -143         -19    -10   34  30  333 +144   42  +33   42   33  27  0  0 L3P 33
G13 FF 61054 045000  780 342 2768    -6897174    +13         -49     +3   32 103  144  -25   26   -9   26   -9  22  0  0 L3P 12
G14 FF 61054 045000  780 217 1582    -7286528    -70          -7    -46   52 191  219  -67   48   +6   48    6  36  0  0 L3P 1B
G21 FF 61054 045000  780 674 2190    -3798577    -85         -42     -5   18 197   88   +3   34  +16   34   16  13  0  0 L3P 17
G30 FF 61054 045000  780 798 1476     -871673   -168         -24    -44   19  80   82   -1   20  +30   20   30  12  0  0 L3P FA
G05 FF 61054 051800  780 599 2641    +2272425    +31         -28    +25   24  51   93   -1   31  -10   31  -10  17  0  0 L3P F5
G07 FF 61054 051800  780 456  646    +1350069    +59         -24     +7   21   9  113  +13   14   -6   14   -6  15  0  0 L3P CC
G13 FF 61054 051800  780 461 2836    -6897154    -16         -46    -26   19 103  112  -14   20  +15   20   15  14  0  0 L3P 2A
G14 FF 61054 051800  780 335 1529    -7286595    -29         -34     -5   30 191  146  -27   52   -1   52   -1  24  0  0 L3P 14
G15 FF 61054 051800  780 166 2920    -3764689     -7          15    +29   40  24  282 -108   -1  -30   -1  -30  33  0  0 L3P 15
G18 FF 61054 051800  780 126 3295    +4514853   -179           9    -82   41 235  364  -60    3  +51    3   51  27  0  0 L3P 10
G21 FF 61054 051800  780 568 1994    -3798695    -70         -26    +10   25 197   96   +8   25   -3   25   -3  18  0  0 L3P 1E
G22 FF 61054 051800  780 199 1640     +590040    -53         -16    -10   37  80  238  -84   54   -3   54   -3  24  0  0 L3P F5
G30 FF 61054 051800  780 756  870     -871870   -133         -14     -9   16  80   83   +2   17   +9   17    9  10  0  0 L3P C0
G05 FF 61054 053400  780 590 2487    +2272436     +4         -23     -3   24  51   94   +2   25   +2   25    2  15  0  0 L3P A4
G07 FF 61054 053400  780 390  649    +1350108    +90         -35    +38   26   9  128  +19   26  -25   26  -25  18  0  0 L3P 11
G08 FF 61054 053400  780 105  495    -5044722    +67         -15    +24   45  51  429  -57   24  -16   24  -16  35  0  0 L3P 21
G13 FF 61054 053400  780 532 2872    -6897152    +23         -53    +13   21 103  101  -10   23  -13   23  -13  16  0  0 L3P 1F
G14 FF 61054 053400  780 403 1488    -7286593    -17          -8     +7   20 191  125  -18   29  -13   29  -13  17  0  0 L3P 2A
G15 FF 61054 053400  780 231 2941    -3764740    -36          -2     -1   34  24  206  -58   14   -3   14   -3  25  0  0 L3P D8
G18 FF 61054 053400  780 141 3232    +4514755    -66           5    +32   31 235  325  -23    5  -14    5  -14  24  0  0 L3P EC
G21 FF 61054 053400  780 496 1940    -3798770    -90         -25    -11   35 197  106  +12   30  +10   30   10  25  0  0 L3P 28
G22 FF 61054 053400  780 270 1616     +589991   -109         -24    -66   27  80  178  -46   49  +51   49   51  21  0  0 L3P 3B
G30 FF 61054 053400  780 691  759     -871988   -100         -12    +24   25  80   86   +4   14  -13   14  -13  19  0  0 L3P FC
G05 FF 61054 055000  780 556 2354    +2272419    -33         -47    -40   23  51   98   +5   41  +25   41   25  15  0  0 L3P F5
G07 FF 61054 055000  780 325  661    +1350176    +60         -17     +8   26   9  150  +27   15   -3   15   -3  21  0  0 L3P BE
G08 FF 61054 055000  780 115  430    -5044694     -7         -28    -50   41  51  397  -14   33  +34   33   34  30  0  0 L3P F3
G13 FF 61054 055000  780 605 2906    -6897143    +10         -55     +0   19 103   93   -7   24   +4   24    4  13  0  0 L3P CD
G14 FF 61054 055000  780 467 1432    -7286634    -23         -27     +1   27 191  111  -12   37   -4   37   -4  21  0  0 L3P 00
G15 FF 61054 055000  780 299 2956    -3764779    -33          -7     +3   23  24  162  -35   14   +2   14    2  18  0  0 L3P E3
G18 FF 61054 055000  780 146 3166    +4514628    -71         -29    +27   34 235  315   +2   28  -23   28  -23  24  0  0 L3P 2E
G21 FF 61054 055000  780 421 1907    -3798843    -85         -21     -5   24 197  120  +18   37   +9   37    9  22  0  0 L3P 0C
G22 FF 61054 055000  780 342 1588     +589942    -80         -31    -37   28  80  144  -28   51  +28   51   28  19  0  0 L3P 22
G30 FF 61054 055000  780 622  721     -872115   -107         -20    +17   19  80   91   +6   22  -10   22  -10  14  0  0 L3P D4
G05 FF 61054 060600  780 504 2253    +2272433     +8         -34     +1   17  53  105   +9   38   -7   38   -7  13  0  0 L3P C8
G07 FF 61054 060600  780 262  680    +1350197   +100         -43    +48   26  19  182  +42   43   -9   43   -9  21  0  0 L3P 03
G08 FF 61054 060600  780 113  364    -5044643    +22         -15    -21   35  52  401  +23   24   +8   24    8  26  0  0 L3P D3
G13 FF 61054 060600  780 680 2934    -6897121    +29         -44    +19   18 104   87   -5   15  -14   15  -14  11  0  0 L3P 21
G14 FF 61054 060600  780 524 1355    -7286657    -41         -26    -18   26 192  102   -8   29  +14   29   14  18  0  0 L3P 2E
G15 FF 61054 060600  780 368 2964    -3764811    +13          -8    +48   24  62  135  -23   11  -28   11  -28  18  0  0 L3P 23
G18 FF 61054 060600  780 139 3099    +4514535   -132         -28    -34   35 236  329  +28   25  +34   25   34  24  0  0 L3P 4F
G21 FF 61054 060600  780 345 1885    -3798935   -139         -42    -59   26 198  142  +28   53  +52   53   52  20  0  0 L3P 64
G22 FF 61054 060600  780 415 1551     +589889    -51         -47     -8   26  81  122  -18   58   +1   58    1  19  0  0 L3P EE
G30 FF 61054 060600  780 552  715     -872240   -136         -34    -12   19  81   98   +9   30  +19   30   19  13  0  0 L3P E9
G05 FF 61054 062200  780 441 2180    +2272444    +13         -29     +6   20  53  116  +14   44  +12   44   12  16  0  0 L3P EA
G07 FF 61054 062200  780 200  704    +1350266    +84         -24    +31   33  19  234  +70   53  -10   53  -10  27  0  0 L3P FA
G08 FF 61054 062200  780 101  302    -5044613     -8         -26    -51   42  52  446  +73   32  +49   32   49  32  0  0 L3P EF
G13 FF 61054 062200  780 757 2949    -6897100    -25         -32    -35   16 104   83   -3    9  +29    9   29  11  0  0 L3P FD
G14 FF 61054 062200  780 570 1249    -7286684    +21         -30    +45   24 192   96   -4   30  -27   30  -27  17  0  0 L3P 20
G15 FF 61054 062200  780 439 2960    -3764862    -35         -25     +0   20  62  117  -16   28   +0   28    0  16  0  0 L3P E4
G18 FF 61054 062200  780 122 3033    +4514476    -61           6    +37   43 236  373  +66    0  -44    0  -44  31  0  0 L3P EF
G21 FF 61054 062200  780 271 1869    -3798991    -25         -21    +55   31 198  176  +45   53  -29   53  -29  23  0  0 L3P 61
G22 FF 61054 062200  780 484 1499     +589849    -77         -45    -34   23  81  108  -12   50  +21   50   21  16  0  0 L3P 1A
G23 FF 61054 062200  780 102 3279    -5991965    +99          -7   +149   42 227  450 -245    4 -109    4 -109  36  0  0 L3P 6C
G30 FF 61054 062200  780 483  724     -872356   -122         -31     +2   21  81  108  +12   33   +4   33    4  13  0  0 L3P BC
G05 FF 61054 063800  780 374 2128    +2272463    +55         -17    +48   29  53  133  +22   50  -19   50  -19  22  0  0 L3P 2D
G07 FF 61054 063800  780 139  731    +1350299    +71         -41    +19   56  19  331 +140   97  +32   97   32  38  0  0 L3P 2F
G13 FF 61054 063800  780 834 2903    -6897102    +37         -44    +27   21 104   81   -1   19  -14   19  -14  14  0  0 L3P 1B
G14 FF 61054 063800  780 598 1114    -7286711    -52         -35    -28   28 192   94   -2   37  +26   37   26  20  0  0 L3P 24
G15 FF 61054 063800  780 511 2940    -3764894    -81         -23    -46   22  62  104  -11   21  +31   21   31  16  0  0 L3P 13
G21 FF 61054 063800  780 199 1857    -3799089   -169         -43    -90   37 198  236  +83   92  +96   92   96  27  0  0 L3P 93
G22 FF 61054 063800  780 548 1424     +589798    -56         -54    -12   21  81   99   -8   55  +12   55   12  15  0  0 L3P 07
G23 FF 61054 063800  780 157 3250    -5992039    -81         -33    -31   31 227  297 -100   19   +1   19    1  24  0  0 L3P 20
G24 FF 61054 063800  780 118 2586    +1636003   -253         -28   -103   28   8  391 -200   54  +75   54   75  21  0  0 L3P 4A
G30 FF 61054 063800  780 415  743     -872461   -134         -17    -10   19  81  122  +17   32  +20   32   20  13  0  0 L3P F6
G05 FF 61054 065400  780 303 2090    +2272456    -32         -31    -39   39  53  159  +34   75  +57   75   57  29  0  0 L3P 34
G13 FF 61054 065400  780 876 1758    -6897069    +24         -21    +14   13 104   81   +0    9   -7    9   -7  10  0  0 L3P E1
G14 FF 61054 065400  780 601  965    -7286724    -69         -24    -45   20 192   93   +1   37  +41   37   41  14  0  0 L3P 0A
G15 FF 61054 065400  780 580 2893    -3764939    -32         -34     +3   17  62   95   -7   29   +2   29    2  12  0  0 L3P DD
G21 FF 61054 065400  780 129 1845    -3799140    -18         -18    +62   34 198  357 +186  116  -11  116  -11  25  0  0 L3P 85
G22 FF 61054 065400  780 600 1314     +589768    -89         -43    -46   19  81   93   -4   50  +38   50   38  13  0  0 L3P 01
G23 FF 61054 065400  780 207 3210    -5992089    -74         -34    -24   33 227  228  -51   13  +22   13   22  25  0  0 L3P 2C
G24 FF 61054 065400  780 180 2621    +1635858   -181         -28    -30   41   8  261  -90   45   +7   45    7  33  0  0 L3P 04
G30 FF 61054 065400  780 349  767     -872587   -177         -24    -53   27  81  141  +24   55  +48   55   48  22  0  0 L3P 31
G05 FF 61054 071000  780 233 2059    +2272463    +45         -30    +38   34  53  203  +58   97  -12   97  -12  26  0  0 L3P 29
G13 FF 61054 071000  780 802 1427    -6897087    +51         -48    +41   14 104   82   +2   33  -14   33  -14   9  0  0 L3P 03
G14 FF 61054 071000  780 579  829    -7286752    -27         -29     -3   25 192   95   +3   47   +3   47    3  18  0  0 L3P E5
G15 FF 61054 071000  780 642 2801    -3764978    -28         -39     +7   13  62   90   -4   38   -4   38   -4   9  0  0 L3P D8
G17 FF 61054 071000  780 144 1206     +320556   +121          -1     +5   37  10  322 -125  152   -1  152   -1  31  0  0 L3P E7
G22 FF 61054 071000  780 633 1166     +589722    -58         -48    -15   21  81   90   -2   59  +14   59   14  14  0  0 L3P F3
G23 FF 61054 071000  780 251 3158    -5992126    -71         -23    -21   38 227  190  -29   15  +21   15   21  28  0  0 L3P 2C
G24 FF 61054 071000  780 244 2657    +1635718   -161         -24    -10   40   8  196  -50   47  +30   47   30  29  0  0 L3P 1D
G30 FF 61054 071000  780 284  796     -872710   -106         -28    +18   27  81  169  +36   80  +20   80   20  22  0  0 L3P 0E
G05 FF 61054 072600  780 165 2034    +2272503    -29           3    -36   32  53  282 +114   99  +60   99   60  24  0  0 L3P 16
G13 FF 61054 072600  780 722 1415    -6897083    -45         -54    -55   29 104   85   +4   44  +52   44   52  19  0  0 L3P 22
G14 FF 61054 072600  780 538  725    -7286787    -58         -41    -35   21 192  100   +6   63  +30   63   30  14  0  0 L3P 17
G15 FF 61054 072600  780 687 2642    -3765018    -15         -46    +20   20  62   87   -2   48   -7   48   -7  14  0  0 L3P F8
G17 FF 61054 072600  780 200 1157     +320638   +108         -31     -8   27  10  236  -63  149   +7  149    7  21  0  0 L3P 06
G22 FF 61054 072600  780 639  995     +589694    -45         -34     -2   21  81   90   +1   52   +5   52    5  15  0  0 L3P B4
G23 FF 61054 072600  780 285 3095    -5992189    +16         -39    +66   27 227  169  -16   38  -35   38  -35  19  0  0 L3P 71
G24 FF 61054 072600  780 310 2692    +1635581   -175         -17    -25   38   8  157  -32   46  +22   46   22  28  0  0 L3P 2B
G30 FF 61054 072600  780 222  826     -872832    -72         -31    +52   39  81  213  +58  113   +5  113    5  33  0  0 L3P F5
G13 FF 61054 074200  780 642 1429    -6897098    -32         -80    -42   19 104   90   +6   72  +46   72   46  13  0  0 L3P 22
G14 FF 61054 074200  780 484  653    -7286809     -1         -41    +23   32 192  108  +10   68   -8   68   -8  21  0  0 L3P 05
G15 FF 61054 074200  780 701 2419    -3765058    -19         -52    +16   19  62   86   +0   60   -4   60   -4  12  0  0 L3P E4
G17 FF 61054 074200  780 252 1101     +320756   +155         -24    +39   21  10  189  -36  121  -67  121  -67  18  0  0 L3P 45
G19 FF 61054 074200  780 145 1328    -6854891    -40         -43    -21   38  30  321 -130  208  -27  208  -27  29  0  0 L3P 6B
G22 FF 61054 074200  780 616  840     +589646    -81         -40    -38   23  81   92   +3   60  +37   60   37  15  0  0 L3P E3
G23 FF 61054 074200  780 307 3020    -5992237    -16         -38    +34   31 227  158   -8   44  -11   44  -11  22  0  0 L3P 26
G24 FF 61054 074200  780 378 2727    +1635413   -119         -41    +31   27   8  132  -21   63  -31   63  -31  19  0  0 L3P 28
G30 FF 61054 074200  780 160  859     -872942   -213         -22    -89   36  81  289 +106  156 +125  156  125  30  0  0 L3P 7A
G10 FF 61054 075800  780 132 3312    +5824015    +11         -18    -16   38 101  349 -110   50  +25   50   25  31  0  0 L3P 23
G13 FF 61054 075800  780 563 1450    -6897088     -2         -79    -13   21 104   97   +9   84  +34   84   34  14  0  0 L3P 1B
G14 FF 61054 075800  780 424  609    -7286819    -81         -28    -58   28 192  120  +15   72  +49   72   49  22  0  0 L3P 45
G15 FF 61054 075800  780 677 2206    -3765073    -42         -33     -6   22  62   87   +3   57  +24   57   24  15  0  0 L3P FC
G17 FF 61054 075800  780 299 1037     +320865   +103         -26    -13   23  10  162  -22  112  -26  112  -26  18  0  0 L3P 3F
G19 FF 61054 075800  780 204 1288    -6854875    -59         -10    -41   36  30  232  -66  149  -57  149  -57  28  0  0 L3P 7F
G22 FF 61054 075800  780 573  727     +589592    +10         -53    +54   18  81   96   +6   75  -30   75  -30  12  0  0 L3P FB
G23 FF 61054 075800  780 316 2939    -5992267     +5         -21    +55   28 227  154   -1   42  -43   42  -43  21  0  0 L3P 29
G24 FF 61054 075800  780 447 2761    +1635289   -195         -21    -45   28   8  115  -15   54  +44   54   44  19  0  0 L3P 3C
G10 FF 61054 081400  780 170 3262    +5824034    +43         -30    +16   42 102  274  -54   65  -10   65  -10  28  0  0 L3P 25
G12 FF 61054 081400  780 159 2163    +6065153    -24         -44    -29   35  25  295 -126  163   +7  163    7  28  0  0 L3P 3D
G13 FF 61054 081400  780 485 1472    -6897088    +12         -85     +2   14 105  108  +13  106  +22  106   22   9  0  0 L3P 2E
G14 FF 61054 081400  780 359  585    -7286838    +22         -23    +46   32 193  137  +22   81  -17   81  -17  22  0  0 L3P 3F
G15 FF 61054 081400  780 625 2059    -3765117    -25         -46    +10   29  67   91   +5   69  +11   69   11  23  0  0 L3P 07
G17 FF 61054 081400  780 337  963     +320984   +155         -23    +39   31  12  145  -13  105  -50  105  -50  24  0  0 L3P 31
G19 FF 61054 081400  780 261 1241    -6854926    -22         -44     -4   22  31  183  -38  143  -25  143  -25  18  0  0 L3P 42
G22 FF 61054 081400  780 517  654     +589558    -46         -45     -3   19  82  103   +9   75   +4   75    4  14  0  0 L3P CA
G23 FF 61054 081400  780 309 2855    -5992323    +32         -26    +82   34 228  157   +6   59  -45   59  -45  26  0  0 L3P 4C
G24 FF 61054 081400  780 520 2793    +1635132   -208         -39    -58   23  16  103  -11   62  +53   62   53  15  0  0 L3P 2A
G10 FF 61054 083000  780 199 3202    +5824066    +36         -24     +9   32 102  236  -28   72   +9   72    9  24  0  0 L3P FB
G12 FF 61054 083000  780 227 2185    +6065140    -12         -62    -16   37  25  209  -63  162   +4  162    4  29  0  0 L3P 16
G13 FF 61054 083000  780 408 1493    -6897066    -19         -73    -29   23 105  123  +20  126  +46  126   46  17  0  0 L3P 61
G14 FF 61054 083000  780 294  575    -7286866    -25         -29     -1   39 193  164  +34   94  +43   94   43  29  0  0 L3P 37
G15 FF 61054 083000  780 558 1971    -3765155    -48         -50    -12   22  67   98   +8   87  +31   87   31  17  0  0 L3P 1C
G17 FF 61054 083000  780 364  880     +321095   +136         -24    +20   21  12  136   -7   95  -48   95  -48  16  0  0 L3P 0E
G19 FF 61054 083000  780 316 1187    -6854947    -14         -47     +4   24  31  154  -24  130   +1  130    1  19  0  0 L3P 08
G22 FF 61054 083000  780 456  612     +589526    -25         -35    +18   28  82  113  +13   77  +18   77   18  19  0  0 L3P 0E
G23 FF 61054 083000  780 289 2775    -5992392    -38         -47    +12   29 228  166  +14   88   +6   88    6  21  0  0 L3P 39
G24 FF 61054 083000  780 594 2821    +1634992   -167         -35    -17   19  16   94   -8   69  +15   69   15  12  0  0 L3P 2E
G10 FF 61054 084600  780 217 3136    +5824094    +74         -22    +47   35 102  217  -12   79  -29   79  -29  28  0  0 L3P 52
G12 FF 61054 084600  780 298 2210    +6065143     +9         -63     +5   33  25  163  -37  148   -3  148   -3  26  0  0 L3P 0C
G13 FF 61054 084600  780 333 1514    -6897051    +45         -68    +35   24 105  147  +30  146   +7  146    7  16  0  0 L3P 3A
G14 FF 61054 084600  780 229  575    -7286902    -26         -42     -2   37 193  206  +56  135  +30  135   30  28  0  0 L3P 3E
G15 FF 61054 084600  780 485 1918    -3765201    -91         -62    -56   26  67  108  +13  114  +66  114   66  23  0  0 L3P 57
G17 FF 61054 084600  780 377  792     +321193    +99         -37    -17   23  12  132   -2   98  +17   98   17  18  0  0 L3P 08
G19 FF 61054 084600  780 365 1120    -6854950    -12         -33     +6   20  31  136  -15  106  -57  106  -57  16  0  0 L3P 3F
G22 FF 61054 084600  780 391  590     +589484    -13         -36    +30   32  82  128  +18   91  -14   91  -14  23  0  0 L3P 13
G23 FF 61054 084600  780 257 2700    -5992430    -70         -37    -20   39 228  185  +26  102  +34  102   34  30  0  0 L3P 51
G24 FF 61054 084600  780 669 2840    +1634851   -144         -32     +6   20  16   88   -5   65   +1   65    1  14  0  0 L3P DF
G10 FF 61054 090200  780 223 3065    +5824102     +1         -40    -26   32 102  211   +0   99  +29   99   29  23  0  0 L3P F6
G12 FF 61054 090200  780 370 2238    +6065135     +7         -75     +2   42  25  134  -24  138  -20  138  -20  28  0  0 L3P 1D
G13 FF 61054 090200  780 260 1532    -6897042    +72         -69    +61   33 105  184  +49  195   +9  195    9  25  0  0 L3P 49
G14 FF 61054 090200  780 165  583    -7286890    +78          -6   +102   42 193  281 +106  131  -45  131  -45  34  0  0 L3P 6A
G15 FF 61054 090200  780 410 1886    -3765224    -49         -51    -14   28  67  123  +19  123  +25  123   25  23  0  0 L3P 43
G17 FF 61054 090200  780 375  704     +321307    +51         -34    -65   30  12  132   +3   99  +48   99   48  23  0  0 L3P EC
G19 FF 61054 090200  780 405 1041    -6854988     -1         -54    +17   29  31  124   -9  114   -9  114   -9  19  0  0 L3P 17
G22 FF 61054 090200  780 327  584     +589447    -62         -32    -19   35  82  149  +27  100  +36  100   36  29  0  0 L3P 29
G23 FF 61054 090200  780 215 2634    -5992482     +6         -40    +56   42 228  218  +45  117  -40  117  -40  31  0  0 L3P 4D
G24 FF 61054 090200  780 746 2840    +1634707   -146         -32     +4   16  16   84   -3   70   +3   70    3  12  0  0 L3P CD
G10 FF 61054 091800  780 217 2992    +5824146    +25         -22     -2   42 102  217  +12   95   +4   95    4  32  0  0 L3P F4
G12 FF 61054 091800  780 444 2269    +6065161     +6         -54     +1   22  25  116  -16  117  -18  117  -18  16  0  0 L3P 28
G13 FF 61054 091800  780 189 1549    -6897042     +1         -79     -9   33 105  248  +90  238  +32  238   32  26  0  0 L3P 51
G15 FF 61054 091800  780 336 1865    -3765230    -31         -24     +5   32  67  146  +29  115  +20  115   20  28  0  0 L3P 2E
G17 FF 61054 091800  780 357  621     +321407   +114         -46     -2   30  12  138   +8  104   +6  104    6  20  0  0 L3P CE
G19 FF 61054 091800  780 432  948    -6855004     -5         -52    +14   35  31  118   -4  111   -7  111   -7  26  0  0 L3P F7
G22 FF 61054 091800  780 263  587     +589404    -43         -33     +0   23  82  181  +42  113  +20  113   20  17  0  0 L3P FC
G23 FF 61054 091800  780 167 2576    -5992482     -3           8    +47   30 228  277  +82  111   +2  111    2  21  0  0 L3P 08
G24 FF 61054 091800  780 822 2760    +1634571   -139         -24    +11   16  16   82   -1   67   -6   67   -6  11  0  0 L3P FC
G10 FF 61054 093400  780 198 2921    +5824161    -55         -33    -83   36 102  236  +28  117  +95  117   95  25  0  0 L3P 66
G12 FF 61054 093400  780 519 2302    +6065172     +1         -47     -3   18  25  103  -11  105  -17  105  -17  13  0  0 L3P 11
G13 FF 61054 093400  780 120 1563    -6897000    +63         -46    +53   36 105  383 +212  259  -46  259  -46  26  0  0 L3P 83
G15 FF 61054 093400  780 263 1849    -3765289    -35         -48     +0   26  67  182  +47  149  +18  149   18  22  0  0 L3P 59
G17 FF 61054 093400  780 327  550     +321519    +41         -45    -75   24  12  149  +15  115  +56  115   56  17  0  0 L3P 1D
G19 FF 61054 093400  780 443  848    -6855009    +10         -39    +28   24  31  116   -1   96  -32   96  -32  19  0  0 L3P 1E
G22 FF 61054 093400  780 200  599     +589402    -15           7    +28   37  82  234  +70  113  +18  113   18  32  0  0 L3P FF
G23 FF 61054 093400  780 115 2524    -5992576   -111         -38    -61   39 228  396 +180  173 +101  173  101  27  0  0 L3P AA
G24 FF 61054 093400  780 868 1972    +1634432   -113         -19    +37   17  16   81   +0   68  -24   68  -24  13  0  0 L3P 29
G25 FF 61054 093400  780 134 2404    -4500689    -39         -13    -63   41  29  347 -163  163  +29  163   29  31  0  0 L3P 65
G32 FF 61054 093400  780 154 3195    +1637320   -104         -25    +67   38  40  303 -114  108  -46  108  -46  26  0  0 L3P 71
G10 FF 61054 095000  780 169 2854    +5824214    -29          -7    -56   66 102  274  +53  117  +53  117   53  45  0  0 L3P 51
G12 FF 61054 095000  780 596 2339    +6065197    +28         -27    +23   26  25   94   -8   81  -30   81  -30  17  0  0 L3P 1A
G15 FF 61054 095000  780 192 1837    -3765310    +17         -35    +52   38  67  243  +86  172   +1  172    1  29  0  0 L3P 2A
G17 FF 61054 095000  780 286  493     +321637   +133         -38    +17   22  12  168  +25  125   +5  125    5  17  0  0 L3P 0A
G19 FF 61054 095000  780 436  748    -6855038    -25         -51     -7   33  31  117   +3   94   +9   94    9  24  0  0 L3P E2
G22 FF 61054 095000  780 139  616     +589325    -55         -29    -12   56  82  330 +140  184  +55  184   55  40  0  0 L3P 3F
G24 FF 61054 095000  780 806 1450    +1634285   -136         -22    +14   16  16   82   +2   70   -8   70   -8  11  0  0 L3P EC
G25 FF 61054 095000  780 198 2437    -4500689    -12         -35    -36   31  29  238  -77  155   +5  155    5  23  0  0 L3P 37
G32 FF 61054 095000  780 211 3171    +1637163   -190         -19    -20   36  40  224  -58  103  +26  103   26  23  0  0 L3P 3E
G10 FF 61054 100600  780 132 2792    +5824205    +28         -41     +0   54 103  348 +105  159  +36  159   36  39  0  0 L3P 4E
G12 FF 61054 100600  780 673 2380    +6065191    +26         -32    +21   18  26   88   -5   84   -8   84   -8  11  0  0 L3P E9
G15 FF 61054 100600  780 124 1826    -3765385    -50         -75    -14   31  75  369 +194  256  +98  256   98  24  0  0 L3P 7D
G17 FF 61054 100600  780 238  449     +321756   +132         -29    +16   22  13  199  +41  130   +9  130    9  18  0  0 L3P 05
G19 FF 61054 100600  780 412  658    -6855050    -21         -46     -3   31  61  122   +8  105  +27  105   27  25  0  0 L3P 00
G24 FF 61054 100600  780 728 1396    +1634133   -197         -30    -47   24  16   85   +4   81  +39   81   39  16  0  0 L3P 1D
G25 FF 61054 100600  780 264 2473    -4500687    +11         -52    -13   28  30  182  -44  150  -51  150  -51  17  0  0 L3P 3F
G32 FF 61054 100600  780 264 3135    +1637004   -200         -17    -30   31  58  181  -34   94   +7   94    7  23  0  0 L3P 00
G06 FF 61054 102200  780 150  905    +6022615    +72         -18    +33   56  27  309  -92  192  -77  192  -77  41  0  0 L3P 47
G12 FF 61054 102200  780 751 2429    +6065199    +34         -29    +29   19  26   84   -3   79  -19   79  -19  14  0  0 L3P 27
G17 FF 61054 102200  780 184  417     +321854   +157         -43    +41   41  13  253  +74  153  -12  153  -12  32  0  0 L3P 25
G19 FF 61054 102200  780 374  583    -6855055    -47         -34    -29   35  61  133  +14  107  +11  107   11  27  0  0 L3P 2F
G24 FF 61054 102200  780 649 1396    +1633994   -232         -24    -82   19  16   89   +6   83  +74   83   74  14  0  0 L3P 2D
G25 FF 61054 102200  780 331 2511    -4500663     -2         -51    -26   28  30  148  -28  133  +14  133   14  21  0  0 L3P 10
G32 FF 61054 102200  780 312 3086    +1636810   -178         -47     -7   37  58  156  -21  114   +1  114    1  26  0  0 L3P 13
G06 FF 61054 103800  780 192  844    +6022650    -36         -20    -75   37  27  244  -48  159  +45  159   45  29  0  0 L3P 49
G12 FF 61054 103800  780 828 2511    +6065214     +7         -17     +3   14  26   81   -1   72   -9   72   -9  10  0  0 L3P B6
G17 FF 61054 103800  780 128  396     +321981   +122         -27     +6   44  13  358 +158  171  +29  171   29  33  0  0 L3P 3A
G19 FF 61054 103800  780 326  526    -6855083     +1         -44    +19   31  61  150  +22  114  -17  114  -17  24  0  0 L3P 21
G24 FF 61054 103800  780 571 1409    +1633842   -176         -32    -26   21  16   96   +9   98  +24   98   24  15  0  0 L3P 22
G25 FF 61054 103800  780 399 2550    -4500612    +31         -23     +8   28  30  126  -19   98  -24   98  -24  21  0  0 L3P 20
G32 FF 61054 103800  780 351 3023    +1636664   -186         -30    -15   25  58  140  -12   93  +12   93   12  19  0  0 L3P 29
G06 FF 61054 105400  780 226  777    +6022675    +27         -32    -12   30  27  209  -27  155  -14  155  -14  22  0  0 L3P 38
G12 FF 61054 105400  780 888   63    +6065223    +20         -13    +15   20  26   81   +0   71   -7   71   -7  15  0  0 L3P AD
G19 FF 61054 105400  780 270  484    -6855098     +7         -42    +25   27  61  177  +36  127   -3  127   -3  21  0  0 L3P 15
G24 FF 61054 105400  780 494 1427    +1633705   -140         -25    +10   19  16  106  +12   98  +15   98   15  15  0  0 L3P 2B
G25 FF 61054 105400  780 469 2593    -4500596    +60         -30    +36   18  30  111  -13   90  -36   90  -36  11  0  0 L3P 27
G32 FF 61054 105400  780 378 2945    +1636506   -151         -24    +20   24  58  132   -6   99   -6   99   -6  17  0  0 L3P 1E
G06 FF 61054 111000  780 250  704    +6022704    +27         -40    -12   33  27  190  -13  146   +0  146    0  26  0  0 L3P E4
G11 FF 61054 111000  780 174 1153    +4746124   -112         -27    +21   30  34  269  -83  197   +5  197    5  22  0  0 L3P 26
G12 FF 61054 111000  780 816  629    +6065232    +23          -8    +18   15  26   82   +2   65  -12   65  -12   9  0  0 L3P C7
G19 FF 61054 111000  780 210  457    -6855128     -1         -54    +17   40  61  224  +64  159  +13  159   13  29  0  0 L3P 1C
G24 FF 61054 111000  780 419 1447    +1633547   -167         -40    -17   25  16  121  +18  125  +36  125   36  19  0  0 L3P 4E
G25 FF 61054 111000  780 541 2638    -4500561    +33         -18    +10   21  30  100   -9   80   -7   80   -7  14  0  0 L3P D7
G28 FF 61054 111000  780 137 3050    +6113912    -57         -25     -5   27  62  341 -157  145  -15  145  -15  21  0  0 L3P 42
G29 FF 61054 111000  780 168 2000    +3931812    +27         -15    +91   31  15  279 -116  207 -130  207 -130  22  0  0 L3P 6B
G32 FF 61054 111000  780 391 2857    +1636336   -151         -30    +20   29  58  128   -1  105  -14  105  -14  22  0  0 L3P 39
G06 FF 61054 112600  780 262  627    +6022737    +51         -44    +12   37  27  182   -4  152  -10  152  -10  28  0  0 L3P 19
G11 FF 61054 112600  780 227 1100    +4745997   -157         -26    -24   27  34  209  -46  167   +2  167    2  22  0  0 L3P 35
G12 FF 61054 112600  780 741  704    +6065221     -8         -24    -12   18  26   84   +3   83  +15   83   15  13  0  0 L3P CA
G19 FF 61054 112600  780 148  441    -6855131   -129         -40   -111   40  61  312 +130  182 +106  182  106  32  0  0 L3P 73
G24 FF 61054 112600  780 346 1466    +1633416   -105         -26    +45   30  16  142  +27  143   -4  143   -4  24  0  0 L3P 2B
G25 FF 61054 112600  780 613 2686    -4500539    +34         -18    +11   26  30   92   -7   80   -6   80   -6  17  0  0 L3P E6
G28 FF 61054 112600  780 200 3059    +6113857    -98         -30    -46   45  62  236  -75  133  +28  133   28  31  0  0 L3P 4D
G29 FF 61054 112600  780 239 2011    +3931735   -110         -31    -47   36  15  199  -59  176  -40  176  -40  30  0  0 L3P 68
G32 FF 61054 112600  780 388 2765    +1636188    -97         -15    +74   35  58  129   +3   96  -59   96  -59  26  0  0 L3P 54
G06 FF 61054 114200  780 260  551    +6022782   +112         -37    +73   30  27  183   +6  149  -53  149  -53  23  0  0 L3P 37
G11 FF 61054 114200  780 275 1040    +4745856   -153         -39    -20   31  34  175  -27  149  +16  149   16  23  0  0 L3P 56
G12 FF 61054 114200  780 667  756    +6065241    -15          -9    -20   27  26   88   +5   76  +29   76   29  19  0  0 L3P F2
G24 FF 61054 114200  780 274 1484    +1633281    -52         -17    +98   19  16  175  +42  164  -57  164  -57  16  0  0 L3P 63
G25 FF 61054 114200  780 687 2742    -4500521    +45         -24    +21   20  30   87   -5   84  -14   84  -14  14  0  0 L3P FE
G28 FF 61054 114200  780 265 3060    +6113791    -18         -45    +34   27  62  181  -43  139  -27  139  -27  18  0  0 L3P 5C
G29 FF 61054 114200  780 313 2023    +3931683    -39         -22    +25   30  15  156  -35  145  -44  145  -44  24  0  0 L3P 48
G32 FF 61054 114200  780 369 2676    +1636027   -168         -11     +3   25  58  134   +8  104   +4  104    4  18  0  0 L3P 07
G06 FF 61054 115800  780 245  478    +6022826    +54         -29    +15   36  27  194  +16  156  +13  156   13  24  0  0 L3P 39
G11 FF 61054 115800  780 315  970    +4745727   -161         -41    -28   33  34  154  -16  146   -5  146   -5  26  0  0 L3P 35
G12 FF 61054 115800  780 594  803    +6065229     +7         -25     +2   22  26   94   +7   98   +0   98    0  15  0  0 L3P AA
G24 FF 61054 115800  780 205 1501    +1633153    -66          -1    +84   37  16  229  +74  189  -19  189  -19  30  0  0 L3P 4C
G25 FF 61054 115800  780 761 2816    -4500500     -1         -26    -25   22  30   83   -3   87  +18   87   18  15  0  0 L3P EB
G28 FF 61054 115800  780 331 3050    +6113766    -87         -21    -35   36  62  148  -27  115   +4  115    4  25  0  0 L3P 1F
G29 FF 61054 115800  780 388 2036    +3931613    -22         -30    +42   35  15  129  -22  136  -33  136  -33  25  0  0 L3P 4C
G32 FF 61054 115800  780 337 2594    +1635838   -186         -37    -15   36  58  145  +15  132  +29  132   29  26  0  0 L3P 6F
G06 FF 61054 121400  780 218  413    +6022853    +38         -41     -1   36  28  216  +31  173   -5  173   -5  26  0  0 L3P FA
G11 FF 61054 121400  780 346  890    +4745600    -54         -38    +79   31  35  142   -9  134  -56  134  -56  23  0  0 L3P 35
G12 FF 61054 121400  780 523  848    +6065228    +26         -30    +22   23  88  102  +10  109  -14  109  -14  16  0  0 L3P 27
G24 FF 61054 121400  780 138 1515    +1632997   -281         -16   -131   36  45  334 +157  250 +148  250  148  26  0  0 L3P A4
G25 FF 61054 121400  780 834 2965    -4500480     -2         -29    -26   17  31   81   -1   94  +27   94   27  12  0  0 L3P F0
G28 FF 61054 121400  780 395 3027    +6113701    -33         -35    +19   28  62  127  -18  118  -11  118  -11  21  0  0 L3P 42
G29 FF 61054 121400  780 465 2049    +3931540    -67         -35     -3   41  16  112  -15  137   +4  137    4  32  0  0 L3P 06
G31 FF 61054 121400  780 101 3120    +1726764    -83          26    -63   31  85  455 -284  167  +48  167   48  22  0  0 L3P 54
G32 FF 61054 121400  780 294 2523    +1635697   -153         -17    +17   34  59  164  +25  138  +10  138   10  24  0  0 L3P 54
G06 FF 61054 123000  780 181  357    +6022904   +112         -27    +74   48  28  258  +58  169  -44  169  -44  32  0  0 L3P 5F
G11 FF 61054 123000  780 363  804    +4745472   -180         -38    -47   29  35  136   -3  136  +44  136   44  22  0  0 L3P 33
G12 FF 61054 123000  780 454  891    +6065241    +33         -22    +28   17  88  113  +14  117   +1  117    1  12  0  0 L3P F2
G25 FF 61054 123000  780 873  421    -4500447    +22         -19     -2   15  31   81   +0   92   +5   92    5  10  0  0 L3P 9B
G28 FF 61054 123000  780 457 2986    +6113650    -66         -36    -14   23  62  113  -12  118   +2  118    2  16  0  0 L3P 18
G29 FF 61054 123000  780 543 2059    +3931486    -91         -28    -27   30  16  100  -10  125  +15  125   15  22  0  0 L3P 33
G32 FF 61054 123000  780 243 2462    +1635510   -272         -40   -101   27  59  195  +41  184 +111  184  111  18  0  0 L3P 75
G06 FF 61054 124600  780 136  312    +6022940    +96         -28    +57   31  28  338 +118  173  -39  173  -39  25  0  0 L3P 5E
G11 FF 61054 124600  780 365  715    +4745342   -123         -40    +10   26  35  135   +2  138   -1  138   -1  18  0  0 L3P 06
G12 FF 61054 124600  780 386  933    +6065228    +35         -38    +31   22  88  129  +19  139  -26  139  -26  16  0  0 L3P 53
G25 FF 61054 124600  780 807  898    -4500431    +27         -26     +3   14  31   82   +2   93   -8   93   -8  10  0  0 L3P C5
G28 FF 61054 124600  780 512 2919    +6113619    -84         -17    -32   27  62  104   -8   97  +21   97   21  20  0  0 L3P 19
G29 FF 61054 124600  780 622 2064    +3931435    -78         -18    -14   27  16   91   -7  112   +0  112    0  21  0  0 L3P EE
G31 FF 61054 124600  780 230 3108    +1726686    +22         -13    +42   29  85  206  -56  169  -33  169  -33  21  0  0 L3P 54
G32 FF 61054 124600  780 188 2409    +1635364   -221         -23    -50   38  59  248  +73  196  +72  196   72  30  0  0 L3P 6C
G11 FF 61054 130200  780 352  631    +4745224   -135         -31     -2   37  35  140   +7  123   +1  123    1  29  0  0 L3P D7
G12 FF 61054 130200  780 321  974    +6065216    -21         -55    -26   29  88  152  +28  176  +46  176   46  22  0  0 L3P 3C
G25 FF 61054 130200  780 733 1001    -4500411    -49         -29    -73   20  31   84   +3   94  +48   94   48  13  0  0 L3P F3
G28 FF 61054 130200  780 556 2821    +6113555    -15         -31    +37   20  62   98   -4  109  -37  109  -37  12  0  0 L3P 2D
G29 FF 61054 130200  780 701 2053    +3931367    -86         -25    -22   26  16   86   -4  109  +18  109   18  19  0  0 L3P 28
G31 FF 61054 130200  780 294 3086    +1726675    -23          -4     -3   36  85  165  -33  145  -16  145  -16  28  0  0 L3P 36
G32 FF 61054 130200  780 131 2363    +1635178   -180         -45     -9   50  59  350 +151  255  +51  255   51  37  0  0 L3P 51
G11 FF 61054 131800  780 324  556    +4745089   -143         -38    -10   39  35  150  +14  129   -5  129   -5  29  0  0 L3P 35
G12 FF 61054 131800  780 256 1014    +6065249    -98         -26   -102   36  88  186  +44  159  +94  159   94  27  0  0 L3P 79
G25 FF 61054 131800  780 658 1064    -4500395    -11         -36    -35   15  31   89   +5  100  +26  100   26  11  0  0 L3P 0E
G26 FF 61054 131800  780 183 2888    +3111626   +102         -20    +42   38  15  257  -89  193  -80  193  -80  30  0  0 L3P 6D
G28 FF 61054 131800  780 580 2693    +6113498    -30         -37    +22   28  62   95   -1  110  -21  110  -21  19  0  0 L3P 26
G29 FF 61054 131800  780 778 1994    +3931304    -61         -27     +3   17  16   83   -2  105  -15  105  -15  11  0  0 L3P 1D
G31 FF 61054 131800  780 354 3049    +1726657    -99          -2    -79   31  85  140  -21  125  +36  125   36  23  0  0 L3P 3E
G11 FF 61054 133400  780 286  494    +4744963   -123         -37    +10   29  35  168  +24  123   -2  123   -2  21  0  0 L3P 25
G12 FF 61054 133400  780 194 1052    +6065247     +9         -32     +5   30  88  241  +76  179  +19  179   19  24  0  0 L3P 2D
G18 FF 61054 133400  780 128 1804    +4511934    -77         -13    +20   30   0  364 -196  276   -2  276   -2  25  0  0 L3P 2C
G25 FF 61054 133400  780 584 1114    -4500366     +2         -30    -22   25  31   95   +8   94  +13   94   13  18  0  0 L3P E0
G26 FF 61054 133400  780 248 2910    +3111683    +30         -21    -30   33  15  193  -50  160  +11  160   11  26  0  0 L3P 1E
G28 FF 61054 133400  780 581 2549    +6113448    -83         -37    -31   20  62   95   +1  109  +18  109   18  14  0  0 L3P 28
G29 FF 61054 133400  780 843 1696    +3931264    -30          -6    +33   17  16   81   -1   80  -31   80  -31  12  0  0 L3P F2
G31 FF 61054 133400  780 409 2994    +1726617    -23         -22     -3   20  85  124  -13  121  -15  121  -15  14  0  0 L3P 2B
G11 FF 61054 135000  780 238  445    +4744834   -100         -38    +33   27  35  199  +41  118  -27  118  -27  23  0  0 L3P 53
G18 FF 61054 135000  780 198 1798    +4511849    -69          -4    +29   46   0  239  -85  231  -54  231  -54  32  0  0 L3P 4B
G21 FF 61054 135000  780 117  670    -3801156    -80         -45     +0   45 202  391  -99  167  -25  167  -25  36  0  0 L3P 44
G25 FF 61054 135000  780 512 1158    -4500354     +3         -40    -21   22  31  104  +11  100   +3  100    3  15  0  0 L3P CC
G26 FF 61054 135000  780 315 2926    +3111752    +67         -10     +7   34  15  155  -31  124  -46  124  -46  26  0  0 L3P 32
G28 FF 61054 135000  780 558 2413    +6113391    -49         -44     +3   22  62   98   +4  110   +8  110    8  15  0  0 L3P E1
G29 FF 61054 135000  780 833  935    +3931205    -74          -4    -10   19  16   81   +1   69   -8   69   -8  12  0  0 L3P CE
G31 FF 61054 135000  780 453 2919    +1726596    -24         -24     -4   20  85  114   -8  111  -15  111  -15  16  0  0 L3P 22
G04 FF 61054 140600  780 110 3287     -381276    -24         -48     +0   51 227  413  -27  184  -11  184  -11  37  0  0 L3P 36
G05 FF 61054 140600  780 148  910    +2272616    +84         -33    +77   34  57  313  -93  154  -93  154  -93  27  0  0 L3P 52
G11 FF 61054 140600  780 184  409    +4744719    -21         -24   +112   37  36  253  +75  109  -83  109  -83  30  0  0 L3P 54
G18 FF 61054 140600  780 271 1792    +4511765    -82           1    +16   39   1  178  -46  164  -82  164  -82  28  0  0 L3P 36
G21 FF 61054 140600  780 142  607    -3801208    -49         -20    +31   44 202  324  -48  132  -38  132  -38  32  0  0 L3P 3D
G25 FF 61054 140600  780 440 1197    -4500337    +51         -42    +27   24  32  116  +15  106  -16  106  -16  19  0  0 L3P 3C
G26 FF 61054 140600  780 383 2935    +3111795    +67         -25     +6   25  15  130  -21  111  -28  111  -28  19  0  0 L3P 37
G28 FF 61054 140600  780 514 2304    +6113349    -23         -40    +29   33  64  103   +8  104  -14  104  -14  24  0  0 L3P 23
G29 FF 61054 140600  780 765  727    +3931132    -66         -13     -3   17  18   83   +3   74  +12   74   12  11  0  0 L3P D7
G31 FF 61054 140600  780 484 2822    +1726578     +7         -34    +27   18   2  108   -4   96  -30   96  -30  13  0  0 L3P FE
G04 FF 61054 142200  780 112 3222     -381300    +14         -49    +38   57 227  406  +12  171  -28  171  -28  42  0  0 L3P 3C
G05 FF 61054 142200  780 189  849    +2272648    -52          -8    -59   34  57  248  -49  104  +41  104   41  26  0  0 L3P 36
G11 FF 61054 142200  780 127  384    +4744576     +8         -39   +141   52  36  360 +162  130  -93  130  -93  41  0  0 L3P 4E
G16 FF 61054 142200  780 111 2940    -1877299   -107         -16    -31   50  93  416 -235  206  -46  206  -46  34  0  0 L3P 7D
G18 FF 61054 142200  780 345 1784    +4511667    -64          -3    +34   29   1  143  -28  123  -63  123  -63  21  0  0 L3P 2B
G21 FF 61054 142200  780 159  540    -3801272    -82          -8     -3   43 202  292  -20  100   -4  100   -4  36  0  0 L3P E9
G25 FF 61054 142200  780 370 1234    -4500322    +43         -50    +19   27  32  134  +22  111  -13  111  -13  20  0  0 L3P 1A
G26 FF 61054 142200  780 453 2933    +3111847    +54         -30     -6   24  15  114  -14   94  -11   94  -11  17  0  0 L3P 0E
G28 FF 61054 142200  780 458 2222    +6113299    -47         -39     +5   24  64  113  +12  107   +3  107    3  15  0  0 L3P 02
G29 FF 61054 142200  780 691  689    +3931073    -73         -11    -10   20  18   86   +4   67   +8   67    8  15  0  0 L3P D8
G31 FF 61054 142200  780 496 2710    +1726549    +16         -44    +37   29   2  106   +0  102  -35  102  -35  20  0  0 L3P 15
G04 FF 61054 143800  780 103 3158     -381316    -43         -42    -19   41 227  438  +57  164  +11  164   11  31  0  0 L3P 3A
G05 FF 61054 143800  780 223  781    +2272631     -3         -31    -10   34  57  212  -27  110  +17  110   17  25  0  0 L3P 02
G16 FF 61054 143800  780 175 2963    -1877342    -25          14    +51   31  93  268  -99  121  -86  121  -86  22  0  0 L3P 61
G18 FF 61054 143800  780 422 1772    +4511555    -60         -21    +38   34   1  121  -19  109  -47  109  -47  25  0  0 L3P 3F
G21 FF 61054 143800  780 164  473    -3801376    -80         -36     +0   44 202  283   +0  121   -7  121   -7  31  0  0 L3P F4
G25 FF 61054 143800  780 301 1268    -4500297    +68         -48    +44   31  32  160  +34  121  -11  121  -11  22  0  0 L3P 36
G26 FF 61054 143800  780 522 2915    +3111919    +57         -16     -3   20  15  102  -10   73   -1   73   -1  14  0  0 L3P E0
G28 FF 61054 143800  780 394 2162    +6113260    -53         -28     -1   26  64  127  +18  108   +3  108    3  21  0  0 L3P 04
G29 FF 61054 143800  780 618  692    +3930989    +10         -33    +73   24  18   92   +6   78  -46   78  -46  16  0  0 L3P 22
G31 FF 61054 143800  780 487 2595    +1726540    -58         -33    -38   22   2  107   +3   89  +23   89   23  16  0  0 L3P 10
G05 FF 61054 145400  780 246  708    +2272641    +35         -27    +28   32  57  193  -14  108  -29  108  -29  23  0  0 L3P 47
G16 FF 61054 145400  780 242 2981    -1877426    -45           4    +31   32  93  197  -54   97  -57   97  -57  23  0  0 L3P 3A
G18 FF 61054 145400  780 499 1751    +4511448   -137         -35    -40   30   1  106  -12   96   +4   96    4  19  0  0 L3P 06
G21 FF 61054 145400  780 158  406    -3801466   -124         -50    -44   35 202  293  +21  118  +19  118   19  30  0  0 L3P 4C
G25 FF 61054 145400  780 234 1299    -4500266    +64         -40    +41   41  32  202  +56  130  -16  130  -16  29  0  0 L3P 3D
G26 FF 61054 145400  780 590 2872    +3111958    +48         -35    -12   26  15   94   -7   79   +1   79    1  18  0  0 L3P F0
G28 FF 61054 145400  780 326 2117    +6113203    -30         -36    +22   33  64  149  +29  119  -14  119  -14  23  0  0 L3P 42
G29 FF 61054 145400  780 546  711    +3930924    -80         -37    -16   19  18   99   +9   82  +19   82   19  12  0  0 L3P 0A
G31 FF 61054 145400  780 460 2490    +1726525    -93         -29    -73   31   2  112   +7   85  +47   85   47  23  0  0 L3P 07
G05 FF 61054 151000  780 258  631    +2272642    +27         -33    +20   36  57  185   -3  102  -24  102  -24  25  0  0 L3P 14
G16 FF 61054 151000  780 311 2992    -1877538    -42         -35    +34   20  93  157  -33  101  -51  101  -51  14  0  0 L3P 45
G18 FF 61054 151000  780 575 1715    +4511352    -80         -37    +17   23   1   96   -8   85  -31   85  -31  15  0  0 L3P FB
G21 FF 61054 151000  780 141  343    -3801557   -120         -64    -41   48 202  326  +51  114   +8  114    8  32  0  0 L3P 16
G25 FF 61054 151000  780 168 1327    -4500250    -22         -46    -46   28  32  276 +105  152  +43  152   43  21  0  0 L3P 42
G26 FF 61054 151000  780 651 2786    +3112018    +29         -33    -31   19  15   89   -4   74  +10   74   10  13  0  0 L3P F1
G28 FF 61054 151000  780 258 2082    +6113144    -64         -44    -11   39  64  185  +47  137  +37  137   37  30  0  0 L3P 49
G29 FF 61054 151000  780 475  738    +3930873    -43         -28    +20   29  18  109  +13   75  -17   75  -17  21  0  0 L3P 2B
G31 FF 61054 151000  780 417 2402    +1726492    -11         -42     +9   25   2  121  +12   97   +4   97    4  17  0  0 L3P C6
G05 FF 61054 152600  780 256  554    +2272646    +16         -35    +10   32  57  186   +6   90  -19   90  -19  22  0  0 L3P 0F
G16 FF 61054 152600  780 381 2994    -1877594    -50         -18    +26   25  93  131  -21   77  -31   77  -31  18  0  0 L3P 4A
G18 FF 61054 152600  780 647 1646    +4511258   -120         -37    -22   24   1   89   -5   75   +3   75    3  18  0  0 L3P E3
G21 FF 61054 152600  780 113  286    -3801577   -108          -8    -28   42 202  400 +109   56   -1   56   -1  34  0  0 L3P 11
G25 FF 61054 152600  780 104 1353    -4500248    +15         -68     -9   56  32  437 +257  182   +9  182    9  47  0  0 L3P 32
G26 FF 61054 152600  780 697 2632    +3112066    +50         -43    -10   20  15   86   -2   76  +10   76   10  14  0  0 L3P EB
G27 FF 61054 152600  780 102 2649     +185559     +5           5    -71   40  83  449 -261  170  -11  170  -11  31  0  0 L3P 1E
G28 FF 61054 152600  780 190 2053    +6113105    -89         -33    -37   59  64  247  +86  142  +35  142   35  50  0  0 L3P 4D
G29 FF 61054 152600  780 407  769    +3930813    -90         -26    -27   28  18  124  +17   77  +23   77   23  20  0  0 L3P 22
G31 FF 61054 152600  780 365 2331    +1726480    -27         -34     -7   31   2  135  +18   99  +19   99   19  24  0  0 L3P 0B
G05 FF 61054 154200  780 240  481    +2272651    +41         -37    +34   35  57  197  +17   74  -40   74  -40  25  0  0 L3P 19
G16 FF 61054 154200  780 452 2983    -1877697    -89         -48    -13   19  93  114  -15   85   +5   85    5  13  0  0 L3P 29
G18 FF 61054 154200  780 708 1515    +4511170   -136         -31    -38   18   1   86   -3   66  +16   66   16  12  0  0 L3P FB
G23 FF 61054 154200  780 137 1464    -5993688     -8         -37    +42   62 232  339 -159  157  -60  157  -60  48  0  0 L3P 8C
G26 FF 61054 154200  780 714 2409    +3112139    +27         -27    -34   11  15   85   +0   65  +27   65   27   7  0  0 L3P E7
G27 FF 61054 154200  780 164 2685     +185631   +129           5    +52   50  83  286 -108  116  -70  116  -70  38  0  0 L3P 50
G28 FF 61054 154200  780 123 2027    +6113067    -87         -21    -34   44  64  372 +193  152  +40  152   40  37  0  0 L3P 4E
G29 FF 61054 154200  780 341  803    +3930749    -54         -29     +9   25  18  144  +25   80  -10   80  -10  19  0  0 L3P 0C
G31 FF 61054 154200  780 306 2275    +1726474    -53         -21    -33   33   2  158  +29  102  +34  102   34  28  0  0 L3P 21
G05 FF 61054 155800  780 212  415    +2272658    -21         -36    -28   40  57  221  +34   57   -4   57   -4  29  0  0 L3P FC
G16 FF 61054 155800  780 522 2952    -1877752    -27         -30    +49   20  93  102  -10   63  -51   63  -51  15  0  0 L3P 33
G18 FF 61054 155800  780 746 1281    +4511082    -77         -26    +21   19   1   84   -1   54  -26   54  -26  13  0  0 L3P FD
G23 FF 61054 155800  780 203 1433    -5993734    +11         -35    +61   41 232  233  -75  131  -89  131  -89  29  0  0 L3P 70
G26 FF 61054 155800  780 693 2188    +3112194    +44         -30    -16   18  15   86   +2   65   +3   65    3  13  0  0 L3P DD
G27 FF 61054 155800  780 226 2722     +185677    -15         -23    -91   36  83  210  -58  111  +42  111   42  28  0  0 L3P 35
G29 FF 61054 155800  780 276  839    +3930704    -86         -13    -23   27  18  173  +38   67  +16   67   16  20  0  0 L3P 2D
G31 FF 61054 155800  780 245 2230    +1726457    +41         -18    +61   42   2  194  +47  113  -24  113  -24  33  0  0 L3P 2F
G05 FF 61054 161400  780 174  359    +2272673    -86         -25    -93   43  58  266  +63   44  +61   44   61  31  0  0 L3P 22
G16 FF 61054 161400  780 587 2891    -1877819   -110         -23    -34   21  96   95   -6   56  +11   56   11  14  0  0 L3P 24
G18 FF 61054 161400  780 740  994    +4510976    -69         -38    +29   17   2   84   +1   49  -33   49  -33  12  0  0 L3P 01
G23 FF 61054 161400  780 269 1397    -5993791    -87         -41    -37   23 233  179  -42  104  +13  104   13  17  0  0 L3P 6A
G26 FF 61054 161400  780 644 2035    +3112249    +94         -32    +34   22  18   90   +5   68  -34   68  -34  16  0  0 L3P 0B
G27 FF 61054 161400  780 291 2758     +185772   +101          -2    +25   28  85  166  -36   85  -19   85  -19  19  0  0 L3P 3B
G29 FF 61054 161400  780 214  875    +3930624    -40         -29    +24   25  19  220  +62   72  -29   72  -29  21  0  0 L3P 20
G31 FF 61054 161400  780 183 2191    +1726458     +6           2    +26   46   2  255  +85  100  -18  100  -18  34  0  0 L3P 01
G05 FF 61054 163000  780 129  314    +2272648    +27         -57    +20   44  58  356 +133   60  -48   60  -48  34  0  0 L3P 32
G16 FF 61054 163000  780 642 2782    -1877893   -102         -24    -25   24  96   90   -4   47   +4   47    4  16  0  0 L3P FF
G18 FF 61054 163000  780 697  794    +4510888    -30         -32    +68   18   2   86   +3   38  -56   38  -56  12  0  0 L3P 06
G23 FF 61054 163000  780 334 1354    -5993817     -1         -19    +49   31 233  147  -26   56  -62   56  -62  23  0  0 L3P 3D
G26 FF 61054 163000  780 580 1944    +3112319    +43         -20    -17   28  18   95   +7   54  +11   54   11  21  0  0 L3P EE
G27 FF 61054 163000  780 358 2792     +185860   +106          13    +30   29  85  138  -24   57  -49   57  -49  22  0  0 L3P 3A
G29 FF 61054 163000  780 153  913    +3930571    -77         -21    -14   42  19  302 +117   62   +6   62    6  35  0  0 L3P F8
G31 FF 61054 163000  780 121 2158    +1726385   -134         -51   -113   52   2  377 +185  153 +109  153  109  39  0  0 L3P 88
G10 FF 61054 164600  780 158 1641    +5824879    +38         -29    +11   37  31  297 -131  120  -42  120  -42  29  0  0 L3P 67
G16 FF 61054 164600  780 677 2611    -1877977    -96         -34    -20   23  96   87   -1   45   +4   45    4  14  0  0 L3P FC
G18 FF 61054 164600  780 635  692    +4510783    -73         -44    +25   26   2   90   +5   39  -27   39  -27  17  0  0 L3P FE
G23 FF 61054 164600  780 397 1298    -5993887    -63         -40    -13   28 233  127  -17   52  -10   52  -10  20  0  0 L3P 51
G26 FF 61054 164600  780 509 1891    +3112360    +61         -37     +0   24  18  104  +11   65   -4   65   -4  18  0  0 L3P EC
G27 FF 61054 164600  780 428 2825     +185913    +58          -7    -18   33  85  119  -16   49  -14   49  -14  24  0  0 L3P 28
G07 FF 61054 170200  780 115 3298    +1352250    +63         -47    +11   57  66  398  -77   68  -19   68  -19  41  0  0 L3P 4B
G08 FF 61054 170200  780 182 2851    -5042943   +141           3    +98   53  64  257  -89   78 -118   78 -118  37  0  0 L3P 6A
G10 FF 61054 170200  780 228 1623    +5824895     -8         -40    -36   36  31  209  -64   85   +0   85    0  25  0  0 L3P EF
G15 FF 61054 170200  780 100  688    -3766212    -12         -28    +23   45  79  453 -135   30  -25   30  -25  39  0  0 L3P 2C
G16 FF 61054 170200  780 679 2403    -1878047    -98         -31    -21   19  96   87   +1   35   +8   35    8  13  0  0 L3P F3
G18 FF 61054 170200  780 566  646    +4510698    -29         -34    +68   23   2   97   +8   30  -49   30  -49  15  0  0 L3P 00
G23 FF 61054 170200  780 453 1226    -5993917    -33         -22    +17   30 233  114  -11   33  -20   33  -20  21  0  0 L3P 23
G26 FF 61054 170200  780 436 1859    +3112418    +69         -37     +8   28  18  117  +16   65   -9   65   -9  22  0  0 L3P 0E
G27 FF 61054 170200  780 499 2855     +185967    +49         -27    -27   21  85  106  -12   43   +8   43    8  15  0  0 L3P 07
G07 FF 61054 171800  780 132 3241    +1352316   +122         -31    +69   40  66  347  -34   53  -42   53  -42  29  0  0 L3P 37
G08 FF 61054 171800  780 247 2878    -5042896    +40           9     -3   39  64  193  -50   44  -27   44  -27  31  0  0 L3P 1C
G10 FF 61054 171800  780 300 1602    +5824930    +37         -30     +9   24  31  162  -37   59  -24   59  -24  20  0  0 L3P 10
G15 FF 61054 171800  780 126  625    -3766250    -24         -33    +12   46  79  363  -63   31  -12   31  -12  36  0  0 L3P 19
G16 FF 61054 171800  780 647 2222    -1878123    -88         -35    -12   24  96   89   +3   37   +5   37    5  15  0  0 L3P F2
G18 FF 61054 171800  780 495  630    +4510600   -120         -39    -23   30   2  106  +12   28   +8   28    8  21  0  0 L3P D8
G23 FF 61054 171800  780 498 1133    -5993978    -53         -36     -3   21 233  106   -6   36  -14   36  -14  15  0  0 L3P 2F
G26 FF 61054 171800  780 363 1838    +3112463    +74         -50    +14   35  18  136  +24   77  -12   77  -12  30  0  0 L3P 2C
G27 FF 61054 171800  780 572 2879     +186018    +46         -48    -30   26  85   96   -8   47   +3   47    3  18  0  0 L3P ED
G07 FF 61054 173400  780 140 3179    +1352372    +39         -26    -14   29  66  328   -7   57   +9   57    9  21  0  0 L3P 00
G08 FF 61054 173400  780 313 2901    -5042870   +145          -6   +102   32  64  155  -31   44  -89   44  -89  21  0  0 L3P 42
G10 FF 61054 173400  780 373 1576    +5824964    +33         -23     +6   27  31  133  -23   41  -17   41  -17  18  0  0 L3P 19
G15 FF 61054 173400  780 144  557    -3766292    -51         -41    -16   43  79  321  -27   26  +13   26   13  34  0  0 L3P 16
G16 FF 61054 173400  780 593 2098    -1878195    -67         -33     +9   20  96   94   +6   40   +2   40    2  15  0  0 L3P DC
G18 FF 61054 173400  780 425  631    +4510503   -126         -42    -28   19   2  119  +16   30  +15   30   15  15  0  0 L3P F7
G23 FF 61054 173400  780 528 1019    -5994025    -26         -35    +24   21 233  101   -3   30  -21   30  -21  15  0  0 L3P 12
G26 FF 61054 173400  780 291 1824    +3112558    +72         -12    +11   26  18  165  +38   61   +3   61    3  19  0  0 L3P F4
G27 FF 61054 173400  780 647 2893     +186096    +94         -44    +18   16  85   89   -6   36  -17   36  -17  10  0  0 L3P 1F
G02 FF 61054 175000  780 106 2479     -165912   -185         -22   -102   54  76  437 -255  105  +15  105   15  41  0  0 L3P 63
G07 FF 61054 175000  780 138 3116    +1352393    +66         -54    +14   46  66  333  +18   74   -2   74   -2  33  0  0 L3P 0B
G08 FF 61054 175000  780 382 2919    -5042836    +36         -14     -7   31  64  131  -21   35   +1   35    1  21  0  0 L3P DE
G10 FF 61054 175000  780 446 1539    +5824980    +74         -32    +47   26  31  115  -15   41  -55   41  -55  19  0  0 L3P 34
G15 FF 61054 175000  780 150  488    -3766329   -120         -44    -85   39  79  307   -2   27  +61   27   61  25  0  0 L3P 25
G16 FF 61054 175000  780 527 2021    -1878274    -70         -39     +6   36  96  102  +10   48   +2   48    2  27  0  0 L3P EF
G18 FF 61054 175000  780 356  644    +4510408   -100         -44     -2   32   2  138  +24   30   -7   30   -7  25  0  0 L3P CF
G23 FF 61054 175000  780 537  893    -5994066    -40         -28    +10   18 233  100   +0   18  -14   18  -14  13  0  0 L3P 15
G26 FF 61054 175000  780 220 1813    +3112618    +96         -11    +35   33  18  214  +65   75   -6   75   -6  25  0  0 L3P 05
G27 FF 61054 175000  780 723 2884     +186178    +48         -35    -28   18  85   85   -4   26  +17   26   17  12  0  0 L3P 08
G02 FF 61054 180600  780 168 2515     -166004    -85         -36     -2   35  77  279 -104   98   -6   98   -6  26  0  0 L3P 15
G07 FF 61054 180600  780 125 3053    +1352459    +98         -35    +46   48  67  365  +50   64  -31   64  -31  33  0  0 L3P 3B
G08 FF 61054 180600  780 452 2929    -5042825    +76         -37    +33   28  96  114  -15   36  -29   36  -29  20  0  0 L3P 46
G10 FF 61054 180600  780 516 1485    +5825003    +24         -35     -3   23  32  103  -10   36   -7   36   -7  16  0  0 L3P E4
G15 FF 61054 180600  780 145  420    -3766352    -67         -25    -31   30 102  317  +22   15  +27   15   27  25  0  0 L3P 12
G16 FF 61054 180600  780 455 1972    -1878344    -95         -35    -19   33  97  113  +15   47  +19   47   19  26  0  0 L3P 48
G18 FF 61054 180600  780 289  663    +4510318   -100         -45     -2   34   3  166  +36   27   +1   27    1  27  0  0 L3P D2
G23 FF 61054 180600  780 523  771    -5994129   -100         -44    -50   27 234  102   +3   25  +41   25   41  20  0  0 L3P 0F
G26 FF 61054 180600  780 152 1804    +3112662    -41         -26   -101   26  21  303 +130   90 +112   90  112  18  0  0 L3P 41
G27 FF 61054 180600  780 798 2803     +186240    +96         -42    +19   16  87   82   -2   33  -17   33  -17  11  0  0 L3P 07
G02 FF 61054 182200  780 231 2553     -166064   -101         -16    -18   34  77  205  -55   72   +2   72    2  25  0  0 L3P ED
G07 FF 61054 182200  780 103 2991    +1352523     -3         -21    -56   42  67  437 +107   53  +46   53   46  32  0  0 L3P 1E
G08 FF 61054 182200  780 523 2926    -5042766    -20         -20    -63   19  96  102  -10   21  +36   21   36  12  0  0 L3P 12
G10 FF 61054 182200  780 579 1404    +5825020    +41         -44    +14   22  32   95   -6   36  -19   36  -19  16  0  0 L3P 04
G15 FF 61054 182200  780 129  355    -3766373    +12         -12    +47   40 102  354  +58    7  -45    7  -45  33  0  0 L3P 0C
G16 FF 61054 182200  780 382 1940    -1878426    -78         -44     -2   29  97  130  +22   59   +9   59    9  22  0  0 L3P 0C
G18 FF 61054 182200  780 224  688    +4510221    -87         -48    +10   32   3  210  +58   29  -25   29  -25  25  0  0 L3P 08
G23 FF 61054 182200  780 490  669    -5994168    -90         -35    -40   24 234  107   +7   17  +27   17   27  16  0  0 L3P 25
G27 FF 61054 182200  780 853 2340     +186317    +94         -38    +18   14  87   81   +0   26  -22   26  -22  10  0  0 L3P F4
G02 FF 61054 183800  780 296 2593     -166131   -143          -4    -60   34  77  164  -34   52  +38   52   38  25  0  0 L3P 1D
G08 FF 61054 183800  780 595 2903    -5042735    +24         -29    -20   22  96   94   -7   23   +8   23    8  15  0  0 L3P EC
G10 FF 61054 183800  780 630 1282    +5825038    +28         -52     +1   23  32   91   -3   36   -6   36   -6  17  0  0 L3P CF
G15 FF 61054 183800  780 102  295    -3766424    +18         -30    +53   36 102  440 +130   19  -27   19  -27  27  0  0 L3P 3E
G16 FF 61054 183800  780 309 1918    -1878493    -99         -37    -23   30  97  157  +34   58  +24   58   24  26  0  0 L3P 53
G18 FF 61054 183800  780 162  716    +4510138   -118         -37    -21   49   3  287 +108   22  +12   22   12  41  0  0 L3P 17
G23 FF 61054 183800  780 442  592    -5994229    -58         -48     -8   25 234  116  +11   29   +4   29    4  18  0  0 L3P 08
G27 FF 61054 183800  780 816 1673     +186381    +44         -47    -32   20  87   82   +1   26  +28   26   28  13  0  0 L3P FB
G02 FF 61054 185400  780 361 2635     -166222    -22         -15    +61   28  77  137  -22   40  -48   40  -48  20  0  0 L3P 15
G08 FF 61054 185400  780 663 2843    -5042705    +80         -42    +36   27  96   88   -5   27  -30   27  -30  18  0  0 L3P 1E
G10 FF 61054 185400  780 658 1115    +5825082     +2         -34    -25   15  32   89   -1   23  +21   23   21   9  0  0 L3P CB
G16 FF 61054 185400  780 238 1902    -1878578    -47         -50    +29   41  97  199  +57   80   -2   80   -2  33  0  0 L3P 2F
G23 FF 61054 185400  780 385  539    -5994282    -60         -54    -10   29 234  129  +18   29   -3   29   -3  19  0  0 L3P 28
G27 FF 61054 185400  780 742 1540     +186445    +56         -56    -20   17  87   84   +3   34   +7   34    7  11  0  0 L3P D1
G01 FF 61054 191000  780 111 2573    -3439322    -43         -49    -80   43 186  416 -220   89  +42   89   42  29  0  0 L3P 51
G02 FF 61054 191000  780 427 2678     -166312   -138         -25    -55   28  77  119  -16   36  +35   36   35  19  0  0 L3P 34
G08 FF 61054 191000  780 722 2711    -5042671    +37         -49     -6   22  96   85   -2   31   +0   31    0  16  0  0 L3P BB
G10 FF 61054 191000  780 656  930    +5825091     -2         -52    -29   20  32   89   +1   35  +22   35   22  14  0  0 L3P CA
G16 FF 61054 191000  780 169 1888    -1878634   -124         -32    -47   38  97  275 +108   80  +23   80   23  27  0  0 L3P 67
G23 FF 61054 191000  780 323  506    -5994329    -60         -52    -10   30 234  151  +27   28  +13   28   13  20  0  0 L3P 0F
G27 FF 61054 191000  780 663 1513     +186522    +96         -52    +19   25  87   88   +5   32   +3   32    3  16  0  0 L3P CC
G32 FF 61054 191000  780 152 1288    +1631439   -153         -30    +17   27  35  307 -119   69  -31   69  -31  22  0  0 L3P 52
G01 FF 61054 192600  780 171 2610    -3439236   +113           2    +76   42 186  274  -97   38  -78   38  -78  30  0  0 L3P 4B
G02 FF 61054 192600  780 493 2722     -166397   -127         -30    -44   26  77  107  -11   34  +37   34   37  19  0  0 L3P 2F
G08 FF 61054 192600  780 755 2464    -5042615     +7         -34    -36   23  96   83   -1   23  +27   23   27  16  0  0 L3P F7
G10 FF 61054 192600  780 625  774    +5825132    +52         -37    +25   17  32   91   +4   23  -11   23  -11  11  0  0 L3P E3
G16 FF 61054 192600  780 103 1874    -1878718     +3         -43    +79   42  97  443 +271   96  -56   96  -56  27  0  0 L3P 61
G23 FF 61054 192600  780 259  488    -5994363    -32         -38    +18   28 234  184  +44   15  -11   15  -11  23  0  0 L3P 40
G27 FF 61054 192600  780 585 1513     +186602    +52         -45    -24   20  87   95   +8   31  +24   31   24  15  0  0 L3P EC
G32 FF 61054 192600  780 211 1245    +1631299   -224          -6    -53   34  35  224  -61   40  +24   40   24  29  0  0 L3P 14
G01 FF 61054 194200  780 232 2648    -3439232    +44         -29     +7   42 186  205  -53   43   -5   43   -5  32  0  0 L3P 09
G02 FF 61054 194200  780 561 2768     -166487    -70         -41    +13   22  77   97   -8   37   -9   37   -9  16  0  0 L3P F6
G08 FF 61054 194200  780 744 2168    -5042587    +71         -48    +28   17  96   84   +1   33   -5   33   -5  11  0  0 L3P F7
G10 FF 61054 194200  780 574  669    +5825160    +68         -35    +41   19  32   96   +6   22  -31   22  -31  13  0  0 L3P F8
G14 FF 61054 194200  780 124 3268    -7287794     -4           8    +20   44 199  372 -124    7  -35    7  -35  34  0  0 L3P 19
G23 FF 61054 194200  780 194  482    -5994383    +51         -10   +101   43 234  241  +79    2  -70    2  -70  32  0  0 L3P 17
G27 FF 61054 194200  780 507 1523     +186660    +39         -61    -37   26  87  104  +12   46  +37   46   37  20  0  0 L3P 18
G32 FF 61054 194200  780 268 1195    +1631107   -197         -34    -27   34  35  179  -36   50   +7   50    7  26  0  0 L3P 1D
G01 FF 61054 195800  780 295 2687    -3439167    +82           1    +45   30 186  164  -33   15  -52   15  -52  22  0  0 L3P 30
G02 FF 61054 195800  780 629 2816     -166548    -64         -22    +19   21  77   91   -6   25  -18   25  -18  14  0  0 L3P 11
G08 FF 61054 195800  780 695 1970    -5042543    +59         -45    +16   20  96   86   +3   34   -4   34   -4  14  0  0 L3P FC
G10 FF 61054 195800  780 513  606    +5825176    +81         -45    +54   25  32  103  +10   24  -41   24  -41  18  0  0 L3P 0E
G14 FF 61054 195800  780 162 3219    -7287822     +7           3    +31   26 199  288  -60    8  -33    8  -33  21  0  0 L3P 03
G23 FF 61054 195800  780 129  484    -5994445    -90         -24    -40   35 234  355 +173    6  +31    6   31  27  0  0 L3P 24
G27 FF 61054 195800  780 430 1536     +186745    +89         -49    +13   20  87  118  +17   40   -1   40   -1  15  0  0 L3P FE
G32 FF 61054 195800  780 320 1136    +1630962   -142         -17    +29   21  35  152  -22   24  -28   24  -28  17  0  0 L3P 38
G01 FF 61054 201400  780 359 2725    -3439157    +62         -22    +25   43 187  138  -22   32  -17   32  -17  28  0  0 L3P 3F
G02 FF 61054 201400  780 698 2869     -166633    -27         -41    +56   19 165   86   -4   24  -41   24  -41  12  0  0 L3P 16
G08 FF 61054 201400  780 629 1868    -5042494    +17         -37    -26   23  96   91   +6   31  +22   31   22  16  0  0 L3P 01
G10 FF 61054 201400  780 448  573    +5825191     -5         -57    -32   24  32  114  +14   35  +31   35   31  19  0  0 L3P ED
G14 FF 61054 201400  780 191 3161    -7287849     +0           0    +24   56 200  245  -31   12  -19   12  -19  38  0  0 L3P 01
G22 FF 61054 201400  780 118 3296     +587700   -195         -40   -152   64   7  390 -132   34 +102   34  102  44  0  0 L3P 49
G27 FF 61054 201400  780 355 1550     +186820    +82         -43     +6   25  88  139  +26   47   +5   47    5  20  0  0 L3P DB
G32 FF 61054 201400  780 366 1065    +1630779   -194         -36    -23   24  35  135  -14   30  +14   30   14  18  0  0 L3P 24
G01 FF 61054 203000  780 425 2764    -3439128     +5         -29    -32   28 187  120  -16   29  +14   29   14  22  0  0 L3P 1A
G02 FF 61054 203000  780 768 2933     -166725    -54         -54    +29   21 165   83   -2   32  -26   32  -26  13  0  0 L3P 09
G03 FF 61054 203000  780 119 2243    -5984595    +18         -21    -85   61  51  390 -216   63  +62   63   62  49  0  0 L3P 40
G08 FF 61054 203000  780 556 1816    -5042449    +70         -34    +27   24  96   98   +9   33  -19   33  -19  17  0  0 L3P 1D
G10 FF 61054 203000  780 380  559    +5825210    -13         -64    -40   28  32  131  +20   44  +35   44   35  19  0  0 L3P F6
G14 FF 61054 203000  780 210 3097    -7287890    -41         -18    -17   32 200  223  -14   23  +15   23   15  23  0  0 L3P 1A
G22 FF 61054 203000  780 154 3247     +587683     -6         -16    +38   39   7  301  -63   18  -31   18  -31  28  0  0 L3P FC
G27 FF 61054 203000  780 282 1564     +186886    +63         -51    -14   30  88  170  +41   65  +15   65   15  23  0  0 L3P 11
G32 FF 61054 203000  780 402  983    +1630613   -211         -37    -41   26  35  125   -8   27  +18   27   18  21  0  0 L3P FD
G01 FF 61054 204600  780 492 2801    -3439083    +13         -18    -24   25 187  107  -11   19  +14   19   14  18  0  0 L3P 2B
G02 FF 61054 204600  780 838 3051     -166790    -63         -39    +20   15 165   81   -1   25  -14   25  -14  10  0  0 L3P FD
G03 FF 61054 204600  780 185 2273    -5984495   +103         -20     -1   32  51  254  -92   54  -19   54  -19  25  0  0 L3P 36
G08 FF 61054 204600  780 480 1789    -5042430    +87         -56    +43   28  96  108  +13   56  -30   56  -30  21  0  0 L3P 37
G14 FF 61054 204600  780 218 3027    -7287923    -37         -29    -13   31 200  216   -2   32  +21   32   21  23  0  0 L3P 0A
G22 FF 61054 204600  780 182 3190     +587641     +9         -16    +52   42   7  257  -32   16  -39   16  -39  30  0  0 L3P FD
G27 FF 61054 204600  780 211 1576     +186980    +81         -29     +5   36  88  222  +71   54  -10   54  -10  27  0  0 L3P 0D
G32 FF 61054 204600  780 424  890    +1630430   -161         -57     +9   30  35  120   -3   34  -23   34  -23  23  0  0 L3P F0
G01 FF 61054 210200  780 562 2837    -3439062    +37         -33     +1   21 187   97   -8   29   -3   29   -3  14  0  0 L3P E7
G02 FF 61054 210200  780 881  603     -166850    -87         -20     -4   15 165   81   +0   15   +0   15    0  11  0  0 L3P 94
G03 FF 61054 210200  780 253 2306    -5984395   +111         -20     +8   27  51  189  -50   51   -5   51   -5  20  0  0 L3P FB
G08 FF 61054 210200  780 405 1774    -5042369    +80         -37    +37   27  96  124  +20   49  -15   49  -15  20  0  0 L3P 31
G10 FF 61054 210200  780 247  568    +5825274    -12         -52    -39   26  32  192  +49   44  +30   44   30  22  0  0 L3P 06
G14 FF 61054 210200  780 214 2955    -7287920    -25          -3     -1   33 200  220  +10   15   +0   15    0  25  0  0 L3P BF
G17 FF 61054 210200  780 111 3168     +326329    +62         -23    -54   32  83  417 -227   34  +40   34   40  24  0  0 L3P 0D
G22 FF 61054 210200  780 199 3127     +587585    -53         -31    -10   47   7  236  -14   24   +0   24    0  35  0  0 L3P CD
G27 FF 61054 210200  780 143 1587     +187023    +33         -60    -43   27  88  323 +150  100  +45  100   45  22  0  0 L3P 29
G32 FF 61054 210200  780 429  792    +1630274   -169         -49     +2   37  35  119   +1   29   -9   29   -9  26  0  0 L3P F5
G01 FF 61054 211800  780 633 2870    -3439017    +29         -23     -7   20 187   91   -6   21   +6   21    6  13  0  0 L3P CF
G02 FF 61054 211800  780 815 1077     -166927   -115         -17    -32   17 165   82   +2   11  +17   11   17  11  0  0 L3P FF
G03 FF 61054 211800  780 323 2343    -5984316    +85         -40    -19   27  51  151  -30   54  -16   54  -16  20  0  0 L3P 27
G08 FF 61054 211800  780 331 1766    -5042345    +82         -55    +39   34  96  148  +30   71   -2   71   -2  26  0  0 L3P 0E
G10 FF 61054 211800  780 182  584    +5825318    +64         -35    +37   44  32  256  +88   22  -22   22  -22  36  0  0 L3P 1C
G14 FF 61054 211800  780 198 2885    -7287956    +55         -16    +79   42 200  236  +24   24  -52   24  -52  33  0  0 L3P 56
G17 FF 61054 211800  780 171 3158     +326477    +75          14    -41   34  83  274  -95   -1   +9   -1    9  26  0  0 L3P E0
G22 FF 61054 211800  780 205 3060     +587544    -81         -30    -38   39   7  229   -1   26  +21   26   21  26  0  0 L3P E2
G32 FF 61054 211800  780 418  698    +1630114   -170         -45     +0   19  35  121   +5   25  +11   25   11  13  0  0 L3P DE
G01 FF 61054 213400  780 706 2897    -3438980    +22         -20    -14   20 187   86   -4   20   +9   20    9  13  0  0 L3P E9
G02 FF 61054 213400  780 744 1164     -167008   -139         -18    -56   26 165   84   +3   13  +48   13   48  18  0  0 L3P 15
G03 FF 61054 213400  780 393 2383    -5984243    +79         -66    -25   31  51  128  -20   56   +8   56    8  22  0  0 L3P 0E
G08 FF 61054 213400  780 258 1761    -5042296     +1         -47    -42   29  96  185  +49   81  +24   81   24  24  0  0 L3P 20
G10 FF 61054 213400  780 119  605    +5825362    +17         -16    -10   58  32  384 +196   20   +2   20    2  50  0  0 L3P E5
G14 FF 61054 213400  780 173 2818    -7287981    -14         -18    +10   44 200  269  +46   30   +8   30    8  33  0  0 L3P 10
G17 FF 61054 213400  780 230 3139     +326544   +142         -31    +26   46  83  207  -51   32  -32   32  -32  34  0  0 L3P 17
G22 FF 61054 213400  780 200 2992     +587495    -65         -38    -22   35   7  234  +12   31   +5   31    5  25  0  0 L3P D3
G32 FF 61054 213400  780 390  616    +1629946   -160         -49    +10   27  35  128  +10   33   -4   33   -4  19  0  0 L3P 03
G01 FF 61054 215000  780 780 2907    -3438952    +71         -27    +34   19 187   83   -2   28  -25   28  -25  13  0  0 L3P 29
G02 FF 61054 215000  780 672 1218     -167076    -84          -7     -1   18 165   88   +5    5   -4    5   -4  13  0  0 L3P 9E
G03 FF 61054 215000  780 465 2429    -5984127    +53         -49    -51   20  51  112  -14   37  +27   37   27  16  0  0 L3P 23
G08 FF 61054 215000  780 188 1757    -5042255    -15         -48    -58   45  96  249  +90  101  +73  101   73  34  0  0 L3P 55
G14 FF 61054 215000  780 138 2755    -7288017    -25         -32     -1   52 200  331  +88   47  +11   47   11  39  0  0 L3P 1B
G17 FF 61054 215000  780 286 3108     +326685   +100           0    -16   30  83  169  -30    9  +14    9   14  21  0  0 L3P CE
G22 FF 61054 215000  780 183 2924     +587474    -86         -17    -42   35   7  254  +29   20  +47   20   47  30  0  0 L3P 03
G32 FF 61054 215000  780 351  548    +1629761   -193         -71    -22   35  35  140  +16   45   +9   45    9  26  0  0 L3P 01
G01 FF 61054 220600  780 854 2821    -3438901    +49         -38    +13   14 188   81   -1   16  -17   16  -17  10  0  0 L3P 18
G02 FF 61054 220600  780 600 1262     -167182    -67         -42    +16   22  80   93   +7   29   +8   29    8  16  0  0 L3P C5
G03 FF 61054 220600  780 537 2480    -5984027    +99         -42     -5   26  71  100  -10   29   -4   29   -4  19  0  0 L3P FE
G04 FF 61054 220600  780 108 1894     -381893   -120          24    -96   48 232  430 -272   53  +65   53   65  38  0  0 L3P 4B
G08 FF 61054 220600  780 120 1752    -5042220   +109         -46    +66   62  99  381 +207  115  -57  115  -57  42  0  0 L3P 74
G17 FF 61054 220600  780 337 3064     +326778    +74         -18    -42   26  84  146  -19   19  +14   19   14  18  0  0 L3P 20
G19 FF 61054 220600  780 135 3206    -6855782    +70           4    +88   30  96  343 -147    3  -58    3  -58  20  0  0 L3P 11
G22 FF 61054 220600  780 158 2861     +587434    -99         -14    -56   32   9  293  +55   25  +33   25   33  25  0  0 L3P 0E
G32 FF 61054 220600  780 302  497    +1629615   -139         -57    +31   26  90  160  +26   33  -16   33  -16  19  0  0 L3P 2D
G01 FF 61054 222200  780 863 1499    -3438859    +52         -31    +15   15 188   81   +1   10   -7   10   -7  11  0  0 L3P F3
G02 FF 61054 222200  780 528 1301     -167260    -42         -41    +41   25  80  101  +10   33  -15   33  -15  19  0  0 L3P F0
G03 FF 61054 222200  780 610 2540    -5983935    +96         -50     -7   19  71   92   -7   29   +1   29    1  14  0  0 L3P CE
G04 FF 61054 222200  780 178 1895     -381974    -17         -34     +6   39 232  265 -106   98  -20   98  -20  30  0  0 L3P 42
G17 FF 61054 222200  780 381 3004     +326905    +86          -2    -30   23  84  131  -12    7  +20    7   20  16  0  0 L3P BA
G19 FF 61054 222200  780 192 3180    -6855805    -38          -1    -19   39  96  245  -70    6  +15    6   15  28  0  0 L3P 01
G22 FF 61054 222200  780 124 2802     +587367    -44         -40     -1   58   9  368 +108   48  +24   48   24  37  0  0 L3P 07
G28 FF 61054 222200  780 176  867    +6111854    -29          15    +23   39  68  265  -57    1  -33    1  -33  32  0  0 L3P F6
G32 FF 61054 222200  780 247  460    +1629476   -159         -33    +12   24  90  192  +43   14   -2   14   -2  19  0  0 L3P FF
G01 FF 61054 223800  780 787 1369    -3438823    +33         -30     -3   15 188   82   +2   11   +7   11    7  10  0  0 L3P D3
G02 FF 61054 223800  780 457 1336     -167346    -72         -47    +11   21  80  113  +14   48   -6   48   -6  15  0  0 L3P F6
G03 FF 61054 223800  780 682 2617    -5983832   +144         -46    +41   20  71   87   -5   26  -21   26  -21  16  0  0 L3P 23
G04 FF 61054 223800  780 250 1897     -381991    -36         -33    -12   47 233  191  -55   78   -4   78   -4  34  0  0 L3P 25
G17 FF 61054 223800  780 413 2927     +326996    +45         -23    -71   22  84  122   -7   20  +59   20   59  16  0  0 L3P 08
G19 FF 61054 223800  780 246 3143    -6855846    -47         -25    -29   44  96  194  -39   16  +11   16   11  33  0  0 L3P 3D
G28 FF 61054 223800  780 211  803    +6111780    -63          -9    -11   32  68  224  -32   14   +0   14    0  24  0  0 L3P BF
G31 FF 61054 223800  780 126 1118    +1725994    -86          16    -65   50  55  368 -152   50  +40   50   40  39  0  0 L3P 30
G32 FF 61054 223800  780 189  436    +1629327   -106         -18    +64   37  90  248  +77   -1  -51   -1  -51  31  0  0 L3P 2C
G01 FF 61054 225400  780 709 1370    -3438797    +74         -39    +38   17 188   85   +4   22  -25   22  -25  11  0  0 L3P 2C
G02 FF 61054 225400  780 386 1368     -167407    -71         -29    +12   27  80  129  +21   46   +3   46    3  19  0  0 L3P EE
G03 FF 61054 225400  780 753 2732    -5983728   +115         -41    +12   18  71   84   -3   24  -10   24  -10  13  0  0 L3P 10
G04 FF 61054 225400  780 325 1899     -382001    -50         -21    -26   32 233  151  -33   53   +8   53    8  25  0  0 L3P F2
G17 FF 61054 225400  780 431 2838     +327086   +114         -44     -2   20  84  118   -2   37  +10   37   10  15  0  0 L3P EB
G19 FF 61054 225400  780 293 3093    -6855873    +19         -34    +37   42  96  165  -23   25  -37   25  -37  28  0  0 L3P 53
G28 FF 61054 225400  780 236  732    +6111728    -16         -10    +36   26  68  201  -17   15  -26   15  -26  20  0  0 L3P 10
G31 FF 61054 225400  780 177 1065    +1725933    -19         -24     +2   25  55  265  -74   64  -12   64  -12  21  0  0 L3P 1A
G32 FF 61054 225400  780 128  423    +1629155   -257         -27    -87   57  90  358 +166    7  +59    7   59  48  0  0 L3P 3A
G01 FF 61054 231000  780 631 1388    -3438747     +2         -24    -34   18 188   91   +6   14  +26   14   26  13  0  0 L3P F9
G02 FF 61054 231000  780 316 1397     -167476    -63         -18    +20   35  80  154  +31   46   -5   46   -5  26  0  0 L3P F5
G03 FF 61054 231000  780 817 2974    -5983627    +98         -39     -5   11  71   82   -1   25   +1   25    1   7  0  0 L3P C0
G04 FF 61054 231000  780 401 1901     -382032    +52         -29    +76   33 233  126  -21   50  -64   50  -64  22  0  0 L3P 0F
G09 FF 61054 231000  780 117 2081    -7702677    -93         -27    -89   35  80  397 -229   83  +86   83   86  26  0  0 L3P 64
G17 FF 61054 231000  780 433 2741     +327216    +94         -25    -22   28  84  118   +1   24   +3   24    3  21  0  0 L3P C0
G19 FF 61054 231000  780 332 3028    -6855902    -19         -46     -1   43  96  147  -14   21   -3   21   -3  32  0  0 L3P F1
G28 FF 61054 231000  780 250  658    +6111664    -69         -25    -17   28  68  190   -6   22   +3   22    3  20  0  0 L3P D4
G31 FF 61054 231000  780 224 1006    +1725917     -1         -21    +20   32  55  212  -41   50  -20   50  -20  29  0  0 L3P E9
G01 FF 61054 232600  780 554 1411    -3438717    +66         -29    +30   26 188   98   +9   19  -24   19  -24  17  0  0 L3P 2F
G02 FF 61054 232600  780 247 1423     -167555    -63         -17    +20   28  80  192  +51   58   -1   58   -1  23  0  0 L3P F3
G03 FF 61054 232600  780 843   27    -5983530   +113         -42    +10   22  71   81   +0   27   -8   27   -8  15  0  0 L3P C8
G04 FF 61054 232600  780 479 1898     -382077    -30         -50     -6   29 233  109  -14   59  -11   59  -11  22  0  0 L3P 2A
G06 FF 61054 232600  780 178 3066    +6024426    +23         -32    -16   33  66  264  -95   25   +0   25    0  24  0  0 L3P F4
G09 FF 61054 232600  780 186 2097    -7702712    -18         -57    -14   50  80  254  -95   99   -6   99   -6  39  0  0 L3P 39
G17 FF 61054 232600  780 418 2646     +327319   +115         -33     -1   18  84  121   +6   33   +8   33    8  13  0  0 L3P D1
G19 FF 61054 232600  780 359 2950    -6855910    -86         -36    -68   27  96  138   -7   17  +65   17   65  20  0  0 L3P 3F
G28 FF 61054 232600  780 252  583    +6111614    -80         -24    -28   29  68  189   +4   21  +19   21   19  23  0  0 L3P 03
G31 FF 61054 232600  780 265  938    +1725907     -2         -12    +18   28  55  181  -24   40  -22   40  -22  20  0  0 L3P FD
G01 FF 61054 234200  780 477 1434    -3438682    +30         -29     -6   17 188  109  +14   25  +20   25   20  12  0  0 L3P 16
G02 FF 61054 234200  780 179 1446     -167664   -117         -47    -34   36  80  260  +96   98  +35   98   35  30  0  0 L3P 3E
G03 FF 61054 234200  780 797  510    -5983417    +98         -29     -5   17  71   82   +2   14   -1   14   -1  12  0  0 L3P C4
G04 FF 61054 234200  780 558 1888     -382085    -35         -35    -11   30 233   98  -10   39   +1   39    1  23  0  0 L3P EF
G06 FF 61054 234200  780 243 3073    +6024463    +83         -32    +45   45  66  196  -52   21  -33   21  -33  31  0  0 L3P 21
G09 FF 61054 234200  780 256 2116    -7702690    -59         -31    -54   41  80  187  -50   68  +36   68   36  37  0  0 L3P 3C
G17 FF 61054 234200  780 389 2558     +327433   +121         -31     +5   24  84  128  +10   37   +4   37    4  18  0  0 L3P E6
G19 FF 61054 234200  780 372 2862    -6855921    +26         -30    +44   33  96  134   -1   13  -27   13  -27  27  0  0 L3P 23
G28 FF 61054 234200  780 240  510    +6111573    -37         -15    +15   30  68  197  +14   10  -18   10  -18  24  0  0 L3P 06
G31 FF 61054 234200  780 296  863    +1725879    -25         -20     -5   32  55  163  -13   34  -12   34  -12  27  0  0 L3P 0A
G01 FF 61054 235800  780 401 1457    -3438663    -11         -45    -47   29 188  125  +20   47  +45   47   45  21  0  0 L3P 3C
G02 FF 61054 235800  780 112 1466     -167714   -113         -17    -30   66  80  406 +232   94  +48   94   48  48  0  0 L3P 41
G03 FF 61054 235800  780 731  687    -5983328   +108         -39     +5   18  71   84   +3   24   -7   24   -7  13  0  0 L3P E9
G04 FF 61054 235800  780 636 1860     -382115    -41         -42    -17   23 233   90   -6   37   +3   37    3  16  0  0 L3P D5
G06 FF 61054 235800  780 310 3071    +6024488    +55         -44    +17   33  66  157  -32   29  -12   29  -12  26  0  0 L3P 2F
G09 FF 61054 235800  780 329 2137    -7702693    -20         -30    -15   31  80  149  -31   60  -11   60  -11  22  0  0 L3P 21
G17 FF 61054 235800  780 347 2483     +327550   +163         -25    +47   32  84  141  +17   46  -23   46  -23  23  0  0 L3P 31
G19 FF 61054 235800  780 368 2770    -6855932    -28         -24    -10   28  96  135   +4   11  +29   11   29  21  0  0 L3P 22
G28 FF 61054 235800  780 217  444    +6111515    -65         -23    -12   35  68  217  +28   17  +20   17   20  27  0  0 L3P 09
G31 FF 61054 235800  780 315  780    +1725855    -32         -24    -11   37  55  154   -6   35   +8   35    8  31  0  0 L3P DF
